{
"type": "FeatureCollection",
"name": "rishiganga_buildings",
"crs": { "type": "name", "properties": { "name": "urn:ogc:def:crs:OGC:1.3:CRS84" } },
"features": [
{ "type": "Feature", "properties": { }, "geometry": { "type": "Polygon", "coordinates": [ [ [ 79.620368, 30.5419523 ], [ 79.6204521, 30.5419276 ], [ 79.6204063, 30.541812 ], [ 79.6203222, 30.5418367 ], [ 79.620368, 30.5419523 ] ] ] } },
{ "type": "Feature", "properties": { }, "geometry": { "type": "Polygon", "coordinates": [ [ [ 79.6191803, 30.5415261 ], [ 79.6192455, 30.5414895 ], [ 79.6191685, 30.541388 ], [ 79.6191033, 30.5414246 ], [ 79.6191803, 30.5415261 ] ] ] } },
{ "type": "Feature", "properties": { }, "geometry": { "type": "Polygon", "coordinates": [ [ [ 79.6058202, 30.5246551 ], [ 79.6058596, 30.5245863 ], [ 79.6058103, 30.5245653 ], [ 79.6057709, 30.5246341 ], [ 79.6058202, 30.5246551 ] ] ] } },
{ "type": "Feature", "properties": { }, "geometry": { "type": "Polygon", "coordinates": [ [ [ 79.6191639, 30.5417531 ], [ 79.6192458, 30.5417376 ], [ 79.6192196, 30.5416347 ], [ 79.6191377, 30.5416502 ], [ 79.6191639, 30.5417531 ] ] ] } },
{ "type": "Feature", "properties": { }, "geometry": { "type": "Polygon", "coordinates": [ [ [ 79.6192981, 30.5416868 ], [ 79.6194521, 30.5416578 ], [ 79.6194373, 30.5415994 ], [ 79.6192833, 30.5416285 ], [ 79.6192981, 30.5416868 ] ] ] } },
{ "type": "Feature", "properties": { }, "geometry": { "type": "Polygon", "coordinates": [ [ [ 79.619069, 30.5420519 ], [ 79.6191492, 30.5420519 ], [ 79.6191492, 30.5419772 ], [ 79.619069, 30.5419772 ], [ 79.619069, 30.5420519 ] ] ] } },
{ "type": "Feature", "properties": { }, "geometry": { "type": "Polygon", "coordinates": [ [ [ 79.6188775, 30.5416643 ], [ 79.618974, 30.5416615 ], [ 79.6189719, 30.5416062 ], [ 79.6188753, 30.5416091 ], [ 79.6188775, 30.5416643 ] ] ] } },
{ "type": "Feature", "properties": { }, "geometry": { "type": "Polygon", "coordinates": [ [ [ 79.6262593, 30.4896213 ], [ 79.6263043, 30.4895846 ], [ 79.6262799, 30.4895625 ], [ 79.626235, 30.4895992 ], [ 79.6262593, 30.4896213 ] ] ] } },
{ "type": "Feature", "properties": { }, "geometry": { "type": "Polygon", "coordinates": [ [ [ 79.6281285, 30.4946964 ], [ 79.6282059, 30.4946603 ], [ 79.6281697, 30.4946026 ], [ 79.6280923, 30.4946386 ], [ 79.6281285, 30.4946964 ] ] ] } },
{ "type": "Feature", "properties": { }, "geometry": { "type": "Polygon", "coordinates": [ [ [ 79.6060032, 30.4779985 ], [ 79.6060536, 30.4779579 ], [ 79.6060287, 30.477935 ], [ 79.6059783, 30.4779756 ], [ 79.6060032, 30.4779985 ] ] ] } },
{ "type": "Feature", "properties": { }, "geometry": { "type": "Polygon", "coordinates": [ [ [ 79.6208811, 30.4767885 ], [ 79.6208906, 30.4767657 ], [ 79.6208478, 30.4767524 ], [ 79.6208383, 30.4767752 ], [ 79.6208811, 30.4767885 ] ] ] } },
{ "type": "Feature", "properties": { }, "geometry": { "type": "Polygon", "coordinates": [ [ [ 79.6069786, 30.5022107 ], [ 79.607016, 30.5021752 ], [ 79.606971, 30.5021401 ], [ 79.6069337, 30.5021756 ], [ 79.6069786, 30.5022107 ] ] ] } },
{ "type": "Feature", "properties": { }, "geometry": { "type": "Polygon", "coordinates": [ [ [ 79.6158343, 30.476942 ], [ 79.6158853, 30.4769462 ], [ 79.6158942, 30.4768666 ], [ 79.6158431, 30.4768623 ], [ 79.6158343, 30.476942 ] ] ] } },
{ "type": "Feature", "properties": { }, "geometry": { "type": "Polygon", "coordinates": [ [ [ 79.6229353, 30.481192 ], [ 79.6229629, 30.4811487 ], [ 79.6228978, 30.481118 ], [ 79.6228702, 30.4811613 ], [ 79.6229353, 30.481192 ] ] ] } },
{ "type": "Feature", "properties": { }, "geometry": { "type": "Polygon", "coordinates": [ [ [ 79.6061975, 30.4950859 ], [ 79.6062188, 30.4951085 ], [ 79.6062988, 30.4950528 ], [ 79.6062775, 30.4950301 ], [ 79.6061975, 30.4950859 ] ] ] } },
{ "type": "Feature", "properties": { }, "geometry": { "type": "Polygon", "coordinates": [ [ [ 79.6046972, 30.5017207 ], [ 79.6047132, 30.5016878 ], [ 79.6046466, 30.5016637 ], [ 79.6046306, 30.5016967 ], [ 79.6046972, 30.5017207 ] ] ] } },
{ "type": "Feature", "properties": { }, "geometry": { "type": "Polygon", "coordinates": [ [ [ 79.6072256, 30.4959249 ], [ 79.6072784, 30.4959253 ], [ 79.6072795, 30.495812 ], [ 79.6072267, 30.4958116 ], [ 79.6072256, 30.4959249 ] ] ] } },
{ "type": "Feature", "properties": { }, "geometry": { "type": "Polygon", "coordinates": [ [ [ 79.6112792, 30.4972209 ], [ 79.6113016, 30.4972037 ], [ 79.6112677, 30.4971712 ], [ 79.6112454, 30.4971884 ], [ 79.6112792, 30.4972209 ] ] ] } },
{ "type": "Feature", "properties": { }, "geometry": { "type": "Polygon", "coordinates": [ [ [ 79.6263097, 30.4895686 ], [ 79.6263376, 30.4895479 ], [ 79.6263189, 30.4895291 ], [ 79.626291, 30.4895498 ], [ 79.6263097, 30.4895686 ] ] ] } },
{ "type": "Feature", "properties": { }, "geometry": { "type": "Polygon", "coordinates": [ [ [ 79.6230084, 30.4841354 ], [ 79.6230415, 30.4841467 ], [ 79.6230557, 30.4841155 ], [ 79.6230226, 30.4841043 ], [ 79.6230084, 30.4841354 ] ] ] } },
{ "type": "Feature", "properties": { }, "geometry": { "type": "Polygon", "coordinates": [ [ [ 79.6200013, 30.4736362 ], [ 79.6199719, 30.4736082 ], [ 79.619943, 30.4736307 ], [ 79.6199725, 30.4736587 ], [ 79.6200013, 30.4736362 ] ] ] } },
{ "type": "Feature", "properties": { }, "geometry": { "type": "Polygon", "coordinates": [ [ [ 79.6061801, 30.5006287 ], [ 79.6062305, 30.5006287 ], [ 79.6062305, 30.5005479 ], [ 79.6061801, 30.5005479 ], [ 79.6061801, 30.5006287 ] ] ] } },
{ "type": "Feature", "properties": { }, "geometry": { "type": "Polygon", "coordinates": [ [ [ 79.605423, 30.5025777 ], [ 79.6054335, 30.5025373 ], [ 79.6053916, 30.5025292 ], [ 79.6053812, 30.5025697 ], [ 79.605423, 30.5025777 ] ] ] } },
{ "type": "Feature", "properties": { }, "geometry": { "type": "Polygon", "coordinates": [ [ [ 79.6218807, 30.4770339 ], [ 79.6218766, 30.4770074 ], [ 79.6218301, 30.4770128 ], [ 79.6218342, 30.4770393 ], [ 79.6218807, 30.4770339 ] ] ] } },
{ "type": "Feature", "properties": { }, "geometry": { "type": "Polygon", "coordinates": [ [ [ 79.6252547, 30.4900246 ], [ 79.6253007, 30.4900246 ], [ 79.6253007, 30.4899972 ], [ 79.6252547, 30.4899972 ], [ 79.6252547, 30.4900246 ] ] ] } },
{ "type": "Feature", "properties": { }, "geometry": { "type": "Polygon", "coordinates": [ [ [ 79.6053542, 30.5001919 ], [ 79.605405, 30.5002005 ], [ 79.6054251, 30.5001118 ], [ 79.6053743, 30.5001033 ], [ 79.6053542, 30.5001919 ] ] ] } },
{ "type": "Feature", "properties": { }, "geometry": { "type": "Polygon", "coordinates": [ [ [ 79.6290596, 30.4692829 ], [ 79.6291214, 30.4692874 ], [ 79.6291304, 30.4691948 ], [ 79.6290686, 30.4691903 ], [ 79.6290596, 30.4692829 ] ] ] } },
{ "type": "Feature", "properties": { }, "geometry": { "type": "Polygon", "coordinates": [ [ [ 79.6036385, 30.5003536 ], [ 79.6036894, 30.500362 ], [ 79.6037188, 30.5002284 ], [ 79.6036679, 30.5002201 ], [ 79.6036385, 30.5003536 ] ] ] } },
{ "type": "Feature", "properties": { }, "geometry": { "type": "Polygon", "coordinates": [ [ [ 79.61889, 30.4845952 ], [ 79.6188572, 30.484515 ], [ 79.6188155, 30.4845276 ], [ 79.6188484, 30.4846079 ], [ 79.61889, 30.4845952 ] ] ] } },
{ "type": "Feature", "properties": { }, "geometry": { "type": "Polygon", "coordinates": [ [ [ 79.6197803, 30.4786101 ], [ 79.6198335, 30.4786145 ], [ 79.6198397, 30.4785584 ], [ 79.6197865, 30.478554 ], [ 79.6197803, 30.4786101 ] ] ] } },
{ "type": "Feature", "properties": { }, "geometry": { "type": "Polygon", "coordinates": [ [ [ 79.6224496, 30.4799514 ], [ 79.6224614, 30.4799002 ], [ 79.6223762, 30.4798856 ], [ 79.6223643, 30.4799367 ], [ 79.6224496, 30.4799514 ] ] ] } },
{ "type": "Feature", "properties": { }, "geometry": { "type": "Polygon", "coordinates": [ [ [ 79.6069955, 30.4960335 ], [ 79.6070174, 30.4960006 ], [ 79.6069735, 30.4959789 ], [ 79.6069516, 30.4960118 ], [ 79.6069955, 30.4960335 ] ] ] } },
{ "type": "Feature", "properties": { }, "geometry": { "type": "Polygon", "coordinates": [ [ [ 79.6224806, 30.4801036 ], [ 79.6224822, 30.4800614 ], [ 79.6223876, 30.4800588 ], [ 79.622386, 30.4801009 ], [ 79.6224806, 30.4801036 ] ] ] } },
{ "type": "Feature", "properties": { }, "geometry": { "type": "Polygon", "coordinates": [ [ [ 79.6017771, 30.4925474 ], [ 79.6018298, 30.4925127 ], [ 79.6017992, 30.4924781 ], [ 79.6017465, 30.4925129 ], [ 79.6017771, 30.4925474 ] ] ] } },
{ "type": "Feature", "properties": { }, "geometry": { "type": "Polygon", "coordinates": [ [ [ 79.6257442, 30.4898872 ], [ 79.6257647, 30.4899154 ], [ 79.6258081, 30.4898921 ], [ 79.6257876, 30.4898639 ], [ 79.6257442, 30.4898872 ] ] ] } },
{ "type": "Feature", "properties": { }, "geometry": { "type": "Polygon", "coordinates": [ [ [ 79.6208591, 30.4770652 ], [ 79.6208738, 30.4770378 ], [ 79.6208453, 30.4770265 ], [ 79.6208307, 30.4770538 ], [ 79.6208591, 30.4770652 ] ] ] } },
{ "type": "Feature", "properties": { }, "geometry": { "type": "Polygon", "coordinates": [ [ [ 79.6178773, 30.4800374 ], [ 79.6178576, 30.4799873 ], [ 79.6177978, 30.4800048 ], [ 79.6178175, 30.4800549 ], [ 79.6178773, 30.4800374 ] ] ] } },
{ "type": "Feature", "properties": { }, "geometry": { "type": "Polygon", "coordinates": [ [ [ 79.6068142, 30.4797614 ], [ 79.6068844, 30.4796783 ], [ 79.6068324, 30.4796457 ], [ 79.6067622, 30.4797288 ], [ 79.6068142, 30.4797614 ] ] ] } },
{ "type": "Feature", "properties": { }, "geometry": { "type": "Polygon", "coordinates": [ [ [ 79.6003969, 30.4846758 ], [ 79.6004121, 30.4846572 ], [ 79.6003748, 30.4846346 ], [ 79.6003596, 30.4846531 ], [ 79.6003969, 30.4846758 ] ] ] } },
{ "type": "Feature", "properties": { }, "geometry": { "type": "Polygon", "coordinates": [ [ [ 79.6206915, 30.477357 ], [ 79.6207319, 30.4773647 ], [ 79.6207428, 30.4773222 ], [ 79.6207024, 30.4773145 ], [ 79.6206915, 30.477357 ] ] ] } },
{ "type": "Feature", "properties": { }, "geometry": { "type": "Polygon", "coordinates": [ [ [ 79.6085549, 30.4764363 ], [ 79.608598, 30.4764014 ], [ 79.6085613, 30.4763678 ], [ 79.6085182, 30.4764028 ], [ 79.6085549, 30.4764363 ] ] ] } },
{ "type": "Feature", "properties": { }, "geometry": { "type": "Polygon", "coordinates": [ [ [ 79.6064943, 30.4788668 ], [ 79.6065359, 30.4788801 ], [ 79.6065731, 30.4787933 ], [ 79.6065314, 30.47878 ], [ 79.6064943, 30.4788668 ] ] ] } },
{ "type": "Feature", "properties": { }, "geometry": { "type": "Polygon", "coordinates": [ [ [ 79.6158482, 30.4768405 ], [ 79.6158904, 30.4768451 ], [ 79.6159006, 30.4767764 ], [ 79.6158583, 30.4767718 ], [ 79.6158482, 30.4768405 ] ] ] } },
{ "type": "Feature", "properties": { }, "geometry": { "type": "Polygon", "coordinates": [ [ [ 79.6043051, 30.5014269 ], [ 79.6043499, 30.5014386 ], [ 79.6043701, 30.5013812 ], [ 79.6043253, 30.5013695 ], [ 79.6043051, 30.5014269 ] ] ] } },
{ "type": "Feature", "properties": { }, "geometry": { "type": "Polygon", "coordinates": [ [ [ 79.6234149, 30.4944286 ], [ 79.6235962, 30.4943738 ], [ 79.6235638, 30.494294 ], [ 79.6233824, 30.4943488 ], [ 79.6234149, 30.4944286 ] ] ] } },
{ "type": "Feature", "properties": { }, "geometry": { "type": "Polygon", "coordinates": [ [ [ 79.6217041, 30.4777164 ], [ 79.621749, 30.4777044 ], [ 79.6217343, 30.4776636 ], [ 79.6216894, 30.4776756 ], [ 79.6217041, 30.4777164 ] ] ] } },
{ "type": "Feature", "properties": { }, "geometry": { "type": "Polygon", "coordinates": [ [ [ 79.6062479, 30.4950283 ], [ 79.606273, 30.4950072 ], [ 79.6062336, 30.4949723 ], [ 79.6062084, 30.4949933 ], [ 79.6062479, 30.4950283 ] ] ] } },
{ "type": "Feature", "properties": { }, "geometry": { "type": "Polygon", "coordinates": [ [ [ 79.6042617, 30.5014643 ], [ 79.6042606, 30.5014261 ], [ 79.6041351, 30.5014288 ], [ 79.6041362, 30.501467 ], [ 79.6042617, 30.5014643 ] ] ] } },
{ "type": "Feature", "properties": { }, "geometry": { "type": "Polygon", "coordinates": [ [ [ 79.6228034, 30.4841222 ], [ 79.6228262, 30.4841624 ], [ 79.622916, 30.4841246 ], [ 79.6228933, 30.4840844 ], [ 79.6228034, 30.4841222 ] ] ] } },
{ "type": "Feature", "properties": { }, "geometry": { "type": "Polygon", "coordinates": [ [ [ 79.6251547, 30.4856355 ], [ 79.6252057, 30.4856404 ], [ 79.6252141, 30.4855755 ], [ 79.6251632, 30.4855706 ], [ 79.6251547, 30.4856355 ] ] ] } },
{ "type": "Feature", "properties": { }, "geometry": { "type": "Polygon", "coordinates": [ [ [ 79.6092342, 30.4995602 ], [ 79.6092568, 30.4994553 ], [ 79.6090787, 30.4994268 ], [ 79.6090561, 30.4995317 ], [ 79.6092342, 30.4995602 ] ] ] } },
{ "type": "Feature", "properties": { }, "geometry": { "type": "Polygon", "coordinates": [ [ [ 79.6170378, 30.478404 ], [ 79.6170739, 30.4784257 ], [ 79.6171376, 30.478347 ], [ 79.6171014, 30.4783253 ], [ 79.6170378, 30.478404 ] ] ] } },
{ "type": "Feature", "properties": { }, "geometry": { "type": "Polygon", "coordinates": [ [ [ 79.6199951, 30.4740623 ], [ 79.6200215, 30.4740062 ], [ 79.6199818, 30.4739923 ], [ 79.6199555, 30.4740484 ], [ 79.6199951, 30.4740623 ] ] ] } },
{ "type": "Feature", "properties": { }, "geometry": { "type": "Polygon", "coordinates": [ [ [ 79.6036174, 30.4999239 ], [ 79.6036722, 30.499923 ], [ 79.6036712, 30.4998796 ], [ 79.6036164, 30.4998805 ], [ 79.6036174, 30.4999239 ] ] ] } },
{ "type": "Feature", "properties": { }, "geometry": { "type": "Polygon", "coordinates": [ [ [ 79.6154877, 30.4833475 ], [ 79.6155333, 30.483334 ], [ 79.6155142, 30.483286 ], [ 79.6154686, 30.4832995 ], [ 79.6154877, 30.4833475 ] ] ] } },
{ "type": "Feature", "properties": { }, "geometry": { "type": "Polygon", "coordinates": [ [ [ 79.6218807, 30.477675 ], [ 79.6219303, 30.477659 ], [ 79.6219082, 30.4776082 ], [ 79.6218586, 30.4776242 ], [ 79.6218807, 30.477675 ] ] ] } },
{ "type": "Feature", "properties": { }, "geometry": { "type": "Polygon", "coordinates": [ [ [ 79.6070369, 30.4946533 ], [ 79.6070989, 30.4946226 ], [ 79.6070766, 30.4945893 ], [ 79.6070146, 30.49462 ], [ 79.6070369, 30.4946533 ] ] ] } },
{ "type": "Feature", "properties": { }, "geometry": { "type": "Polygon", "coordinates": [ [ [ 79.6062493, 30.5031172 ], [ 79.6062968, 30.5031381 ], [ 79.6063324, 30.503078 ], [ 79.6062849, 30.5030571 ], [ 79.6062493, 30.5031172 ] ] ] } },
{ "type": "Feature", "properties": { }, "geometry": { "type": "Polygon", "coordinates": [ [ [ 79.6207309, 30.4772871 ], [ 79.6207541, 30.4772462 ], [ 79.6207048, 30.4772255 ], [ 79.6206816, 30.4772663 ], [ 79.6207309, 30.4772871 ] ] ] } },
{ "type": "Feature", "properties": { }, "geometry": { "type": "Polygon", "coordinates": [ [ [ 79.6045507, 30.4989227 ], [ 79.6045956, 30.4989115 ], [ 79.6045704, 30.498836 ], [ 79.6045255, 30.4988471 ], [ 79.6045507, 30.4989227 ] ] ] } },
{ "type": "Feature", "properties": { }, "geometry": { "type": "Polygon", "coordinates": [ [ [ 79.6196164, 30.4752349 ], [ 79.6195846, 30.4752104 ], [ 79.6195577, 30.4752363 ], [ 79.6195894, 30.4752609 ], [ 79.6196164, 30.4752349 ] ] ] } },
{ "type": "Feature", "properties": { }, "geometry": { "type": "Polygon", "coordinates": [ [ [ 79.6168843, 30.4786968 ], [ 79.6169004, 30.4786615 ], [ 79.6168624, 30.4786486 ], [ 79.6168463, 30.4786839 ], [ 79.6168843, 30.4786968 ] ] ] } },
{ "type": "Feature", "properties": { }, "geometry": { "type": "Polygon", "coordinates": [ [ [ 79.6020339, 30.4968298 ], [ 79.6021284, 30.4968352 ], [ 79.602132, 30.496788 ], [ 79.6020375, 30.4967827 ], [ 79.6020339, 30.4968298 ] ] ] } },
{ "type": "Feature", "properties": { }, "geometry": { "type": "Polygon", "coordinates": [ [ [ 79.6050954, 30.4995777 ], [ 79.605145, 30.4995777 ], [ 79.605145, 30.4995056 ], [ 79.6050954, 30.4995056 ], [ 79.6050954, 30.4995777 ] ] ] } },
{ "type": "Feature", "properties": { }, "geometry": { "type": "Polygon", "coordinates": [ [ [ 79.6273557, 30.4887727 ], [ 79.6274565, 30.4887292 ], [ 79.6274232, 30.4886718 ], [ 79.6273224, 30.4887153 ], [ 79.6273557, 30.4887727 ] ] ] } },
{ "type": "Feature", "properties": { }, "geometry": { "type": "Polygon", "coordinates": [ [ [ 79.6104647, 30.5018125 ], [ 79.6105087, 30.5018154 ], [ 79.6105162, 30.5017302 ], [ 79.6104722, 30.5017273 ], [ 79.6104647, 30.5018125 ] ] ] } },
{ "type": "Feature", "properties": { }, "geometry": { "type": "Polygon", "coordinates": [ [ [ 79.628552, 30.4824619 ], [ 79.6286133, 30.4824279 ], [ 79.6285707, 30.4823708 ], [ 79.6285094, 30.4824048 ], [ 79.628552, 30.4824619 ] ] ] } },
{ "type": "Feature", "properties": { }, "geometry": { "type": "Polygon", "coordinates": [ [ [ 79.6159945, 30.4775849 ], [ 79.6160401, 30.4775836 ], [ 79.6160376, 30.4775138 ], [ 79.6159919, 30.477515 ], [ 79.6159945, 30.4775849 ] ] ] } },
{ "type": "Feature", "properties": { }, "geometry": { "type": "Polygon", "coordinates": [ [ [ 79.6046086, 30.5007969 ], [ 79.6046597, 30.5007983 ], [ 79.6046608, 30.5007688 ], [ 79.6046096, 30.5007675 ], [ 79.6046086, 30.5007969 ] ] ] } },
{ "type": "Feature", "properties": { }, "geometry": { "type": "Polygon", "coordinates": [ [ [ 79.6227812, 30.4793877 ], [ 79.6228049, 30.4793477 ], [ 79.6227196, 30.4793103 ], [ 79.622696, 30.4793503 ], [ 79.6227812, 30.4793877 ] ] ] } },
{ "type": "Feature", "properties": { }, "geometry": { "type": "Polygon", "coordinates": [ [ [ 79.6151232, 30.4983023 ], [ 79.6152232, 30.4983078 ], [ 79.6152365, 30.4981285 ], [ 79.6151365, 30.498123 ], [ 79.6151232, 30.4983023 ] ] ] } },
{ "type": "Feature", "properties": { }, "geometry": { "type": "Polygon", "coordinates": [ [ [ 79.6146312, 30.4916327 ], [ 79.6146497, 30.4916135 ], [ 79.6146179, 30.4915908 ], [ 79.6145994, 30.4916101 ], [ 79.6146312, 30.4916327 ] ] ] } },
{ "type": "Feature", "properties": { }, "geometry": { "type": "Polygon", "coordinates": [ [ [ 79.6049093, 30.5035764 ], [ 79.6049329, 30.5035619 ], [ 79.6049034, 30.503526 ], [ 79.6048797, 30.5035405 ], [ 79.6049093, 30.5035764 ] ] ] } },
{ "type": "Feature", "properties": { }, "geometry": { "type": "Polygon", "coordinates": [ [ [ 79.6043052, 30.4994741 ], [ 79.6043755, 30.499466 ], [ 79.6043676, 30.4994152 ], [ 79.6043408, 30.4994183 ], [ 79.6043268, 30.4993274 ], [ 79.6042833, 30.4993324 ], [ 79.6043052, 30.4994741 ] ] ] } },
{ "type": "Feature", "properties": { }, "geometry": { "type": "Polygon", "coordinates": [ [ [ 79.6169304, 30.4786316 ], [ 79.6169928, 30.4784947 ], [ 79.6169437, 30.4784781 ], [ 79.6169203, 30.4785296 ], [ 79.6169016, 30.4785232 ], [ 79.6168626, 30.4786087 ], [ 79.6169304, 30.4786316 ] ] ] } },
{ "type": "Feature", "properties": { }, "geometry": { "type": "Polygon", "coordinates": [ [ [ 79.6044093, 30.4995477 ], [ 79.6043841, 30.4994816 ], [ 79.6043158, 30.499501 ], [ 79.6043326, 30.4995451 ], [ 79.6043608, 30.4995371 ], [ 79.6043692, 30.4995591 ], [ 79.6044093, 30.4995477 ] ] ] } },
{ "type": "Feature", "properties": { }, "geometry": { "type": "Polygon", "coordinates": [ [ [ 79.6221897, 30.4924111 ], [ 79.6222412, 30.4924577 ], [ 79.6223619, 30.4923586 ], [ 79.6223311, 30.4923308 ], [ 79.6222981, 30.4923579 ], [ 79.6222773, 30.4923391 ], [ 79.6221897, 30.4924111 ] ] ] } },
{ "type": "Feature", "properties": { }, "geometry": { "type": "Polygon", "coordinates": [ [ [ 79.6190221, 30.4883567 ], [ 79.6191179, 30.488267 ], [ 79.6190954, 30.4882491 ], [ 79.6190688, 30.488274 ], [ 79.6190558, 30.4882638 ], [ 79.6189866, 30.4883286 ], [ 79.6190221, 30.4883567 ] ] ] } },
{ "type": "Feature", "properties": { }, "geometry": { "type": "Polygon", "coordinates": [ [ [ 79.6020333, 30.5188048 ], [ 79.6020452, 30.518776 ], [ 79.60198, 30.5187559 ], [ 79.6019681, 30.5187847 ], [ 79.6020333, 30.5188048 ] ] ] } },
{ "type": "Feature", "properties": { }, "geometry": { "type": "Polygon", "coordinates": [ [ [ 79.6102721, 30.5109595 ], [ 79.610273, 30.5110011 ], [ 79.6103575, 30.5109998 ], [ 79.6103566, 30.5109581 ], [ 79.6102721, 30.5109595 ] ] ] } },
{ "type": "Feature", "properties": { }, "geometry": { "type": "Polygon", "coordinates": [ [ [ 79.6100452, 30.5102477 ], [ 79.6100911, 30.5102316 ], [ 79.6100598, 30.5101655 ], [ 79.6100139, 30.5101816 ], [ 79.6100452, 30.5102477 ] ] ] } },
{ "type": "Feature", "properties": { }, "geometry": { "type": "Polygon", "coordinates": [ [ [ 79.6074039, 30.5110914 ], [ 79.6074111, 30.5111235 ], [ 79.6074596, 30.5111154 ], [ 79.6074524, 30.5110833 ], [ 79.6074039, 30.5110914 ] ] ] } },
{ "type": "Feature", "properties": { }, "geometry": { "type": "Polygon", "coordinates": [ [ [ 79.6056843, 30.5243046 ], [ 79.6057122, 30.5242746 ], [ 79.6056716, 30.5242466 ], [ 79.6056437, 30.5242766 ], [ 79.6056843, 30.5243046 ] ] ] } },
{ "type": "Feature", "properties": { }, "geometry": { "type": "Polygon", "coordinates": [ [ [ 79.6037328, 30.5155739 ], [ 79.6037457, 30.5155927 ], [ 79.6037811, 30.5155746 ], [ 79.6037682, 30.5155558 ], [ 79.6037328, 30.5155739 ] ] ] } },
{ "type": "Feature", "properties": { }, "geometry": { "type": "Polygon", "coordinates": [ [ [ 79.6077103, 30.5144284 ], [ 79.6077474, 30.5144557 ], [ 79.6077976, 30.5144051 ], [ 79.6077605, 30.5143778 ], [ 79.6077103, 30.5144284 ] ] ] } },
{ "type": "Feature", "properties": { }, "geometry": { "type": "Polygon", "coordinates": [ [ [ 79.6035487, 30.5260974 ], [ 79.6035575, 30.5261298 ], [ 79.6036269, 30.5261159 ], [ 79.6036181, 30.5260835 ], [ 79.6035487, 30.5260974 ] ] ] } },
{ "type": "Feature", "properties": { }, "geometry": { "type": "Polygon", "coordinates": [ [ [ 79.6084471, 30.5151118 ], [ 79.6085224, 30.5151371 ], [ 79.6085677, 30.515037 ], [ 79.6084925, 30.5150117 ], [ 79.6084471, 30.5151118 ] ] ] } },
{ "type": "Feature", "properties": { }, "geometry": { "type": "Polygon", "coordinates": [ [ [ 79.6083874, 30.515169 ], [ 79.6084526, 30.5152053 ], [ 79.6084891, 30.5151567 ], [ 79.6084239, 30.5151204 ], [ 79.6083874, 30.515169 ] ] ] } },
{ "type": "Feature", "properties": { }, "geometry": { "type": "Polygon", "coordinates": [ [ [ 79.6230631, 30.3850622 ], [ 79.6231026, 30.385009 ], [ 79.6230607, 30.3849858 ], [ 79.6230212, 30.385039 ], [ 79.6230631, 30.3850622 ] ] ] } },
{ "type": "Feature", "properties": { }, "geometry": { "type": "Polygon", "coordinates": [ [ [ 79.623362, 30.3851481 ], [ 79.62339, 30.3851167 ], [ 79.6233489, 30.3850894 ], [ 79.6233208, 30.3851208 ], [ 79.623362, 30.3851481 ] ] ] } },
{ "type": "Feature", "properties": { }, "geometry": { "type": "Polygon", "coordinates": [ [ [ 79.6269144, 30.4908714 ], [ 79.6269943, 30.4908371 ], [ 79.6269587, 30.4907753 ], [ 79.6268472, 30.4908232 ], [ 79.6268657, 30.4908551 ], [ 79.6268972, 30.4908416 ], [ 79.6269144, 30.4908714 ] ] ] } },
{ "type": "Feature", "properties": { }, "geometry": { "type": "Polygon", "coordinates": [ [ [ 79.7421226, 30.5311444 ], [ 79.7421962, 30.5311496 ], [ 79.7422004, 30.5311054 ], [ 79.7421268, 30.5311003 ], [ 79.7421226, 30.5311444 ] ] ] } },
{ "type": "Feature", "properties": { }, "geometry": { "type": "Polygon", "coordinates": [ [ [ 79.7121431, 30.4981998 ], [ 79.712243, 30.4982004 ], [ 79.7122433, 30.4981632 ], [ 79.7121434, 30.4981626 ], [ 79.7121431, 30.4981998 ] ] ] } },
{ "type": "Feature", "properties": { }, "geometry": { "type": "Polygon", "coordinates": [ [ [ 79.611319, 30.5065215 ], [ 79.6112882, 30.5066105 ], [ 79.6113412, 30.5066241 ], [ 79.6113721, 30.5065352 ], [ 79.611319, 30.5065215 ] ] ] } },
{ "type": "Feature", "properties": { }, "geometry": { "type": "Polygon", "coordinates": [ [ [ 79.6113434, 30.5059689 ], [ 79.6113092, 30.5059504 ], [ 79.6112654, 30.5060104 ], [ 79.6112996, 30.5060289 ], [ 79.6113434, 30.5059689 ] ] ] } },
{ "type": "Feature", "properties": { }, "geometry": { "type": "Polygon", "coordinates": [ [ [ 79.6113539, 30.5058617 ], [ 79.6112949, 30.5059426 ], [ 79.6113092, 30.5059504 ], [ 79.6113434, 30.5059689 ], [ 79.6114024, 30.505888 ], [ 79.6113539, 30.5058617 ] ] ] } },
{ "type": "Feature", "properties": { }, "geometry": { "type": "Polygon", "coordinates": [ [ [ 79.6107638, 30.5042926 ], [ 79.6107799, 30.5043585 ], [ 79.610833, 30.5043488 ], [ 79.6108169, 30.504283 ], [ 79.6107638, 30.5042926 ] ] ] } },
{ "type": "Feature", "properties": { }, "geometry": { "type": "Polygon", "coordinates": [ [ [ 79.6110454, 30.5041863 ], [ 79.6110494, 30.5042464 ], [ 79.6111055, 30.5042436 ], [ 79.6111015, 30.5041835 ], [ 79.6110454, 30.5041863 ] ] ] } },
{ "type": "Feature", "properties": { }, "geometry": { "type": "Polygon", "coordinates": [ [ [ 79.6110106, 30.5041019 ], [ 79.6110132, 30.5041701 ], [ 79.611078, 30.5041682 ], [ 79.6110753, 30.5041001 ], [ 79.6110106, 30.5041019 ] ] ] } },
{ "type": "Feature", "properties": { }, "geometry": { "type": "Polygon", "coordinates": [ [ [ 79.6109475, 30.5044809 ], [ 79.6108925, 30.5044809 ], [ 79.6108925, 30.5045572 ], [ 79.6109475, 30.5045572 ], [ 79.6109475, 30.5044809 ] ] ] } },
{ "type": "Feature", "properties": { }, "geometry": { "type": "Polygon", "coordinates": [ [ [ 79.610981, 30.5047016 ], [ 79.6109462, 30.5047405 ], [ 79.6110052, 30.5047798 ], [ 79.6110401, 30.5047409 ], [ 79.610981, 30.5047016 ] ] ] } },
{ "type": "Feature", "properties": { }, "geometry": { "type": "Polygon", "coordinates": [ [ [ 79.611087, 30.5046346 ], [ 79.6110427, 30.5046689 ], [ 79.6111137, 30.5047371 ], [ 79.6111581, 30.5047028 ], [ 79.611087, 30.5046346 ] ] ] } },
{ "type": "Feature", "properties": { }, "geometry": { "type": "Polygon", "coordinates": [ [ [ 79.6112815, 30.5047294 ], [ 79.6113136, 30.5048149 ], [ 79.6113519, 30.5048042 ], [ 79.6113198, 30.5047187 ], [ 79.6112815, 30.5047294 ] ] ] } },
{ "type": "Feature", "properties": { }, "geometry": { "type": "Polygon", "coordinates": [ [ [ 79.6112399, 30.5046173 ], [ 79.611268, 30.5046993 ], [ 79.6113019, 30.5046907 ], [ 79.6112737, 30.5046087 ], [ 79.6112399, 30.5046173 ] ] ] } },
{ "type": "Feature", "properties": { }, "geometry": { "type": "Polygon", "coordinates": [ [ [ 79.6132609, 30.5048669 ], [ 79.6131729, 30.504807 ], [ 79.6130924, 30.5048948 ], [ 79.6131805, 30.5049547 ], [ 79.6132609, 30.5048669 ] ] ] } },
{ "type": "Feature", "properties": { }, "geometry": { "type": "Polygon", "coordinates": [ [ [ 79.6130168, 30.5046288 ], [ 79.6129627, 30.5046745 ], [ 79.6130915, 30.5047878 ], [ 79.6131456, 30.5047421 ], [ 79.6130168, 30.5046288 ] ] ] } },
{ "type": "Feature", "properties": { }, "geometry": { "type": "Polygon", "coordinates": [ [ [ 79.6219298, 30.4970151 ], [ 79.6219287, 30.4970786 ], [ 79.6220199, 30.4970798 ], [ 79.622021, 30.4970163 ], [ 79.6219298, 30.4970151 ] ] ] } },
{ "type": "Feature", "properties": { }, "geometry": { "type": "Polygon", "coordinates": [ [ [ 79.6227103, 30.4952471 ], [ 79.6227653, 30.4952933 ], [ 79.6228038, 30.4952593 ], [ 79.6227488, 30.4952131 ], [ 79.6227103, 30.4952471 ] ] ] } },
{ "type": "Feature", "properties": { }, "geometry": { "type": "Polygon", "coordinates": [ [ [ 79.6246925, 30.4937841 ], [ 79.6246657, 30.4937209 ], [ 79.6245115, 30.4937694 ], [ 79.6245383, 30.4938326 ], [ 79.6246925, 30.4937841 ] ] ] } },
{ "type": "Feature", "properties": { }, "geometry": { "type": "Polygon", "coordinates": [ [ [ 79.6239482, 30.4929601 ], [ 79.623861, 30.4930687 ], [ 79.6239315, 30.4931108 ], [ 79.6240187, 30.4930021 ], [ 79.6239482, 30.4929601 ] ] ] } },
{ "type": "Feature", "properties": { }, "geometry": { "type": "Polygon", "coordinates": [ [ [ 79.6241547, 30.4930861 ], [ 79.6241319, 30.4931254 ], [ 79.6241759, 30.4931443 ], [ 79.6241987, 30.493105 ], [ 79.6241547, 30.4930861 ] ] ] } },
{ "type": "Feature", "properties": { }, "geometry": { "type": "Polygon", "coordinates": [ [ [ 79.624097, 30.4931739 ], [ 79.624038, 30.4932744 ], [ 79.6240979, 30.4933005 ], [ 79.624157, 30.4932 ], [ 79.624097, 30.4931739 ] ] ] } },
{ "type": "Feature", "properties": { }, "geometry": { "type": "Polygon", "coordinates": [ [ [ 79.6243532, 30.4931554 ], [ 79.6242768, 30.4932617 ], [ 79.624306, 30.4932774 ], [ 79.6243825, 30.493171 ], [ 79.6243532, 30.4931554 ] ] ] } },
{ "type": "Feature", "properties": { }, "geometry": { "type": "Polygon", "coordinates": [ [ [ 79.6242754, 30.4927244 ], [ 79.6242486, 30.4928203 ], [ 79.6242866, 30.4928282 ], [ 79.6243134, 30.4927323 ], [ 79.6242754, 30.4927244 ] ] ] } },
{ "type": "Feature", "properties": { }, "geometry": { "type": "Polygon", "coordinates": [ [ [ 79.6244752, 30.4924644 ], [ 79.6243063, 30.4926874 ], [ 79.624339, 30.4927058 ], [ 79.624508, 30.4924828 ], [ 79.6244752, 30.4924644 ] ] ] } },
{ "type": "Feature", "properties": { }, "geometry": { "type": "Polygon", "coordinates": [ [ [ 79.6249393, 30.4927775 ], [ 79.6248838, 30.4929862 ], [ 79.6249593, 30.4930011 ], [ 79.6250148, 30.4927924 ], [ 79.6249393, 30.4927775 ] ] ] } },
{ "type": "Feature", "properties": { }, "geometry": { "type": "Polygon", "coordinates": [ [ [ 79.6246952, 30.4927452 ], [ 79.6245807, 30.4931232 ], [ 79.6246486, 30.4931385 ], [ 79.6247631, 30.4927604 ], [ 79.6246952, 30.4927452 ] ] ] } },
{ "type": "Feature", "properties": { }, "geometry": { "type": "Polygon", "coordinates": [ [ [ 79.6243814, 30.4932906 ], [ 79.624354, 30.4934319 ], [ 79.6244154, 30.4934407 ], [ 79.6244427, 30.4932994 ], [ 79.6243814, 30.4932906 ] ] ] } },
{ "type": "Feature", "properties": { }, "geometry": { "type": "Polygon", "coordinates": [ [ [ 79.6241963, 30.4936882 ], [ 79.6242458, 30.4938311 ], [ 79.6243108, 30.4938144 ], [ 79.6242613, 30.4936715 ], [ 79.6241963, 30.4936882 ] ] ] } },
{ "type": "Feature", "properties": { }, "geometry": { "type": "Polygon", "coordinates": [ [ [ 79.624663, 30.4935217 ], [ 79.6248206, 30.4936813 ], [ 79.6248905, 30.49363 ], [ 79.6247329, 30.4934705 ], [ 79.624663, 30.4935217 ] ] ] } },
{ "type": "Feature", "properties": { }, "geometry": { "type": "Polygon", "coordinates": [ [ [ 79.6249902, 30.4937367 ], [ 79.6249782, 30.4938224 ], [ 79.625072, 30.4938321 ], [ 79.625084, 30.4937464 ], [ 79.6249902, 30.4937367 ] ] ] } },
{ "type": "Feature", "properties": { }, "geometry": { "type": "Polygon", "coordinates": [ [ [ 79.6250385, 30.493531 ], [ 79.6250054, 30.4937023 ], [ 79.6250845, 30.4937136 ], [ 79.6251177, 30.4935424 ], [ 79.6250385, 30.493531 ] ] ] } },
{ "type": "Feature", "properties": { }, "geometry": { "type": "Polygon", "coordinates": [ [ [ 79.625414, 30.4934524 ], [ 79.6253994, 30.4935566 ], [ 79.6254925, 30.4935662 ], [ 79.625507, 30.4934621 ], [ 79.625414, 30.4934524 ] ] ] } },
{ "type": "Feature", "properties": { }, "geometry": { "type": "Polygon", "coordinates": [ [ [ 79.6250385, 30.4934825 ], [ 79.6251409, 30.4934931 ], [ 79.6251674, 30.4933033 ], [ 79.625065, 30.4932926 ], [ 79.6250385, 30.4934825 ] ] ] } },
{ "type": "Feature", "properties": { }, "geometry": { "type": "Polygon", "coordinates": [ [ [ 79.6171206, 30.5073199 ], [ 79.6169865, 30.507469 ], [ 79.6170214, 30.5074923 ], [ 79.6171555, 30.5073432 ], [ 79.6171206, 30.5073199 ] ] ] } },
{ "type": "Feature", "properties": { }, "geometry": { "type": "Polygon", "coordinates": [ [ [ 79.6168236, 30.5076683 ], [ 79.616788, 30.507711 ], [ 79.616816, 30.5077283 ], [ 79.6168515, 30.5076855 ], [ 79.6168236, 30.5076683 ] ] ] } },
{ "type": "Feature", "properties": { }, "geometry": { "type": "Polygon", "coordinates": [ [ [ 79.6165708, 30.5078329 ], [ 79.6164742, 30.5079427 ], [ 79.6165071, 30.5079642 ], [ 79.6166036, 30.5078544 ], [ 79.6165708, 30.5078329 ] ] ] } },
{ "type": "Feature", "properties": { }, "geometry": { "type": "Polygon", "coordinates": [ [ [ 79.6167894, 30.5076377 ], [ 79.6167317, 30.507707 ], [ 79.6167616, 30.5077255 ], [ 79.6168193, 30.5076561 ], [ 79.6167894, 30.5076377 ] ] ] } },
{ "type": "Feature", "properties": { }, "geometry": { "type": "Polygon", "coordinates": [ [ [ 79.6167411, 30.507588 ], [ 79.6166633, 30.5076735 ], [ 79.6166887, 30.5076906 ], [ 79.6167665, 30.5076051 ], [ 79.6167411, 30.507588 ] ] ] } },
{ "type": "Feature", "properties": { }, "geometry": { "type": "Polygon", "coordinates": [ [ [ 79.6165252, 30.5076966 ], [ 79.6164769, 30.5077544 ], [ 79.6165229, 30.5077829 ], [ 79.6165712, 30.5077251 ], [ 79.6165252, 30.5076966 ] ] ] } },
{ "type": "Feature", "properties": { }, "geometry": { "type": "Polygon", "coordinates": [ [ [ 79.6164595, 30.507774 ], [ 79.6163877, 30.5077314 ], [ 79.6163045, 30.5078354 ], [ 79.6163763, 30.507878 ], [ 79.6164595, 30.507774 ] ] ] } },
{ "type": "Feature", "properties": { }, "geometry": { "type": "Polygon", "coordinates": [ [ [ 79.6164809, 30.5077821 ], [ 79.6163857, 30.5078872 ], [ 79.6164506, 30.5079309 ], [ 79.6165458, 30.5078257 ], [ 79.6164809, 30.5077821 ] ] ] } },
{ "type": "Feature", "properties": { }, "geometry": { "type": "Polygon", "coordinates": [ [ [ 79.6162858, 30.507847 ], [ 79.6164187, 30.5079297 ], [ 79.6163732, 30.5079839 ], [ 79.6162908, 30.5079327 ], [ 79.6162111, 30.5080278 ], [ 79.6161606, 30.5079964 ], [ 79.6162858, 30.507847 ] ] ] } },
{ "type": "Feature", "properties": { }, "geometry": { "type": "Polygon", "coordinates": [ [ [ 79.6162744, 30.5080987 ], [ 79.6163616, 30.5079982 ], [ 79.6162973, 30.5079568 ], [ 79.6162101, 30.5080573 ], [ 79.6162744, 30.5080987 ] ] ] } },
{ "type": "Feature", "properties": { }, "geometry": { "type": "Polygon", "coordinates": [ [ [ 79.6161349, 30.5081669 ], [ 79.6161748, 30.5081917 ], [ 79.6162418, 30.508112 ], [ 79.616202, 30.5080871 ], [ 79.6161349, 30.5081669 ] ] ] } },
{ "type": "Feature", "properties": { }, "geometry": { "type": "Polygon", "coordinates": [ [ [ 79.6748659, 30.4933738 ], [ 79.6748909, 30.4934619 ], [ 79.6750116, 30.4934365 ], [ 79.6749866, 30.4933484 ], [ 79.6748659, 30.4933738 ] ] ] } },
{ "type": "Feature", "properties": { }, "geometry": { "type": "Polygon", "coordinates": [ [ [ 79.6748364, 30.4935425 ], [ 79.6748277, 30.4936272 ], [ 79.6749484, 30.4936364 ], [ 79.6749571, 30.4935518 ], [ 79.6748364, 30.4935425 ] ] ] } },
{ "type": "Feature", "properties": { }, "geometry": { "type": "Polygon", "coordinates": [ [ [ 79.6745789, 30.4938546 ], [ 79.6745929, 30.493928 ], [ 79.6747404, 30.4939072 ], [ 79.6747264, 30.4938338 ], [ 79.6745789, 30.4938546 ] ] ] } },
{ "type": "Feature", "properties": { }, "geometry": { "type": "Polygon", "coordinates": [ [ [ 79.6747828, 30.493665 ], [ 79.6745789, 30.4936211 ], [ 79.6745584, 30.4936918 ], [ 79.6747622, 30.4937357 ], [ 79.6747828, 30.493665 ] ] ] } },
{ "type": "Feature", "properties": { }, "geometry": { "type": "Polygon", "coordinates": [ [ [ 79.6747479, 30.4935125 ], [ 79.6744823, 30.4934385 ], [ 79.6744546, 30.4935125 ], [ 79.6747202, 30.4935864 ], [ 79.6747479, 30.4935125 ] ] ] } },
{ "type": "Feature", "properties": { }, "geometry": { "type": "Polygon", "coordinates": [ [ [ 79.6752387, 30.49339 ], [ 79.6752092, 30.4934528 ], [ 79.6753219, 30.4934921 ], [ 79.6753514, 30.4934293 ], [ 79.6752387, 30.49339 ] ] ] } },
{ "type": "Feature", "properties": { }, "geometry": { "type": "Polygon", "coordinates": [ [ [ 79.6751341, 30.493702 ], [ 79.6750923, 30.4937632 ], [ 79.6751835, 30.4938095 ], [ 79.6752253, 30.4937482 ], [ 79.6751341, 30.493702 ] ] ] } },
{ "type": "Feature", "properties": { }, "geometry": { "type": "Polygon", "coordinates": [ [ [ 79.6748874, 30.49391 ], [ 79.6748391, 30.4939701 ], [ 79.6749074, 30.4940109 ], [ 79.6749557, 30.4939508 ], [ 79.6748874, 30.49391 ] ] ] } },
{ "type": "Feature", "properties": { }, "geometry": { "type": "Polygon", "coordinates": [ [ [ 79.6749034, 30.4883144 ], [ 79.6749065, 30.4883906 ], [ 79.6749843, 30.4883883 ], [ 79.6749812, 30.4883121 ], [ 79.6749034, 30.4883144 ] ] ] } },
{ "type": "Feature", "properties": { }, "geometry": { "type": "Polygon", "coordinates": [ [ [ 79.6748874, 30.4889801 ], [ 79.6748897, 30.4890498 ], [ 79.6749809, 30.4890475 ], [ 79.6749786, 30.4889778 ], [ 79.6748874, 30.4889801 ] ] ] } },
{ "type": "Feature", "properties": { }, "geometry": { "type": "Polygon", "coordinates": [ [ [ 79.6892082, 30.4895006 ], [ 79.6890298, 30.4894989 ], [ 79.6890294, 30.4895818 ], [ 79.689212, 30.4895833 ], [ 79.6892082, 30.4895006 ] ] ] } },
{ "type": "Feature", "properties": { }, "geometry": { "type": "Polygon", "coordinates": [ [ [ 79.688911, 30.4894987 ], [ 79.6889046, 30.4895512 ], [ 79.6889907, 30.4895641 ], [ 79.6889928, 30.4895117 ], [ 79.688911, 30.4894987 ] ] ] } },
{ "type": "Feature", "properties": { }, "geometry": { "type": "Polygon", "coordinates": [ [ [ 79.6915573, 30.4901808 ], [ 79.6915041, 30.4902301 ], [ 79.6916208, 30.4903237 ], [ 79.691674, 30.4902744 ], [ 79.6915573, 30.4901808 ] ] ] } },
{ "type": "Feature", "properties": { }, "geometry": { "type": "Polygon", "coordinates": [ [ [ 79.703962, 30.4954821 ], [ 79.7040306, 30.4956458 ], [ 79.7041102, 30.4955782 ], [ 79.7040416, 30.4954664 ], [ 79.703962, 30.4954821 ] ] ] } },
{ "type": "Feature", "properties": { }, "geometry": { "type": "Polygon", "coordinates": [ [ [ 79.7025758, 30.494816 ], [ 79.7028387, 30.4949778 ], [ 79.7029151, 30.4948855 ], [ 79.7026523, 30.4947238 ], [ 79.7025758, 30.494816 ] ] ] } },
{ "type": "Feature", "properties": { }, "geometry": { "type": "Polygon", "coordinates": [ [ [ 79.7029647, 30.4946589 ], [ 79.7028733, 30.4947572 ], [ 79.7032649, 30.4950276 ], [ 79.7033563, 30.4949293 ], [ 79.7029647, 30.4946589 ] ] ] } },
{ "type": "Feature", "properties": { }, "geometry": { "type": "Polygon", "coordinates": [ [ [ 79.6928313, 30.4876441 ], [ 79.6928587, 30.487704 ], [ 79.6929472, 30.487674 ], [ 79.6929198, 30.4876141 ], [ 79.6928313, 30.4876441 ] ] ] } },
{ "type": "Feature", "properties": { }, "geometry": { "type": "Polygon", "coordinates": [ [ [ 79.693007, 30.4880405 ], [ 79.6930448, 30.4880981 ], [ 79.6931468, 30.4880484 ], [ 79.6931089, 30.4879908 ], [ 79.693007, 30.4880405 ] ] ] } },
{ "type": "Feature", "properties": { }, "geometry": { "type": "Polygon", "coordinates": [ [ [ 79.6930955, 30.4876996 ], [ 79.6930003, 30.4877504 ], [ 79.6930529, 30.4878236 ], [ 79.6931481, 30.4877727 ], [ 79.6930955, 30.4876996 ] ] ] } },
{ "type": "Feature", "properties": { }, "geometry": { "type": "Polygon", "coordinates": [ [ [ 79.6934091, 30.4878221 ], [ 79.6934672, 30.4879471 ], [ 79.6935701, 30.4879036 ], [ 79.6935161, 30.4877805 ], [ 79.6934628, 30.4878012 ], [ 79.6934091, 30.4878221 ] ] ] } },
{ "type": "Feature", "properties": { }, "geometry": { "type": "Polygon", "coordinates": [ [ [ 79.6934241, 30.4876187 ], [ 79.693469, 30.4876775 ], [ 79.6935709, 30.4876198 ], [ 79.693526, 30.4875609 ], [ 79.6934241, 30.4876187 ] ] ] } },
{ "type": "Feature", "properties": { }, "geometry": { "type": "Polygon", "coordinates": [ [ [ 79.6932149, 30.4875482 ], [ 79.6932562, 30.4876022 ], [ 79.6933702, 30.4875375 ], [ 79.6933289, 30.4874835 ], [ 79.6932149, 30.4875482 ] ] ] } },
{ "type": "Feature", "properties": { }, "geometry": { "type": "Polygon", "coordinates": [ [ [ 79.6928447, 30.4872905 ], [ 79.6927468, 30.4873471 ], [ 79.6927827, 30.4873932 ], [ 79.6928806, 30.4873366 ], [ 79.6928447, 30.4872905 ] ] ] } },
{ "type": "Feature", "properties": { }, "geometry": { "type": "Polygon", "coordinates": [ [ [ 79.6923888, 30.4872674 ], [ 79.6923336, 30.4873087 ], [ 79.6924047, 30.4873792 ], [ 79.6924599, 30.4873379 ], [ 79.6923888, 30.4872674 ] ] ] } },
{ "type": "Feature", "properties": { }, "geometry": { "type": "Polygon", "coordinates": [ [ [ 79.694965, 30.4883248 ], [ 79.6949543, 30.4884727 ], [ 79.6950251, 30.4884766 ], [ 79.6950358, 30.4883286 ], [ 79.694965, 30.4883248 ] ] ] } },
{ "type": "Feature", "properties": { }, "geometry": { "type": "Polygon", "coordinates": [ [ [ 79.6947934, 30.488237 ], [ 79.694792, 30.4883318 ], [ 79.6948603, 30.4883325 ], [ 79.6948617, 30.4882377 ], [ 79.6947934, 30.488237 ] ] ] } },
{ "type": "Feature", "properties": { }, "geometry": { "type": "Polygon", "coordinates": [ [ [ 79.6956637, 30.4872766 ], [ 79.6956396, 30.4873286 ], [ 79.6956979, 30.4873487 ], [ 79.6956922, 30.4872735 ], [ 79.6956637, 30.4872766 ] ] ] } },
{ "type": "Feature", "properties": { }, "geometry": { "type": "Polygon", "coordinates": [ [ [ 79.6960647, 30.4870986 ], [ 79.6959414, 30.4872708 ], [ 79.6960408, 30.4873237 ], [ 79.6961641, 30.4871515 ], [ 79.6960647, 30.4870986 ] ] ] } },
{ "type": "Feature", "properties": { }, "geometry": { "type": "Polygon", "coordinates": [ [ [ 79.6962914, 30.4872789 ], [ 79.6963504, 30.4871472 ], [ 79.6962629, 30.4871181 ], [ 79.6962039, 30.4872498 ], [ 79.6962914, 30.4872789 ] ] ] } },
{ "type": "Feature", "properties": { }, "geometry": { "type": "Polygon", "coordinates": [ [ [ 79.6963397, 30.4868421 ], [ 79.6962565, 30.4869646 ], [ 79.696334, 30.4870036 ], [ 79.6964172, 30.4868811 ], [ 79.6963397, 30.4868421 ] ] ] } },
{ "type": "Feature", "properties": { }, "geometry": { "type": "Polygon", "coordinates": [ [ [ 79.6946136, 30.4842665 ], [ 79.6947211, 30.4843702 ], [ 79.6952503, 30.4840131 ], [ 79.6951377, 30.4839051 ], [ 79.6946136, 30.4842665 ] ] ] } },
{ "type": "Feature", "properties": { }, "geometry": { "type": "Polygon", "coordinates": [ [ [ 79.6769015, 30.4697289 ], [ 79.6769547, 30.4697574 ], [ 79.6770216, 30.4696647 ], [ 79.6769685, 30.4696362 ], [ 79.6769015, 30.4697289 ] ] ] } },
{ "type": "Feature", "properties": { }, "geometry": { "type": "Polygon", "coordinates": [ [ [ 79.676055, 30.4700367 ], [ 79.6761649, 30.4700841 ], [ 79.6761955, 30.4700314 ], [ 79.6760856, 30.469984 ], [ 79.676055, 30.4700367 ] ] ] } },
{ "type": "Feature", "properties": { }, "geometry": { "type": "Polygon", "coordinates": [ [ [ 79.6762438, 30.4699805 ], [ 79.6762221, 30.4700192 ], [ 79.6762609, 30.4700353 ], [ 79.6762826, 30.4699966 ], [ 79.6762438, 30.4699805 ] ] ] } },
{ "type": "Feature", "properties": { }, "geometry": { "type": "Polygon", "coordinates": [ [ [ 79.6783852, 30.4717783 ], [ 79.6783475, 30.4717293 ], [ 79.6784388, 30.4716771 ], [ 79.6784765, 30.4717262 ], [ 79.6783852, 30.4717783 ] ] ] } },
{ "type": "Feature", "properties": { }, "geometry": { "type": "Polygon", "coordinates": [ [ [ 79.6784877, 30.4716514 ], [ 79.6785239, 30.4716891 ], [ 79.678564, 30.4716605 ], [ 79.6785277, 30.4716228 ], [ 79.6784877, 30.4716514 ] ] ] } },
{ "type": "Feature", "properties": { }, "geometry": { "type": "Polygon", "coordinates": [ [ [ 79.6796495, 30.4707175 ], [ 79.6796761, 30.4706265 ], [ 79.6797342, 30.470624 ], [ 79.6797034, 30.4707292 ], [ 79.6796495, 30.4707175 ] ] ] } },
{ "type": "Feature", "properties": { }, "geometry": { "type": "Polygon", "coordinates": [ [ [ 79.677862, 30.4718727 ], [ 79.6778935, 30.4718926 ], [ 79.6779422, 30.4718355 ], [ 79.6779107, 30.4718156 ], [ 79.677862, 30.4718727 ] ] ] } },
{ "type": "Feature", "properties": { }, "geometry": { "type": "Polygon", "coordinates": [ [ [ 79.6773894, 30.473015 ], [ 79.6773515, 30.4729526 ], [ 79.6774065, 30.4729278 ], [ 79.6774444, 30.4729902 ], [ 79.6773894, 30.473015 ] ] ] } },
{ "type": "Feature", "properties": { }, "geometry": { "type": "Polygon", "coordinates": [ [ [ 79.6759486, 30.4752144 ], [ 79.6760122, 30.4752602 ], [ 79.6760489, 30.4752224 ], [ 79.6759854, 30.4751765 ], [ 79.6759486, 30.4752144 ] ] ] } },
{ "type": "Feature", "properties": { }, "geometry": { "type": "Polygon", "coordinates": [ [ [ 79.6762985, 30.4773245 ], [ 79.6764125, 30.4772647 ], [ 79.6763818, 30.4772212 ], [ 79.6762677, 30.477281 ], [ 79.6762985, 30.4773245 ] ] ] } },
{ "type": "Feature", "properties": { }, "geometry": { "type": "Polygon", "coordinates": [ [ [ 79.6254901, 30.4951296 ], [ 79.625394, 30.4951252 ], [ 79.6253687, 30.4950381 ], [ 79.6253029, 30.4950424 ], [ 79.6253131, 30.4951688 ], [ 79.6254951, 30.4951906 ], [ 79.6254901, 30.4951296 ] ] ] } },
{ "type": "Feature", "properties": { }, "geometry": { "type": "Polygon", "coordinates": [ [ [ 79.6260861, 30.4955059 ], [ 79.6260294, 30.4954024 ], [ 79.6258859, 30.4954484 ], [ 79.6259041, 30.4954807 ], [ 79.6259493, 30.4955606 ], [ 79.6260861, 30.4955059 ] ] ] } },
{ "type": "Feature", "properties": { }, "geometry": { "type": "Polygon", "coordinates": [ [ [ 79.6258173, 30.4954685 ], [ 79.6257405, 30.4953794 ], [ 79.6258239, 30.4953478 ], [ 79.6258755, 30.4954433 ], [ 79.6258173, 30.4954685 ] ] ] } },
{ "type": "Feature", "properties": { }, "geometry": { "type": "Polygon", "coordinates": [ [ [ 79.6260922, 30.4954077 ], [ 79.6260636, 30.4953812 ], [ 79.6261186, 30.4953546 ], [ 79.6261384, 30.4953906 ], [ 79.6260922, 30.4954077 ] ] ] } },
{ "type": "Feature", "properties": { }, "geometry": { "type": "Polygon", "coordinates": [ [ [ 79.6257829, 30.4953286 ], [ 79.6257609, 30.4952907 ], [ 79.6257213, 30.4953134 ], [ 79.6257433, 30.4953495 ], [ 79.6257829, 30.4953286 ] ] ] } },
{ "type": "Feature", "properties": { }, "geometry": { "type": "Polygon", "coordinates": [ [ [ 79.6270713, 30.4952945 ], [ 79.6270581, 30.4952584 ], [ 79.6271946, 30.4952243 ], [ 79.6272166, 30.4952622 ], [ 79.6270713, 30.4952945 ] ] ] } },
{ "type": "Feature", "properties": { }, "geometry": { "type": "Polygon", "coordinates": [ [ [ 79.6273421, 30.4952376 ], [ 79.6274169, 30.4952224 ], [ 79.6274037, 30.4951788 ], [ 79.6273333, 30.4952129 ], [ 79.6273421, 30.4952376 ] ] ] } },
{ "type": "Feature", "properties": { }, "geometry": { "type": "Polygon", "coordinates": [ [ [ 79.6275607, 30.4944278 ], [ 79.6280085, 30.494311 ], [ 79.6279058, 30.4939783 ], [ 79.6274663, 30.4941199 ], [ 79.6275607, 30.4944278 ] ] ] } },
{ "type": "Feature", "properties": { }, "geometry": { "type": "Polygon", "coordinates": [ [ [ 79.623904, 30.4945675 ], [ 79.6240205, 30.4945559 ], [ 79.6240178, 30.4944952 ], [ 79.6239257, 30.4945115 ], [ 79.623904, 30.4945675 ] ] ] } },
{ "type": "Feature", "properties": { }, "geometry": { "type": "Polygon", "coordinates": [ [ [ 79.6245924, 30.4943387 ], [ 79.6248282, 30.494299 ], [ 79.6248824, 30.4941892 ], [ 79.6247225, 30.4941845 ], [ 79.6245789, 30.4942476 ], [ 79.6245924, 30.4943387 ] ] ] } },
{ "type": "Feature", "properties": { }, "geometry": { "type": "Polygon", "coordinates": [ [ [ 79.6237688, 30.494557 ], [ 79.6237078, 30.494577 ], [ 79.6237208, 30.4946021 ], [ 79.6237789, 30.4945845 ], [ 79.6237688, 30.494557 ] ] ] } },
{ "type": "Feature", "properties": { }, "geometry": { "type": "Polygon", "coordinates": [ [ [ 79.6235756, 30.4946659 ], [ 79.6236381, 30.4946484 ], [ 79.6236206, 30.4946071 ], [ 79.6235741, 30.4946258 ], [ 79.6235756, 30.4946659 ] ] ] } },
{ "type": "Feature", "properties": { }, "geometry": { "type": "Polygon", "coordinates": [ [ [ 79.6234855, 30.4947047 ], [ 79.623516, 30.4946934 ], [ 79.6235131, 30.4945858 ], [ 79.6234725, 30.4945958 ], [ 79.6234855, 30.4947047 ] ] ] } },
{ "type": "Feature", "properties": { }, "geometry": { "type": "Polygon", "coordinates": [ [ [ 79.6235291, 30.4947635 ], [ 79.6235553, 30.4948148 ], [ 79.6235988, 30.4947998 ], [ 79.6235916, 30.494741 ], [ 79.6235291, 30.4947635 ] ] ] } },
{ "type": "Feature", "properties": { }, "geometry": { "type": "Polygon", "coordinates": [ [ [ 79.6247344, 30.494406 ], [ 79.6247845, 30.4944014 ], [ 79.6247845, 30.4943783 ], [ 79.6247398, 30.4943768 ], [ 79.6247344, 30.494406 ] ] ] } },
{ "type": "Feature", "properties": { }, "geometry": { "type": "Polygon", "coordinates": [ [ [ 79.6248042, 30.4944507 ], [ 79.624806, 30.4944184 ], [ 79.6248399, 30.4944137 ], [ 79.6248471, 30.4944507 ], [ 79.6248042, 30.4944507 ] ] ] } },
{ "type": "Feature", "properties": { }, "geometry": { "type": "Polygon", "coordinates": [ [ [ 79.6345774, 30.4914453 ], [ 79.6346735, 30.4914235 ], [ 79.6346836, 30.4913407 ], [ 79.6345774, 30.491345 ], [ 79.6345774, 30.4914453 ] ] ] } },
{ "type": "Feature", "properties": { }, "geometry": { "type": "Polygon", "coordinates": [ [ [ 79.6347714, 30.4913642 ], [ 79.6348331, 30.491349 ], [ 79.6348265, 30.4912674 ], [ 79.6347472, 30.491275 ], [ 79.6347714, 30.4913642 ] ] ] } },
{ "type": "Feature", "properties": { }, "geometry": { "type": "Polygon", "coordinates": [ [ [ 79.6345645, 30.4912902 ], [ 79.6348067, 30.4911972 ], [ 79.6347737, 30.4910967 ], [ 79.6345337, 30.4911897 ], [ 79.6345645, 30.4912902 ] ] ] } },
{ "type": "Feature", "properties": { }, "geometry": { "type": "Polygon", "coordinates": [ [ [ 79.6349938, 30.4912883 ], [ 79.6349784, 30.4912257 ], [ 79.6350951, 30.4911859 ], [ 79.6351215, 30.4912485 ], [ 79.6349938, 30.4912883 ] ] ] } },
{ "type": "Feature", "properties": { }, "geometry": { "type": "Polygon", "coordinates": [ [ [ 79.6348419, 30.4906983 ], [ 79.6348045, 30.4907268 ], [ 79.6347692, 30.4906054 ], [ 79.6348507, 30.4905826 ], [ 79.6348419, 30.4906983 ] ] ] } },
{ "type": "Feature", "properties": { }, "geometry": { "type": "Polygon", "coordinates": [ [ [ 79.6346129, 30.4908842 ], [ 79.6346944, 30.4908349 ], [ 79.6346768, 30.4907363 ], [ 79.6346063, 30.4907704 ], [ 79.6346129, 30.4908842 ] ] ] } },
{ "type": "Feature", "properties": { }, "geometry": { "type": "Polygon", "coordinates": [ [ [ 79.6336354, 30.4907686 ], [ 79.6336111, 30.4907231 ], [ 79.633948, 30.4905637 ], [ 79.6339854, 30.4906282 ], [ 79.6336354, 30.4907686 ] ] ] } },
{ "type": "Feature", "properties": { }, "geometry": { "type": "Polygon", "coordinates": [ [ [ 79.6345335, 30.4906643 ], [ 79.6345864, 30.4905087 ], [ 79.63432, 30.4904214 ], [ 79.6342474, 30.4905485 ], [ 79.6345335, 30.4906643 ] ] ] } },
{ "type": "Feature", "properties": { }, "geometry": { "type": "Polygon", "coordinates": [ [ [ 79.6336177, 30.4905998 ], [ 79.6335759, 30.4905144 ], [ 79.6338083, 30.4903743 ], [ 79.6338743, 30.4904805 ], [ 79.6336177, 30.4905998 ] ] ] } },
{ "type": "Feature", "properties": { }, "geometry": { "type": "Polygon", "coordinates": [ [ [ 79.6332711, 30.4905621 ], [ 79.633456, 30.4904862 ], [ 79.633401, 30.4904103 ], [ 79.6332447, 30.4904995 ], [ 79.6332711, 30.4905621 ] ] ] } },
{ "type": "Feature", "properties": { }, "geometry": { "type": "Polygon", "coordinates": [ [ [ 79.6335485, 30.4904312 ], [ 79.6337224, 30.4903268 ], [ 79.6336534, 30.4902154 ], [ 79.6334792, 30.4903381 ], [ 79.6335485, 30.4904312 ] ] ] } },
{ "type": "Feature", "properties": { }, "geometry": { "type": "Polygon", "coordinates": [ [ [ 79.6330143, 30.4908507 ], [ 79.6330386, 30.4909091 ], [ 79.6333693, 30.49079 ], [ 79.633307, 30.4907386 ], [ 79.6330143, 30.4908507 ] ] ] } },
{ "type": "Feature", "properties": { }, "geometry": { "type": "Polygon", "coordinates": [ [ [ 79.6370234, 30.4913592 ], [ 79.6371074, 30.4913452 ], [ 79.6371291, 30.491156 ], [ 79.6370261, 30.4911514 ], [ 79.6370234, 30.4913592 ] ] ] } },
{ "type": "Feature", "properties": { }, "geometry": { "type": "Polygon", "coordinates": [ [ [ 79.6369285, 30.4912167 ], [ 79.6368662, 30.4911981 ], [ 79.6368255, 30.4913779 ], [ 79.6369231, 30.4913756 ], [ 79.6369285, 30.4912167 ] ] ] } },
{ "type": "Feature", "properties": { }, "geometry": { "type": "Polygon", "coordinates": [ [ [ 79.6400022, 30.4932458 ], [ 79.64, 30.4931528 ], [ 79.6401299, 30.4931338 ], [ 79.6401475, 30.4932325 ], [ 79.6400022, 30.4932458 ] ] ] } },
{ "type": "Feature", "properties": { }, "geometry": { "type": "Polygon", "coordinates": [ [ [ 79.6401739, 30.4932021 ], [ 79.6403016, 30.4931794 ], [ 79.6402642, 30.4931073 ], [ 79.6401563, 30.4931282 ], [ 79.6401739, 30.4932021 ] ] ] } },
{ "type": "Feature", "properties": { }, "geometry": { "type": "Polygon", "coordinates": [ [ [ 79.6406032, 30.493039 ], [ 79.6403544, 30.4930675 ], [ 79.6403214, 30.492874 ], [ 79.6405724, 30.4928398 ], [ 79.6406032, 30.493039 ] ] ] } },
{ "type": "Feature", "properties": { }, "geometry": { "type": "Polygon", "coordinates": [ [ [ 79.6400198, 30.4931111 ], [ 79.6399648, 30.4931206 ], [ 79.639934, 30.4929555 ], [ 79.640011, 30.4929309 ], [ 79.6400198, 30.4931111 ] ] ] } },
{ "type": "Feature", "properties": { }, "geometry": { "type": "Polygon", "coordinates": [ [ [ 79.6399344, 30.4930939 ], [ 79.6399114, 30.4930972 ], [ 79.6398874, 30.4929808 ], [ 79.6399238, 30.4929659 ], [ 79.6399344, 30.4930939 ] ] ] } },
{ "type": "Feature", "properties": { }, "geometry": { "type": "Polygon", "coordinates": [ [ [ 79.6214777, 30.4968044 ], [ 79.6215238, 30.4968395 ], [ 79.6216159, 30.4967694 ], [ 79.6215617, 30.4967367 ], [ 79.6214777, 30.4968044 ] ] ] } },
{ "type": "Feature", "properties": { }, "geometry": { "type": "Polygon", "coordinates": [ [ [ 79.621391, 30.4967297 ], [ 79.6213612, 30.496662 ], [ 79.6214804, 30.49662 ], [ 79.6215157, 30.4966947 ], [ 79.621391, 30.4967297 ] ] ] } },
{ "type": "Feature", "properties": { }, "geometry": { "type": "Polygon", "coordinates": [ [ [ 79.6297255, 30.4906724 ], [ 79.6299345, 30.49041 ], [ 79.6305267, 30.4907603 ], [ 79.6303429, 30.4909911 ], [ 79.6302423, 30.4909316 ], [ 79.6303615, 30.4907821 ], [ 79.6299484, 30.4905376 ], [ 79.629804, 30.4907188 ], [ 79.6297255, 30.4906724 ] ] ] } },
{ "type": "Feature", "properties": { }, "geometry": { "type": "Polygon", "coordinates": [ [ [ 79.6298772, 30.491306 ], [ 79.6300963, 30.4914162 ], [ 79.6301543, 30.4913306 ], [ 79.6299351, 30.4912204 ], [ 79.6298772, 30.491306 ] ] ] } },
{ "type": "Feature", "properties": { }, "geometry": { "type": "Polygon", "coordinates": [ [ [ 79.6298872, 30.4911452 ], [ 79.6302836, 30.4913297 ], [ 79.6303225, 30.4912718 ], [ 79.6299279, 30.4910858 ], [ 79.6298872, 30.4911452 ] ] ] } },
{ "type": "Feature", "properties": { }, "geometry": { "type": "Polygon", "coordinates": [ [ [ 79.6299527, 30.4910354 ], [ 79.6303491, 30.4912199 ], [ 79.630388, 30.491162 ], [ 79.6299934, 30.490976 ], [ 79.6299527, 30.4910354 ] ] ] } },
{ "type": "Feature", "properties": { }, "geometry": { "type": "Polygon", "coordinates": [ [ [ 79.6296088, 30.4908994 ], [ 79.6298125, 30.4910076 ], [ 79.6298845, 30.4909068 ], [ 79.6296808, 30.4907987 ], [ 79.6296088, 30.4908994 ] ] ] } },
{ "type": "Feature", "properties": { }, "geometry": { "type": "Polygon", "coordinates": [ [ [ 79.6304443, 30.4909432 ], [ 79.6308436, 30.4908004 ], [ 79.6308716, 30.4908688 ], [ 79.6311378, 30.4907822 ], [ 79.6311541, 30.4908466 ], [ 79.6305003, 30.491076 ], [ 79.6304443, 30.4909432 ] ] ] } },
{ "type": "Feature", "properties": { }, "geometry": { "type": "Polygon", "coordinates": [ [ [ 79.7253966, 30.5126038 ], [ 79.7254568, 30.5126038 ], [ 79.7254568, 30.5125104 ], [ 79.7253966, 30.5125104 ], [ 79.7253966, 30.5126038 ] ] ] } },
{ "type": "Feature", "properties": { }, "geometry": { "type": "Polygon", "coordinates": [ [ [ 79.7226906, 30.51415 ], [ 79.7227254, 30.5141909 ], [ 79.722848, 30.5141135 ], [ 79.7228133, 30.5140726 ], [ 79.7226906, 30.51415 ] ] ] } },
{ "type": "Feature", "properties": { }, "geometry": { "type": "Polygon", "coordinates": [ [ [ 79.7644551, 30.5630719 ], [ 79.7644909, 30.5630279 ], [ 79.7646159, 30.5631048 ], [ 79.7645751, 30.5631554 ], [ 79.7644551, 30.5630719 ] ] ] } },
{ "type": "Feature", "properties": { }, "geometry": { "type": "Polygon", "coordinates": [ [ [ 79.764348, 30.5628719 ], [ 79.7644041, 30.5627819 ], [ 79.7645725, 30.5628917 ], [ 79.7645164, 30.562984 ], [ 79.764348, 30.5628719 ] ] ] } },
{ "type": "Feature", "properties": { }, "geometry": { "type": "Polygon", "coordinates": [ [ [ 79.764376, 30.5631378 ], [ 79.7644143, 30.5631642 ], [ 79.7644551, 30.5631114 ], [ 79.7644169, 30.5630851 ], [ 79.764376, 30.5631378 ] ] ] } },
{ "type": "Feature", "properties": { }, "geometry": { "type": "Polygon", "coordinates": [ [ [ 79.764361, 30.5631191 ], [ 79.7643406, 30.563095 ], [ 79.7643993, 30.5630609 ], [ 79.7644169, 30.5630851 ], [ 79.764361, 30.5631191 ] ] ] } },
{ "type": "Feature", "properties": { }, "geometry": { "type": "Polygon", "coordinates": [ [ [ 79.7643342, 30.5629939 ], [ 79.7643598, 30.5629675 ], [ 79.7644019, 30.5630038 ], [ 79.7643751, 30.5630246 ], [ 79.7643342, 30.5629939 ] ] ] } },
{ "type": "Feature", "properties": { }, "geometry": { "type": "Polygon", "coordinates": [ [ [ 79.764259, 30.5630708 ], [ 79.7642079, 30.563029 ], [ 79.7643036, 30.5629862 ], [ 79.7643445, 30.5630422 ], [ 79.764259, 30.5630708 ] ] ] } },
{ "type": "Feature", "properties": { }, "geometry": { "type": "Polygon", "coordinates": [ [ [ 79.7642513, 30.5629313 ], [ 79.7642207, 30.5629016 ], [ 79.7642972, 30.562861 ], [ 79.7643113, 30.5628983 ], [ 79.7642513, 30.5629313 ] ] ] } },
{ "type": "Feature", "properties": { }, "geometry": { "type": "Polygon", "coordinates": [ [ [ 79.7639991, 30.5624607 ], [ 79.7639819, 30.5624385 ], [ 79.7640377, 30.5623923 ], [ 79.7640528, 30.5624237 ], [ 79.7639991, 30.5624607 ] ] ] } },
{ "type": "Feature", "properties": { }, "geometry": { "type": "Polygon", "coordinates": [ [ [ 79.7641748, 30.562387 ], [ 79.7641748, 30.5623556 ], [ 79.7642143, 30.5623504 ], [ 79.7642143, 30.562387 ], [ 79.7641748, 30.562387 ] ] ] } },
{ "type": "Feature", "properties": { }, "geometry": { "type": "Polygon", "coordinates": [ [ [ 79.7636628, 30.5624409 ], [ 79.7636713, 30.5623652 ], [ 79.7638215, 30.5623781 ], [ 79.7638215, 30.5624483 ], [ 79.7636628, 30.5624409 ] ] ] } },
{ "type": "Feature", "properties": { }, "geometry": { "type": "Polygon", "coordinates": [ [ [ 79.7636735, 30.5623411 ], [ 79.7636606, 30.5622525 ], [ 79.7638001, 30.5622599 ], [ 79.7638065, 30.5623559 ], [ 79.7636735, 30.5623411 ] ] ] } },
{ "type": "Feature", "properties": { }, "geometry": { "type": "Polygon", "coordinates": [ [ [ 79.7638988, 30.5624114 ], [ 79.7639009, 30.5623448 ], [ 79.7639975, 30.5623448 ], [ 79.7639889, 30.5624114 ], [ 79.7638988, 30.5624114 ] ] ] } },
{ "type": "Feature", "properties": { }, "geometry": { "type": "Polygon", "coordinates": [ [ [ 79.7639288, 30.5621619 ], [ 79.7639932, 30.5620973 ], [ 79.7641885, 30.5622063 ], [ 79.7641327, 30.5622746 ], [ 79.7639288, 30.5621619 ] ] ] } },
{ "type": "Feature", "properties": { }, "geometry": { "type": "Polygon", "coordinates": [ [ [ 79.7641541, 30.562282 ], [ 79.7641906, 30.5622451 ], [ 79.7642271, 30.5622746 ], [ 79.7641842, 30.5623097 ], [ 79.7641541, 30.562282 ] ] ] } },
{ "type": "Feature", "properties": { }, "geometry": { "type": "Polygon", "coordinates": [ [ [ 79.7634289, 30.5621398 ], [ 79.763431, 30.5621065 ], [ 79.7634739, 30.5621083 ], [ 79.7634718, 30.5621453 ], [ 79.7634289, 30.5621398 ] ] ] } },
{ "type": "Feature", "properties": { }, "geometry": { "type": "Polygon", "coordinates": [ [ [ 79.763401, 30.5617444 ], [ 79.7634482, 30.5616982 ], [ 79.7635061, 30.5617388 ], [ 79.7634632, 30.5617887 ], [ 79.763401, 30.5617444 ] ] ] } },
{ "type": "Feature", "properties": { }, "geometry": { "type": "Polygon", "coordinates": [ [ [ 79.7635126, 30.5618109 ], [ 79.7635447, 30.5617739 ], [ 79.7635834, 30.561809 ], [ 79.7635598, 30.5618441 ], [ 79.7635126, 30.5618109 ] ] ] } },
{ "type": "Feature", "properties": { }, "geometry": { "type": "Polygon", "coordinates": [ [ [ 79.7635683, 30.5618774 ], [ 79.763607, 30.5618441 ], [ 79.7636456, 30.5618848 ], [ 79.7636091, 30.5619125 ], [ 79.7635683, 30.5618774 ] ] ] } },
{ "type": "Feature", "properties": { }, "geometry": { "type": "Polygon", "coordinates": [ [ [ 79.775148, 30.5552785 ], [ 79.775148, 30.5552288 ], [ 79.7752671, 30.5552225 ], [ 79.7752671, 30.5552754 ], [ 79.775148, 30.5552785 ] ] ] } },
{ "type": "Feature", "properties": { }, "geometry": { "type": "Polygon", "coordinates": [ [ [ 79.7754786, 30.5553802 ], [ 79.775476, 30.5553143 ], [ 79.775647, 30.5553077 ], [ 79.775647, 30.5553824 ], [ 79.7754786, 30.5553802 ] ] ] } },
{ "type": "Feature", "properties": { }, "geometry": { "type": "Polygon", "coordinates": [ [ [ 79.77567, 30.5552857 ], [ 79.77567, 30.555233 ], [ 79.7757771, 30.5552242 ], [ 79.7757771, 30.5552813 ], [ 79.77567, 30.5552857 ] ] ] } },
{ "type": "Feature", "properties": { }, "geometry": { "type": "Polygon", "coordinates": [ [ [ 79.775476, 30.5554527 ], [ 79.7754684, 30.5553978 ], [ 79.7756317, 30.5554044 ], [ 79.7756317, 30.5554527 ], [ 79.775476, 30.5554527 ] ] ] } },
{ "type": "Feature", "properties": { }, "geometry": { "type": "Polygon", "coordinates": [ [ [ 79.7760643, 30.5560346 ], [ 79.7761459, 30.5559774 ], [ 79.7762276, 30.5560631 ], [ 79.7761587, 30.5561181 ], [ 79.7760643, 30.5560346 ] ] ] } },
{ "type": "Feature", "properties": { }, "geometry": { "type": "Polygon", "coordinates": [ [ [ 79.7760566, 30.5556874 ], [ 79.7760949, 30.5556544 ], [ 79.7761587, 30.5557071 ], [ 79.7761077, 30.5557445 ], [ 79.7760566, 30.5556874 ] ] ] } },
{ "type": "Feature", "properties": { }, "geometry": { "type": "Polygon", "coordinates": [ [ [ 79.7759443, 30.5561181 ], [ 79.7759852, 30.5561466 ], [ 79.7760311, 30.5561005 ], [ 79.7759852, 30.5560697 ], [ 79.7759443, 30.5561181 ] ] ] } },
{ "type": "Feature", "properties": { }, "geometry": { "type": "Polygon", "coordinates": [ [ [ 79.7759954, 30.5561774 ], [ 79.7760388, 30.556129 ], [ 79.7761026, 30.5561532 ], [ 79.7760719, 30.5562081 ], [ 79.7759954, 30.5561774 ] ] ] } },
{ "type": "Feature", "properties": { }, "geometry": { "type": "Polygon", "coordinates": [ [ [ 79.7759035, 30.5563642 ], [ 79.7758576, 30.5563158 ], [ 79.7760719, 30.5562081 ], [ 79.7761179, 30.5562609 ], [ 79.7759035, 30.5563642 ] ] ] } },
{ "type": "Feature", "properties": { }, "geometry": { "type": "Polygon", "coordinates": [ [ [ 79.7757534, 30.5564774 ], [ 79.7757625, 30.5564246 ], [ 79.7758527, 30.5564246 ], [ 79.7758509, 30.5564836 ], [ 79.7757534, 30.5564774 ] ] ] } },
{ "type": "Feature", "properties": { }, "geometry": { "type": "Polygon", "coordinates": [ [ [ 79.7760403, 30.5564743 ], [ 79.7760115, 30.5564354 ], [ 79.7760854, 30.5563935 ], [ 79.7761215, 30.5564354 ], [ 79.7760403, 30.5564743 ] ] ] } },
{ "type": "Feature", "properties": { }, "geometry": { "type": "Polygon", "coordinates": [ [ [ 79.7757354, 30.5564152 ], [ 79.7757408, 30.5563562 ], [ 79.7758671, 30.5563624 ], [ 79.7758761, 30.5564137 ], [ 79.7757354, 30.5564152 ] ] ] } },
{ "type": "Feature", "properties": { }, "geometry": { "type": "Polygon", "coordinates": [ [ [ 79.7753583, 30.5562707 ], [ 79.7753168, 30.5561635 ], [ 79.7753655, 30.5561558 ], [ 79.7754124, 30.5562536 ], [ 79.7753583, 30.5562707 ] ] ] } },
{ "type": "Feature", "properties": { }, "geometry": { "type": "Polygon", "coordinates": [ [ [ 79.7754377, 30.5563049 ], [ 79.7754106, 30.5562692 ], [ 79.7754864, 30.5562179 ], [ 79.7755225, 30.5562536 ], [ 79.7754377, 30.5563049 ] ] ] } },
{ "type": "Feature", "properties": { }, "geometry": { "type": "Polygon", "coordinates": [ [ [ 79.7755189, 30.5563205 ], [ 79.775499, 30.5562894 ], [ 79.7755514, 30.5562552 ], [ 79.7755802, 30.5562863 ], [ 79.7755189, 30.5563205 ] ] ] } },
{ "type": "Feature", "properties": { }, "geometry": { "type": "Polygon", "coordinates": [ [ [ 79.7755351, 30.5563376 ], [ 79.7755856, 30.5562972 ], [ 79.7756632, 30.556364 ], [ 79.7756257, 30.5563951 ], [ 79.7756127, 30.5564059 ], [ 79.7755351, 30.5563376 ] ] ] } },
{ "type": "Feature", "properties": { }, "geometry": { "type": "Polygon", "coordinates": [ [ [ 79.7756668, 30.5564308 ], [ 79.7756257, 30.5563951 ], [ 79.7756903, 30.5563546 ], [ 79.775721, 30.5563888 ], [ 79.7756668, 30.5564308 ] ] ] } },
{ "type": "Feature", "properties": { }, "geometry": { "type": "Polygon", "coordinates": [ [ [ 79.7757516, 30.5562568 ], [ 79.7758076, 30.5561915 ], [ 79.7758419, 30.5562132 ], [ 79.7758707, 30.5561806 ], [ 79.7759339, 30.5562132 ], [ 79.7758419, 30.5563034 ], [ 79.7757516, 30.5562568 ] ] ] } },
{ "type": "Feature", "properties": { }, "geometry": { "type": "Polygon", "coordinates": [ [ [ 79.7756488, 30.5563142 ], [ 79.7757101, 30.5562754 ], [ 79.7757715, 30.5563205 ], [ 79.7757192, 30.556364 ], [ 79.7756488, 30.5563142 ] ] ] } },
{ "type": "Feature", "properties": { }, "geometry": { "type": "Polygon", "coordinates": [ [ [ 79.775656, 30.5562816 ], [ 79.7757318, 30.5562428 ], [ 79.7756344, 30.5561107 ], [ 79.7755532, 30.556162 ], [ 79.775656, 30.5562816 ] ] ] } },
{ "type": "Feature", "properties": { }, "geometry": { "type": "Polygon", "coordinates": [ [ [ 79.7754539, 30.5561728 ], [ 79.7755135, 30.5561542 ], [ 79.7755658, 30.5562195 ], [ 79.7755225, 30.5562536 ], [ 79.7754539, 30.5561728 ] ] ] } },
{ "type": "Feature", "properties": { }, "geometry": { "type": "Polygon", "coordinates": [ [ [ 79.7754972, 30.5561433 ], [ 79.7755369, 30.5561278 ], [ 79.77549, 30.5560501 ], [ 79.7754323, 30.5560687 ], [ 79.7754972, 30.5561433 ] ] ] } },
{ "type": "Feature", "properties": { }, "geometry": { "type": "Polygon", "coordinates": [ [ [ 79.7756019, 30.5560843 ], [ 79.7755838, 30.556047 ], [ 79.7756452, 30.556033 ], [ 79.7756578, 30.5560765 ], [ 79.7756019, 30.5560843 ] ] ] } },
{ "type": "Feature", "properties": { }, "geometry": { "type": "Polygon", "coordinates": [ [ [ 79.7570893, 30.5514114 ], [ 79.7570817, 30.5513383 ], [ 79.7571606, 30.5513383 ], [ 79.7571621, 30.5514167 ], [ 79.7570893, 30.5514114 ] ] ] } },
{ "type": "Feature", "properties": { }, "geometry": { "type": "Polygon", "coordinates": [ [ [ 79.7571694, 30.5513829 ], [ 79.7571662, 30.5513413 ], [ 79.7572097, 30.5513409 ], [ 79.7572113, 30.5513811 ], [ 79.7571694, 30.5513829 ] ] ] } },
{ "type": "Feature", "properties": { }, "geometry": { "type": "Polygon", "coordinates": [ [ [ 79.7570718, 30.5513219 ], [ 79.7570681, 30.5512642 ], [ 79.7571566, 30.5512646 ], [ 79.7571566, 30.5513247 ], [ 79.7570718, 30.5513219 ] ] ] } },
{ "type": "Feature", "properties": { }, "geometry": { "type": "Polygon", "coordinates": [ [ [ 79.7562951, 30.5509584 ], [ 79.7563133, 30.5509306 ], [ 79.7563541, 30.5509537 ], [ 79.7563423, 30.5509778 ], [ 79.7562951, 30.5509584 ] ] ] } },
{ "type": "Feature", "properties": { }, "geometry": { "type": "Polygon", "coordinates": [ [ [ 79.7559608, 30.5505184 ], [ 79.7560005, 30.5504858 ], [ 79.7560564, 30.5505417 ], [ 79.7560149, 30.5505759 ], [ 79.7559608, 30.5505184 ] ] ] } },
{ "type": "Feature", "properties": { }, "geometry": { "type": "Polygon", "coordinates": [ [ [ 79.7556559, 30.550276 ], [ 79.7556342, 30.5502201 ], [ 79.7556938, 30.550203 ], [ 79.7557172, 30.5502589 ], [ 79.7556559, 30.550276 ] ] ] } },
{ "type": "Feature", "properties": { }, "geometry": { "type": "Polygon", "coordinates": [ [ [ 79.7548931, 30.550544 ], [ 79.7548901, 30.5504277 ], [ 79.7549326, 30.5504329 ], [ 79.7549386, 30.5505414 ], [ 79.7548931, 30.550544 ] ] ] } },
{ "type": "Feature", "properties": { }, "geometry": { "type": "Polygon", "coordinates": [ [ [ 79.754953, 30.5505316 ], [ 79.7549401, 30.5504577 ], [ 79.7550228, 30.550446 ], [ 79.7550403, 30.5505224 ], [ 79.754953, 30.5505316 ] ] ] } },
{ "type": "Feature", "properties": { }, "geometry": { "type": "Polygon", "coordinates": [ [ [ 79.7555635, 30.5507751 ], [ 79.7555749, 30.5507389 ], [ 79.7556579, 30.5507597 ], [ 79.7556451, 30.5507971 ], [ 79.7555635, 30.5507751 ] ] ] } },
{ "type": "Feature", "properties": { }, "geometry": { "type": "Polygon", "coordinates": [ [ [ 79.7552175, 30.5504243 ], [ 79.7552069, 30.5503759 ], [ 79.755348, 30.5503616 ], [ 79.7553601, 30.5504112 ], [ 79.7552175, 30.5504243 ] ] ] } },
{ "type": "Feature", "properties": { }, "geometry": { "type": "Polygon", "coordinates": [ [ [ 79.7552281, 30.5504857 ], [ 79.755219, 30.5504387 ], [ 79.7553526, 30.5504269 ], [ 79.7553601, 30.5504792 ], [ 79.7552281, 30.5504857 ] ] ] } },
{ "type": "Feature", "properties": { }, "geometry": { "type": "Polygon", "coordinates": [ [ [ 79.7552266, 30.5505667 ], [ 79.7552069, 30.5505014 ], [ 79.7553237, 30.5505014 ], [ 79.7553404, 30.5505615 ], [ 79.7552266, 30.5505667 ] ] ] } },
{ "type": "Feature", "properties": { }, "geometry": { "type": "Polygon", "coordinates": [ [ [ 79.7552479, 30.5506373 ], [ 79.7552479, 30.5505811 ], [ 79.7553268, 30.5505798 ], [ 79.7553283, 30.5506373 ], [ 79.7552479, 30.5506373 ] ] ] } },
{ "type": "Feature", "properties": { }, "geometry": { "type": "Polygon", "coordinates": [ [ [ 79.7553465, 30.5506177 ], [ 79.7553404, 30.5505615 ], [ 79.7554315, 30.5505563 ], [ 79.7554299, 30.5506151 ], [ 79.7553465, 30.5506177 ] ] ] } },
{ "type": "Feature", "properties": { }, "geometry": { "type": "Polygon", "coordinates": [ [ [ 79.7554527, 30.550632 ], [ 79.7554572, 30.5505772 ], [ 79.7555968, 30.5506046 ], [ 79.7555801, 30.5506739 ], [ 79.7555289, 30.550657 ], [ 79.7554527, 30.550632 ] ] ] } },
{ "type": "Feature", "properties": { }, "geometry": { "type": "Polygon", "coordinates": [ [ [ 79.7554102, 30.5506869 ], [ 79.7554102, 30.5506347 ], [ 79.7555289, 30.550657 ], [ 79.7555255, 30.5507052 ], [ 79.7554102, 30.5506869 ] ] ] } },
{ "type": "Feature", "properties": { }, "geometry": { "type": "Polygon", "coordinates": [ [ [ 79.7544095, 30.5507248 ], [ 79.7544095, 30.5506712 ], [ 79.7544889, 30.5506638 ], [ 79.7544889, 30.5507266 ], [ 79.7544095, 30.5507248 ] ] ] } },
{ "type": "Feature", "properties": { }, "geometry": { "type": "Polygon", "coordinates": [ [ [ 79.7550983, 30.5507134 ], [ 79.7550972, 30.5506506 ], [ 79.7552367, 30.5506534 ], [ 79.7552388, 30.5507144 ], [ 79.7550983, 30.5507134 ] ] ] } },
{ "type": "Feature", "properties": { }, "geometry": { "type": "Polygon", "coordinates": [ [ [ 79.7549588, 30.5506959 ], [ 79.7549588, 30.5506497 ], [ 79.7550822, 30.5506451 ], [ 79.7550832, 30.5506996 ], [ 79.7549588, 30.5506959 ] ] ] } },
{ "type": "Feature", "properties": { }, "geometry": { "type": "Polygon", "coordinates": [ [ [ 79.7548129, 30.5507153 ], [ 79.7548097, 30.550658 ], [ 79.7549438, 30.5506571 ], [ 79.754947, 30.5507153 ], [ 79.7548129, 30.5507153 ] ] ] } },
{ "type": "Feature", "properties": { }, "geometry": { "type": "Polygon", "coordinates": [ [ [ 79.754697, 30.5507291 ], [ 79.754697, 30.5506654 ], [ 79.7547979, 30.5506682 ], [ 79.7547989, 30.550731 ], [ 79.754697, 30.5507291 ] ] ] } },
{ "type": "Feature", "properties": { }, "geometry": { "type": "Polygon", "coordinates": [ [ [ 79.7545178, 30.550707 ], [ 79.7545189, 30.5506617 ], [ 79.7545865, 30.5506598 ], [ 79.7545843, 30.5507116 ], [ 79.7545178, 30.550707 ] ] ] } },
{ "type": "Feature", "properties": { }, "geometry": { "type": "Polygon", "coordinates": [ [ [ 79.754609, 30.5507171 ], [ 79.754609, 30.5506811 ], [ 79.7546831, 30.5506839 ], [ 79.754682, 30.5507181 ], [ 79.754609, 30.5507171 ] ] ] } },
{ "type": "Feature", "properties": { }, "geometry": { "type": "Polygon", "coordinates": [ [ [ 79.7545371, 30.5507587 ], [ 79.754535, 30.5507264 ], [ 79.7545929, 30.5507273 ], [ 79.754594, 30.5507606 ], [ 79.7545371, 30.5507587 ] ] ] } },
{ "type": "Feature", "properties": { }, "geometry": { "type": "Polygon", "coordinates": [ [ [ 79.7546004, 30.5507975 ], [ 79.7546476, 30.5507966 ], [ 79.7546469, 30.5507755 ], [ 79.754646, 30.5507477 ], [ 79.7546455, 30.5507319 ], [ 79.7546047, 30.5507301 ], [ 79.7546004, 30.5507975 ] ] ] } },
{ "type": "Feature", "properties": { }, "geometry": { "type": "Polygon", "coordinates": [ [ [ 79.7546469, 30.5507755 ], [ 79.754646, 30.5507477 ], [ 79.7546873, 30.5507458 ], [ 79.7546873, 30.5507735 ], [ 79.7546469, 30.5507755 ] ] ] } },
{ "type": "Feature", "properties": { }, "geometry": { "type": "Polygon", "coordinates": [ [ [ 79.7544985, 30.5508021 ], [ 79.7544985, 30.5507707 ], [ 79.7545382, 30.5507716 ], [ 79.7545393, 30.5508031 ], [ 79.7544985, 30.5508021 ] ] ] } },
{ "type": "Feature", "properties": { }, "geometry": { "type": "Polygon", "coordinates": [ [ [ 79.7544009, 30.5508086 ], [ 79.7544073, 30.5507439 ], [ 79.7544856, 30.5507485 ], [ 79.7544878, 30.5508077 ], [ 79.7544009, 30.5508086 ] ] ] } },
{ "type": "Feature", "properties": { }, "geometry": { "type": "Polygon", "coordinates": [ [ [ 79.7548193, 30.5508419 ], [ 79.7548164, 30.5507991 ], [ 79.7548139, 30.5507624 ], [ 79.754977, 30.5507615 ], [ 79.7549792, 30.5508446 ], [ 79.7548193, 30.5508419 ] ] ] } },
{ "type": "Feature", "properties": { }, "geometry": { "type": "Polygon", "coordinates": [ [ [ 79.754712, 30.550853 ], [ 79.7547099, 30.5508003 ], [ 79.7548164, 30.5507991 ], [ 79.7548129, 30.550865 ], [ 79.754712, 30.550853 ] ] ] } },
{ "type": "Feature", "properties": { }, "geometry": { "type": "Polygon", "coordinates": [ [ [ 79.7544556, 30.5508594 ], [ 79.7544556, 30.5508289 ], [ 79.7546981, 30.5508262 ], [ 79.7546981, 30.5508631 ], [ 79.7544556, 30.5508594 ] ] ] } },
{ "type": "Feature", "properties": { }, "geometry": { "type": "Polygon", "coordinates": [ [ [ 79.7544803, 30.5509112 ], [ 79.7544749, 30.5508751 ], [ 79.7546713, 30.5508751 ], [ 79.754668, 30.5509047 ], [ 79.7544803, 30.5509112 ] ] ] } },
{ "type": "Feature", "properties": { }, "geometry": { "type": "Polygon", "coordinates": [ [ [ 79.7544856, 30.5509329 ], [ 79.7544878, 30.5509158 ], [ 79.7546616, 30.5509167 ], [ 79.7546648, 30.5509361 ], [ 79.7544856, 30.5509329 ] ] ] } },
{ "type": "Feature", "properties": { }, "geometry": { "type": "Polygon", "coordinates": [ [ [ 79.7546823, 30.5509149 ], [ 79.7546812, 30.550878 ], [ 79.7547338, 30.5508761 ], [ 79.7547338, 30.5509149 ], [ 79.7546823, 30.5509149 ] ] ] } },
{ "type": "Feature", "properties": { }, "geometry": { "type": "Polygon", "coordinates": [ [ [ 79.7547445, 30.5509057 ], [ 79.7547445, 30.5508789 ], [ 79.7548528, 30.5508789 ], [ 79.7548539, 30.5509094 ], [ 79.7547445, 30.5509057 ] ] ] } },
{ "type": "Feature", "properties": { }, "geometry": { "type": "Polygon", "coordinates": [ [ [ 79.7545363, 30.5509981 ], [ 79.7545363, 30.5509704 ], [ 79.7546737, 30.550963 ], [ 79.7546801, 30.5509962 ], [ 79.7545363, 30.5509981 ] ] ] } },
{ "type": "Feature", "properties": { }, "geometry": { "type": "Polygon", "coordinates": [ [ [ 79.7546447, 30.5510572 ], [ 79.7546479, 30.5510138 ], [ 79.7548507, 30.5510073 ], [ 79.7548507, 30.5510203 ], [ 79.7548507, 30.5510572 ], [ 79.7546447, 30.5510572 ] ] ] } },
{ "type": "Feature", "properties": { }, "geometry": { "type": "Polygon", "coordinates": [ [ [ 79.7546898, 30.5509925 ], [ 79.7546898, 30.5509685 ], [ 79.7547273, 30.5509695 ], [ 79.7547284, 30.5509953 ], [ 79.7546898, 30.5509925 ] ] ] } },
{ "type": "Feature", "properties": { }, "geometry": { "type": "Polygon", "coordinates": [ [ [ 79.754737, 30.5509833 ], [ 79.754782, 30.5509815 ], [ 79.754777, 30.5509628 ], [ 79.7547649, 30.5509177 ], [ 79.7547241, 30.5509242 ], [ 79.754737, 30.5509833 ] ] ] } },
{ "type": "Feature", "properties": { }, "geometry": { "type": "Polygon", "coordinates": [ [ [ 79.754777, 30.5509628 ], [ 79.7547799, 30.5509408 ], [ 79.7548496, 30.5509408 ], [ 79.7548518, 30.550963 ], [ 79.754777, 30.5509628 ] ] ] } },
{ "type": "Feature", "properties": { }, "geometry": { "type": "Polygon", "coordinates": [ [ [ 79.7548507, 30.5510203 ], [ 79.7548539, 30.5509722 ], [ 79.7550674, 30.5509722 ], [ 79.7550674, 30.5510203 ], [ 79.7548689, 30.5510203 ], [ 79.7548507, 30.5510203 ] ] ] } },
{ "type": "Feature", "properties": { }, "geometry": { "type": "Polygon", "coordinates": [ [ [ 79.7548657, 30.5509602 ], [ 79.7548646, 30.5509103 ], [ 79.7549483, 30.5509149 ], [ 79.7549537, 30.5509602 ], [ 79.7548657, 30.5509602 ] ] ] } },
{ "type": "Feature", "properties": { }, "geometry": { "type": "Polygon", "coordinates": [ [ [ 79.75487, 30.5510665 ], [ 79.7548689, 30.5510203 ], [ 79.7550674, 30.5510203 ], [ 79.7550728, 30.5510609 ], [ 79.7550114, 30.5510626 ], [ 79.75487, 30.5510665 ] ] ] } },
{ "type": "Feature", "properties": { }, "geometry": { "type": "Polygon", "coordinates": [ [ [ 79.7549912, 30.5509584 ], [ 79.754987, 30.5509223 ], [ 79.7550717, 30.5509223 ], [ 79.7550749, 30.5509593 ], [ 79.7549912, 30.5509584 ] ] ] } },
{ "type": "Feature", "properties": { }, "geometry": { "type": "Polygon", "coordinates": [ [ [ 79.7550063, 30.5511117 ], [ 79.7550114, 30.5510626 ], [ 79.7551103, 30.5510637 ], [ 79.7551071, 30.5511117 ], [ 79.7550063, 30.5511117 ] ] ] } },
{ "type": "Feature", "properties": { }, "geometry": { "type": "Polygon", "coordinates": [ [ [ 79.7550803, 30.5509842 ], [ 79.7550835, 30.5509473 ], [ 79.7551608, 30.5509473 ], [ 79.7551608, 30.5509852 ], [ 79.7550803, 30.5509842 ] ] ] } },
{ "type": "Feature", "properties": { }, "geometry": { "type": "Polygon", "coordinates": [ [ [ 79.7550835, 30.5509122 ], [ 79.755164, 30.5509122 ], [ 79.7551575, 30.5508383 ], [ 79.7550803, 30.5508392 ], [ 79.7550835, 30.5509122 ] ] ] } },
{ "type": "Feature", "properties": { }, "geometry": { "type": "Polygon", "coordinates": [ [ [ 79.7551232, 30.5510646 ], [ 79.7551296, 30.5510138 ], [ 79.7552198, 30.5510147 ], [ 79.7552198, 30.5510637 ], [ 79.7551232, 30.5510646 ] ] ] } },
{ "type": "Feature", "properties": { }, "geometry": { "type": "Polygon", "coordinates": [ [ [ 79.7551254, 30.5511274 ], [ 79.7551189, 30.5510868 ], [ 79.7552187, 30.5510766 ], [ 79.7552262, 30.5511284 ], [ 79.7551254, 30.5511274 ] ] ] } },
{ "type": "Feature", "properties": { }, "geometry": { "type": "Polygon", "coordinates": [ [ [ 79.7551232, 30.551193 ], [ 79.7551178, 30.5511367 ], [ 79.7552251, 30.5511432 ], [ 79.7552273, 30.5512014 ], [ 79.7551232, 30.551193 ] ] ] } },
{ "type": "Feature", "properties": { }, "geometry": { "type": "Polygon", "coordinates": [ [ [ 79.7551881, 30.5509743 ], [ 79.7552481, 30.550971 ], [ 79.755243, 30.5509106 ], [ 79.7551817, 30.5509117 ], [ 79.7551881, 30.5509743 ] ] ] } },
{ "type": "Feature", "properties": { }, "geometry": { "type": "Polygon", "coordinates": [ [ [ 79.7553718, 30.550915 ], [ 79.7553871, 30.5508677 ], [ 79.7555211, 30.5509051 ], [ 79.7554969, 30.5509479 ], [ 79.7553718, 30.550915 ] ] ] } },
{ "type": "Feature", "properties": { }, "geometry": { "type": "Polygon", "coordinates": [ [ [ 79.7555568, 30.5509732 ], [ 79.7555568, 30.5509259 ], [ 79.7556806, 30.550949 ], [ 79.7556691, 30.5509963 ], [ 79.7555568, 30.5509732 ] ] ] } },
{ "type": "Feature", "properties": { }, "geometry": { "type": "Polygon", "coordinates": [ [ [ 79.7556066, 30.5510962 ], [ 79.755613, 30.5510215 ], [ 79.7558197, 30.55106 ], [ 79.7558018, 30.5511259 ], [ 79.7556066, 30.5510962 ] ] ] } },
{ "type": "Feature", "properties": { }, "geometry": { "type": "Polygon", "coordinates": [ [ [ 79.7556895, 30.5511852 ], [ 79.7557189, 30.5511501 ], [ 79.7557993, 30.551182 ], [ 79.7557699, 30.5512259 ], [ 79.7556895, 30.5511852 ] ] ] } },
{ "type": "Feature", "properties": { }, "geometry": { "type": "Polygon", "coordinates": [ [ [ 79.7555798, 30.5512929 ], [ 79.755627, 30.5513105 ], [ 79.7556513, 30.55126 ], [ 79.755604, 30.5512435 ], [ 79.7555798, 30.5512929 ] ] ] } },
{ "type": "Feature", "properties": { }, "geometry": { "type": "Polygon", "coordinates": [ [ [ 79.7556895, 30.5513369 ], [ 79.7557061, 30.5512797 ], [ 79.7557686, 30.5512962 ], [ 79.7557546, 30.5513468 ], [ 79.7556895, 30.5513369 ] ] ] } },
{ "type": "Feature", "properties": { }, "geometry": { "type": "Polygon", "coordinates": [ [ [ 79.748195, 30.5440397 ], [ 79.7482496, 30.5440397 ], [ 79.7482496, 30.5439509 ], [ 79.748192, 30.5439509 ], [ 79.748195, 30.5440397 ] ] ] } },
{ "type": "Feature", "properties": { }, "geometry": { "type": "Polygon", "coordinates": [ [ [ 79.7483923, 30.5443168 ], [ 79.7484469, 30.5443534 ], [ 79.7484581, 30.5443386 ], [ 79.7485045, 30.5442776 ], [ 79.7484408, 30.5442384 ], [ 79.7483923, 30.5443168 ] ] ] } },
{ "type": "Feature", "properties": { }, "geometry": { "type": "Polygon", "coordinates": [ [ [ 79.7485561, 30.5448264 ], [ 79.7486229, 30.544863 ], [ 79.7486805, 30.5447663 ], [ 79.7486168, 30.5447297 ], [ 79.7485561, 30.5448264 ] ] ] } },
{ "type": "Feature", "properties": { }, "geometry": { "type": "Polygon", "coordinates": [ [ [ 79.7484557, 30.5445601 ], [ 79.7485136, 30.5445878 ], [ 79.7485523, 30.544464 ], [ 79.7484986, 30.5444455 ], [ 79.7484557, 30.5445601 ] ] ] } },
{ "type": "Feature", "properties": { }, "geometry": { "type": "Polygon", "coordinates": [ [ [ 79.7484385, 30.5444141 ], [ 79.7484836, 30.5443642 ], [ 79.7486081, 30.5444233 ], [ 79.748578, 30.5444659 ], [ 79.7484385, 30.5444141 ] ] ] } },
{ "type": "Feature", "properties": { }, "geometry": { "type": "Polygon", "coordinates": [ [ [ 79.7484581, 30.5443386 ], [ 79.7485179, 30.544355 ], [ 79.7485823, 30.5442422 ], [ 79.7485501, 30.544233 ], [ 79.7484581, 30.5443386 ] ] ] } },
{ "type": "Feature", "properties": { }, "geometry": { "type": "Polygon", "coordinates": [ [ [ 79.748533, 30.5446617 ], [ 79.748593, 30.5446876 ], [ 79.748666, 30.5445305 ], [ 79.7486059, 30.5445065 ], [ 79.748533, 30.5446617 ] ] ] } },
{ "type": "Feature", "properties": { }, "geometry": { "type": "Polygon", "coordinates": [ [ [ 79.7487561, 30.5448059 ], [ 79.7488119, 30.5446636 ], [ 79.7489213, 30.5446876 ], [ 79.7488505, 30.5448299 ], [ 79.7487561, 30.5448059 ] ] ] } },
{ "type": "Feature", "properties": { }, "geometry": { "type": "Polygon", "coordinates": [ [ [ 79.7486639, 30.5446488 ], [ 79.7487368, 30.5446802 ], [ 79.748784, 30.5446045 ], [ 79.7487218, 30.5445712 ], [ 79.7486639, 30.5446488 ] ] ] } },
{ "type": "Feature", "properties": { }, "geometry": { "type": "Polygon", "coordinates": [ [ [ 79.748593, 30.544379 ], [ 79.748593, 30.5443162 ], [ 79.7487175, 30.5443106 ], [ 79.7487218, 30.5443735 ], [ 79.748593, 30.544379 ] ] ] } },
{ "type": "Feature", "properties": { }, "geometry": { "type": "Polygon", "coordinates": [ [ [ 79.7486488, 30.5444954 ], [ 79.7486424, 30.5444289 ], [ 79.7487325, 30.5444252 ], [ 79.7487411, 30.5444917 ], [ 79.7486488, 30.5444954 ] ] ] } },
{ "type": "Feature", "properties": { }, "geometry": { "type": "Polygon", "coordinates": [ [ [ 79.7430614, 30.5304871 ], [ 79.7429892, 30.5303877 ], [ 79.7431805, 30.5303069 ], [ 79.7432455, 30.5304032 ], [ 79.7430614, 30.5304871 ] ] ] } },
{ "type": "Feature", "properties": { }, "geometry": { "type": "Polygon", "coordinates": [ [ [ 79.7427836, 30.5304717 ], [ 79.7428219, 30.5304146 ], [ 79.7429291, 30.5304871 ], [ 79.7428882, 30.530542 ], [ 79.7427836, 30.5304717 ] ] ] } },
{ "type": "Feature", "properties": { }, "geometry": { "type": "Polygon", "coordinates": [ [ [ 79.7426178, 30.5303904 ], [ 79.7426611, 30.5303047 ], [ 79.7427964, 30.530375 ], [ 79.7427581, 30.5304629 ], [ 79.7426178, 30.5303904 ] ] ] } },
{ "type": "Feature", "properties": { }, "geometry": { "type": "Polygon", "coordinates": [ [ [ 79.7427606, 30.5303091 ], [ 79.7427989, 30.5302541 ], [ 79.7428653, 30.5303003 ], [ 79.7428372, 30.5303552 ], [ 79.7427606, 30.5303091 ] ] ] } },
{ "type": "Feature", "properties": { }, "geometry": { "type": "Polygon", "coordinates": [ [ [ 79.7424366, 30.5303596 ], [ 79.7424442, 30.5303222 ], [ 79.7425208, 30.5303508 ], [ 79.7425131, 30.5303926 ], [ 79.7424366, 30.5303596 ] ] ] } },
{ "type": "Feature", "properties": { }, "geometry": { "type": "Polygon", "coordinates": [ [ [ 79.7423217, 30.5305508 ], [ 79.7424315, 30.5305992 ], [ 79.7425233, 30.5304212 ], [ 79.7424136, 30.5303574 ], [ 79.7423217, 30.5305508 ] ] ] } },
{ "type": "Feature", "properties": { }, "geometry": { "type": "Polygon", "coordinates": [ [ [ 79.7422911, 30.530364 ], [ 79.742309, 30.5303266 ], [ 79.7423855, 30.5303508 ], [ 79.7423651, 30.5303992 ], [ 79.7422911, 30.530364 ] ] ] } },
{ "type": "Feature", "properties": { }, "geometry": { "type": "Polygon", "coordinates": [ [ [ 79.7422748, 30.5302062 ], [ 79.7422763, 30.5301736 ], [ 79.74234, 30.5301736 ], [ 79.7423385, 30.5302088 ], [ 79.7422748, 30.5302062 ] ] ] } },
{ "type": "Feature", "properties": { }, "geometry": { "type": "Polygon", "coordinates": [ [ [ 79.7422262, 30.5303016 ], [ 79.7422277, 30.5302637 ], [ 79.7422991, 30.5302585 ], [ 79.7422975, 30.5303056 ], [ 79.7422262, 30.5303016 ] ] ] } },
{ "type": "Feature", "properties": { }, "geometry": { "type": "Polygon", "coordinates": [ [ [ 79.7422262, 30.530248 ], [ 79.7422262, 30.5302206 ], [ 79.7422763, 30.5302206 ], [ 79.7422733, 30.530248 ], [ 79.7422262, 30.530248 ] ] ] } },
{ "type": "Feature", "properties": { }, "geometry": { "type": "Polygon", "coordinates": [ [ [ 79.7420851, 30.5303304 ], [ 79.7421731, 30.5303291 ], [ 79.742164, 30.5301788 ], [ 79.7420715, 30.5301788 ], [ 79.7420851, 30.5303304 ] ] ] } },
{ "type": "Feature", "properties": { }, "geometry": { "type": "Polygon", "coordinates": [ [ [ 79.7420353, 30.5303377 ], [ 79.7420425, 30.5303035 ], [ 79.7420714, 30.5303066 ], [ 79.7420714, 30.5303385 ], [ 79.7420353, 30.5303377 ] ] ] } },
{ "type": "Feature", "properties": { }, "geometry": { "type": "Polygon", "coordinates": [ [ [ 79.7420416, 30.530295 ], [ 79.7420696, 30.5302965 ], [ 79.7420669, 30.5302483 ], [ 79.7420425, 30.530246 ], [ 79.7420416, 30.530295 ] ] ] } },
{ "type": "Feature", "properties": { }, "geometry": { "type": "Polygon", "coordinates": [ [ [ 79.7417898, 30.5302366 ], [ 79.7417731, 30.530187 ], [ 79.7419218, 30.5301635 ], [ 79.741943, 30.5302079 ], [ 79.7418228, 30.5302305 ], [ 79.7417898, 30.5302366 ] ] ] } },
{ "type": "Feature", "properties": { }, "geometry": { "type": "Polygon", "coordinates": [ [ [ 79.7418186, 30.5302889 ], [ 79.7418228, 30.5302305 ], [ 79.74194, 30.5302262 ], [ 79.741943, 30.5302824 ], [ 79.7418186, 30.5302889 ] ] ] } },
{ "type": "Feature", "properties": { }, "geometry": { "type": "Polygon", "coordinates": [ [ [ 79.7418535, 30.5303543 ], [ 79.7418581, 30.5303072 ], [ 79.7419779, 30.5302941 ], [ 79.7419779, 30.530336 ], [ 79.7418535, 30.5303543 ] ] ] } },
{ "type": "Feature", "properties": { }, "geometry": { "type": "Polygon", "coordinates": [ [ [ 79.7417003, 30.5303922 ], [ 79.7416881, 30.5303151 ], [ 79.7418414, 30.5303046 ], [ 79.7418414, 30.5303686 ], [ 79.7417003, 30.5303922 ] ] ] } },
{ "type": "Feature", "properties": { }, "geometry": { "type": "Polygon", "coordinates": [ [ [ 79.7413215, 30.5301434 ], [ 79.7413152, 30.5301123 ], [ 79.7413458, 30.5301084 ], [ 79.7413495, 30.5301426 ], [ 79.7413215, 30.5301434 ] ] ] } },
{ "type": "Feature", "properties": { }, "geometry": { "type": "Polygon", "coordinates": [ [ [ 79.7414568, 30.5303811 ], [ 79.74151, 30.5303532 ], [ 79.7414667, 30.5302863 ], [ 79.7414153, 30.5303073 ], [ 79.7414568, 30.5303811 ] ] ] } },
{ "type": "Feature", "properties": { }, "geometry": { "type": "Polygon", "coordinates": [ [ [ 79.7412477, 30.5299569 ], [ 79.7412279, 30.5299086 ], [ 79.7412644, 30.5298981 ], [ 79.741275, 30.5299478 ], [ 79.7412477, 30.5299569 ] ] ] } },
{ "type": "Feature", "properties": { }, "geometry": { "type": "Polygon", "coordinates": [ [ [ 79.7414757, 30.5304912 ], [ 79.7414414, 30.5304616 ], [ 79.7415821, 30.5303886 ], [ 79.7416056, 30.5304259 ], [ 79.7414757, 30.5304912 ] ] ] } },
{ "type": "Feature", "properties": { }, "geometry": { "type": "Polygon", "coordinates": [ [ [ 79.741519, 30.5305005 ], [ 79.7415641, 30.5304694 ], [ 79.7416038, 30.530502 ], [ 79.7415533, 30.5305347 ], [ 79.741519, 30.5305005 ] ] ] } },
{ "type": "Feature", "properties": { }, "geometry": { "type": "Polygon", "coordinates": [ [ [ 79.7415894, 30.5306093 ], [ 79.7415569, 30.5305704 ], [ 79.7416471, 30.530516 ], [ 79.7416832, 30.530558 ], [ 79.7415894, 30.5306093 ] ] ] } },
{ "type": "Feature", "properties": { }, "geometry": { "type": "Polygon", "coordinates": [ [ [ 79.7416345, 30.530645 ], [ 79.7417373, 30.5305984 ], [ 79.7418781, 30.5307771 ], [ 79.7417734, 30.5308144 ], [ 79.7416345, 30.530645 ] ] ] } },
{ "type": "Feature", "properties": { }, "geometry": { "type": "Polygon", "coordinates": [ [ [ 79.7418817, 30.5304927 ], [ 79.7419629, 30.5304445 ], [ 79.7419141, 30.5303715 ], [ 79.7418185, 30.5304212 ], [ 79.7418817, 30.5304927 ] ] ] } },
{ "type": "Feature", "properties": { }, "geometry": { "type": "Polygon", "coordinates": [ [ [ 79.7418762, 30.5305238 ], [ 79.7419683, 30.5304709 ], [ 79.7420242, 30.5305269 ], [ 79.7419412, 30.5305813 ], [ 79.7418762, 30.5305238 ] ] ] } },
{ "type": "Feature", "properties": { }, "geometry": { "type": "Polygon", "coordinates": [ [ [ 79.7420477, 30.5304678 ], [ 79.7420332, 30.530401 ], [ 79.7420765, 30.5304026 ], [ 79.7420982, 30.5304632 ], [ 79.7420477, 30.5304678 ] ] ] } },
{ "type": "Feature", "properties": { }, "geometry": { "type": "Polygon", "coordinates": [ [ [ 79.7421036, 30.5304166 ], [ 79.7421487, 30.5304399 ], [ 79.7422101, 30.5303792 ], [ 79.7421469, 30.5303559 ], [ 79.7421036, 30.5304166 ] ] ] } },
{ "type": "Feature", "properties": { }, "geometry": { "type": "Polygon", "coordinates": [ [ [ 79.7422173, 30.5304756 ], [ 79.7422389, 30.5303886 ], [ 79.7423075, 30.5304072 ], [ 79.742275, 30.5304912 ], [ 79.7422173, 30.5304756 ] ] ] } },
{ "type": "Feature", "properties": { }, "geometry": { "type": "Polygon", "coordinates": [ [ [ 79.7420513, 30.5305813 ], [ 79.7420964, 30.530516 ], [ 79.7422479, 30.5305766 ], [ 79.7422046, 30.530645 ], [ 79.7420513, 30.5305813 ] ] ] } },
{ "type": "Feature", "properties": { }, "geometry": { "type": "Polygon", "coordinates": [ [ [ 79.7419683, 30.5306994 ], [ 79.7420224, 30.5306295 ], [ 79.742192, 30.5306979 ], [ 79.7421487, 30.5307725 ], [ 79.7419683, 30.5306994 ] ] ] } },
{ "type": "Feature", "properties": { }, "geometry": { "type": "Polygon", "coordinates": [ [ [ 79.7422263, 30.5306699 ], [ 79.7422443, 30.5306341 ], [ 79.7423039, 30.5306481 ], [ 79.7422913, 30.5306932 ], [ 79.7422263, 30.5306699 ] ] ] } },
{ "type": "Feature", "properties": { }, "geometry": { "type": "Polygon", "coordinates": [ [ [ 79.7423634, 30.5307352 ], [ 79.7423905, 30.5306031 ], [ 79.7424897, 30.5306233 ], [ 79.7424609, 30.5307585 ], [ 79.7423634, 30.5307352 ] ] ] } },
{ "type": "Feature", "properties": { }, "geometry": { "type": "Polygon", "coordinates": [ [ [ 79.7422911, 30.5307273 ], [ 79.742348, 30.5307329 ], [ 79.7423695, 30.5306405 ], [ 79.7423158, 30.5306312 ], [ 79.7422911, 30.5307273 ] ] ] } },
{ "type": "Feature", "properties": { }, "geometry": { "type": "Polygon", "coordinates": [ [ [ 79.7425218, 30.530731 ], [ 79.7425293, 30.5306784 ], [ 79.742643, 30.5306941 ], [ 79.7426323, 30.5307486 ], [ 79.7425218, 30.530731 ] ] ] } },
{ "type": "Feature", "properties": { }, "geometry": { "type": "Polygon", "coordinates": [ [ [ 79.7417418, 30.5308844 ], [ 79.7417665, 30.5308197 ], [ 79.74195, 30.5308835 ], [ 79.7419124, 30.5309427 ], [ 79.7417418, 30.5308844 ] ] ] } },
{ "type": "Feature", "properties": { }, "geometry": { "type": "Polygon", "coordinates": [ [ [ 79.7416774, 30.5308659 ], [ 79.7417, 30.5308484 ], [ 79.7417322, 30.530877 ], [ 79.7417075, 30.5308964 ], [ 79.7416774, 30.5308659 ] ] ] } },
{ "type": "Feature", "properties": { }, "geometry": { "type": "Polygon", "coordinates": [ [ [ 79.7415253, 30.5307103 ], [ 79.741482, 30.5306637 ], [ 79.7415163, 30.530642 ], [ 79.7415632, 30.5307057 ], [ 79.7415253, 30.5307103 ] ] ] } },
{ "type": "Feature", "properties": { }, "geometry": { "type": "Polygon", "coordinates": [ [ [ 79.7416336, 30.530743 ], [ 79.7416715, 30.5307212 ], [ 79.7417665, 30.5308197 ], [ 79.7417364, 30.5308564 ], [ 79.7416336, 30.530743 ] ] ] } },
{ "type": "Feature", "properties": { }, "geometry": { "type": "Polygon", "coordinates": [ [ [ 79.7418681, 30.53083 ], [ 79.741897, 30.5307818 ], [ 79.7419457, 30.5308176 ], [ 79.7419313, 30.5308596 ], [ 79.7418681, 30.53083 ] ] ] } },
{ "type": "Feature", "properties": { }, "geometry": { "type": "Polygon", "coordinates": [ [ [ 79.7419439, 30.5307865 ], [ 79.7419674, 30.5307337 ], [ 79.7420305, 30.5307508 ], [ 79.7420017, 30.5308052 ], [ 79.7419439, 30.5307865 ] ] ] } },
{ "type": "Feature", "properties": { }, "geometry": { "type": "Polygon", "coordinates": [ [ [ 79.7420486, 30.5308953 ], [ 79.7420865, 30.5308005 ], [ 79.7421731, 30.5308254 ], [ 79.7421298, 30.5309295 ], [ 79.7420486, 30.5308953 ] ] ] } },
{ "type": "Feature", "properties": { }, "geometry": { "type": "Polygon", "coordinates": [ [ [ 79.7422263, 30.530816 ], [ 79.7422498, 30.5307539 ], [ 79.7423283, 30.5307764 ], [ 79.7423102, 30.5308355 ], [ 79.7422263, 30.530816 ] ] ] } },
{ "type": "Feature", "properties": { }, "geometry": { "type": "Polygon", "coordinates": [ [ [ 79.742155, 30.5308961 ], [ 79.7421758, 30.5308417 ], [ 79.7422804, 30.5308627 ], [ 79.7422444, 30.5309272 ], [ 79.742155, 30.5308961 ] ] ] } },
{ "type": "Feature", "properties": { }, "geometry": { "type": "Polygon", "coordinates": [ [ [ 79.7422624, 30.5309784 ], [ 79.7422813, 30.5308813 ], [ 79.7423409, 30.5308829 ], [ 79.7423283, 30.5309862 ], [ 79.7422624, 30.5309784 ] ] ] } },
{ "type": "Feature", "properties": { }, "geometry": { "type": "Polygon", "coordinates": [ [ [ 79.7423562, 30.5310056 ], [ 79.7423571, 30.5308937 ], [ 79.7424726, 30.5308906 ], [ 79.7424528, 30.5309963 ], [ 79.7423562, 30.5310056 ] ] ] } },
{ "type": "Feature", "properties": { }, "geometry": { "type": "Polygon", "coordinates": [ [ [ 79.7423643, 30.5310422 ], [ 79.7423625, 30.5310173 ], [ 79.7424221, 30.5310142 ], [ 79.7424203, 30.5310453 ], [ 79.7423643, 30.5310422 ] ] ] } },
{ "type": "Feature", "properties": { }, "geometry": { "type": "Polygon", "coordinates": [ [ [ 79.7423292, 30.53083 ], [ 79.7423481, 30.5307818 ], [ 79.7424356, 30.5307989 ], [ 79.7424158, 30.5308502 ], [ 79.7423292, 30.53083 ] ] ] } },
{ "type": "Feature", "properties": { }, "geometry": { "type": "Polygon", "coordinates": [ [ [ 79.7424694, 30.5310121 ], [ 79.74248, 30.5309297 ], [ 79.7425316, 30.5309402 ], [ 79.7425134, 30.5310304 ], [ 79.7424694, 30.5310121 ] ] ] } },
{ "type": "Feature", "properties": { }, "geometry": { "type": "Polygon", "coordinates": [ [ [ 79.7425574, 30.5310264 ], [ 79.7425574, 30.5309663 ], [ 79.7427061, 30.5309768 ], [ 79.7427061, 30.5310343 ], [ 79.7425574, 30.5310264 ] ] ] } },
{ "type": "Feature", "properties": { }, "geometry": { "type": "Polygon", "coordinates": [ [ [ 79.7425786, 30.530931 ], [ 79.7425832, 30.5308722 ], [ 79.7427061, 30.530884 ], [ 79.7427061, 30.5309519 ], [ 79.7425786, 30.530931 ] ] ] } },
{ "type": "Feature", "properties": { }, "geometry": { "type": "Polygon", "coordinates": [ [ [ 79.7427895, 30.5309036 ], [ 79.7427941, 30.5308539 ], [ 79.7428609, 30.53085 ], [ 79.7428609, 30.5308984 ], [ 79.7427895, 30.5309036 ] ] ] } },
{ "type": "Feature", "properties": { }, "geometry": { "type": "Polygon", "coordinates": [ [ [ 79.7429974, 30.5310081 ], [ 79.743008, 30.5309559 ], [ 79.7430748, 30.5309676 ], [ 79.7430657, 30.5310186 ], [ 79.7429974, 30.5310081 ] ] ] } },
{ "type": "Feature", "properties": { }, "geometry": { "type": "Polygon", "coordinates": [ [ [ 79.7425741, 30.5308513 ], [ 79.7425786, 30.5308147 ], [ 79.7427015, 30.5308212 ], [ 79.7426985, 30.5308565 ], [ 79.7425741, 30.5308513 ] ] ] } },
{ "type": "Feature", "properties": { }, "geometry": { "type": "Polygon", "coordinates": [ [ [ 79.7419626, 30.5309925 ], [ 79.741996, 30.5309232 ], [ 79.7421432, 30.530982 ], [ 79.7421037, 30.5310343 ], [ 79.7419626, 30.5309925 ] ] ] } },
{ "type": "Feature", "properties": { }, "geometry": { "type": "Polygon", "coordinates": [ [ [ 79.7411129, 30.530373 ], [ 79.7410826, 30.5303194 ], [ 79.7411676, 30.530288 ], [ 79.7412009, 30.5303403 ], [ 79.7411129, 30.530373 ] ] ] } },
{ "type": "Feature", "properties": { }, "geometry": { "type": "Polygon", "coordinates": [ [ [ 79.7412616, 30.5305089 ], [ 79.7413451, 30.5304932 ], [ 79.7412753, 30.5303311 ], [ 79.7411843, 30.5303638 ], [ 79.7412616, 30.5305089 ] ] ] } },
{ "type": "Feature", "properties": { }, "geometry": { "type": "Polygon", "coordinates": [ [ [ 79.7410568, 30.5303991 ], [ 79.7410993, 30.5303847 ], [ 79.741072, 30.5303311 ], [ 79.7410325, 30.5303416 ], [ 79.7410568, 30.5303991 ] ] ] } },
{ "type": "Feature", "properties": { }, "geometry": { "type": "Polygon", "coordinates": [ [ [ 79.7409931, 30.5305233 ], [ 79.7409476, 30.5304631 ], [ 79.7411403, 30.5303873 ], [ 79.7411888, 30.5304475 ], [ 79.7409931, 30.5305233 ] ] ] } },
{ "type": "Feature", "properties": { }, "geometry": { "type": "Polygon", "coordinates": [ [ [ 79.7408175, 30.5306183 ], [ 79.740776, 30.5305577 ], [ 79.74096, 30.5304955 ], [ 79.7409952, 30.5305476 ], [ 79.7408175, 30.5306183 ] ] ] } },
{ "type": "Feature", "properties": { }, "geometry": { "type": "Polygon", "coordinates": [ [ [ 79.7407516, 30.5306774 ], [ 79.7408175, 30.5306471 ], [ 79.7407805, 30.5305857 ], [ 79.7407083, 30.5306106 ], [ 79.7407516, 30.5306774 ] ] ] } },
{ "type": "Feature", "properties": { }, "geometry": { "type": "Polygon", "coordinates": [ [ [ 79.7408923, 30.5308616 ], [ 79.7409438, 30.5308328 ], [ 79.7408932, 30.5307691 ], [ 79.7408346, 30.5308002 ], [ 79.7408923, 30.5308616 ] ] ] } },
{ "type": "Feature", "properties": { }, "geometry": { "type": "Polygon", "coordinates": [ [ [ 79.7409492, 30.5308134 ], [ 79.7410114, 30.5307831 ], [ 79.7409005, 30.5306238 ], [ 79.7408283, 30.5306541 ], [ 79.7409492, 30.5308134 ] ] ] } },
{ "type": "Feature", "properties": { }, "geometry": { "type": "Polygon", "coordinates": [ [ [ 79.7410232, 30.5307776 ], [ 79.7410998, 30.5307403 ], [ 79.7409925, 30.5305826 ], [ 79.740905, 30.5306175 ], [ 79.7410232, 30.5307776 ] ] ] } },
{ "type": "Feature", "properties": { }, "geometry": { "type": "Polygon", "coordinates": [ [ [ 79.7410511, 30.5306074 ], [ 79.7410033, 30.5305336 ], [ 79.7410701, 30.5305095 ], [ 79.741108, 30.5305771 ], [ 79.7410511, 30.5306074 ] ] ] } },
{ "type": "Feature", "properties": { }, "geometry": { "type": "Polygon", "coordinates": [ [ [ 79.7411007, 30.5305492 ], [ 79.7411594, 30.5305336 ], [ 79.7411287, 30.5304862 ], [ 79.7410701, 30.5305095 ], [ 79.7411007, 30.5305492 ] ] ] } },
{ "type": "Feature", "properties": { }, "geometry": { "type": "Polygon", "coordinates": [ [ [ 79.741181, 30.5305398 ], [ 79.7411513, 30.5304932 ], [ 79.7412135, 30.5304707 ], [ 79.7412487, 30.530515 ], [ 79.741181, 30.5305398 ] ] ] } },
{ "type": "Feature", "properties": { }, "geometry": { "type": "Polygon", "coordinates": [ [ [ 79.7411034, 30.5307001 ], [ 79.7410703, 30.5306594 ], [ 79.7411341, 30.5306264 ], [ 79.7411685, 30.5306682 ], [ 79.7411034, 30.5307001 ] ] ] } },
{ "type": "Feature", "properties": { }, "geometry": { "type": "Polygon", "coordinates": [ [ [ 79.7411162, 30.5307385 ], [ 79.7411047, 30.5307154 ], [ 79.7411774, 30.5306803 ], [ 79.7411966, 30.5307044 ], [ 79.7411162, 30.5307385 ] ] ] } },
{ "type": "Feature", "properties": { }, "geometry": { "type": "Polygon", "coordinates": [ [ [ 79.7409924, 30.5308979 ], [ 79.740944, 30.5308429 ], [ 79.7411379, 30.5307418 ], [ 79.7411889, 30.530799 ], [ 79.7409924, 30.5308979 ] ] ] } },
{ "type": "Feature", "properties": { }, "geometry": { "type": "Polygon", "coordinates": [ [ [ 79.7412489, 30.5308935 ], [ 79.7413318, 30.5308605 ], [ 79.7412106, 30.5307143 ], [ 79.7411532, 30.5307374 ], [ 79.7412489, 30.5308935 ] ] ] } },
{ "type": "Feature", "properties": { }, "geometry": { "type": "Polygon", "coordinates": [ [ [ 79.7412451, 30.5307286 ], [ 79.7411353, 30.5305825 ], [ 79.7413012, 30.5305154 ], [ 79.7413459, 30.5305693 ], [ 79.7412527, 30.5306176 ], [ 79.741268, 30.5306396 ], [ 79.7413535, 30.5306011 ], [ 79.7414084, 30.5306693 ], [ 79.7412451, 30.5307286 ] ] ] } },
{ "type": "Feature", "properties": { }, "geometry": { "type": "Polygon", "coordinates": [ [ [ 79.7410562, 30.5309034 ], [ 79.741166, 30.5308352 ], [ 79.7412336, 30.530888 ], [ 79.7411825, 30.530922 ], [ 79.7410562, 30.5309034 ] ] ] } },
{ "type": "Feature", "properties": { }, "geometry": { "type": "Polygon", "coordinates": [ [ [ 79.7412298, 30.5309308 ], [ 79.7413152, 30.5308891 ], [ 79.7413727, 30.5309341 ], [ 79.7412859, 30.5310034 ], [ 79.7412298, 30.5309308 ] ] ] } },
{ "type": "Feature", "properties": { }, "geometry": { "type": "Polygon", "coordinates": [ [ [ 79.741402, 30.5309363 ], [ 79.7413535, 30.5308924 ], [ 79.7413956, 30.5308462 ], [ 79.7414441, 30.5308517 ], [ 79.741402, 30.5309363 ] ] ] } },
{ "type": "Feature", "properties": { }, "geometry": { "type": "Polygon", "coordinates": [ [ [ 79.7413433, 30.5308572 ], [ 79.7412986, 30.5307957 ], [ 79.7413675, 30.530766 ], [ 79.7414109, 30.530833 ], [ 79.7413433, 30.5308572 ] ] ] } },
{ "type": "Feature", "properties": { }, "geometry": { "type": "Polygon", "coordinates": [ [ [ 79.7413648, 30.5310654 ], [ 79.7414445, 30.5309947 ], [ 79.7415388, 30.5310617 ], [ 79.7414742, 30.5311357 ], [ 79.7413648, 30.5310654 ] ] ] } },
{ "type": "Feature", "properties": { }, "geometry": { "type": "Polygon", "coordinates": [ [ [ 79.7414827, 30.5311555 ], [ 79.7415557, 30.5310801 ], [ 79.7416392, 30.5311646 ], [ 79.7415839, 30.5312265 ], [ 79.7414827, 30.5311555 ] ] ] } },
{ "type": "Feature", "properties": { }, "geometry": { "type": "Polygon", "coordinates": [ [ [ 79.7415462, 30.530999 ], [ 79.7416189, 30.5309341 ], [ 79.7416687, 30.5309704 ], [ 79.7416087, 30.5310484 ], [ 79.7415462, 30.530999 ] ] ] } },
{ "type": "Feature", "properties": { }, "geometry": { "type": "Polygon", "coordinates": [ [ [ 79.7416521, 30.53101 ], [ 79.7416878, 30.5309649 ], [ 79.7417643, 30.5310078 ], [ 79.7417286, 30.5310517 ], [ 79.7416521, 30.53101 ] ] ] } },
{ "type": "Feature", "properties": { }, "geometry": { "type": "Polygon", "coordinates": [ [ [ 79.7416202, 30.5310561 ], [ 79.7416393, 30.5310308 ], [ 79.7417248, 30.5310715 ], [ 79.7417069, 30.5310968 ], [ 79.7416202, 30.5310561 ] ] ] } },
{ "type": "Feature", "properties": { }, "geometry": { "type": "Polygon", "coordinates": [ [ [ 79.7417018, 30.5311177 ], [ 79.7417503, 30.5310583 ], [ 79.7418218, 30.5311012 ], [ 79.7417784, 30.5311594 ], [ 79.7417018, 30.5311177 ] ] ] } },
{ "type": "Feature", "properties": { }, "geometry": { "type": "Polygon", "coordinates": [ [ [ 79.7418013, 30.5311539 ], [ 79.7418562, 30.5311726 ], [ 79.7418945, 30.5310847 ], [ 79.7418537, 30.5310671 ], [ 79.7418013, 30.5311539 ] ] ] } },
{ "type": "Feature", "properties": { }, "geometry": { "type": "Polygon", "coordinates": [ [ [ 79.7419187, 30.5311517 ], [ 79.7419328, 30.5310946 ], [ 79.7420833, 30.5311221 ], [ 79.7420769, 30.5311814 ], [ 79.7419187, 30.5311517 ] ] ] } },
{ "type": "Feature", "properties": { }, "geometry": { "type": "Polygon", "coordinates": [ [ [ 79.7420948, 30.5311858 ], [ 79.7421241, 30.5311814 ], [ 79.7421088, 30.5310847 ], [ 79.742091, 30.5310847 ], [ 79.7420948, 30.5311858 ] ] ] } },
{ "type": "Feature", "properties": { }, "geometry": { "type": "Polygon", "coordinates": [ [ [ 79.7419532, 30.5310759 ], [ 79.7419634, 30.5310616 ], [ 79.7420808, 30.5310891 ], [ 79.7420757, 30.53111 ], [ 79.7419532, 30.5310759 ] ] ] } },
{ "type": "Feature", "properties": { }, "geometry": { "type": "Polygon", "coordinates": [ [ [ 79.7405193, 30.5295433 ], [ 79.7405831, 30.529507 ], [ 79.7405346, 30.5294576 ], [ 79.7404785, 30.5294884 ], [ 79.7405193, 30.5295433 ] ] ] } },
{ "type": "Feature", "properties": { }, "geometry": { "type": "Polygon", "coordinates": [ [ [ 79.7397117, 30.5294499 ], [ 79.7397806, 30.5294488 ], [ 79.7397704, 30.5293631 ], [ 79.7396951, 30.5293642 ], [ 79.7397117, 30.5294499 ] ] ] } },
{ "type": "Feature", "properties": { }, "geometry": { "type": "Polygon", "coordinates": [ [ [ 79.7400357, 30.5292686 ], [ 79.74006, 30.5292499 ], [ 79.7400166, 30.529207 ], [ 79.7399822, 30.5292213 ], [ 79.7400357, 30.5292686 ] ] ] } },
{ "type": "Feature", "properties": { }, "geometry": { "type": "Polygon", "coordinates": [ [ [ 79.7400817, 30.5292378 ], [ 79.7401263, 30.5292147 ], [ 79.7400766, 30.5291685 ], [ 79.7400281, 30.5291905 ], [ 79.7400817, 30.5292378 ] ] ] } },
{ "type": "Feature", "properties": { }, "geometry": { "type": "Polygon", "coordinates": [ [ [ 79.7399911, 30.5291653 ], [ 79.7400179, 30.5291477 ], [ 79.7399732, 30.529107 ], [ 79.7399452, 30.5291268 ], [ 79.7399911, 30.5291653 ] ] ] } },
{ "type": "Feature", "properties": { }, "geometry": { "type": "Polygon", "coordinates": [ [ [ 79.7486963, 30.524657 ], [ 79.7486981, 30.5246151 ], [ 79.7488081, 30.5246151 ], [ 79.7488063, 30.5246586 ], [ 79.7486963, 30.524657 ] ] ] } },
{ "type": "Feature", "properties": { }, "geometry": { "type": "Polygon", "coordinates": [ [ [ 79.7487721, 30.5244985 ], [ 79.7487648, 30.5244457 ], [ 79.7488803, 30.5244379 ], [ 79.7488839, 30.5244892 ], [ 79.7487721, 30.5244985 ] ] ] } },
{ "type": "Feature", "properties": { }, "geometry": { "type": "Polygon", "coordinates": [ [ [ 79.7519016, 30.5242736 ], [ 79.7518974, 30.5241941 ], [ 79.7519639, 30.5241941 ], [ 79.7519703, 30.524268 ], [ 79.7519016, 30.5242736 ] ] ] } },
{ "type": "Feature", "properties": { }, "geometry": { "type": "Polygon", "coordinates": [ [ [ 79.7520626, 30.5242384 ], [ 79.7520647, 30.5241811 ], [ 79.7521248, 30.5241811 ], [ 79.7521248, 30.5242421 ], [ 79.7520626, 30.5242384 ] ] ] } },
{ "type": "Feature", "properties": { }, "geometry": { "type": "Polygon", "coordinates": [ [ [ 79.7522192, 30.5242514 ], [ 79.7522192, 30.5241922 ], [ 79.7523072, 30.5241959 ], [ 79.7523029, 30.5242495 ], [ 79.7522192, 30.5242514 ] ] ] } },
{ "type": "Feature", "properties": { }, "geometry": { "type": "Polygon", "coordinates": [ [ [ 79.7527256, 30.5243124 ], [ 79.7527256, 30.5242625 ], [ 79.7528072, 30.5242643 ], [ 79.7528072, 30.5243105 ], [ 79.7527256, 30.5243124 ] ] ] } },
{ "type": "Feature", "properties": { }, "geometry": { "type": "Polygon", "coordinates": [ [ [ 79.7516141, 30.5240906 ], [ 79.7516184, 30.5240203 ], [ 79.7517386, 30.5240166 ], [ 79.7517407, 30.524085 ], [ 79.7516141, 30.5240906 ] ] ] } },
{ "type": "Feature", "properties": { }, "geometry": { "type": "Polygon", "coordinates": [ [ [ 79.7513244, 30.5238817 ], [ 79.7513266, 30.5238336 ], [ 79.7513974, 30.5238336 ], [ 79.7513974, 30.5238817 ], [ 79.7513244, 30.5238817 ] ] ] } },
{ "type": "Feature", "properties": { }, "geometry": { "type": "Polygon", "coordinates": [ [ [ 79.7515605, 30.5239261 ], [ 79.7515626, 30.523878 ], [ 79.7516356, 30.5238761 ], [ 79.7516356, 30.5239224 ], [ 79.7515605, 30.5239261 ] ] ] } },
{ "type": "Feature", "properties": { }, "geometry": { "type": "Polygon", "coordinates": [ [ [ 79.7517772, 30.5239408 ], [ 79.7517729, 30.5238965 ], [ 79.7519295, 30.5238743 ], [ 79.7519338, 30.5239168 ], [ 79.7517772, 30.5239408 ] ] ] } },
{ "type": "Feature", "properties": { }, "geometry": { "type": "Polygon", "coordinates": [ [ [ 79.7516356, 30.523841 ], [ 79.7517107, 30.523841 ], [ 79.7516828, 30.5237431 ], [ 79.7516205, 30.5237486 ], [ 79.7516356, 30.523841 ] ] ] } },
{ "type": "Feature", "properties": { }, "geometry": { "type": "Polygon", "coordinates": [ [ [ 79.7517278, 30.5237985 ], [ 79.7517193, 30.5237412 ], [ 79.7518201, 30.5237357 ], [ 79.7518308, 30.5237948 ], [ 79.7517278, 30.5237985 ] ] ] } },
{ "type": "Feature", "properties": { }, "geometry": { "type": "Polygon", "coordinates": [ [ [ 79.7519596, 30.5238558 ], [ 79.7519574, 30.5238022 ], [ 79.7520304, 30.5238004 ], [ 79.7520304, 30.523841 ], [ 79.7519596, 30.5238558 ] ] ] } },
{ "type": "Feature", "properties": { }, "geometry": { "type": "Polygon", "coordinates": [ [ [ 79.7519703, 30.5236673 ], [ 79.7520368, 30.523671 ], [ 79.752039, 30.5235822 ], [ 79.7519639, 30.5235804 ], [ 79.7519703, 30.5236673 ] ] ] } },
{ "type": "Feature", "properties": { }, "geometry": { "type": "Polygon", "coordinates": [ [ [ 79.7520518, 30.5238854 ], [ 79.7520304, 30.523841 ], [ 79.7521076, 30.5238244 ], [ 79.752127, 30.5238651 ], [ 79.7520518, 30.5238854 ] ] ] } },
{ "type": "Feature", "properties": { }, "geometry": { "type": "Polygon", "coordinates": [ [ [ 79.7519617, 30.5239667 ], [ 79.7519489, 30.5239279 ], [ 79.7519982, 30.523915 ], [ 79.7520111, 30.5239464 ], [ 79.7519617, 30.5239667 ] ] ] } },
{ "type": "Feature", "properties": { }, "geometry": { "type": "Polygon", "coordinates": [ [ [ 79.7521291, 30.5239057 ], [ 79.752127, 30.5238651 ], [ 79.7521999, 30.5238521 ], [ 79.7522171, 30.5238946 ], [ 79.7521291, 30.5239057 ] ] ] } },
{ "type": "Feature", "properties": { }, "geometry": { "type": "Polygon", "coordinates": [ [ [ 79.7523098, 30.5240151 ], [ 79.7522971, 30.5239481 ], [ 79.752357, 30.5239448 ], [ 79.7523698, 30.5240085 ], [ 79.7523098, 30.5240151 ] ] ] } },
{ "type": "Feature", "properties": { }, "geometry": { "type": "Polygon", "coordinates": [ [ [ 79.7522588, 30.5239448 ], [ 79.7522537, 30.5238887 ], [ 79.7523034, 30.5238822 ], [ 79.752306, 30.5239382 ], [ 79.7522588, 30.5239448 ] ] ] } },
{ "type": "Feature", "properties": { }, "geometry": { "type": "Polygon", "coordinates": [ [ [ 79.7523605, 30.5238586 ], [ 79.7523454, 30.5237736 ], [ 79.7525428, 30.5237496 ], [ 79.7525493, 30.5238346 ], [ 79.7523605, 30.5238586 ] ] ] } },
{ "type": "Feature", "properties": { }, "geometry": { "type": "Polygon", "coordinates": [ [ [ 79.7523926, 30.5240194 ], [ 79.7523841, 30.5239547 ], [ 79.7525107, 30.5239159 ], [ 79.7525064, 30.5239972 ], [ 79.7523926, 30.5240194 ] ] ] } },
{ "type": "Feature", "properties": { }, "geometry": { "type": "Polygon", "coordinates": [ [ [ 79.7525579, 30.5239492 ], [ 79.7525192, 30.5238845 ], [ 79.7525922, 30.523866 ], [ 79.7526287, 30.5239344 ], [ 79.7525579, 30.5239492 ] ] ] } },
{ "type": "Feature", "properties": { }, "geometry": { "type": "Polygon", "coordinates": [ [ [ 79.7526008, 30.5238383 ], [ 79.7525922, 30.5237958 ], [ 79.7526909, 30.5237828 ], [ 79.7527081, 30.5238235 ], [ 79.7526008, 30.5238383 ] ] ] } },
{ "type": "Feature", "properties": { }, "geometry": { "type": "Polygon", "coordinates": [ [ [ 79.7527124, 30.523781 ], [ 79.7526888, 30.5237514 ], [ 79.7527767, 30.5237422 ], [ 79.7528089, 30.5237643 ], [ 79.7527124, 30.523781 ] ] ] } },
{ "type": "Feature", "properties": { }, "geometry": { "type": "Polygon", "coordinates": [ [ [ 79.7527946, 30.5237419 ], [ 79.7527933, 30.5237188 ], [ 79.7528559, 30.5237199 ], [ 79.7528559, 30.5237463 ], [ 79.7527946, 30.5237419 ] ] ] } },
{ "type": "Feature", "properties": { }, "geometry": { "type": "Polygon", "coordinates": [ [ [ 79.7529043, 30.5237485 ], [ 79.7528992, 30.5237199 ], [ 79.752963, 30.5237188 ], [ 79.7529669, 30.5237485 ], [ 79.7529043, 30.5237485 ] ] ] } },
{ "type": "Feature", "properties": { }, "geometry": { "type": "Polygon", "coordinates": [ [ [ 79.7527972, 30.5236748 ], [ 79.7527959, 30.5236353 ], [ 79.7528992, 30.5236331 ], [ 79.7528992, 30.5236737 ], [ 79.7527972, 30.5236748 ] ] ] } },
{ "type": "Feature", "properties": { }, "geometry": { "type": "Polygon", "coordinates": [ [ [ 79.7345546, 30.5167662 ], [ 79.734551, 30.5166449 ], [ 79.7346701, 30.5166387 ], [ 79.7346665, 30.5167724 ], [ 79.7345546, 30.5167662 ] ] ] } },
{ "type": "Feature", "properties": { }, "geometry": { "type": "Polygon", "coordinates": [ [ [ 79.7346916, 30.5167549 ], [ 79.734681, 30.5166686 ], [ 79.7347675, 30.5166569 ], [ 79.7347781, 30.5167484 ], [ 79.7346916, 30.5167549 ] ] ] } },
{ "type": "Feature", "properties": { }, "geometry": { "type": "Polygon", "coordinates": [ [ [ 79.7364345, 30.5167292 ], [ 79.736436, 30.5166913 ], [ 79.7365043, 30.5166926 ], [ 79.7365043, 30.5167332 ], [ 79.7364345, 30.5167292 ] ] ] } },
{ "type": "Feature", "properties": { }, "geometry": { "type": "Polygon", "coordinates": [ [ [ 79.7366469, 30.5166456 ], [ 79.7366408, 30.5165502 ], [ 79.7367455, 30.5165489 ], [ 79.7367455, 30.5166547 ], [ 79.7366469, 30.5166456 ] ] ] } },
{ "type": "Feature", "properties": { }, "geometry": { "type": "Polygon", "coordinates": [ [ [ 79.7364209, 30.5166547 ], [ 79.7364133, 30.5165536 ], [ 79.7365332, 30.516569 ], [ 79.7365409, 30.5166569 ], [ 79.7364209, 30.5166547 ] ] ] } },
{ "type": "Feature", "properties": { }, "geometry": { "type": "Polygon", "coordinates": [ [ [ 79.7333764, 30.5187524 ], [ 79.7333764, 30.5186909 ], [ 79.7334785, 30.5186381 ], [ 79.7334938, 30.5187217 ], [ 79.7333764, 30.5187524 ] ] ] } },
{ "type": "Feature", "properties": { }, "geometry": { "type": "Polygon", "coordinates": [ [ [ 79.7333331, 30.5186821 ], [ 79.7333127, 30.5186403 ], [ 79.733356, 30.518581 ], [ 79.733379, 30.5186162 ], [ 79.7333713, 30.5186711 ], [ 79.7333331, 30.5186821 ] ] ] } },
{ "type": "Feature", "properties": { }, "geometry": { "type": "Polygon", "coordinates": [ [ [ 79.7332361, 30.5187239 ], [ 79.7332922, 30.5186645 ], [ 79.733231, 30.5186008 ], [ 79.7331621, 30.5186447 ], [ 79.7332361, 30.5187239 ] ] ] } },
{ "type": "Feature", "properties": { }, "geometry": { "type": "Polygon", "coordinates": [ [ [ 79.7333382, 30.5188448 ], [ 79.7333382, 30.518803 ], [ 79.7334351, 30.5187722 ], [ 79.7334224, 30.5188492 ], [ 79.7333382, 30.5188448 ] ] ] } },
{ "type": "Feature", "properties": { }, "geometry": { "type": "Polygon", "coordinates": [ [ [ 79.7331315, 30.5188881 ], [ 79.7331946, 30.518871 ], [ 79.7331351, 30.5187249 ], [ 79.7330737, 30.5187358 ], [ 79.7331315, 30.5188881 ] ] ] } },
{ "type": "Feature", "properties": { }, "geometry": { "type": "Polygon", "coordinates": [ [ [ 79.7333534, 30.5189549 ], [ 79.7333527, 30.518939 ], [ 79.7333516, 30.5189176 ], [ 79.7334021, 30.5189161 ], [ 79.7334021, 30.5189534 ], [ 79.7333534, 30.5189549 ] ] ] } },
{ "type": "Feature", "properties": { }, "geometry": { "type": "Polygon", "coordinates": [ [ [ 79.7332903, 30.5190358 ], [ 79.7332903, 30.5189301 ], [ 79.7333527, 30.518939 ], [ 79.7333465, 30.5190038 ], [ 79.7333426, 30.5190451 ], [ 79.7332903, 30.5190358 ] ] ] } },
{ "type": "Feature", "properties": { }, "geometry": { "type": "Polygon", "coordinates": [ [ [ 79.733357, 30.5191073 ], [ 79.7333465, 30.5190038 ], [ 79.7334003, 30.5189954 ], [ 79.7334048, 30.5190505 ], [ 79.7334255, 30.5190428 ], [ 79.733431, 30.5190995 ], [ 79.733357, 30.5191073 ] ] ] } },
{ "type": "Feature", "properties": { }, "geometry": { "type": "Polygon", "coordinates": [ [ [ 79.733319, 30.5189026 ], [ 79.7333179, 30.5188647 ], [ 79.7334113, 30.5188647 ], [ 79.7334166, 30.5189072 ], [ 79.733319, 30.5189026 ] ] ] } },
{ "type": "Feature", "properties": { }, "geometry": { "type": "Polygon", "coordinates": [ [ [ 79.7334566, 30.5192159 ], [ 79.7334475, 30.5191636 ], [ 79.7334961, 30.5191636 ], [ 79.7334961, 30.5192159 ], [ 79.7334566, 30.5192159 ] ] ] } },
{ "type": "Feature", "properties": { }, "geometry": { "type": "Polygon", "coordinates": [ [ [ 79.733358, 30.5192015 ], [ 79.733358, 30.5191519 ], [ 79.7334141, 30.5191519 ], [ 79.7334172, 30.5191963 ], [ 79.733358, 30.5192015 ] ] ] } },
{ "type": "Feature", "properties": { }, "geometry": { "type": "Polygon", "coordinates": [ [ [ 79.7332654, 30.5191819 ], [ 79.7333443, 30.5191741 ], [ 79.7333292, 30.5190708 ], [ 79.7332578, 30.5190774 ], [ 79.7332654, 30.5191819 ] ] ] } },
{ "type": "Feature", "properties": { }, "geometry": { "type": "Polygon", "coordinates": [ [ [ 79.7331888, 30.5194018 ], [ 79.7331802, 30.5193519 ], [ 79.7332618, 30.5193427 ], [ 79.7332618, 30.5194 ], [ 79.7331888, 30.5194018 ] ] ] } },
{ "type": "Feature", "properties": { }, "geometry": { "type": "Polygon", "coordinates": [ [ [ 79.7331588, 30.5193001 ], [ 79.7331481, 30.5192539 ], [ 79.7332017, 30.5192355 ], [ 79.7332189, 30.5192835 ], [ 79.7331588, 30.5193001 ] ] ] } },
{ "type": "Feature", "properties": { }, "geometry": { "type": "Polygon", "coordinates": [ [ [ 79.7331373, 30.5192299 ], [ 79.733118, 30.5191504 ], [ 79.7331695, 30.5191338 ], [ 79.7331824, 30.5192077 ], [ 79.7331373, 30.5192299 ] ] ] } },
{ "type": "Feature", "properties": { }, "geometry": { "type": "Polygon", "coordinates": [ [ [ 79.7331982, 30.5191919 ], [ 79.7332581, 30.519193 ], [ 79.7332352, 30.5190864 ], [ 79.7331714, 30.5190864 ], [ 79.7331982, 30.5191919 ] ] ] } },
{ "type": "Feature", "properties": { }, "geometry": { "type": "Polygon", "coordinates": [ [ [ 79.7331009, 30.5190164 ], [ 79.7331766, 30.5190086 ], [ 79.7331676, 30.518906 ], [ 79.7330972, 30.5189107 ], [ 79.7331009, 30.5190164 ] ] ] } },
{ "type": "Feature", "properties": { }, "geometry": { "type": "Polygon", "coordinates": [ [ [ 79.7329839, 30.5189794 ], [ 79.7330537, 30.518982 ], [ 79.7330568, 30.5188853 ], [ 79.7330021, 30.5188827 ], [ 79.7329839, 30.5189794 ] ] ] } },
{ "type": "Feature", "properties": { }, "geometry": { "type": "Polygon", "coordinates": [ [ [ 79.733039, 30.5188723 ], [ 79.7330977, 30.5188646 ], [ 79.7330721, 30.5187778 ], [ 79.7330135, 30.5187899 ], [ 79.733039, 30.5188723 ] ] ] } },
{ "type": "Feature", "properties": { }, "geometry": { "type": "Polygon", "coordinates": [ [ [ 79.732646, 30.5185657 ], [ 79.7326715, 30.518503 ], [ 79.7328399, 30.5185767 ], [ 79.7327978, 30.5186382 ], [ 79.732646, 30.5185657 ] ] ] } },
{ "type": "Feature", "properties": { }, "geometry": { "type": "Polygon", "coordinates": [ [ [ 79.7325376, 30.5186492 ], [ 79.7325618, 30.5185943 ], [ 79.7327111, 30.5186437 ], [ 79.7326792, 30.5186954 ], [ 79.7325376, 30.5186492 ] ] ] } },
{ "type": "Feature", "properties": { }, "geometry": { "type": "Polygon", "coordinates": [ [ [ 79.7325133, 30.5187569 ], [ 79.7325478, 30.5187218 ], [ 79.7325988, 30.5187174 ], [ 79.7326664, 30.5187086 ], [ 79.7326919, 30.5187262 ], [ 79.7326052, 30.5188251 ], [ 79.7325133, 30.5187569 ] ] ] } },
{ "type": "Feature", "properties": { }, "geometry": { "type": "Polygon", "coordinates": [ [ [ 79.7327915, 30.5187196 ], [ 79.7328246, 30.5186855 ], [ 79.7329446, 30.5187657 ], [ 79.7329025, 30.5188174 ], [ 79.7327915, 30.5187196 ] ] ] } },
{ "type": "Feature", "properties": { }, "geometry": { "type": "Polygon", "coordinates": [ [ [ 79.7326345, 30.5188394 ], [ 79.7326945, 30.5187591 ], [ 79.7327876, 30.518824 ], [ 79.7327277, 30.5188965 ], [ 79.7326345, 30.5188394 ] ] ] } },
{ "type": "Feature", "properties": { }, "geometry": { "type": "Polygon", "coordinates": [ [ [ 79.7329738, 30.5192019 ], [ 79.7329616, 30.5191653 ], [ 79.7330345, 30.5191431 ], [ 79.7330496, 30.5191941 ], [ 79.7329738, 30.5192019 ] ] ] } },
{ "type": "Feature", "properties": { }, "geometry": { "type": "Polygon", "coordinates": [ [ [ 79.7329222, 30.5191065 ], [ 79.7329905, 30.5191039 ], [ 79.7329889, 30.5190242 ], [ 79.7329176, 30.5190216 ], [ 79.7329222, 30.5191065 ] ] ] } },
{ "type": "Feature", "properties": { }, "geometry": { "type": "Polygon", "coordinates": [ [ [ 79.7326733, 30.5193875 ], [ 79.7327462, 30.5193875 ], [ 79.7327356, 30.5192215 ], [ 79.7326491, 30.5192268 ], [ 79.7326733, 30.5193875 ] ] ] } },
{ "type": "Feature", "properties": { }, "geometry": { "type": "Polygon", "coordinates": [ [ [ 79.7328346, 30.5193412 ], [ 79.7328953, 30.5193203 ], [ 79.7329605, 30.519421 ], [ 79.7328816, 30.519455 ], [ 79.7328346, 30.5193412 ] ] ] } },
{ "type": "Feature", "properties": { }, "geometry": { "type": "Polygon", "coordinates": [ [ [ 79.7328042, 30.5192798 ], [ 79.7327815, 30.5192432 ], [ 79.7328998, 30.5191961 ], [ 79.7329271, 30.5192445 ], [ 79.7328042, 30.5192798 ] ] ] } },
{ "type": "Feature", "properties": { }, "geometry": { "type": "Polygon", "coordinates": [ [ [ 79.7328028, 30.5191259 ], [ 79.7328801, 30.5191314 ], [ 79.7328865, 30.5190298 ], [ 79.7328565, 30.5190298 ], [ 79.7328028, 30.5191259 ] ] ] } },
{ "type": "Feature", "properties": { }, "geometry": { "type": "Polygon", "coordinates": [ [ [ 79.7326366, 30.5189329 ], [ 79.7326715, 30.5188845 ], [ 79.7327353, 30.5189264 ], [ 79.7326989, 30.5189695 ], [ 79.7326366, 30.5189329 ] ] ] } },
{ "type": "Feature", "properties": { }, "geometry": { "type": "Polygon", "coordinates": [ [ [ 79.732233, 30.5188754 ], [ 79.7322725, 30.5188048 ], [ 79.7324697, 30.5188924 ], [ 79.7324197, 30.5189564 ], [ 79.732233, 30.5188754 ] ] ] } },
{ "type": "Feature", "properties": { }, "geometry": { "type": "Polygon", "coordinates": [ [ [ 79.7320055, 30.5190113 ], [ 79.7320631, 30.5189564 ], [ 79.7321906, 30.5190401 ], [ 79.7321268, 30.5191081 ], [ 79.7320055, 30.5190113 ] ] ] } },
{ "type": "Feature", "properties": { }, "geometry": { "type": "Polygon", "coordinates": [ [ [ 79.7320904, 30.5188976 ], [ 79.7321208, 30.5188375 ], [ 79.7322073, 30.5188728 ], [ 79.7321799, 30.5189251 ], [ 79.7320904, 30.5188976 ] ] ] } },
{ "type": "Feature", "properties": { }, "geometry": { "type": "Polygon", "coordinates": [ [ [ 79.7319857, 30.5188493 ], [ 79.7320115, 30.5188022 ], [ 79.7320874, 30.5188336 ], [ 79.7320586, 30.5188793 ], [ 79.7319857, 30.5188493 ] ] ] } },
{ "type": "Feature", "properties": { }, "geometry": { "type": "Polygon", "coordinates": [ [ [ 79.7318552, 30.51881 ], [ 79.7318992, 30.5187512 ], [ 79.7319842, 30.5187904 ], [ 79.7319387, 30.5188506 ], [ 79.7318552, 30.51881 ] ] ] } },
{ "type": "Feature", "properties": { }, "geometry": { "type": "Polygon", "coordinates": [ [ [ 79.731705, 30.5186689 ], [ 79.7317536, 30.5186179 ], [ 79.7318537, 30.5186924 ], [ 79.7317839, 30.5187434 ], [ 79.731705, 30.5186689 ] ] ] } },
{ "type": "Feature", "properties": { }, "geometry": { "type": "Polygon", "coordinates": [ [ [ 79.7328263, 30.5195497 ], [ 79.7327848, 30.5195077 ], [ 79.7328335, 30.5194471 ], [ 79.7329147, 30.5194937 ], [ 79.7328263, 30.5195497 ] ] ] } },
{ "type": "Feature", "properties": { }, "geometry": { "type": "Polygon", "coordinates": [ [ [ 79.7320991, 30.5198372 ], [ 79.7321821, 30.5198046 ], [ 79.7321027, 30.5196849 ], [ 79.7320486, 30.5197113 ], [ 79.7320991, 30.5198372 ] ] ] } },
{ "type": "Feature", "properties": { }, "geometry": { "type": "Polygon", "coordinates": [ [ [ 79.7318411, 30.5192854 ], [ 79.7319043, 30.5192465 ], [ 79.7318321, 30.5191471 ], [ 79.7317509, 30.519189 ], [ 79.7318411, 30.5192854 ] ] ] } },
{ "type": "Feature", "properties": { }, "geometry": { "type": "Polygon", "coordinates": [ [ [ 79.7317166, 30.5191642 ], [ 79.7317852, 30.5191175 ], [ 79.7316535, 30.5190196 ], [ 79.7316083, 30.5190585 ], [ 79.7317166, 30.5191642 ] ] ] } },
{ "type": "Feature", "properties": { }, "geometry": { "type": "Polygon", "coordinates": [ [ [ 79.7308004, 30.5189023 ], [ 79.7308437, 30.5188339 ], [ 79.7309592, 30.518865 ], [ 79.7308943, 30.5189551 ], [ 79.7308004, 30.5189023 ] ] ] } },
{ "type": "Feature", "properties": { }, "geometry": { "type": "Polygon", "coordinates": [ [ [ 79.7315959, 30.5204089 ], [ 79.7315615, 30.5203146 ], [ 79.7317203, 30.5202998 ], [ 79.7317504, 30.5203885 ], [ 79.7315959, 30.5204089 ] ] ] } },
{ "type": "Feature", "properties": { }, "geometry": { "type": "Polygon", "coordinates": [ [ [ 79.7314886, 30.5201445 ], [ 79.7314457, 30.5200539 ], [ 79.7315465, 30.5200244 ], [ 79.7315894, 30.5201149 ], [ 79.7314886, 30.5201445 ] ] ] } },
{ "type": "Feature", "properties": { }, "geometry": { "type": "Polygon", "coordinates": [ [ [ 79.7313427, 30.5200817 ], [ 79.7314478, 30.5200262 ], [ 79.7313899, 30.5198931 ], [ 79.7312783, 30.5199338 ], [ 79.7313427, 30.5200817 ] ] ] } },
{ "type": "Feature", "properties": { }, "geometry": { "type": "Polygon", "coordinates": [ [ [ 79.7296068, 30.5197311 ], [ 79.7296402, 30.5197311 ], [ 79.7296402, 30.5196501 ], [ 79.7296007, 30.5196527 ], [ 79.7296068, 30.5197311 ] ] ] } },
{ "type": "Feature", "properties": { }, "geometry": { "type": "Polygon", "coordinates": [ [ [ 79.7294616, 30.5200605 ], [ 79.7294652, 30.5199921 ], [ 79.7295049, 30.5199936 ], [ 79.7295031, 30.520062 ], [ 79.7294616, 30.5200605 ] ] ] } },
{ "type": "Feature", "properties": { }, "geometry": { "type": "Polygon", "coordinates": [ [ [ 79.7294028, 30.5200365 ], [ 79.7294552, 30.5200365 ], [ 79.7294561, 30.519951 ], [ 79.7294182, 30.5199541 ], [ 79.7294089, 30.5200039 ], [ 79.7294028, 30.5200365 ] ] ] } },
{ "type": "Feature", "properties": { }, "geometry": { "type": "Polygon", "coordinates": [ [ [ 79.7293371, 30.519995 ], [ 79.7294089, 30.5200039 ], [ 79.7294182, 30.5199541 ], [ 79.7294175, 30.5198564 ], [ 79.7293462, 30.5198682 ], [ 79.7293371, 30.519995 ] ] ] } },
{ "type": "Feature", "properties": { }, "geometry": { "type": "Polygon", "coordinates": [ [ [ 79.7289038, 30.5193629 ], [ 79.7289724, 30.5193224 ], [ 79.7289219, 30.5192509 ], [ 79.7288569, 30.5192898 ], [ 79.7289038, 30.5193629 ] ] ] } },
{ "type": "Feature", "properties": { }, "geometry": { "type": "Polygon", "coordinates": [ [ [ 79.7294668, 30.5197235 ], [ 79.7295282, 30.5197157 ], [ 79.7294993, 30.5196364 ], [ 79.7294415, 30.5196458 ], [ 79.7294668, 30.5197235 ] ] ] } },
{ "type": "Feature", "properties": { }, "geometry": { "type": "Polygon", "coordinates": [ [ [ 79.7289941, 30.5194686 ], [ 79.7289634, 30.5194281 ], [ 79.7290374, 30.5194017 ], [ 79.729068, 30.5194421 ], [ 79.7289941, 30.5194686 ] ] ] } },
{ "type": "Feature", "properties": { }, "geometry": { "type": "Polygon", "coordinates": [ [ [ 79.7282308, 30.5193924 ], [ 79.728321, 30.5193815 ], [ 79.7282886, 30.5192276 ], [ 79.7281965, 30.5192354 ], [ 79.7282308, 30.5193924 ] ] ] } },
{ "type": "Feature", "properties": { }, "geometry": { "type": "Polygon", "coordinates": [ [ [ 79.7278248, 30.5198261 ], [ 79.7278284, 30.5197437 ], [ 79.7279908, 30.5197437 ], [ 79.7279818, 30.5198416 ], [ 79.7278248, 30.5198261 ] ] ] } },
{ "type": "Feature", "properties": { }, "geometry": { "type": "Polygon", "coordinates": [ [ [ 79.7283679, 30.5197002 ], [ 79.7284582, 30.5196458 ], [ 79.7283246, 30.5195074 ], [ 79.7282489, 30.5195634 ], [ 79.7283679, 30.5197002 ] ] ] } },
{ "type": "Feature", "properties": { }, "geometry": { "type": "Polygon", "coordinates": [ [ [ 79.7283878, 30.5195245 ], [ 79.7283427, 30.5194779 ], [ 79.7283914, 30.5194421 ], [ 79.7284473, 30.5194888 ], [ 79.7283878, 30.5195245 ] ] ] } },
{ "type": "Feature", "properties": { }, "geometry": { "type": "Polygon", "coordinates": [ [ [ 79.7282182, 30.5201945 ], [ 79.7282831, 30.520224 ], [ 79.7283535, 30.5200639 ], [ 79.7282777, 30.5200344 ], [ 79.7282182, 30.5201945 ] ] ] } },
{ "type": "Feature", "properties": { }, "geometry": { "type": "Polygon", "coordinates": [ [ [ 79.7280396, 30.5201867 ], [ 79.7281388, 30.5201945 ], [ 79.7281334, 30.5199799 ], [ 79.7280323, 30.5199862 ], [ 79.7280396, 30.5201867 ] ] ] } },
{ "type": "Feature", "properties": { }, "geometry": { "type": "Polygon", "coordinates": [ [ [ 79.7284618, 30.5198059 ], [ 79.7285376, 30.5197717 ], [ 79.7284997, 30.5197033 ], [ 79.7284239, 30.5197266 ], [ 79.7284618, 30.5198059 ] ] ] } },
{ "type": "Feature", "properties": { }, "geometry": { "type": "Polygon", "coordinates": [ [ [ 79.7284094, 30.5199053 ], [ 79.7285033, 30.5198867 ], [ 79.728487, 30.5198261 ], [ 79.7283932, 30.5198307 ], [ 79.7284094, 30.5199053 ] ] ] } },
{ "type": "Feature", "properties": { }, "geometry": { "type": "Polygon", "coordinates": [ [ [ 79.7284564, 30.5199939 ], [ 79.728513, 30.5199647 ], [ 79.728506, 30.5199459 ], [ 79.7284888, 30.5199069 ], [ 79.7284257, 30.5199224 ], [ 79.7284564, 30.5199939 ] ] ] } },
{ "type": "Feature", "properties": { }, "geometry": { "type": "Polygon", "coordinates": [ [ [ 79.728478, 30.5202178 ], [ 79.7285376, 30.5202209 ], [ 79.7285376, 30.5201338 ], [ 79.728469, 30.5201354 ], [ 79.728478, 30.5202178 ] ] ] } },
{ "type": "Feature", "properties": { }, "geometry": { "type": "Polygon", "coordinates": [ [ [ 79.7285339, 30.5200204 ], [ 79.7286007, 30.5200188 ], [ 79.7285863, 30.5199426 ], [ 79.728506, 30.5199459 ], [ 79.728513, 30.5199647 ], [ 79.7285339, 30.5200204 ] ] ] } },
{ "type": "Feature", "properties": { }, "geometry": { "type": "Polygon", "coordinates": [ [ [ 79.7281565, 30.5206458 ], [ 79.7282178, 30.5206875 ], [ 79.7283122, 30.5205842 ], [ 79.7282203, 30.5205359 ], [ 79.7281565, 30.5206458 ] ] ] } },
{ "type": "Feature", "properties": { }, "geometry": { "type": "Polygon", "coordinates": [ [ [ 79.7282484, 30.5205095 ], [ 79.7283377, 30.5205557 ], [ 79.7284347, 30.5204457 ], [ 79.7283504, 30.5204194 ], [ 79.7282484, 30.5205095 ] ] ] } },
{ "type": "Feature", "properties": { }, "geometry": { "type": "Polygon", "coordinates": [ [ [ 79.7285418, 30.520338 ], [ 79.7285878, 30.5202611 ], [ 79.728649, 30.5202919 ], [ 79.7286056, 30.5203556 ], [ 79.7285418, 30.520338 ] ] ] } },
{ "type": "Feature", "properties": { }, "geometry": { "type": "Polygon", "coordinates": [ [ [ 79.7286847, 30.5196698 ], [ 79.728746, 30.5196302 ], [ 79.7286949, 30.5195379 ], [ 79.728626, 30.519584 ], [ 79.7286847, 30.5196698 ] ] ] } },
{ "type": "Feature", "properties": { }, "geometry": { "type": "Polygon", "coordinates": [ [ [ 79.7286439, 30.5199775 ], [ 79.7287153, 30.5199731 ], [ 79.7287, 30.5197797 ], [ 79.7286133, 30.5197819 ], [ 79.7286439, 30.5199775 ] ] ] } },
{ "type": "Feature", "properties": { }, "geometry": { "type": "Polygon", "coordinates": [ [ [ 79.7287153, 30.5200962 ], [ 79.7287868, 30.5200962 ], [ 79.7287842, 30.5199643 ], [ 79.7287153, 30.5199731 ], [ 79.7287153, 30.5200962 ] ] ] } },
{ "type": "Feature", "properties": { }, "geometry": { "type": "Polygon", "coordinates": [ [ [ 79.7288149, 30.5201798 ], [ 79.7288914, 30.5201798 ], [ 79.728894, 30.5201116 ], [ 79.7288149, 30.5201116 ], [ 79.7288149, 30.5201798 ] ] ] } },
{ "type": "Feature", "properties": { }, "geometry": { "type": "Polygon", "coordinates": [ [ [ 79.7288225, 30.5200786 ], [ 79.728894, 30.5200808 ], [ 79.7288889, 30.5199841 ], [ 79.7288174, 30.5199863 ], [ 79.7288225, 30.5200786 ] ] ] } },
{ "type": "Feature", "properties": { }, "geometry": { "type": "Polygon", "coordinates": [ [ [ 79.7288072, 30.5199511 ], [ 79.7288991, 30.5199489 ], [ 79.7288914, 30.5198808 ], [ 79.7288123, 30.5198874 ], [ 79.7288072, 30.5199511 ] ] ] } },
{ "type": "Feature", "properties": { }, "geometry": { "type": "Polygon", "coordinates": [ [ [ 79.7291306, 30.5199289 ], [ 79.7291731, 30.519874 ], [ 79.7292247, 30.5199132 ], [ 79.729164, 30.5199786 ], [ 79.7291306, 30.5199289 ] ] ] } },
{ "type": "Feature", "properties": { }, "geometry": { "type": "Polygon", "coordinates": [ [ [ 79.7291033, 30.5201328 ], [ 79.7291913, 30.5201328 ], [ 79.7291882, 30.5199995 ], [ 79.7291124, 30.5199995 ], [ 79.7291033, 30.5201328 ] ] ] } },
{ "type": "Feature", "properties": { }, "geometry": { "type": "Polygon", "coordinates": [ [ [ 79.7289455, 30.5200648 ], [ 79.7290578, 30.5200596 ], [ 79.7290547, 30.5199969 ], [ 79.7289455, 30.5200047 ], [ 79.7289455, 30.5200648 ] ] ] } },
{ "type": "Feature", "properties": { }, "geometry": { "type": "Polygon", "coordinates": [ [ [ 79.7289789, 30.5198949 ], [ 79.7290638, 30.5199028 ], [ 79.7290638, 30.5197276 ], [ 79.7289728, 30.5197355 ], [ 79.7289789, 30.5198949 ] ] ] } },
{ "type": "Feature", "properties": { }, "geometry": { "type": "Polygon", "coordinates": [ [ [ 79.7289161, 30.5196837 ], [ 79.7289033, 30.5195958 ], [ 79.7290131, 30.5195848 ], [ 79.7290309, 30.5196793 ], [ 79.7289161, 30.5196837 ] ] ] } },
{ "type": "Feature", "properties": { }, "geometry": { "type": "Polygon", "coordinates": [ [ [ 79.728786, 30.5198794 ], [ 79.7287834, 30.5198046 ], [ 79.7289059, 30.5197914 ], [ 79.7289161, 30.5198728 ], [ 79.728786, 30.5198794 ] ] ] } },
{ "type": "Feature", "properties": { }, "geometry": { "type": "Polygon", "coordinates": [ [ [ 79.7290927, 30.5198739 ], [ 79.7290927, 30.5197962 ], [ 79.7291468, 30.5197931 ], [ 79.7291731, 30.519874 ], [ 79.7290927, 30.5198739 ] ] ] } },
{ "type": "Feature", "properties": { }, "geometry": { "type": "Polygon", "coordinates": [ [ [ 79.7254828, 30.5194322 ], [ 79.7255344, 30.5194453 ], [ 79.7255587, 30.519359 ], [ 79.7255132, 30.5193381 ], [ 79.7254828, 30.5194322 ] ] ] } },
{ "type": "Feature", "properties": { }, "geometry": { "type": "Polygon", "coordinates": [ [ [ 79.7254889, 30.5192989 ], [ 79.7254889, 30.5192466 ], [ 79.7256012, 30.5192832 ], [ 79.7256012, 30.5193381 ], [ 79.7254889, 30.5192989 ] ] ] } },
{ "type": "Feature", "properties": { }, "geometry": { "type": "Polygon", "coordinates": [ [ [ 79.7252158, 30.5195786 ], [ 79.7252583, 30.5196152 ], [ 79.7253463, 30.5195577 ], [ 79.7252886, 30.5195159 ], [ 79.7252158, 30.5195786 ] ] ] } },
{ "type": "Feature", "properties": { }, "geometry": { "type": "Polygon", "coordinates": [ [ [ 79.725322, 30.5196597 ], [ 79.7253888, 30.519691 ], [ 79.7254464, 30.5196231 ], [ 79.7253736, 30.5195786 ], [ 79.725322, 30.5196597 ] ] ] } },
{ "type": "Feature", "properties": { }, "geometry": { "type": "Polygon", "coordinates": [ [ [ 79.7251733, 30.5196309 ], [ 79.7252037, 30.5196074 ], [ 79.7252552, 30.5196387 ], [ 79.7252431, 30.5196649 ], [ 79.7251733, 30.5196309 ] ] ] } },
{ "type": "Feature", "properties": { }, "geometry": { "type": "Polygon", "coordinates": [ [ [ 79.725149, 30.5196048 ], [ 79.7251126, 30.5195786 ], [ 79.7251612, 30.5195342 ], [ 79.7252158, 30.5195786 ], [ 79.725149, 30.5196048 ] ] ] } },
{ "type": "Feature", "properties": { }, "geometry": { "type": "Polygon", "coordinates": [ [ [ 79.7251885, 30.5195107 ], [ 79.7252219, 30.5195394 ], [ 79.7252886, 30.5195159 ], [ 79.7252704, 30.5194767 ], [ 79.7251885, 30.5195107 ] ] ] } },
{ "type": "Feature", "properties": { }, "geometry": { "type": "Polygon", "coordinates": [ [ [ 79.7252158, 30.5193041 ], [ 79.7252552, 30.5193094 ], [ 79.7252886, 30.5192179 ], [ 79.7252461, 30.51921 ], [ 79.7252158, 30.5193041 ] ] ] } },
{ "type": "Feature", "properties": { }, "geometry": { "type": "Polygon", "coordinates": [ [ [ 79.7251339, 30.5197799 ], [ 79.7251794, 30.5197616 ], [ 79.7251339, 30.5197093 ], [ 79.7251035, 30.5197198 ], [ 79.7251339, 30.5197799 ] ] ] } },
{ "type": "Feature", "properties": { }, "geometry": { "type": "Polygon", "coordinates": [ [ [ 79.7248547, 30.5195473 ], [ 79.7248607, 30.5195028 ], [ 79.7249396, 30.5195316 ], [ 79.7249396, 30.5195708 ], [ 79.7248547, 30.5195473 ] ] ] } },
{ "type": "Feature", "properties": { }, "geometry": { "type": "Polygon", "coordinates": [ [ [ 79.7249579, 30.5195028 ], [ 79.7249852, 30.5194662 ], [ 79.7250337, 30.5195159 ], [ 79.7250094, 30.5195499 ], [ 79.7249579, 30.5195028 ] ] ] } },
{ "type": "Feature", "properties": { }, "geometry": { "type": "Polygon", "coordinates": [ [ [ 79.7248122, 30.5191917 ], [ 79.7248881, 30.5192153 ], [ 79.7249427, 30.5191368 ], [ 79.7248516, 30.519129 ], [ 79.7248122, 30.5191917 ] ] ] } },
{ "type": "Feature", "properties": { }, "geometry": { "type": "Polygon", "coordinates": [ [ [ 79.7247689, 30.5197235 ], [ 79.7247989, 30.5196791 ], [ 79.7248547, 30.5196958 ], [ 79.7248139, 30.5197457 ], [ 79.7247689, 30.5197235 ] ] ] } },
{ "type": "Feature", "properties": { }, "geometry": { "type": "Polygon", "coordinates": [ [ [ 79.7243912, 30.5198991 ], [ 79.7244427, 30.5199176 ], [ 79.7244813, 30.5198566 ], [ 79.7244384, 30.5198418 ], [ 79.7243912, 30.5198991 ] ] ] } },
{ "type": "Feature", "properties": { }, "geometry": { "type": "Polygon", "coordinates": [ [ [ 79.7248526, 30.519461 ], [ 79.7249084, 30.5195035 ], [ 79.7249985, 30.5194407 ], [ 79.7249684, 30.5194074 ], [ 79.7248526, 30.519461 ] ] ] } },
{ "type": "Feature", "properties": { }, "geometry": { "type": "Polygon", "coordinates": [ [ [ 79.724962, 30.5193612 ], [ 79.7250156, 30.5193926 ], [ 79.7250457, 30.5193575 ], [ 79.7250221, 30.5193279 ], [ 79.724962, 30.5193612 ] ] ] } },
{ "type": "Feature", "properties": { }, "geometry": { "type": "Polygon", "coordinates": [ [ [ 79.7250221, 30.5194148 ], [ 79.7250757, 30.5194333 ], [ 79.7250779, 30.5194037 ], [ 79.7250543, 30.5193908 ], [ 79.7250221, 30.5194148 ] ] ] } },
{ "type": "Feature", "properties": { }, "geometry": { "type": "Polygon", "coordinates": [ [ [ 79.7251766, 30.5194277 ], [ 79.7252066, 30.5194758 ], [ 79.7252474, 30.5194314 ], [ 79.7252238, 30.5193926 ], [ 79.7251766, 30.5194277 ] ] ] } },
{ "type": "Feature", "properties": { }, "geometry": { "type": "Polygon", "coordinates": [ [ [ 79.7249835, 30.5197753 ], [ 79.7250178, 30.5197531 ], [ 79.7250736, 30.5198085 ], [ 79.7250113, 30.51984 ], [ 79.7249835, 30.5197753 ] ] ] } },
{ "type": "Feature", "properties": { }, "geometry": { "type": "Polygon", "coordinates": [ [ [ 79.7231092, 30.5184432 ], [ 79.7230837, 30.5183619 ], [ 79.7231832, 30.5183685 ], [ 79.7231908, 30.5184542 ], [ 79.7231628, 30.5184608 ], [ 79.7231092, 30.5184432 ] ] ] } },
{ "type": "Feature", "properties": { }, "geometry": { "type": "Polygon", "coordinates": [ [ [ 79.7226779, 30.5183795 ], [ 79.7226779, 30.5183267 ], [ 79.7227341, 30.5183289 ], [ 79.7227519, 30.5183927 ], [ 79.7226779, 30.5183795 ] ] ] } },
{ "type": "Feature", "properties": { }, "geometry": { "type": "Polygon", "coordinates": [ [ [ 79.7226677, 30.5184828 ], [ 79.7227213, 30.5184894 ], [ 79.7227137, 30.5184059 ], [ 79.7226754, 30.5183971 ], [ 79.7226677, 30.5184828 ] ] ] } },
{ "type": "Feature", "properties": { }, "geometry": { "type": "Polygon", "coordinates": [ [ [ 79.7332128, 30.5221 ], [ 79.7332128, 30.5220085 ], [ 79.7333342, 30.5220111 ], [ 79.7333281, 30.5221 ], [ 79.7332128, 30.5221 ] ] ] } },
{ "type": "Feature", "properties": { }, "geometry": { "type": "Polygon", "coordinates": [ [ [ 79.7332128, 30.5219693 ], [ 79.7332705, 30.5219719 ], [ 79.7332675, 30.521883 ], [ 79.7332159, 30.5218856 ], [ 79.7332128, 30.5219693 ] ] ] } },
{ "type": "Feature", "properties": { }, "geometry": { "type": "Polygon", "coordinates": [ [ [ 79.7192589, 30.5126956 ], [ 79.7193149, 30.5127018 ], [ 79.7193401, 30.5126147 ], [ 79.7192806, 30.512607 ], [ 79.7192589, 30.5126956 ] ] ] } },
{ "type": "Feature", "properties": { }, "geometry": { "type": "Polygon", "coordinates": [ [ [ 79.7193943, 30.5126816 ], [ 79.7194592, 30.51268 ], [ 79.7194556, 30.5126007 ], [ 79.7193961, 30.5126038 ], [ 79.7193943, 30.5126816 ] ] ] } },
{ "type": "Feature", "properties": { }, "geometry": { "type": "Polygon", "coordinates": [ [ [ 79.7188928, 30.5149229 ], [ 79.7189261, 30.5149334 ], [ 79.7189747, 30.5148367 ], [ 79.7189352, 30.5148288 ], [ 79.7188928, 30.5149229 ] ] ] } },
{ "type": "Feature", "properties": { }, "geometry": { "type": "Polygon", "coordinates": [ [ [ 79.7193662, 30.5147426 ], [ 79.7194208, 30.5147426 ], [ 79.719439, 30.5145726 ], [ 79.7193935, 30.5145779 ], [ 79.7193662, 30.5147426 ] ] ] } },
{ "type": "Feature", "properties": { }, "geometry": { "type": "Polygon", "coordinates": [ [ [ 79.7193176, 30.514523 ], [ 79.719357, 30.5145203 ], [ 79.7193722, 30.5144236 ], [ 79.7193328, 30.5144262 ], [ 79.7193176, 30.514523 ] ] ] } },
{ "type": "Feature", "properties": { }, "geometry": { "type": "Polygon", "coordinates": [ [ [ 79.7193224, 30.5144023 ], [ 79.7193492, 30.5144023 ], [ 79.7193505, 30.5143616 ], [ 79.7193263, 30.5143616 ], [ 79.7193224, 30.5144023 ] ] ] } },
{ "type": "Feature", "properties": { }, "geometry": { "type": "Polygon", "coordinates": [ [ [ 79.719677, 30.5154985 ], [ 79.719735, 30.5154985 ], [ 79.71975, 30.5153839 ], [ 79.7197028, 30.5153783 ], [ 79.719677, 30.5154985 ] ] ] } },
{ "type": "Feature", "properties": { }, "geometry": { "type": "Polygon", "coordinates": [ [ [ 79.7196985, 30.5156057 ], [ 79.7197392, 30.5156057 ], [ 79.71975, 30.5155317 ], [ 79.7197135, 30.5155317 ], [ 79.7196985, 30.5156057 ] ] ] } },
{ "type": "Feature", "properties": { }, "geometry": { "type": "Polygon", "coordinates": [ [ [ 79.7193809, 30.5156038 ], [ 79.7194174, 30.5156038 ], [ 79.7194217, 30.5155484 ], [ 79.7193852, 30.5155484 ], [ 79.7193809, 30.5156038 ] ] ] } },
{ "type": "Feature", "properties": { }, "geometry": { "type": "Polygon", "coordinates": [ [ [ 79.7196405, 30.515748 ], [ 79.7196491, 30.5156926 ], [ 79.7197114, 30.5156907 ], [ 79.7196985, 30.5157462 ], [ 79.7196405, 30.515748 ] ] ] } },
{ "type": "Feature", "properties": { }, "geometry": { "type": "Polygon", "coordinates": [ [ [ 79.7194045, 30.5159014 ], [ 79.719456, 30.5159051 ], [ 79.7195054, 30.5157258 ], [ 79.7194624, 30.5157203 ], [ 79.7194045, 30.5159014 ] ] ] } },
{ "type": "Feature", "properties": { }, "geometry": { "type": "Polygon", "coordinates": [ [ [ 79.7196298, 30.5159458 ], [ 79.7196684, 30.5159421 ], [ 79.7196835, 30.5158719 ], [ 79.7196405, 30.5158793 ], [ 79.7196298, 30.5159458 ] ] ] } },
{ "type": "Feature", "properties": { }, "geometry": { "type": "Polygon", "coordinates": [ [ [ 79.7195805, 30.515724 ], [ 79.7196234, 30.515724 ], [ 79.7196491, 30.5156593 ], [ 79.7196019, 30.5156574 ], [ 79.7195805, 30.515724 ] ] ] } },
{ "type": "Feature", "properties": { }, "geometry": { "type": "Polygon", "coordinates": [ [ [ 79.7186281, 30.5162712 ], [ 79.7186549, 30.5162712 ], [ 79.7186613, 30.5161991 ], [ 79.7186366, 30.5162001 ], [ 79.7186281, 30.5162712 ] ] ] } },
{ "type": "Feature", "properties": { }, "geometry": { "type": "Polygon", "coordinates": [ [ [ 79.7208676, 30.5170816 ], [ 79.7209237, 30.5171014 ], [ 79.7209748, 30.5169959 ], [ 79.7209237, 30.5169761 ], [ 79.7208676, 30.5170816 ] ] ] } },
{ "type": "Feature", "properties": { }, "geometry": { "type": "Polygon", "coordinates": [ [ [ 79.7217313, 30.5129327 ], [ 79.72171, 30.5128752 ], [ 79.7218223, 30.5128464 ], [ 79.7218314, 30.5128883 ], [ 79.7217313, 30.5129327 ] ] ] } },
{ "type": "Feature", "properties": { }, "geometry": { "type": "Polygon", "coordinates": [ [ [ 79.7128826, 30.4940546 ], [ 79.7128856, 30.4939748 ], [ 79.7131997, 30.4939905 ], [ 79.7131966, 30.4940716 ], [ 79.7128826, 30.4940546 ] ] ] } },
{ "type": "Feature", "properties": { }, "geometry": { "type": "Polygon", "coordinates": [ [ [ 79.7127885, 30.4940363 ], [ 79.7127839, 30.4939618 ], [ 79.7128613, 30.4939657 ], [ 79.7128659, 30.4940389 ], [ 79.7127885, 30.4940363 ] ] ] } },
{ "type": "Feature", "properties": { }, "geometry": { "type": "Polygon", "coordinates": [ [ [ 79.7125169, 30.4940337 ], [ 79.7125154, 30.4939382 ], [ 79.7127642, 30.4939409 ], [ 79.7127688, 30.4940337 ], [ 79.7125169, 30.4940337 ] ] ] } },
{ "type": "Feature", "properties": { }, "geometry": { "type": "Polygon", "coordinates": [ [ [ 79.7124638, 30.4942455 ], [ 79.7124744, 30.49415 ], [ 79.7128416, 30.4941723 ], [ 79.7128431, 30.4942677 ], [ 79.7124638, 30.4942455 ] ] ] } },
{ "type": "Feature", "properties": { }, "geometry": { "type": "Polygon", "coordinates": [ [ [ 79.7128598, 30.4942546 ], [ 79.7128492, 30.494133 ], [ 79.7129842, 30.494137 ], [ 79.7130009, 30.4942546 ], [ 79.7128598, 30.4942546 ] ] ] } },
{ "type": "Feature", "properties": { }, "geometry": { "type": "Polygon", "coordinates": [ [ [ 79.7130039, 30.494171 ], [ 79.7130009, 30.4940847 ], [ 79.7132619, 30.4940964 ], [ 79.7132634, 30.4941827 ], [ 79.7130039, 30.494171 ] ] ] } },
{ "type": "Feature", "properties": { }, "geometry": { "type": "Polygon", "coordinates": [ [ [ 79.7131799, 30.4942899 ], [ 79.7131739, 30.4942063 ], [ 79.7133332, 30.4942023 ], [ 79.7133408, 30.4942899 ], [ 79.7131799, 30.4942899 ] ] ] } },
{ "type": "Feature", "properties": { }, "geometry": { "type": "Polygon", "coordinates": [ [ [ 79.7128886, 30.4943161 ], [ 79.7128947, 30.494269 ], [ 79.7130828, 30.4943095 ], [ 79.7130737, 30.4943553 ], [ 79.7128886, 30.4943161 ] ] ] } },
{ "type": "Feature", "properties": { }, "geometry": { "type": "Polygon", "coordinates": [ [ [ 79.7132816, 30.4941514 ], [ 79.7132664, 30.4940638 ], [ 79.7133666, 30.4940559 ], [ 79.7133848, 30.4941461 ], [ 79.7132816, 30.4941514 ] ] ] } },
{ "type": "Feature", "properties": { }, "geometry": { "type": "Polygon", "coordinates": [ [ [ 79.7135309, 30.4941963 ], [ 79.7135309, 30.4941357 ], [ 79.7136248, 30.4941357 ], [ 79.7136248, 30.4941963 ], [ 79.7135309, 30.4941963 ] ] ] } },
{ "type": "Feature", "properties": { }, "geometry": { "type": "Polygon", "coordinates": [ [ [ 79.7137005, 30.4941979 ], [ 79.7137041, 30.4941466 ], [ 79.7138792, 30.494145 ], [ 79.7138756, 30.4942041 ], [ 79.7137005, 30.4941979 ] ] ] } },
{ "type": "Feature", "properties": { }, "geometry": { "type": "Polygon", "coordinates": [ [ [ 79.7135688, 30.4943285 ], [ 79.7135652, 30.494257 ], [ 79.7136735, 30.494257 ], [ 79.7136843, 30.4943285 ], [ 79.7135688, 30.4943285 ] ] ] } },
{ "type": "Feature", "properties": { }, "geometry": { "type": "Polygon", "coordinates": [ [ [ 79.7135724, 30.4943845 ], [ 79.7135724, 30.4943456 ], [ 79.7137078, 30.4943394 ], [ 79.7137078, 30.4943829 ], [ 79.7135724, 30.4943845 ] ] ] } },
{ "type": "Feature", "properties": { }, "geometry": { "type": "Polygon", "coordinates": [ [ [ 79.7130997, 30.4943285 ], [ 79.7130961, 30.4942881 ], [ 79.713161, 30.4942881 ], [ 79.7131628, 30.4943316 ], [ 79.7130997, 30.4943285 ] ] ] } },
{ "type": "Feature", "properties": { }, "geometry": { "type": "Polygon", "coordinates": [ [ [ 79.7141264, 30.4940968 ], [ 79.7141264, 30.4940548 ], [ 79.7142274, 30.4940548 ], [ 79.7142256, 30.4940999 ], [ 79.7141264, 30.4940968 ] ] ] } },
{ "type": "Feature", "properties": { }, "geometry": { "type": "Polygon", "coordinates": [ [ [ 79.7149419, 30.4940611 ], [ 79.7149203, 30.4940206 ], [ 79.7150033, 30.4939833 ], [ 79.7150322, 30.4940237 ], [ 79.7149419, 30.4940611 ] ] ] } },
{ "type": "Feature", "properties": { }, "geometry": { "type": "Polygon", "coordinates": [ [ [ 79.714821, 30.4940906 ], [ 79.714821, 30.4940424 ], [ 79.714895, 30.4940408 ], [ 79.714895, 30.4940922 ], [ 79.714821, 30.4940906 ] ] ] } },
{ "type": "Feature", "properties": { }, "geometry": { "type": "Polygon", "coordinates": [ [ [ 79.7146605, 30.4940564 ], [ 79.7146623, 30.4940175 ], [ 79.7147362, 30.4940191 ], [ 79.7147362, 30.4940595 ], [ 79.7146605, 30.4940564 ] ] ] } },
{ "type": "Feature", "properties": { }, "geometry": { "type": "Polygon", "coordinates": [ [ [ 79.7147525, 30.4940813 ], [ 79.7147525, 30.4940471 ], [ 79.7147994, 30.4940517 ], [ 79.7147994, 30.4940859 ], [ 79.7147525, 30.4940813 ] ] ] } },
{ "type": "Feature", "properties": { }, "geometry": { "type": "Polygon", "coordinates": [ [ [ 79.714895, 30.4941699 ], [ 79.7148734, 30.4941372 ], [ 79.7149762, 30.4940875 ], [ 79.7150087, 30.4941341 ], [ 79.714895, 30.4941699 ] ] ] } },
{ "type": "Feature", "properties": { }, "geometry": { "type": "Polygon", "coordinates": [ [ [ 79.7149149, 30.4942305 ], [ 79.714886, 30.494201 ], [ 79.7149347, 30.4941714 ], [ 79.7149654, 30.494201 ], [ 79.7149149, 30.4942305 ] ] ] } },
{ "type": "Feature", "properties": { }, "geometry": { "type": "Polygon", "coordinates": [ [ [ 79.7148337, 30.4942523 ], [ 79.7148138, 30.4942181 ], [ 79.7148571, 30.4941917 ], [ 79.7148896, 30.4942305 ], [ 79.7148337, 30.4942523 ] ] ] } },
{ "type": "Feature", "properties": { }, "geometry": { "type": "Polygon", "coordinates": [ [ [ 79.7148373, 30.4943036 ], [ 79.7148301, 30.4942756 ], [ 79.7148752, 30.4942756 ], [ 79.7148806, 30.4943067 ], [ 79.7148373, 30.4943036 ] ] ] } },
{ "type": "Feature", "properties": { }, "geometry": { "type": "Polygon", "coordinates": [ [ [ 79.7147164, 30.4942818 ], [ 79.7147182, 30.4942492 ], [ 79.7147615, 30.4942539 ], [ 79.7147597, 30.4942865 ], [ 79.7147164, 30.4942818 ] ] ] } },
{ "type": "Feature", "properties": { }, "geometry": { "type": "Polygon", "coordinates": [ [ [ 79.7146009, 30.4943269 ], [ 79.7146009, 30.4942818 ], [ 79.7146713, 30.4942803 ], [ 79.7146731, 30.4943285 ], [ 79.7146009, 30.4943269 ] ] ] } },
{ "type": "Feature", "properties": { }, "geometry": { "type": "Polygon", "coordinates": [ [ [ 79.7144311, 30.4943461 ], [ 79.7144421, 30.4942876 ], [ 79.7145831, 30.4942878 ], [ 79.714596, 30.4943503 ], [ 79.7144311, 30.4943461 ] ] ] } },
{ "type": "Feature", "properties": { }, "geometry": { "type": "Polygon", "coordinates": [ [ [ 79.7143718, 30.4942741 ], [ 79.7143754, 30.4942274 ], [ 79.7144656, 30.494229 ], [ 79.7144674, 30.4942756 ], [ 79.7143718, 30.4942741 ] ] ] } },
{ "type": "Feature", "properties": { }, "geometry": { "type": "Polygon", "coordinates": [ [ [ 79.7142653, 30.4943984 ], [ 79.7142653, 30.4943129 ], [ 79.7143663, 30.4943129 ], [ 79.7143754, 30.4944016 ], [ 79.7142653, 30.4943984 ] ] ] } },
{ "type": "Feature", "properties": { }, "geometry": { "type": "Polygon", "coordinates": [ [ [ 79.7140524, 30.4943751 ], [ 79.7140542, 30.4943207 ], [ 79.7142436, 30.4943207 ], [ 79.7142382, 30.4943782 ], [ 79.7140524, 30.4943751 ] ] ] } },
{ "type": "Feature", "properties": { }, "geometry": { "type": "Polygon", "coordinates": [ [ [ 79.7138954, 30.4943829 ], [ 79.7138918, 30.4943067 ], [ 79.713964, 30.4943036 ], [ 79.7139748, 30.4943798 ], [ 79.7138954, 30.4943829 ] ] ] } },
{ "type": "Feature", "properties": { }, "geometry": { "type": "Polygon", "coordinates": [ [ [ 79.713899, 30.4942896 ], [ 79.7138918, 30.4942554 ], [ 79.7139568, 30.4942523 ], [ 79.7139694, 30.4942865 ], [ 79.713899, 30.4942896 ] ] ] } },
{ "type": "Feature", "properties": { }, "geometry": { "type": "Polygon", "coordinates": [ [ [ 79.714814, 30.4944994 ], [ 79.7148166, 30.4944302 ], [ 79.7148918, 30.4944302 ], [ 79.7148944, 30.4945016 ], [ 79.714814, 30.4944994 ] ] ] } },
{ "type": "Feature", "properties": { }, "geometry": { "type": "Polygon", "coordinates": [ [ [ 79.7146698, 30.4945038 ], [ 79.7146737, 30.4944192 ], [ 79.7148076, 30.4944203 ], [ 79.7148038, 30.4945071 ], [ 79.7146698, 30.4945038 ] ] ] } },
{ "type": "Feature", "properties": { }, "geometry": { "type": "Polygon", "coordinates": [ [ [ 79.7145576, 30.4945082 ], [ 79.7145576, 30.4944214 ], [ 79.7146558, 30.4944258 ], [ 79.7146533, 30.4945093 ], [ 79.7145576, 30.4945082 ] ] ] } },
{ "type": "Feature", "properties": { }, "geometry": { "type": "Polygon", "coordinates": [ [ [ 79.7144899, 30.4945203 ], [ 79.7144925, 30.4944643 ], [ 79.7145461, 30.4944665 ], [ 79.7145461, 30.4945214 ], [ 79.7144899, 30.4945203 ] ] ] } },
{ "type": "Feature", "properties": { }, "geometry": { "type": "Polygon", "coordinates": [ [ [ 79.7142514, 30.4944808 ], [ 79.7142539, 30.4944335 ], [ 79.7144619, 30.4944258 ], [ 79.7144606, 30.4944786 ], [ 79.7142514, 30.4944808 ] ] ] } },
{ "type": "Feature", "properties": { }, "geometry": { "type": "Polygon", "coordinates": [ [ [ 79.7140702, 30.494472 ], [ 79.7140702, 30.4944324 ], [ 79.7141365, 30.4944302 ], [ 79.7141378, 30.494472 ], [ 79.7140702, 30.494472 ] ] ] } },
{ "type": "Feature", "properties": { }, "geometry": { "type": "Polygon", "coordinates": [ [ [ 79.7137563, 30.4944269 ], [ 79.713755, 30.4943862 ], [ 79.7138112, 30.4943862 ], [ 79.7138112, 30.4944258 ], [ 79.7137563, 30.4944269 ] ] ] } },
{ "type": "Feature", "properties": { }, "geometry": { "type": "Polygon", "coordinates": [ [ [ 79.7141365, 30.4944302 ], [ 79.7141353, 30.4943928 ], [ 79.7142156, 30.4943928 ], [ 79.7142182, 30.4944291 ], [ 79.7141365, 30.4944302 ] ] ] } },
{ "type": "Feature", "properties": { }, "geometry": { "type": "Polygon", "coordinates": [ [ [ 79.7139286, 30.4945027 ], [ 79.7139267, 30.4944849 ], [ 79.7139247, 30.4944654 ], [ 79.71406, 30.4944621 ], [ 79.71406, 30.4945016 ], [ 79.7139286, 30.4945027 ] ] ] } },
{ "type": "Feature", "properties": { }, "geometry": { "type": "Polygon", "coordinates": [ [ [ 79.7134875, 30.4941119 ], [ 79.7134853, 30.4940509 ], [ 79.7135411, 30.4940565 ], [ 79.7135411, 30.4941064 ], [ 79.7134875, 30.4941119 ] ] ] } },
{ "type": "Feature", "properties": { }, "geometry": { "type": "Polygon", "coordinates": [ [ [ 79.7125884, 30.4946019 ], [ 79.7125841, 30.4945723 ], [ 79.7126828, 30.4945649 ], [ 79.7126828, 30.4945964 ], [ 79.7125884, 30.4946019 ] ] ] } },
{ "type": "Feature", "properties": { }, "geometry": { "type": "Polygon", "coordinates": [ [ [ 79.7128395, 30.4946389 ], [ 79.7128416, 30.4945927 ], [ 79.7129103, 30.4945945 ], [ 79.7129103, 30.4946407 ], [ 79.7128395, 30.4946389 ] ] ] } },
{ "type": "Feature", "properties": { }, "geometry": { "type": "Polygon", "coordinates": [ [ [ 79.7129339, 30.4946648 ], [ 79.7129317, 30.4946056 ], [ 79.7130283, 30.4946038 ], [ 79.7130304, 30.4946629 ], [ 79.7129339, 30.4946648 ] ] ] } },
{ "type": "Feature", "properties": { }, "geometry": { "type": "Polygon", "coordinates": [ [ [ 79.7129746, 30.4945538 ], [ 79.7129768, 30.4945039 ], [ 79.713112, 30.4945002 ], [ 79.7131141, 30.4945557 ], [ 79.7129746, 30.4945538 ] ] ] } },
{ "type": "Feature", "properties": { }, "geometry": { "type": "Polygon", "coordinates": [ [ [ 79.7131463, 30.4945705 ], [ 79.7131399, 30.4944706 ], [ 79.7133416, 30.4944632 ], [ 79.7133523, 30.4945612 ], [ 79.7131463, 30.4945705 ] ] ] } },
{ "type": "Feature", "properties": { }, "geometry": { "type": "Polygon", "coordinates": [ [ [ 79.7133716, 30.494539 ], [ 79.7133652, 30.4944651 ], [ 79.7134296, 30.4944651 ], [ 79.7134381, 30.4945464 ], [ 79.7133716, 30.494539 ] ] ] } },
{ "type": "Feature", "properties": { }, "geometry": { "type": "Polygon", "coordinates": [ [ [ 79.7134381, 30.4946056 ], [ 79.7134381, 30.4945464 ], [ 79.7135325, 30.4945501 ], [ 79.7135325, 30.4946038 ], [ 79.7134381, 30.4946056 ] ] ] } },
{ "type": "Feature", "properties": { }, "geometry": { "type": "Polygon", "coordinates": [ [ [ 79.7135325, 30.4946038 ], [ 79.7135325, 30.4945501 ], [ 79.7136248, 30.4945446 ], [ 79.7136248, 30.4946019 ], [ 79.7135325, 30.4946038 ] ] ] } },
{ "type": "Feature", "properties": { }, "geometry": { "type": "Polygon", "coordinates": [ [ [ 79.7136184, 30.4945261 ], [ 79.7136184, 30.4944799 ], [ 79.7136828, 30.4944762 ], [ 79.7136849, 30.4945243 ], [ 79.7136184, 30.4945261 ] ] ] } },
{ "type": "Feature", "properties": { }, "geometry": { "type": "Polygon", "coordinates": [ [ [ 79.7130261, 30.4948848 ], [ 79.7130219, 30.4948423 ], [ 79.713097, 30.4948404 ], [ 79.713097, 30.4948774 ], [ 79.7130261, 30.4948848 ] ] ] } },
{ "type": "Feature", "properties": { }, "geometry": { "type": "Polygon", "coordinates": [ [ [ 79.7131089, 30.4948935 ], [ 79.713108, 30.4948406 ], [ 79.7131459, 30.4948398 ], [ 79.7131495, 30.4948927 ], [ 79.7131089, 30.4948935 ] ] ] } },
{ "type": "Feature", "properties": { }, "geometry": { "type": "Polygon", "coordinates": [ [ [ 79.7131831, 30.4948752 ], [ 79.7131892, 30.4947811 ], [ 79.7132453, 30.4947837 ], [ 79.7132438, 30.4948792 ], [ 79.7131831, 30.4948752 ] ] ] } },
{ "type": "Feature", "properties": { }, "geometry": { "type": "Polygon", "coordinates": [ [ [ 79.7131012, 30.4948242 ], [ 79.7130996, 30.4947889 ], [ 79.7131664, 30.4947889 ], [ 79.7131725, 30.4948242 ], [ 79.7131012, 30.4948242 ] ] ] } },
{ "type": "Feature", "properties": { }, "geometry": { "type": "Polygon", "coordinates": [ [ [ 79.7132605, 30.4948739 ], [ 79.7132605, 30.4948295 ], [ 79.7133196, 30.4948282 ], [ 79.7133196, 30.4948765 ], [ 79.7132605, 30.4948739 ] ] ] } },
{ "type": "Feature", "properties": { }, "geometry": { "type": "Polygon", "coordinates": [ [ [ 79.7132605, 30.4948073 ], [ 79.7132635, 30.4947733 ], [ 79.7132908, 30.4947733 ], [ 79.7132908, 30.4948033 ], [ 79.7132605, 30.4948073 ] ] ] } },
{ "type": "Feature", "properties": { }, "geometry": { "type": "Polygon", "coordinates": [ [ [ 79.7134228, 30.4949367 ], [ 79.7134243, 30.4949118 ], [ 79.7134577, 30.4949118 ], [ 79.7134577, 30.4949367 ], [ 79.7134228, 30.4949367 ] ] ] } },
{ "type": "Feature", "properties": { }, "geometry": { "type": "Polygon", "coordinates": [ [ [ 79.7133636, 30.4949118 ], [ 79.7133636, 30.4948818 ], [ 79.7134122, 30.4948818 ], [ 79.7134147, 30.4949114 ], [ 79.7133636, 30.4949118 ] ] ] } },
{ "type": "Feature", "properties": { }, "geometry": { "type": "Polygon", "coordinates": [ [ [ 79.7134116, 30.494871 ], [ 79.7134104, 30.4948446 ], [ 79.7134614, 30.4948446 ], [ 79.7134639, 30.4948721 ], [ 79.7134116, 30.494871 ] ] ] } },
{ "type": "Feature", "properties": { }, "geometry": { "type": "Polygon", "coordinates": [ [ [ 79.7133402, 30.4948688 ], [ 79.7133415, 30.4948248 ], [ 79.7133989, 30.4948259 ], [ 79.7134002, 30.4948699 ], [ 79.7133402, 30.4948688 ] ] ] } },
{ "type": "Feature", "properties": { }, "geometry": { "type": "Polygon", "coordinates": [ [ [ 79.7135571, 30.4949161 ], [ 79.7135571, 30.4948743 ], [ 79.7136426, 30.4948721 ], [ 79.71364, 30.4949205 ], [ 79.7135571, 30.4949161 ] ] ] } },
{ "type": "Feature", "properties": { }, "geometry": { "type": "Polygon", "coordinates": [ [ [ 79.7134129, 30.4948182 ], [ 79.7134116, 30.494782 ], [ 79.7134882, 30.4947809 ], [ 79.7134882, 30.4948237 ], [ 79.7134129, 30.4948182 ] ] ] } },
{ "type": "Feature", "properties": { }, "geometry": { "type": "Polygon", "coordinates": [ [ [ 79.7133096, 30.4948094 ], [ 79.7133096, 30.4947633 ], [ 79.7134014, 30.4947622 ], [ 79.7134002, 30.4948116 ], [ 79.7133096, 30.4948094 ] ] ] } },
{ "type": "Feature", "properties": { }, "geometry": { "type": "Polygon", "coordinates": [ [ [ 79.7132305, 30.4947457 ], [ 79.7132305, 30.4946731 ], [ 79.7134499, 30.4946709 ], [ 79.7134525, 30.4947479 ], [ 79.7132305, 30.4947457 ] ] ] } },
{ "type": "Feature", "properties": { }, "geometry": { "type": "Polygon", "coordinates": [ [ [ 79.7134588, 30.4947644 ], [ 79.7134652, 30.4947028 ], [ 79.7135673, 30.4947028 ], [ 79.7135609, 30.4947644 ], [ 79.7134588, 30.4947644 ] ] ] } },
{ "type": "Feature", "properties": { }, "geometry": { "type": "Polygon", "coordinates": [ [ [ 79.7135686, 30.4948127 ], [ 79.7135813, 30.4947127 ], [ 79.7136298, 30.4947138 ], [ 79.7136222, 30.4948193 ], [ 79.7135686, 30.4948127 ] ] ] } },
{ "type": "Feature", "properties": { }, "geometry": { "type": "Polygon", "coordinates": [ [ [ 79.7136375, 30.4948248 ], [ 79.7136464, 30.4946962 ], [ 79.7137076, 30.4946973 ], [ 79.7136987, 30.4948237 ], [ 79.7136375, 30.4948248 ] ] ] } },
{ "type": "Feature", "properties": { }, "geometry": { "type": "Polygon", "coordinates": [ [ [ 79.7137153, 30.4947984 ], [ 79.7137178, 30.4947391 ], [ 79.713788, 30.4947391 ], [ 79.7137906, 30.4948028 ], [ 79.7137153, 30.4947984 ] ] ] } },
{ "type": "Feature", "properties": { }, "geometry": { "type": "Polygon", "coordinates": [ [ [ 79.7138398, 30.4945206 ], [ 79.7138387, 30.4944855 ], [ 79.7139267, 30.4944849 ], [ 79.7139181, 30.4945215 ], [ 79.7138398, 30.4945206 ] ] ] } },
{ "type": "Feature", "properties": { }, "geometry": { "type": "Polygon", "coordinates": [ [ [ 79.7137368, 30.494565 ], [ 79.7137379, 30.4944845 ], [ 79.7138215, 30.4944864 ], [ 79.7138205, 30.4945696 ], [ 79.7137368, 30.494565 ] ] ] } },
{ "type": "Feature", "properties": { }, "geometry": { "type": "Polygon", "coordinates": [ [ [ 79.7135748, 30.4946916 ], [ 79.7135662, 30.4946408 ], [ 79.7137947, 30.4946343 ], [ 79.7138033, 30.494687 ], [ 79.7135748, 30.4946916 ] ] ] } },
{ "type": "Feature", "properties": { }, "geometry": { "type": "Polygon", "coordinates": [ [ [ 79.7138076, 30.4948451 ], [ 79.7138012, 30.4947693 ], [ 79.7138677, 30.4947674 ], [ 79.7138741, 30.4948506 ], [ 79.7138076, 30.4948451 ] ] ] } },
{ "type": "Feature", "properties": { }, "geometry": { "type": "Polygon", "coordinates": [ [ [ 79.7138838, 30.4948349 ], [ 79.7138827, 30.494785 ], [ 79.714005, 30.4947813 ], [ 79.7140061, 30.494834 ], [ 79.7138838, 30.4948349 ] ] ] } },
{ "type": "Feature", "properties": { }, "geometry": { "type": "Polygon", "coordinates": [ [ [ 79.7138816, 30.4947591 ], [ 79.7138795, 30.4947036 ], [ 79.7139642, 30.4947036 ], [ 79.7139662, 30.4947242 ], [ 79.7140011, 30.494725 ], [ 79.7139953, 30.4947619 ], [ 79.7138816, 30.4947591 ] ] ] } },
{ "type": "Feature", "properties": { }, "geometry": { "type": "Polygon", "coordinates": [ [ [ 79.7138087, 30.4947554 ], [ 79.7138076, 30.4946962 ], [ 79.7138527, 30.4946962 ], [ 79.713858, 30.4947554 ], [ 79.7138087, 30.4947554 ] ] ] } },
{ "type": "Feature", "properties": { }, "geometry": { "type": "Polygon", "coordinates": [ [ [ 79.7138838, 30.4946667 ], [ 79.7138741, 30.4946158 ], [ 79.7139793, 30.4946093 ], [ 79.7139868, 30.4946593 ], [ 79.7138838, 30.4946667 ] ] ] } },
{ "type": "Feature", "properties": { }, "geometry": { "type": "Polygon", "coordinates": [ [ [ 79.7140222, 30.4948109 ], [ 79.71402, 30.4947609 ], [ 79.7141219, 30.4947656 ], [ 79.7141241, 30.4948099 ], [ 79.7140222, 30.4948109 ] ] ] } },
{ "type": "Feature", "properties": { }, "geometry": { "type": "Polygon", "coordinates": [ [ [ 79.7140318, 30.4946574 ], [ 79.7140308, 30.4946167 ], [ 79.7141123, 30.4946167 ], [ 79.7141123, 30.4946583 ], [ 79.7140318, 30.4946574 ] ] ] } },
{ "type": "Feature", "properties": { }, "geometry": { "type": "Polygon", "coordinates": [ [ [ 79.713976, 30.494711 ], [ 79.7139728, 30.4946722 ], [ 79.7140265, 30.4946704 ], [ 79.7140275, 30.494712 ], [ 79.713976, 30.494711 ] ] ] } },
{ "type": "Feature", "properties": { }, "geometry": { "type": "Polygon", "coordinates": [ [ [ 79.7138454, 30.4945603 ], [ 79.7138463, 30.4945292 ], [ 79.7139708, 30.4945261 ], [ 79.7139735, 30.494558 ], [ 79.7138454, 30.4945603 ] ] ] } },
{ "type": "Feature", "properties": { }, "geometry": { "type": "Polygon", "coordinates": [ [ [ 79.7141296, 30.4947648 ], [ 79.7141296, 30.4947236 ], [ 79.7141864, 30.4947236 ], [ 79.7141891, 30.4947663 ], [ 79.7141296, 30.4947648 ] ] ] } },
{ "type": "Feature", "properties": { }, "geometry": { "type": "Polygon", "coordinates": [ [ [ 79.7142018, 30.4947927 ], [ 79.7142018, 30.4947445 ], [ 79.7142785, 30.4947453 ], [ 79.7142803, 30.4947927 ], [ 79.7142018, 30.4947927 ] ] ] } },
{ "type": "Feature", "properties": { }, "geometry": { "type": "Polygon", "coordinates": [ [ [ 79.7140331, 30.4947484 ], [ 79.7140277, 30.4947251 ], [ 79.7140962, 30.4947243 ], [ 79.7141025, 30.4947492 ], [ 79.7140331, 30.4947484 ] ] ] } },
{ "type": "Feature", "properties": { }, "geometry": { "type": "Polygon", "coordinates": [ [ [ 79.714329, 30.4947749 ], [ 79.7143326, 30.4947236 ], [ 79.7144616, 30.4947251 ], [ 79.7144616, 30.4947756 ], [ 79.714329, 30.4947749 ] ] ] } },
{ "type": "Feature", "properties": { }, "geometry": { "type": "Polygon", "coordinates": [ [ [ 79.7141359, 30.4947049 ], [ 79.7141341, 30.4946785 ], [ 79.714237, 30.4946738 ], [ 79.7142406, 30.4947041 ], [ 79.7141359, 30.4947049 ] ] ] } },
{ "type": "Feature", "properties": { }, "geometry": { "type": "Polygon", "coordinates": [ [ [ 79.7142478, 30.494715 ], [ 79.7142496, 30.4946971 ], [ 79.7142893, 30.4946963 ], [ 79.7142911, 30.4947158 ], [ 79.7142478, 30.494715 ] ] ] } },
{ "type": "Feature", "properties": { }, "geometry": { "type": "Polygon", "coordinates": [ [ [ 79.7142893, 30.4946963 ], [ 79.7142848, 30.4946466 ], [ 79.7143606, 30.4946482 ], [ 79.7143669, 30.4946971 ], [ 79.7142893, 30.4946963 ] ] ] } },
{ "type": "Feature", "properties": { }, "geometry": { "type": "Polygon", "coordinates": [ [ [ 79.714126, 30.4946567 ], [ 79.7141233, 30.4945673 ], [ 79.7141756, 30.494565 ], [ 79.7141783, 30.4946544 ], [ 79.714126, 30.4946567 ] ] ] } },
{ "type": "Feature", "properties": { }, "geometry": { "type": "Polygon", "coordinates": [ [ [ 79.7142872, 30.4950083 ], [ 79.714254, 30.4949369 ], [ 79.7143625, 30.4949105 ], [ 79.7143982, 30.4949775 ], [ 79.7142872, 30.4950083 ] ] ] } },
{ "type": "Feature", "properties": { }, "geometry": { "type": "Polygon", "coordinates": [ [ [ 79.7144174, 30.4949874 ], [ 79.7143957, 30.494938 ], [ 79.7145513, 30.4948808 ], [ 79.7145743, 30.4949325 ], [ 79.7144174, 30.4949874 ] ] ] } },
{ "type": "Feature", "properties": { }, "geometry": { "type": "Polygon", "coordinates": [ [ [ 79.7141979, 30.4946477 ], [ 79.7141966, 30.4945532 ], [ 79.7142719, 30.4945521 ], [ 79.7142681, 30.4946488 ], [ 79.7141979, 30.4946477 ] ] ] } },
{ "type": "Feature", "properties": { }, "geometry": { "type": "Polygon", "coordinates": [ [ [ 79.7143166, 30.494629 ], [ 79.714314, 30.494573 ], [ 79.7144595, 30.494573 ], [ 79.714462, 30.4946312 ], [ 79.7143166, 30.494629 ] ] ] } },
{ "type": "Feature", "properties": { }, "geometry": { "type": "Polygon", "coordinates": [ [ [ 79.7143013, 30.4945598 ], [ 79.7143013, 30.4945026 ], [ 79.7144556, 30.4945048 ], [ 79.7144569, 30.494562 ], [ 79.7143013, 30.4945598 ] ] ] } },
{ "type": "Feature", "properties": { }, "geometry": { "type": "Polygon", "coordinates": [ [ [ 79.7144148, 30.4947159 ], [ 79.7144123, 30.4946565 ], [ 79.7145475, 30.4946543 ], [ 79.7145462, 30.4947159 ], [ 79.7144148, 30.4947159 ] ] ] } },
{ "type": "Feature", "properties": { }, "geometry": { "type": "Polygon", "coordinates": [ [ [ 79.7144697, 30.494784 ], [ 79.7144735, 30.4947522 ], [ 79.7145079, 30.4947533 ], [ 79.7145079, 30.4947829 ], [ 79.7144697, 30.494784 ] ] ] } },
{ "type": "Feature", "properties": { }, "geometry": { "type": "Polygon", "coordinates": [ [ [ 79.7145271, 30.494772 ], [ 79.7145296, 30.4947258 ], [ 79.7146406, 30.4947192 ], [ 79.7146432, 30.4947676 ], [ 79.7145271, 30.494772 ] ] ] } },
{ "type": "Feature", "properties": { }, "geometry": { "type": "Polygon", "coordinates": [ [ [ 79.7145577, 30.4947049 ], [ 79.7145603, 30.4946411 ], [ 79.7146024, 30.49464 ], [ 79.7146024, 30.4946642 ], [ 79.7146355, 30.4946609 ], [ 79.7146355, 30.494706 ], [ 79.7145577, 30.4947049 ] ] ] } },
{ "type": "Feature", "properties": { }, "geometry": { "type": "Polygon", "coordinates": [ [ [ 79.7146623, 30.4947687 ], [ 79.7146598, 30.4947291 ], [ 79.7147427, 30.4947247 ], [ 79.7147516, 30.4947665 ], [ 79.7146623, 30.4947687 ] ] ] } },
{ "type": "Feature", "properties": { }, "geometry": { "type": "Polygon", "coordinates": [ [ [ 79.7146815, 30.4947115 ], [ 79.7147338, 30.4947137 ], [ 79.7147338, 30.4946796 ], [ 79.714684, 30.4946785 ], [ 79.7146815, 30.4947115 ] ] ] } },
{ "type": "Feature", "properties": { }, "geometry": { "type": "Polygon", "coordinates": [ [ [ 79.7147861, 30.4947434 ], [ 79.7147555, 30.4947093 ], [ 79.7148142, 30.494684 ], [ 79.7148422, 30.4947181 ], [ 79.7147861, 30.4947434 ] ] ] } },
{ "type": "Feature", "properties": { }, "geometry": { "type": "Polygon", "coordinates": [ [ [ 79.7147478, 30.494684 ], [ 79.7147427, 30.4946444 ], [ 79.7148078, 30.4946224 ], [ 79.7148103, 30.4946675 ], [ 79.7147478, 30.494684 ] ] ] } },
{ "type": "Feature", "properties": { }, "geometry": { "type": "Polygon", "coordinates": [ [ [ 79.7148244, 30.4946312 ], [ 79.7148256, 30.4945598 ], [ 79.714906, 30.4945598 ], [ 79.7149022, 30.4946334 ], [ 79.7148244, 30.4946312 ] ] ] } },
{ "type": "Feature", "properties": { }, "geometry": { "type": "Polygon", "coordinates": [ [ [ 79.7147491, 30.4948456 ], [ 79.714721, 30.4948071 ], [ 79.7148205, 30.4947687 ], [ 79.7148512, 30.494817 ], [ 79.7147491, 30.4948456 ] ] ] } },
{ "type": "Feature", "properties": { }, "geometry": { "type": "Polygon", "coordinates": [ [ [ 79.7148703, 30.494795 ], [ 79.7148231, 30.4947401 ], [ 79.7148882, 30.4947049 ], [ 79.7149315, 30.4947687 ], [ 79.7148703, 30.494795 ] ] ] } },
{ "type": "Feature", "properties": { }, "geometry": { "type": "Polygon", "coordinates": [ [ [ 79.7164079, 30.4943854 ], [ 79.7163682, 30.4943403 ], [ 79.7164278, 30.4943061 ], [ 79.7164657, 30.4943481 ], [ 79.7164079, 30.4943854 ] ] ] } },
{ "type": "Feature", "properties": { }, "geometry": { "type": "Polygon", "coordinates": [ [ [ 79.7134831, 30.4952013 ], [ 79.7134831, 30.4951375 ], [ 79.7136022, 30.4951422 ], [ 79.7136022, 30.4952044 ], [ 79.7134831, 30.4952013 ] ] ] } },
{ "type": "Feature", "properties": { }, "geometry": { "type": "Polygon", "coordinates": [ [ [ 79.7165176, 30.4973034 ], [ 79.7164671, 30.4972692 ], [ 79.7165068, 30.4972163 ], [ 79.7165519, 30.4972474 ], [ 79.7165176, 30.4973034 ] ] ] } },
{ "type": "Feature", "properties": { }, "geometry": { "type": "Polygon", "coordinates": [ [ [ 79.7162668, 30.4974075 ], [ 79.7163083, 30.4973764 ], [ 79.7163913, 30.4974604 ], [ 79.7163498, 30.497493 ], [ 79.7162668, 30.4974075 ] ] ] } },
{ "type": "Feature", "properties": { }, "geometry": { "type": "Polygon", "coordinates": [ [ [ 79.7164021, 30.4975817 ], [ 79.7163642, 30.4975397 ], [ 79.7164256, 30.4974993 ], [ 79.7164635, 30.4975397 ], [ 79.7164021, 30.4975817 ] ] ] } },
{ "type": "Feature", "properties": { }, "geometry": { "type": "Polygon", "coordinates": [ [ [ 79.716117, 30.4973329 ], [ 79.7161297, 30.4972785 ], [ 79.7162253, 30.4972894 ], [ 79.7162181, 30.4973485 ], [ 79.716117, 30.4973329 ] ] ] } },
{ "type": "Feature", "properties": { }, "geometry": { "type": "Polygon", "coordinates": [ [ [ 79.7157255, 30.4975786 ], [ 79.7156822, 30.4975335 ], [ 79.7157526, 30.4974791 ], [ 79.7157977, 30.497521 ], [ 79.7157255, 30.4975786 ] ] ] } },
{ "type": "Feature", "properties": { }, "geometry": { "type": "Polygon", "coordinates": [ [ [ 79.7158124, 30.4975195 ], [ 79.7157888, 30.4974936 ], [ 79.7158339, 30.4974622 ], [ 79.7158607, 30.4974909 ], [ 79.7158124, 30.4975195 ] ] ] } },
{ "type": "Feature", "properties": { }, "geometry": { "type": "Polygon", "coordinates": [ [ [ 79.7161879, 30.4973735 ], [ 79.7162287, 30.497355 ], [ 79.7162405, 30.4973753 ], [ 79.7162201, 30.4973993 ], [ 79.7161879, 30.4973735 ] ] ] } },
{ "type": "Feature", "properties": { }, "geometry": { "type": "Polygon", "coordinates": [ [ [ 79.7161225, 30.4974419 ], [ 79.7161257, 30.4973882 ], [ 79.7162051, 30.4974012 ], [ 79.716204, 30.4974465 ], [ 79.7161225, 30.4974419 ] ] ] } },
{ "type": "Feature", "properties": { }, "geometry": { "type": "Polygon", "coordinates": [ [ [ 79.7162168, 30.4976275 ], [ 79.7161657, 30.4975582 ], [ 79.7162295, 30.497522 ], [ 79.7162767, 30.4975912 ], [ 79.7162168, 30.4976275 ] ] ] } },
{ "type": "Feature", "properties": { }, "geometry": { "type": "Polygon", "coordinates": [ [ [ 79.7161925, 30.4976737 ], [ 79.7162563, 30.4976165 ], [ 79.7163227, 30.4976605 ], [ 79.7162665, 30.4977231 ], [ 79.7161925, 30.4976737 ] ] ] } },
{ "type": "Feature", "properties": { }, "geometry": { "type": "Polygon", "coordinates": [ [ [ 79.7162856, 30.4977517 ], [ 79.7163156, 30.4976963 ], [ 79.7163456, 30.4977166 ], [ 79.716322, 30.4977684 ], [ 79.7162856, 30.4977517 ] ] ] } },
{ "type": "Feature", "properties": { }, "geometry": { "type": "Polygon", "coordinates": [ [ [ 79.7163349, 30.4977868 ], [ 79.7163693, 30.4977166 ], [ 79.7164122, 30.4977351 ], [ 79.7163886, 30.4978016 ], [ 79.7163349, 30.4977868 ] ] ] } },
{ "type": "Feature", "properties": { }, "geometry": { "type": "Polygon", "coordinates": [ [ [ 79.7162899, 30.4979181 ], [ 79.7162941, 30.4978848 ], [ 79.7163607, 30.4978848 ], [ 79.7163585, 30.49792 ], [ 79.7162899, 30.4979181 ] ] ] } },
{ "type": "Feature", "properties": { }, "geometry": { "type": "Polygon", "coordinates": [ [ [ 79.7162727, 30.4978645 ], [ 79.7162748, 30.4978201 ], [ 79.7163714, 30.497822 ], [ 79.7163714, 30.4978682 ], [ 79.7162727, 30.4978645 ] ] ] } },
{ "type": "Feature", "properties": { }, "geometry": { "type": "Polygon", "coordinates": [ [ [ 79.7160688, 30.4979163 ], [ 79.7160731, 30.4978848 ], [ 79.7161547, 30.4978959 ], [ 79.7161504, 30.4979274 ], [ 79.7160688, 30.4979163 ] ] ] } },
{ "type": "Feature", "properties": { }, "geometry": { "type": "Polygon", "coordinates": [ [ [ 79.7161139, 30.4975409 ], [ 79.7160946, 30.497528 ], [ 79.7161289, 30.4974947 ], [ 79.716159, 30.4975188 ], [ 79.7161139, 30.4975409 ] ] ] } },
{ "type": "Feature", "properties": { }, "geometry": { "type": "Polygon", "coordinates": [ [ [ 79.7158822, 30.4978664 ], [ 79.71585, 30.4978275 ], [ 79.7159036, 30.4977813 ], [ 79.7159444, 30.4978183 ], [ 79.7158822, 30.4978664 ] ] ] } },
{ "type": "Feature", "properties": { }, "geometry": { "type": "Polygon", "coordinates": [ [ [ 79.7156933, 30.4978774 ], [ 79.7156826, 30.4978331 ], [ 79.7157427, 30.4978164 ], [ 79.7157577, 30.497859 ], [ 79.7156933, 30.4978774 ] ] ] } },
{ "type": "Feature", "properties": { }, "geometry": { "type": "Polygon", "coordinates": [ [ [ 79.715621, 30.4978884 ], [ 79.7156102, 30.4978588 ], [ 79.7156661, 30.4978479 ], [ 79.7156697, 30.4978821 ], [ 79.715621, 30.4978884 ] ] ] } },
{ "type": "Feature", "properties": { }, "geometry": { "type": "Polygon", "coordinates": [ [ [ 79.7151266, 30.4980563 ], [ 79.7151014, 30.4980018 ], [ 79.7153017, 30.4979412 ], [ 79.7153197, 30.4980003 ], [ 79.7151266, 30.4980563 ] ] ] } },
{ "type": "Feature", "properties": { }, "geometry": { "type": "Polygon", "coordinates": [ [ [ 79.7162874, 30.4982273 ], [ 79.7163283, 30.4982493 ], [ 79.7163589, 30.4981921 ], [ 79.7163232, 30.4981679 ], [ 79.7162874, 30.4982273 ] ] ] } },
{ "type": "Feature", "properties": { }, "geometry": { "type": "Polygon", "coordinates": [ [ [ 79.7163665, 30.4982339 ], [ 79.7163972, 30.4982471 ], [ 79.7164227, 30.4982009 ], [ 79.7163844, 30.4981833 ], [ 79.7163665, 30.4982339 ] ] ] } },
{ "type": "Feature", "properties": { }, "geometry": { "type": "Polygon", "coordinates": [ [ [ 79.7162982, 30.4984401 ], [ 79.7163176, 30.4984133 ], [ 79.7164195, 30.4984623 ], [ 79.7164002, 30.4984891 ], [ 79.7162982, 30.4984401 ] ] ] } },
{ "type": "Feature", "properties": { }, "geometry": { "type": "Polygon", "coordinates": [ [ [ 79.7163068, 30.4983975 ], [ 79.7163283, 30.4983707 ], [ 79.7164377, 30.498429 ], [ 79.7164184, 30.498453 ], [ 79.7163068, 30.4983975 ] ] ] } },
{ "type": "Feature", "properties": { }, "geometry": { "type": "Polygon", "coordinates": [ [ [ 79.7156028, 30.4981778 ], [ 79.7155992, 30.4981389 ], [ 79.7156659, 30.4981374 ], [ 79.7156659, 30.4981793 ], [ 79.7156028, 30.4981778 ] ] ] } },
{ "type": "Feature", "properties": { }, "geometry": { "type": "Polygon", "coordinates": [ [ [ 79.7156894, 30.4982198 ], [ 79.7156894, 30.4981918 ], [ 79.7158085, 30.4981824 ], [ 79.7158121, 30.4982135 ], [ 79.7156894, 30.4982198 ] ] ] } },
{ "type": "Feature", "properties": { }, "geometry": { "type": "Polygon", "coordinates": [ [ [ 79.715684, 30.4981731 ], [ 79.7156858, 30.4981265 ], [ 79.7158012, 30.4981234 ], [ 79.7158007, 30.4981718 ], [ 79.715684, 30.4981731 ] ] ] } },
{ "type": "Feature", "properties": { }, "geometry": { "type": "Polygon", "coordinates": [ [ [ 79.7156848, 30.4981145 ], [ 79.7156848, 30.498096 ], [ 79.715791, 30.4980904 ], [ 79.7157921, 30.4981108 ], [ 79.7156848, 30.4981145 ] ] ] } },
{ "type": "Feature", "properties": { }, "geometry": { "type": "Polygon", "coordinates": [ [ [ 79.7157567, 30.4982753 ], [ 79.7157567, 30.4982263 ], [ 79.7158286, 30.4982245 ], [ 79.7158297, 30.4982744 ], [ 79.7157567, 30.4982753 ] ] ] } },
{ "type": "Feature", "properties": { }, "geometry": { "type": "Polygon", "coordinates": [ [ [ 79.7158413, 30.4982508 ], [ 79.7158383, 30.4981226 ], [ 79.7159961, 30.4981213 ], [ 79.715993, 30.4982494 ], [ 79.7158413, 30.4982508 ] ] ] } },
{ "type": "Feature", "properties": { }, "geometry": { "type": "Polygon", "coordinates": [ [ [ 79.7162495, 30.4986992 ], [ 79.7162789, 30.4986509 ], [ 79.7163503, 30.498685 ], [ 79.7163235, 30.4987355 ], [ 79.7162495, 30.4986992 ] ] ] } },
{ "type": "Feature", "properties": { }, "geometry": { "type": "Polygon", "coordinates": [ [ [ 79.716173, 30.498663 ], [ 79.7162304, 30.4986894 ], [ 79.7162636, 30.4986333 ], [ 79.7162023, 30.4986113 ], [ 79.716173, 30.498663 ] ] ] } },
{ "type": "Feature", "properties": { }, "geometry": { "type": "Polygon", "coordinates": [ [ [ 79.7158719, 30.4987465 ], [ 79.7158706, 30.4986992 ], [ 79.7159688, 30.4986959 ], [ 79.7159701, 30.4987476 ], [ 79.7158719, 30.4987465 ] ] ] } },
{ "type": "Feature", "properties": { }, "geometry": { "type": "Polygon", "coordinates": [ [ [ 79.7158999, 30.4986553 ], [ 79.715965, 30.4986553 ], [ 79.7159739, 30.4985717 ], [ 79.7159025, 30.4985673 ], [ 79.7158999, 30.4986553 ] ] ] } },
{ "type": "Feature", "properties": { }, "geometry": { "type": "Polygon", "coordinates": [ [ [ 79.7157634, 30.498685 ], [ 79.7157621, 30.4986432 ], [ 79.7158374, 30.498641 ], [ 79.7158374, 30.4986839 ], [ 79.7157634, 30.498685 ] ] ] } },
{ "type": "Feature", "properties": { }, "geometry": { "type": "Polygon", "coordinates": [ [ [ 79.7156103, 30.4986959 ], [ 79.7156065, 30.4986278 ], [ 79.7156741, 30.4986289 ], [ 79.7156767, 30.4987003 ], [ 79.7156103, 30.4986959 ] ] ] } },
{ "type": "Feature", "properties": { }, "geometry": { "type": "Polygon", "coordinates": [ [ [ 79.7154661, 30.498597 ], [ 79.7155631, 30.4986036 ], [ 79.7155759, 30.4984904 ], [ 79.7154776, 30.498486 ], [ 79.7154661, 30.498597 ] ] ] } },
{ "type": "Feature", "properties": { }, "geometry": { "type": "Polygon", "coordinates": [ [ [ 79.7155223, 30.4987795 ], [ 79.7155261, 30.4987014 ], [ 79.7155963, 30.4987025 ], [ 79.7155912, 30.4987861 ], [ 79.7155223, 30.4987795 ] ] ] } },
{ "type": "Feature", "properties": { }, "geometry": { "type": "Polygon", "coordinates": [ [ [ 79.7154317, 30.4987047 ], [ 79.7154228, 30.4986597 ], [ 79.7153513, 30.4986586 ], [ 79.715359, 30.4986069 ], [ 79.7154993, 30.4986102 ], [ 79.7154917, 30.4987124 ], [ 79.7154317, 30.4987047 ] ] ] } },
{ "type": "Feature", "properties": { }, "geometry": { "type": "Polygon", "coordinates": [ [ [ 79.7153079, 30.4985915 ], [ 79.7153118, 30.4985453 ], [ 79.7154559, 30.4985486 ], [ 79.7154508, 30.4985937 ], [ 79.7153079, 30.4985915 ] ] ] } },
{ "type": "Feature", "properties": { }, "geometry": { "type": "Polygon", "coordinates": [ [ [ 79.7157877, 30.4985904 ], [ 79.7157864, 30.498542 ], [ 79.7158464, 30.4985431 ], [ 79.7158464, 30.4985904 ], [ 79.7157877, 30.4985904 ] ] ] } },
{ "type": "Feature", "properties": { }, "geometry": { "type": "Polygon", "coordinates": [ [ [ 79.7147415, 30.4987516 ], [ 79.7147415, 30.4987142 ], [ 79.7148104, 30.4987164 ], [ 79.7148104, 30.4987538 ], [ 79.7147415, 30.4987516 ] ] ] } },
{ "type": "Feature", "properties": { }, "geometry": { "type": "Polygon", "coordinates": [ [ [ 79.7137438, 30.4991364 ], [ 79.7137157, 30.4991012 ], [ 79.7137846, 30.4990726 ], [ 79.7138076, 30.4991122 ], [ 79.7137438, 30.4991364 ] ] ] } },
{ "type": "Feature", "properties": { }, "geometry": { "type": "Polygon", "coordinates": [ [ [ 79.7138561, 30.4991056 ], [ 79.7138203, 30.4990484 ], [ 79.7139045, 30.4990242 ], [ 79.7139326, 30.4990682 ], [ 79.7138561, 30.4991056 ] ] ] } },
{ "type": "Feature", "properties": { }, "geometry": { "type": "Polygon", "coordinates": [ [ [ 79.7137029, 30.4990682 ], [ 79.7137795, 30.4990396 ], [ 79.7137667, 30.4990044 ], [ 79.7136774, 30.4990242 ], [ 79.7137029, 30.4990682 ] ] ] } },
{ "type": "Feature", "properties": { }, "geometry": { "type": "Polygon", "coordinates": [ [ [ 79.7138203, 30.4990197 ], [ 79.7138546, 30.4990243 ], [ 79.7138798, 30.4989886 ], [ 79.7138492, 30.4989761 ], [ 79.7138203, 30.4990197 ] ] ] } },
{ "type": "Feature", "properties": { }, "geometry": { "type": "Polygon", "coordinates": [ [ [ 79.7134396, 30.498931 ], [ 79.7134396, 30.4988968 ], [ 79.7134865, 30.4988953 ], [ 79.7134883, 30.4989295 ], [ 79.7134396, 30.498931 ] ] ] } },
{ "type": "Feature", "properties": { }, "geometry": { "type": "Polygon", "coordinates": [ [ [ 79.7134522, 30.4988673 ], [ 79.7134522, 30.4988393 ], [ 79.7135136, 30.4988393 ], [ 79.7135136, 30.4988688 ], [ 79.7134522, 30.4988673 ] ] ] } },
{ "type": "Feature", "properties": { }, "geometry": { "type": "Polygon", "coordinates": [ [ [ 79.7135352, 30.4988968 ], [ 79.7135857, 30.4989015 ], [ 79.7135875, 30.4988284 ], [ 79.7135406, 30.4988253 ], [ 79.7135352, 30.4988968 ] ] ] } },
{ "type": "Feature", "properties": { }, "geometry": { "type": "Polygon", "coordinates": [ [ [ 79.7139358, 30.4989575 ], [ 79.7138853, 30.4989108 ], [ 79.7139394, 30.4988766 ], [ 79.7139863, 30.4989186 ], [ 79.7139358, 30.4989575 ] ] ] } },
{ "type": "Feature", "properties": { }, "geometry": { "type": "Polygon", "coordinates": [ [ [ 79.7140043, 30.4988906 ], [ 79.7139737, 30.4988533 ], [ 79.714026, 30.4988253 ], [ 79.7140531, 30.4988626 ], [ 79.7140043, 30.4988906 ] ] ] } },
{ "type": "Feature", "properties": { }, "geometry": { "type": "Polygon", "coordinates": [ [ [ 79.7139015, 30.4988222 ], [ 79.7138726, 30.4987709 ], [ 79.7140675, 30.4986978 ], [ 79.7141126, 30.498746 ], [ 79.7139015, 30.4988222 ] ] ] } },
{ "type": "Feature", "properties": { }, "geometry": { "type": "Polygon", "coordinates": [ [ [ 79.7141559, 30.4987211 ], [ 79.7141162, 30.4986916 ], [ 79.7141938, 30.498645 ], [ 79.7142353, 30.4986792 ], [ 79.7141559, 30.4987211 ] ] ] } },
{ "type": "Feature", "properties": { }, "geometry": { "type": "Polygon", "coordinates": [ [ [ 79.714349, 30.4986605 ], [ 79.7143183, 30.4986185 ], [ 79.7143977, 30.4985812 ], [ 79.7144266, 30.4986279 ], [ 79.714349, 30.4986605 ] ] ] } },
{ "type": "Feature", "properties": { }, "geometry": { "type": "Polygon", "coordinates": [ [ [ 79.7142588, 30.4986201 ], [ 79.7142407, 30.4985905 ], [ 79.7143255, 30.4985548 ], [ 79.714349, 30.4985874 ], [ 79.7142588, 30.4986201 ] ] ] } },
{ "type": "Feature", "properties": { }, "geometry": { "type": "Polygon", "coordinates": [ [ [ 79.7139845, 30.4982314 ], [ 79.7139845, 30.4981599 ], [ 79.7140531, 30.4981568 ], [ 79.714044, 30.4982314 ], [ 79.7139845, 30.4982314 ] ] ] } },
{ "type": "Feature", "properties": { }, "geometry": { "type": "Polygon", "coordinates": [ [ [ 79.7138383, 30.4982485 ], [ 79.7138456, 30.4981972 ], [ 79.7139556, 30.4982019 ], [ 79.7139556, 30.4982501 ], [ 79.7138383, 30.4982485 ] ] ] } },
{ "type": "Feature", "properties": { }, "geometry": { "type": "Polygon", "coordinates": [ [ [ 79.7136182, 30.4982143 ], [ 79.7136254, 30.4981521 ], [ 79.7136994, 30.4981537 ], [ 79.713694, 30.4982159 ], [ 79.7136182, 30.4982143 ] ] ] } },
{ "type": "Feature", "properties": { }, "geometry": { "type": "Polygon", "coordinates": [ [ [ 79.713712, 30.4982221 ], [ 79.713712, 30.4981443 ], [ 79.713842, 30.4981521 ], [ 79.7138275, 30.4982221 ], [ 79.713712, 30.4982221 ] ] ] } },
{ "type": "Feature", "properties": { }, "geometry": { "type": "Polygon", "coordinates": [ [ [ 79.7135623, 30.4980542 ], [ 79.7135569, 30.4980029 ], [ 79.71362, 30.4980029 ], [ 79.7136344, 30.4980542 ], [ 79.7135623, 30.4980542 ] ] ] } },
{ "type": "Feature", "properties": { }, "geometry": { "type": "Polygon", "coordinates": [ [ [ 79.7136543, 30.498048 ], [ 79.7136543, 30.4980013 ], [ 79.7137824, 30.4980044 ], [ 79.713786, 30.4980511 ], [ 79.7136543, 30.498048 ] ] ] } },
{ "type": "Feature", "properties": { }, "geometry": { "type": "Polygon", "coordinates": [ [ [ 79.7140549, 30.4980542 ], [ 79.7140531, 30.4979609 ], [ 79.7142533, 30.4979702 ], [ 79.7142588, 30.4980604 ], [ 79.7140549, 30.4980542 ] ] ] } },
{ "type": "Feature", "properties": { }, "geometry": { "type": "Polygon", "coordinates": [ [ [ 79.7138239, 30.497821 ], [ 79.7138221, 30.4977697 ], [ 79.7139376, 30.4977681 ], [ 79.7139394, 30.4978163 ], [ 79.7138239, 30.497821 ] ] ] } },
{ "type": "Feature", "properties": { }, "geometry": { "type": "Polygon", "coordinates": [ [ [ 79.7140061, 30.4978785 ], [ 79.7140098, 30.497821 ], [ 79.7140873, 30.497821 ], [ 79.7140837, 30.4978816 ], [ 79.7140061, 30.4978785 ] ] ] } },
{ "type": "Feature", "properties": { }, "geometry": { "type": "Polygon", "coordinates": [ [ [ 79.7141144, 30.497894 ], [ 79.7141162, 30.4978365 ], [ 79.7143165, 30.4978381 ], [ 79.7143147, 30.4978987 ], [ 79.7141144, 30.497894 ] ] ] } },
{ "type": "Feature", "properties": { }, "geometry": { "type": "Polygon", "coordinates": [ [ [ 79.7141587, 30.4979498 ], [ 79.7143157, 30.4979529 ], [ 79.7143157, 30.4979156 ], [ 79.7141587, 30.4979109 ], [ 79.7141587, 30.4979498 ] ] ] } },
{ "type": "Feature", "properties": { }, "geometry": { "type": "Polygon", "coordinates": [ [ [ 79.7143355, 30.4978861 ], [ 79.7143319, 30.4977974 ], [ 79.7144347, 30.497799 ], [ 79.7144293, 30.4978861 ], [ 79.7143355, 30.4978861 ] ] ] } },
{ "type": "Feature", "properties": { }, "geometry": { "type": "Polygon", "coordinates": [ [ [ 79.714451, 30.4978658 ], [ 79.714451, 30.4978394 ], [ 79.7144961, 30.4978425 ], [ 79.7144943, 30.4978658 ], [ 79.714451, 30.4978658 ] ] ] } },
{ "type": "Feature", "properties": { }, "geometry": { "type": "Polygon", "coordinates": [ [ [ 79.714451, 30.4978239 ], [ 79.7144528, 30.497785 ], [ 79.7144943, 30.4977834 ], [ 79.7144943, 30.4978254 ], [ 79.714451, 30.4978239 ] ] ] } },
{ "type": "Feature", "properties": { }, "geometry": { "type": "Polygon", "coordinates": [ [ [ 79.7141695, 30.4977524 ], [ 79.7141713, 30.4976995 ], [ 79.7142561, 30.4976979 ], [ 79.7142597, 30.4977586 ], [ 79.7141695, 30.4977524 ] ] ] } },
{ "type": "Feature", "properties": { }, "geometry": { "type": "Polygon", "coordinates": [ [ [ 79.714276, 30.4977415 ], [ 79.7142561, 30.4976979 ], [ 79.714359, 30.4976886 ], [ 79.7143608, 30.4977368 ], [ 79.714276, 30.4977415 ] ] ] } },
{ "type": "Feature", "properties": { }, "geometry": { "type": "Polygon", "coordinates": [ [ [ 79.7143914, 30.497729 ], [ 79.7143806, 30.4976529 ], [ 79.7145177, 30.4976404 ], [ 79.7145286, 30.4977135 ], [ 79.7143914, 30.497729 ] ] ] } },
{ "type": "Feature", "properties": { }, "geometry": { "type": "Polygon", "coordinates": [ [ [ 79.7150013, 30.4980478 ], [ 79.7149688, 30.4980167 ], [ 79.7150609, 30.49797 ], [ 79.7150897, 30.498012 ], [ 79.7150013, 30.4980478 ] ] ] } },
{ "type": "Feature", "properties": { }, "geometry": { "type": "Polygon", "coordinates": [ [ [ 79.7143824, 30.4974974 ], [ 79.714368, 30.4974352 ], [ 79.7144365, 30.497429 ], [ 79.7144564, 30.4974912 ], [ 79.7143824, 30.4974974 ] ] ] } },
{ "type": "Feature", "properties": { }, "geometry": { "type": "Polygon", "coordinates": [ [ [ 79.7144889, 30.4975052 ], [ 79.7144636, 30.497443 ], [ 79.7146224, 30.497429 ], [ 79.7146422, 30.497488 ], [ 79.7144889, 30.4975052 ] ] ] } },
{ "type": "Feature", "properties": { }, "geometry": { "type": "Polygon", "coordinates": [ [ [ 79.7146603, 30.4975067 ], [ 79.7146567, 30.4974601 ], [ 79.7147108, 30.4974507 ], [ 79.7147144, 30.4974912 ], [ 79.7146603, 30.4975067 ] ] ] } },
{ "type": "Feature", "properties": { }, "geometry": { "type": "Polygon", "coordinates": [ [ [ 79.7146459, 30.4974445 ], [ 79.7146946, 30.4974383 ], [ 79.7146837, 30.4973917 ], [ 79.7146386, 30.497401 ], [ 79.7146459, 30.4974445 ] ] ] } },
{ "type": "Feature", "properties": { }, "geometry": { "type": "Polygon", "coordinates": [ [ [ 79.7146134, 30.4973917 ], [ 79.7146747, 30.497373 ], [ 79.7146567, 30.4973248 ], [ 79.7145989, 30.497345 ], [ 79.7146134, 30.4973917 ] ] ] } },
{ "type": "Feature", "properties": { }, "geometry": { "type": "Polygon", "coordinates": [ [ [ 79.7147307, 30.4974834 ], [ 79.7147252, 30.4974461 ], [ 79.7147722, 30.497429 ], [ 79.7147812, 30.4974725 ], [ 79.7147307, 30.4974834 ] ] ] } },
{ "type": "Feature", "properties": { }, "geometry": { "type": "Polygon", "coordinates": [ [ [ 79.7148028, 30.4974585 ], [ 79.7147992, 30.4973963 ], [ 79.7148894, 30.4973979 ], [ 79.7148931, 30.4974678 ], [ 79.7148028, 30.4974585 ] ] ] } },
{ "type": "Feature", "properties": { }, "geometry": { "type": "Polygon", "coordinates": [ [ [ 79.7173137, 30.4940227 ], [ 79.717375, 30.493959 ], [ 79.7175067, 30.4940414 ], [ 79.7174364, 30.4941051 ], [ 79.7173137, 30.4940227 ] ] ] } },
{ "type": "Feature", "properties": { }, "geometry": { "type": "Polygon", "coordinates": [ [ [ 79.7171087, 30.4952729 ], [ 79.7171421, 30.4952389 ], [ 79.7172149, 30.495286 ], [ 79.7171785, 30.4953252 ], [ 79.7171087, 30.4952729 ] ] ] } },
{ "type": "Feature", "properties": { }, "geometry": { "type": "Polygon", "coordinates": [ [ [ 79.7171087, 30.4951762 ], [ 79.7171634, 30.4951343 ], [ 79.7172787, 30.4952363 ], [ 79.7172544, 30.4952729 ], [ 79.7171087, 30.4951762 ] ] ] } },
{ "type": "Feature", "properties": { }, "geometry": { "type": "Polygon", "coordinates": [ [ [ 79.7173303, 30.4951657 ], [ 79.7173576, 30.4951291 ], [ 79.7174213, 30.49515 ], [ 79.7174092, 30.4951866 ], [ 79.7173303, 30.4951657 ] ] ] } },
{ "type": "Feature", "properties": { }, "geometry": { "type": "Polygon", "coordinates": [ [ [ 79.7170754, 30.4950454 ], [ 79.71713, 30.4950245 ], [ 79.7172726, 30.4951448 ], [ 79.7172311, 30.4951706 ], [ 79.7170754, 30.4950454 ] ] ] } },
{ "type": "Feature", "properties": { }, "geometry": { "type": "Polygon", "coordinates": [ [ [ 79.717002, 30.4949545 ], [ 79.7170507, 30.4949265 ], [ 79.7169785, 30.4948317 ], [ 79.716937, 30.4948659 ], [ 79.717002, 30.4949545 ] ] ] } },
{ "type": "Feature", "properties": { }, "geometry": { "type": "Polygon", "coordinates": [ [ [ 79.7168342, 30.4948519 ], [ 79.7168576, 30.4948286 ], [ 79.716937, 30.4948659 ], [ 79.7169027, 30.4949017 ], [ 79.7168342, 30.4948519 ] ] ] } },
{ "type": "Feature", "properties": { }, "geometry": { "type": "Polygon", "coordinates": [ [ [ 79.7167909, 30.4947726 ], [ 79.7168251, 30.4947135 ], [ 79.716928, 30.4947726 ], [ 79.7168991, 30.4948208 ], [ 79.7167909, 30.4947726 ] ] ] } },
{ "type": "Feature", "properties": { }, "geometry": { "type": "Polygon", "coordinates": [ [ [ 79.7168522, 30.4946949 ], [ 79.7168811, 30.4946545 ], [ 79.7169713, 30.4946933 ], [ 79.7169424, 30.4947384 ], [ 79.7168522, 30.4946949 ] ] ] } },
{ "type": "Feature", "properties": { }, "geometry": { "type": "Polygon", "coordinates": [ [ [ 79.7127217, 30.4983018 ], [ 79.7127217, 30.4982495 ], [ 79.7129099, 30.4982417 ], [ 79.7129099, 30.4983018 ], [ 79.7127217, 30.4983018 ] ] ] } },
{ "type": "Feature", "properties": { }, "geometry": { "type": "Polygon", "coordinates": [ [ [ 79.7125267, 30.4983631 ], [ 79.7125235, 30.4982753 ], [ 79.7127091, 30.4982799 ], [ 79.7127091, 30.4983631 ], [ 79.7125267, 30.4983631 ] ] ] } },
{ "type": "Feature", "properties": { }, "geometry": { "type": "Polygon", "coordinates": [ [ [ 79.7123529, 30.4983844 ], [ 79.7123518, 30.4983123 ], [ 79.7124773, 30.4983132 ], [ 79.7124773, 30.4983863 ], [ 79.7123529, 30.4983844 ] ] ] } },
{ "type": "Feature", "properties": { }, "geometry": { "type": "Polygon", "coordinates": [ [ [ 79.7118969, 30.4984121 ], [ 79.7118991, 30.4983502 ], [ 79.7119806, 30.4983548 ], [ 79.7119795, 30.498414 ], [ 79.7118969, 30.4984121 ] ] ] } },
{ "type": "Feature", "properties": { }, "geometry": { "type": "Polygon", "coordinates": [ [ [ 79.7115159, 30.4983633 ], [ 79.7115449, 30.4983199 ], [ 79.711605, 30.4983411 ], [ 79.7115599, 30.498392 ], [ 79.7115159, 30.4983633 ] ] ] } },
{ "type": "Feature", "properties": { }, "geometry": { "type": "Polygon", "coordinates": [ [ [ 79.7113196, 30.4983772 ], [ 79.7113732, 30.4983005 ], [ 79.7115256, 30.4983837 ], [ 79.7114752, 30.4984539 ], [ 79.7113196, 30.4983772 ] ] ] } },
{ "type": "Feature", "properties": { }, "geometry": { "type": "Polygon", "coordinates": [ [ [ 79.7122835, 30.4981733 ], [ 79.7122745, 30.498136 ], [ 79.7123539, 30.4981174 ], [ 79.7123539, 30.4981671 ], [ 79.7122835, 30.4981733 ] ] ] } },
{ "type": "Feature", "properties": { }, "geometry": { "type": "Polygon", "coordinates": [ [ [ 79.7124333, 30.4977815 ], [ 79.7124333, 30.4977536 ], [ 79.7124838, 30.4977536 ], [ 79.7124838, 30.4977815 ], [ 79.7124333, 30.4977815 ] ] ] } },
{ "type": "Feature", "properties": { }, "geometry": { "type": "Polygon", "coordinates": [ [ [ 79.7124296, 30.4977473 ], [ 79.7124296, 30.4976743 ], [ 79.7125514, 30.4976774 ], [ 79.7125496, 30.4977504 ], [ 79.7124296, 30.4977473 ] ] ] } },
{ "type": "Feature", "properties": { }, "geometry": { "type": "Polygon", "coordinates": [ [ [ 79.711692, 30.4980606 ], [ 79.7116996, 30.4980035 ], [ 79.71184, 30.4980233 ], [ 79.7118374, 30.498076 ], [ 79.711692, 30.4980606 ] ] ] } },
{ "type": "Feature", "properties": { }, "geometry": { "type": "Polygon", "coordinates": [ [ [ 79.7116894, 30.4979221 ], [ 79.7117124, 30.4978715 ], [ 79.7118961, 30.4979221 ], [ 79.7118731, 30.4979859 ], [ 79.7116894, 30.4979221 ] ] ] } },
{ "type": "Feature", "properties": { }, "geometry": { "type": "Polygon", "coordinates": [ [ [ 79.7117328, 30.4978561 ], [ 79.7117404, 30.497788 ], [ 79.7118042, 30.4978012 ], [ 79.711794, 30.4978671 ], [ 79.7117328, 30.4978561 ] ] ] } },
{ "type": "Feature", "properties": { }, "geometry": { "type": "Polygon", "coordinates": [ [ [ 79.7118221, 30.4978408 ], [ 79.7118042, 30.4978012 ], [ 79.7118731, 30.4978034 ], [ 79.711891, 30.4978474 ], [ 79.7118221, 30.4978408 ] ] ] } },
{ "type": "Feature", "properties": { }, "geometry": { "type": "Polygon", "coordinates": [ [ [ 79.7119344, 30.4978869 ], [ 79.7119369, 30.4978166 ], [ 79.7121895, 30.4978298 ], [ 79.7121844, 30.4978979 ], [ 79.7119344, 30.4978869 ] ] ] } },
{ "type": "Feature", "properties": { }, "geometry": { "type": "Polygon", "coordinates": [ [ [ 79.7117558, 30.497766 ], [ 79.711766, 30.4976495 ], [ 79.7118246, 30.4976495 ], [ 79.7118119, 30.4977726 ], [ 79.7117558, 30.497766 ] ] ] } },
{ "type": "Feature", "properties": { }, "geometry": { "type": "Polygon", "coordinates": [ [ [ 79.7118374, 30.4977704 ], [ 79.7118451, 30.4976715 ], [ 79.7119829, 30.4976737 ], [ 79.7119752, 30.4977836 ], [ 79.7118374, 30.4977704 ] ] ] } },
{ "type": "Feature", "properties": { }, "geometry": { "type": "Polygon", "coordinates": [ [ [ 79.7113908, 30.4978825 ], [ 79.7114266, 30.4978276 ], [ 79.7115082, 30.4978583 ], [ 79.7114623, 30.4979199 ], [ 79.7113908, 30.4978825 ] ] ] } },
{ "type": "Feature", "properties": { }, "geometry": { "type": "Polygon", "coordinates": [ [ [ 79.7115184, 30.4979023 ], [ 79.7115465, 30.4978627 ], [ 79.7116562, 30.4978935 ], [ 79.7116307, 30.4979419 ], [ 79.7115184, 30.4979023 ] ] ] } },
{ "type": "Feature", "properties": { }, "geometry": { "type": "Polygon", "coordinates": [ [ [ 79.7118451, 30.4975791 ], [ 79.7118425, 30.4975131 ], [ 79.7119675, 30.4975175 ], [ 79.7119599, 30.4975923 ], [ 79.7118451, 30.4975791 ] ] ] } },
{ "type": "Feature", "properties": { }, "geometry": { "type": "Polygon", "coordinates": [ [ [ 79.7116765, 30.4974644 ], [ 79.7116752, 30.497426 ], [ 79.7117977, 30.4974414 ], [ 79.7118015, 30.497482 ], [ 79.7116765, 30.4974644 ] ] ] } },
{ "type": "Feature", "properties": { }, "geometry": { "type": "Polygon", "coordinates": [ [ [ 79.7118168, 30.4974875 ], [ 79.7118168, 30.4974578 ], [ 79.7118946, 30.4974578 ], [ 79.7118972, 30.4974886 ], [ 79.7118168, 30.4974875 ] ] ] } },
{ "type": "Feature", "properties": { }, "geometry": { "type": "Polygon", "coordinates": [ [ [ 79.7118104, 30.4974337 ], [ 79.7118206, 30.4973886 ], [ 79.711901, 30.4973963 ], [ 79.7118946, 30.4974447 ], [ 79.7118104, 30.4974337 ] ] ] } },
{ "type": "Feature", "properties": { }, "geometry": { "type": "Polygon", "coordinates": [ [ [ 79.7119099, 30.4974996 ], [ 79.7119112, 30.4974699 ], [ 79.7119648, 30.4974732 ], [ 79.7119648, 30.4974974 ], [ 79.7119099, 30.4974996 ] ] ] } },
{ "type": "Feature", "properties": { }, "geometry": { "type": "Polygon", "coordinates": [ [ [ 79.7119827, 30.4975183 ], [ 79.7119788, 30.497449 ], [ 79.7120669, 30.4974523 ], [ 79.7120758, 30.4975227 ], [ 79.7119827, 30.4975183 ] ] ] } },
{ "type": "Feature", "properties": { }, "geometry": { "type": "Polygon", "coordinates": [ [ [ 79.711924, 30.4974249 ], [ 79.711924, 30.4973589 ], [ 79.7120477, 30.4973655 ], [ 79.7120414, 30.4974315 ], [ 79.711924, 30.4974249 ] ] ] } },
{ "type": "Feature", "properties": { }, "geometry": { "type": "Polygon", "coordinates": [ [ [ 79.7120567, 30.4974073 ], [ 79.7120592, 30.4973732 ], [ 79.7121664, 30.4973842 ], [ 79.7121613, 30.4974139 ], [ 79.7120567, 30.4974073 ] ] ] } },
{ "type": "Feature", "properties": { }, "geometry": { "type": "Polygon", "coordinates": [ [ [ 79.7122213, 30.4973435 ], [ 79.71222, 30.4972984 ], [ 79.7123412, 30.4973061 ], [ 79.7123323, 30.4973446 ], [ 79.7122213, 30.4973435 ] ] ] } },
{ "type": "Feature", "properties": { }, "geometry": { "type": "Polygon", "coordinates": [ [ [ 79.7116484, 30.4976777 ], [ 79.7116484, 30.4976293 ], [ 79.7117556, 30.4976359 ], [ 79.7117505, 30.4976909 ], [ 79.7116484, 30.4976777 ] ] ] } },
{ "type": "Feature", "properties": { }, "geometry": { "type": "Polygon", "coordinates": [ [ [ 79.7112682, 30.4978327 ], [ 79.7113167, 30.4977877 ], [ 79.7113945, 30.4978371 ], [ 79.7113524, 30.4978844 ], [ 79.7112682, 30.4978327 ] ] ] } },
{ "type": "Feature", "properties": { }, "geometry": { "type": "Polygon", "coordinates": [ [ [ 79.7114673, 30.4979978 ], [ 79.7114718, 30.4979311 ], [ 79.7115507, 30.4979625 ], [ 79.7115522, 30.4980278 ], [ 79.7114673, 30.4979978 ] ] ] } },
{ "type": "Feature", "properties": { }, "geometry": { "type": "Polygon", "coordinates": [ [ [ 79.7108118, 30.4976788 ], [ 79.7108452, 30.4976291 ], [ 79.7109908, 30.4976945 ], [ 79.7109453, 30.4977468 ], [ 79.7108118, 30.4976788 ] ] ] } },
{ "type": "Feature", "properties": { }, "geometry": { "type": "Polygon", "coordinates": [ [ [ 79.7110955, 30.497667 ], [ 79.7111198, 30.4975977 ], [ 79.7113019, 30.4976644 ], [ 79.7112548, 30.4977376 ], [ 79.7110955, 30.497667 ] ] ] } },
{ "type": "Feature", "properties": { }, "geometry": { "type": "Polygon", "coordinates": [ [ [ 79.7112791, 30.4977572 ], [ 79.7113277, 30.4976722 ], [ 79.7113959, 30.497718 ], [ 79.7113398, 30.4977847 ], [ 79.7112791, 30.4977572 ] ] ] } },
{ "type": "Feature", "properties": { }, "geometry": { "type": "Polygon", "coordinates": [ [ [ 79.7113656, 30.4977886 ], [ 79.7114157, 30.4977206 ], [ 79.7115659, 30.497786 ], [ 79.7115279, 30.4978461 ], [ 79.7113656, 30.4977886 ] ] ] } },
{ "type": "Feature", "properties": { }, "geometry": { "type": "Polygon", "coordinates": [ [ [ 79.7114141, 30.4977062 ], [ 79.7114475, 30.4976696 ], [ 79.7115355, 30.4977193 ], [ 79.7115188, 30.4977533 ], [ 79.7114141, 30.4977062 ] ] ] } },
{ "type": "Feature", "properties": { }, "geometry": { "type": "Polygon", "coordinates": [ [ [ 79.7113474, 30.4976226 ], [ 79.7113701, 30.4975546 ], [ 79.7115977, 30.4976474 ], [ 79.711575, 30.4977036 ], [ 79.7113474, 30.4976226 ] ] ] } },
{ "type": "Feature", "properties": { }, "geometry": { "type": "Polygon", "coordinates": [ [ [ 79.7110227, 30.4975324 ], [ 79.7110697, 30.4974539 ], [ 79.7112715, 30.4975415 ], [ 79.711226, 30.4976186 ], [ 79.7110227, 30.4975324 ] ] ] } },
{ "type": "Feature", "properties": { }, "geometry": { "type": "Polygon", "coordinates": [ [ [ 79.7108664, 30.4974317 ], [ 79.7108968, 30.4973768 ], [ 79.7109908, 30.4974147 ], [ 79.7109544, 30.497484 ], [ 79.7108664, 30.4974317 ] ] ] } },
{ "type": "Feature", "properties": { }, "geometry": { "type": "Polygon", "coordinates": [ [ [ 79.7103211, 30.4973914 ], [ 79.7103392, 30.4973448 ], [ 79.710433, 30.4973727 ], [ 79.7104204, 30.4974163 ], [ 79.7103211, 30.4973914 ] ] ] } },
{ "type": "Feature", "properties": { }, "geometry": { "type": "Polygon", "coordinates": [ [ [ 79.7101443, 30.4973323 ], [ 79.7101696, 30.4972732 ], [ 79.7102436, 30.4973043 ], [ 79.7102147, 30.4973603 ], [ 79.7101443, 30.4973323 ] ] ] } },
{ "type": "Feature", "properties": { }, "geometry": { "type": "Polygon", "coordinates": [ [ [ 79.7082095, 30.4963037 ], [ 79.7082311, 30.496254 ], [ 79.7083646, 30.4962882 ], [ 79.7083394, 30.496341 ], [ 79.7082095, 30.4963037 ] ] ] } },
{ "type": "Feature", "properties": { }, "geometry": { "type": "Polygon", "coordinates": [ [ [ 79.7077584, 30.4961607 ], [ 79.7077836, 30.4961203 ], [ 79.7078702, 30.4961576 ], [ 79.7078305, 30.4962042 ], [ 79.7077584, 30.4961607 ] ] ] } },
{ "type": "Feature", "properties": { }, "geometry": { "type": "Polygon", "coordinates": [ [ [ 79.7076057, 30.4961456 ], [ 79.7076032, 30.4961104 ], [ 79.707667, 30.4961148 ], [ 79.7076619, 30.4961544 ], [ 79.7076057, 30.4961456 ] ] ] } },
{ "type": "Feature", "properties": { }, "geometry": { "type": "Polygon", "coordinates": [ [ [ 79.7075292, 30.4961412 ], [ 79.7075266, 30.4961038 ], [ 79.7075598, 30.4961038 ], [ 79.7075598, 30.4961368 ], [ 79.7075292, 30.4961412 ] ] ] } },
{ "type": "Feature", "properties": { }, "geometry": { "type": "Polygon", "coordinates": [ [ [ 79.7074081, 30.4961254 ], [ 79.7074063, 30.4960803 ], [ 79.707482, 30.496085 ], [ 79.7074784, 30.496141 ], [ 79.7074081, 30.4961254 ] ] ] } },
{ "type": "Feature", "properties": { }, "geometry": { "type": "Polygon", "coordinates": [ [ [ 79.7071518, 30.4960228 ], [ 79.7071627, 30.4960042 ], [ 79.7072222, 30.4960368 ], [ 79.7072006, 30.4960648 ], [ 79.7071518, 30.4960228 ] ] ] } },
{ "type": "Feature", "properties": { }, "geometry": { "type": "Polygon", "coordinates": [ [ [ 79.7069498, 30.4960928 ], [ 79.7069732, 30.4960586 ], [ 79.7070508, 30.4960943 ], [ 79.7070364, 30.4961332 ], [ 79.7069498, 30.4960928 ] ] ] } },
{ "type": "Feature", "properties": { }, "geometry": { "type": "Polygon", "coordinates": [ [ [ 79.7072655, 30.4962125 ], [ 79.7072727, 30.4961736 ], [ 79.707307, 30.496183 ], [ 79.7073052, 30.4962234 ], [ 79.7072655, 30.4962125 ] ] ] } },
{ "type": "Feature", "properties": { }, "geometry": { "type": "Polygon", "coordinates": [ [ [ 79.7074067, 30.4962405 ], [ 79.7074031, 30.4962047 ], [ 79.7074356, 30.4962001 ], [ 79.7074374, 30.4962389 ], [ 79.7074067, 30.4962405 ] ] ] } },
{ "type": "Feature", "properties": { }, "geometry": { "type": "Polygon", "coordinates": [ [ [ 79.7034281, 30.4950949 ], [ 79.7034753, 30.4950062 ], [ 79.7036598, 30.4950876 ], [ 79.7036083, 30.4951911 ], [ 79.7034281, 30.4950949 ] ] ] } },
{ "type": "Feature", "properties": { }, "geometry": { "type": "Polygon", "coordinates": [ [ [ 79.7033766, 30.49518 ], [ 79.7034152, 30.495143 ], [ 79.7035053, 30.4951911 ], [ 79.7034796, 30.4952244 ], [ 79.7033766, 30.49518 ] ] ] } },
{ "type": "Feature", "properties": { }, "geometry": { "type": "Polygon", "coordinates": [ [ [ 79.7036598, 30.4952761 ], [ 79.7037027, 30.49518 ], [ 79.7037757, 30.4952022 ], [ 79.7037328, 30.495302 ], [ 79.7036598, 30.4952761 ] ] ] } },
{ "type": "Feature", "properties": { }, "geometry": { "type": "Polygon", "coordinates": [ [ [ 79.7042392, 30.4954352 ], [ 79.7043121, 30.4954056 ], [ 79.7043293, 30.4954389 ], [ 79.7042735, 30.4954795 ], [ 79.7042392, 30.4954352 ] ] ] } },
{ "type": "Feature", "properties": { }, "geometry": { "type": "Polygon", "coordinates": [ [ [ 79.7044752, 30.4963929 ], [ 79.7045525, 30.4964336 ], [ 79.704664, 30.4962968 ], [ 79.7045868, 30.4962524 ], [ 79.7044752, 30.4963929 ] ] ] } },
{ "type": "Feature", "properties": { }, "geometry": { "type": "Polygon", "coordinates": [ [ [ 79.7049044, 30.496441 ], [ 79.7049129, 30.4962968 ], [ 79.7051833, 30.4962857 ], [ 79.7052691, 30.4964373 ], [ 79.7049044, 30.496441 ] ] ] } },
{ "type": "Feature", "properties": { }, "geometry": { "type": "Polygon", "coordinates": [ [ [ 79.7049301, 30.4961932 ], [ 79.7049387, 30.4960971 ], [ 79.705282, 30.4961119 ], [ 79.705282, 30.496208 ], [ 79.7049301, 30.4961932 ] ] ] } },
{ "type": "Feature", "properties": { }, "geometry": { "type": "Polygon", "coordinates": [ [ [ 79.7053121, 30.4961952 ], [ 79.7053121, 30.4961423 ], [ 79.7053716, 30.4961361 ], [ 79.7053734, 30.4961921 ], [ 79.7053121, 30.4961952 ] ] ] } },
{ "type": "Feature", "properties": { }, "geometry": { "type": "Polygon", "coordinates": [ [ [ 79.7053445, 30.4961081 ], [ 79.7053445, 30.496077 ], [ 79.7054149, 30.4960739 ], [ 79.7054167, 30.4961034 ], [ 79.7053445, 30.4961081 ] ] ] } },
{ "type": "Feature", "properties": { }, "geometry": { "type": "Polygon", "coordinates": [ [ [ 79.7051767, 30.4960148 ], [ 79.7051803, 30.4959106 ], [ 79.7054059, 30.4959169 ], [ 79.7054059, 30.496021 ], [ 79.7051767, 30.4960148 ] ] ] } },
{ "type": "Feature", "properties": { }, "geometry": { "type": "Polygon", "coordinates": [ [ [ 79.7043539, 30.4958236 ], [ 79.7044027, 30.495794 ], [ 79.7043052, 30.4957085 ], [ 79.7042763, 30.4957225 ], [ 79.7043539, 30.4958236 ] ] ] } },
{ "type": "Feature", "properties": { }, "geometry": { "type": "Polygon", "coordinates": [ [ [ 79.7043575, 30.495892 ], [ 79.7043864, 30.4958702 ], [ 79.7044243, 30.4959091 ], [ 79.704399, 30.4959293 ], [ 79.7043575, 30.495892 ] ] ] } },
{ "type": "Feature", "properties": { }, "geometry": { "type": "Polygon", "coordinates": [ [ [ 79.7044153, 30.4958733 ], [ 79.704446, 30.4958531 ], [ 79.7044081, 30.4958174 ], [ 79.7043702, 30.4958298 ], [ 79.7044153, 30.4958733 ] ] ] } },
{ "type": "Feature", "properties": { }, "geometry": { "type": "Polygon", "coordinates": [ [ [ 79.704446, 30.4958998 ], [ 79.704482, 30.4958733 ], [ 79.7045199, 30.4959091 ], [ 79.7044911, 30.4959309 ], [ 79.704446, 30.4958998 ] ] ] } },
{ "type": "Feature", "properties": { }, "geometry": { "type": "Polygon", "coordinates": [ [ [ 79.7045001, 30.4959526 ], [ 79.7045362, 30.4959309 ], [ 79.7045795, 30.4959697 ], [ 79.7045542, 30.4959899 ], [ 79.7045221, 30.4959678 ], [ 79.7045001, 30.4959526 ] ] ] } },
{ "type": "Feature", "properties": { }, "geometry": { "type": "Polygon", "coordinates": [ [ [ 79.7045109, 30.4960179 ], [ 79.7045434, 30.4959993 ], [ 79.7045221, 30.4959678 ], [ 79.7044965, 30.4959837 ], [ 79.7045109, 30.4960179 ] ] ] } },
{ "type": "Feature", "properties": { }, "geometry": { "type": "Polygon", "coordinates": [ [ [ 79.704446, 30.4960677 ], [ 79.7044099, 30.4960304 ], [ 79.7044676, 30.4959899 ], [ 79.7045163, 30.496035 ], [ 79.704446, 30.4960677 ] ] ] } },
{ "type": "Feature", "properties": { }, "geometry": { "type": "Polygon", "coordinates": [ [ [ 79.7047689, 30.4958998 ], [ 79.7048014, 30.4958578 ], [ 79.7048772, 30.4958858 ], [ 79.7048628, 30.4959246 ], [ 79.7047689, 30.4958998 ] ] ] } },
{ "type": "Feature", "properties": { }, "geometry": { "type": "Polygon", "coordinates": [ [ [ 79.7046102, 30.4958733 ], [ 79.7046264, 30.4958438 ], [ 79.7046769, 30.4958593 ], [ 79.7046571, 30.4958873 ], [ 79.7046102, 30.4958733 ] ] ] } },
{ "type": "Feature", "properties": { }, "geometry": { "type": "Polygon", "coordinates": [ [ [ 79.7046625, 30.4958376 ], [ 79.7046625, 30.4958111 ], [ 79.7047148, 30.4958127 ], [ 79.7047148, 30.4958407 ], [ 79.7046625, 30.4958376 ] ] ] } },
{ "type": "Feature", "properties": { }, "geometry": { "type": "Polygon", "coordinates": [ [ [ 79.7045542, 30.4957723 ], [ 79.7045849, 30.4957334 ], [ 79.7046535, 30.4957754 ], [ 79.7046246, 30.4958111 ], [ 79.7045542, 30.4957723 ] ] ] } },
{ "type": "Feature", "properties": { }, "geometry": { "type": "Polygon", "coordinates": [ [ [ 79.7044135, 30.4955904 ], [ 79.7044947, 30.4955204 ], [ 79.7045632, 30.4955733 ], [ 79.7045073, 30.4956292 ], [ 79.7044135, 30.4955904 ] ] ] } },
{ "type": "Feature", "properties": { }, "geometry": { "type": "Polygon", "coordinates": [ [ [ 79.7044983, 30.4956712 ], [ 79.7045687, 30.4957147 ], [ 79.7046372, 30.4956152 ], [ 79.7045831, 30.4955733 ], [ 79.7044983, 30.4956712 ] ] ] } },
{ "type": "Feature", "properties": { }, "geometry": { "type": "Polygon", "coordinates": [ [ [ 79.7048014, 30.4958329 ], [ 79.7048429, 30.4957785 ], [ 79.7049349, 30.4958205 ], [ 79.7049043, 30.4958827 ], [ 79.7048014, 30.4958329 ] ] ] } },
{ "type": "Feature", "properties": { }, "geometry": { "type": "Polygon", "coordinates": [ [ [ 79.7046553, 30.4957101 ], [ 79.7046643, 30.4956665 ], [ 79.7047076, 30.4956759 ], [ 79.7047076, 30.4957132 ], [ 79.7046553, 30.4957101 ] ] ] } },
{ "type": "Feature", "properties": { }, "geometry": { "type": "Polygon", "coordinates": [ [ [ 79.7047365, 30.495721 ], [ 79.7047292, 30.4956836 ], [ 79.7047816, 30.4956836 ], [ 79.7047888, 30.4957178 ], [ 79.7047365, 30.495721 ] ] ] } },
{ "type": "Feature", "properties": { }, "geometry": { "type": "Polygon", "coordinates": [ [ [ 79.7048898, 30.4957614 ], [ 79.7049277, 30.4957287 ], [ 79.7049746, 30.4957614 ], [ 79.7049422, 30.4957925 ], [ 79.7048898, 30.4957614 ] ] ] } },
{ "type": "Feature", "properties": { }, "geometry": { "type": "Polygon", "coordinates": [ [ [ 79.7050504, 30.4956557 ], [ 79.7050486, 30.4956075 ], [ 79.7052038, 30.4956044 ], [ 79.7052056, 30.495651 ], [ 79.7050504, 30.4956557 ] ] ] } },
{ "type": "Feature", "properties": { }, "geometry": { "type": "Polygon", "coordinates": [ [ [ 79.7050089, 30.4958593 ], [ 79.7050053, 30.4958298 ], [ 79.7050667, 30.4958298 ], [ 79.7050757, 30.4958609 ], [ 79.7050089, 30.4958593 ] ] ] } },
{ "type": "Feature", "properties": { }, "geometry": { "type": "Polygon", "coordinates": [ [ [ 79.7050107, 30.4958018 ], [ 79.705036, 30.4957847 ], [ 79.7050125, 30.4957536 ], [ 79.7049891, 30.4957707 ], [ 79.7050107, 30.4958018 ] ] ] } },
{ "type": "Feature", "properties": { }, "geometry": { "type": "Polygon", "coordinates": [ [ [ 79.7051172, 30.4957692 ], [ 79.7051172, 30.4957318 ], [ 79.7051767, 30.495735 ], [ 79.7051803, 30.4957692 ], [ 79.7051172, 30.4957692 ] ] ] } },
{ "type": "Feature", "properties": { }, "geometry": { "type": "Polygon", "coordinates": [ [ [ 79.7051027, 30.4957334 ], [ 79.7050703, 30.4957039 ], [ 79.7051406, 30.4956759 ], [ 79.7051677, 30.4956976 ], [ 79.7051027, 30.4957334 ] ] ] } },
{ "type": "Feature", "properties": { }, "geometry": { "type": "Polygon", "coordinates": [ [ [ 79.6913113, 30.4903069 ], [ 79.6913853, 30.4902322 ], [ 79.6912301, 30.4901343 ], [ 79.6911651, 30.4902276 ], [ 79.6913113, 30.4903069 ] ] ] } },
{ "type": "Feature", "properties": { }, "geometry": { "type": "Polygon", "coordinates": [ [ [ 79.6914761, 30.4887916 ], [ 79.6914966, 30.4887256 ], [ 79.6915603, 30.488752 ], [ 79.6915399, 30.4888113 ], [ 79.6914761, 30.4887916 ] ] ] } },
{ "type": "Feature", "properties": { }, "geometry": { "type": "Polygon", "coordinates": [ [ [ 79.6915654, 30.4888509 ], [ 79.6915706, 30.4888025 ], [ 79.691619, 30.4888157 ], [ 79.6916114, 30.4888641 ], [ 79.6915654, 30.4888509 ] ] ] } },
{ "type": "Feature", "properties": { }, "geometry": { "type": "Polygon", "coordinates": [ [ [ 79.6953519, 30.4880461 ], [ 79.6954678, 30.4880942 ], [ 79.6955622, 30.4879574 ], [ 79.6954592, 30.4878797 ], [ 79.6953519, 30.4880461 ] ] ] } },
{ "type": "Feature", "properties": { }, "geometry": { "type": "Polygon", "coordinates": [ [ [ 79.6931896, 30.4881671 ], [ 79.6932383, 30.4881002 ], [ 79.6933123, 30.4881328 ], [ 79.6932798, 30.4881966 ], [ 79.6931896, 30.4881671 ] ] ] } },
{ "type": "Feature", "properties": { }, "geometry": { "type": "Polygon", "coordinates": [ [ [ 79.693186, 30.4879587 ], [ 79.693168, 30.4879043 ], [ 79.6932654, 30.4878763 ], [ 79.6932852, 30.4879292 ], [ 79.693186, 30.4879587 ] ] ] } },
{ "type": "Feature", "properties": { }, "geometry": { "type": "Polygon", "coordinates": [ [ [ 79.6930021, 30.4876479 ], [ 79.6929536, 30.4875877 ], [ 79.6930871, 30.487491 ], [ 79.6931356, 30.4875354 ], [ 79.6930021, 30.4876479 ] ] ] } },
{ "type": "Feature", "properties": { }, "geometry": { "type": "Polygon", "coordinates": [ [ [ 79.6929384, 30.4877995 ], [ 79.692993, 30.4878074 ], [ 79.6929748, 30.4877289 ], [ 79.6929293, 30.4877394 ], [ 79.6929384, 30.4877995 ] ] ] } },
{ "type": "Feature", "properties": { }, "geometry": { "type": "Polygon", "coordinates": [ [ [ 79.6932085, 30.4885553 ], [ 79.6932327, 30.488503 ], [ 79.6933511, 30.4885579 ], [ 79.6933086, 30.488605 ], [ 79.6932085, 30.4885553 ] ] ] } },
{ "type": "Feature", "properties": { }, "geometry": { "type": "Polygon", "coordinates": [ [ [ 79.6931811, 30.4884742 ], [ 79.6932691, 30.4884768 ], [ 79.693257, 30.4883435 ], [ 79.693169, 30.4883539 ], [ 79.6931811, 30.4884742 ] ] ] } },
{ "type": "Feature", "properties": { }, "geometry": { "type": "Polygon", "coordinates": [ [ [ 79.6933812, 30.488313 ], [ 79.6934188, 30.4882593 ], [ 79.6934756, 30.4882899 ], [ 79.6934456, 30.4883385 ], [ 79.6933812, 30.488313 ] ] ] } },
{ "type": "Feature", "properties": { }, "geometry": { "type": "Polygon", "coordinates": [ [ [ 79.6944429, 30.4884433 ], [ 79.6943613, 30.4883157 ], [ 79.6944353, 30.4882761 ], [ 79.6944729, 30.4883421 ], [ 79.6945118, 30.4884103 ], [ 79.6944429, 30.4884433 ] ] ] } },
{ "type": "Feature", "properties": { }, "geometry": { "type": "Polygon", "coordinates": [ [ [ 79.6940729, 30.4878122 ], [ 79.6941367, 30.4878385 ], [ 79.6941878, 30.4877418 ], [ 79.6941189, 30.4877176 ], [ 79.6940729, 30.4878122 ] ] ] } },
{ "type": "Feature", "properties": { }, "geometry": { "type": "Polygon", "coordinates": [ [ [ 79.6941222, 30.4849841 ], [ 79.6941656, 30.4849335 ], [ 79.6943391, 30.4850281 ], [ 79.6942881, 30.4850698 ], [ 79.6941222, 30.4849841 ] ] ] } },
{ "type": "Feature", "properties": { }, "geometry": { "type": "Polygon", "coordinates": [ [ [ 79.6942779, 30.4849467 ], [ 79.6943289, 30.4849885 ], [ 79.694454, 30.4848895 ], [ 79.6943953, 30.4848521 ], [ 79.6942779, 30.4849467 ] ] ] } },
{ "type": "Feature", "properties": { }, "geometry": { "type": "Polygon", "coordinates": [ [ [ 79.6942345, 30.4847466 ], [ 79.694283, 30.4847642 ], [ 79.6943595, 30.4846718 ], [ 79.6943034, 30.4846432 ], [ 79.6942345, 30.4847466 ] ] ] } },
{ "type": "Feature", "properties": { }, "geometry": { "type": "Polygon", "coordinates": [ [ [ 79.694334, 30.48474 ], [ 79.6943774, 30.484773 ], [ 79.6944284, 30.4847378 ], [ 79.6943672, 30.484696 ], [ 79.694334, 30.48474 ] ] ] } },
{ "type": "Feature", "properties": { }, "geometry": { "type": "Polygon", "coordinates": [ [ [ 79.6966879, 30.4814815 ], [ 79.696742, 30.4815033 ], [ 79.6967745, 30.4813944 ], [ 79.6967276, 30.4813944 ], [ 79.6966879, 30.4814815 ] ] ] } },
{ "type": "Feature", "properties": { }, "geometry": { "type": "Polygon", "coordinates": [ [ [ 79.6965435, 30.4815064 ], [ 79.6965399, 30.4814442 ], [ 79.6966157, 30.4814411 ], [ 79.6966157, 30.4815033 ], [ 79.6965435, 30.4815064 ] ] ] } },
{ "type": "Feature", "properties": { }, "geometry": { "type": "Polygon", "coordinates": [ [ [ 79.6964599, 30.4813557 ], [ 79.6965071, 30.481376 ], [ 79.6965564, 30.4813002 ], [ 79.6965114, 30.4812706 ], [ 79.6964599, 30.4813557 ] ] ] } },
{ "type": "Feature", "properties": { }, "geometry": { "type": "Polygon", "coordinates": [ [ [ 79.6965435, 30.4813705 ], [ 79.6965865, 30.4813908 ], [ 79.6966701, 30.4812558 ], [ 79.6966294, 30.4812336 ], [ 79.6965435, 30.4813705 ] ] ] } },
{ "type": "Feature", "properties": { }, "geometry": { "type": "Polygon", "coordinates": [ [ [ 79.696565, 30.4812429 ], [ 79.696565, 30.4812077 ], [ 79.6966079, 30.4812022 ], [ 79.6966058, 30.4812392 ], [ 79.696565, 30.4812429 ] ] ] } },
{ "type": "Feature", "properties": { }, "geometry": { "type": "Polygon", "coordinates": [ [ [ 79.6970521, 30.4810857 ], [ 79.6971315, 30.4811116 ], [ 79.6972066, 30.4809747 ], [ 79.6971207, 30.480947 ], [ 79.6970521, 30.4810857 ] ] ] } },
{ "type": "Feature", "properties": { }, "geometry": { "type": "Polygon", "coordinates": [ [ [ 79.6985807, 30.4793741 ], [ 79.6985577, 30.4793037 ], [ 79.6987338, 30.4792795 ], [ 79.6987414, 30.4793477 ], [ 79.6985807, 30.4793741 ] ] ] } },
{ "type": "Feature", "properties": { }, "geometry": { "type": "Polygon", "coordinates": [ [ [ 79.6990119, 30.4790794 ], [ 79.6989532, 30.4790134 ], [ 79.6990119, 30.478965 ], [ 79.6990885, 30.47902 ], [ 79.6990119, 30.4790794 ] ] ] } },
{ "type": "Feature", "properties": { }, "geometry": { "type": "Polygon", "coordinates": [ [ [ 79.6990043, 30.4789177 ], [ 79.6989634, 30.4788935 ], [ 79.6990094, 30.4788551 ], [ 79.6990438, 30.4788803 ], [ 79.6990043, 30.4789177 ] ] ] } },
{ "type": "Feature", "properties": { }, "geometry": { "type": "Polygon", "coordinates": [ [ [ 79.6990515, 30.4789551 ], [ 79.699017, 30.4789232 ], [ 79.6990553, 30.4788902 ], [ 79.6990961, 30.4789309 ], [ 79.6990515, 30.4789551 ] ] ] } },
{ "type": "Feature", "properties": { }, "geometry": { "type": "Polygon", "coordinates": [ [ [ 79.6944729, 30.4883421 ], [ 79.6944824, 30.4882645 ], [ 79.6945513, 30.4882733 ], [ 79.6945487, 30.4883634 ], [ 79.6944729, 30.4883421 ] ] ] } },
{ "type": "Feature", "properties": { }, "geometry": { "type": "Polygon", "coordinates": [ [ [ 79.6946661, 30.4881765 ], [ 79.6947273, 30.4881963 ], [ 79.6947529, 30.4880995 ], [ 79.6946916, 30.4880929 ], [ 79.6946661, 30.4881765 ] ] ] } },
{ "type": "Feature", "properties": { }, "geometry": { "type": "Polygon", "coordinates": [ [ [ 79.6957557, 30.4873981 ], [ 79.6958195, 30.4874421 ], [ 79.6958935, 30.4873519 ], [ 79.6958348, 30.4873057 ], [ 79.6957557, 30.4873981 ] ] ] } },
{ "type": "Feature", "properties": { }, "geometry": { "type": "Polygon", "coordinates": [ [ [ 79.6963017, 30.4868063 ], [ 79.6963411, 30.4868286 ], [ 79.6964018, 30.4867763 ], [ 79.6963639, 30.4867553 ], [ 79.6963017, 30.4868063 ] ] ] } },
{ "type": "Feature", "properties": { }, "geometry": { "type": "Polygon", "coordinates": [ [ [ 79.6960286, 30.4868521 ], [ 79.6960938, 30.4868822 ], [ 79.6961317, 30.486822 ], [ 79.696068, 30.486788 ], [ 79.6960286, 30.4868521 ] ] ] } },
{ "type": "Feature", "properties": { }, "geometry": { "type": "Polygon", "coordinates": [ [ [ 79.6933576, 30.4878504 ], [ 79.6933233, 30.4877949 ], [ 79.6934285, 30.4877376 ], [ 79.6934628, 30.4878012 ], [ 79.6934091, 30.4878221 ], [ 79.6933576, 30.4878504 ] ] ] } },
{ "type": "Feature", "properties": { }, "geometry": { "type": "Polygon", "coordinates": [ [ [ 79.6906641, 30.4867165 ], [ 79.6906334, 30.4866558 ], [ 79.6907092, 30.486634 ], [ 79.6907435, 30.4866947 ], [ 79.6906641, 30.4867165 ] ] ] } },
{ "type": "Feature", "properties": { }, "geometry": { "type": "Polygon", "coordinates": [ [ [ 79.69074, 30.4866744 ], [ 79.6907081, 30.4866173 ], [ 79.6907968, 30.4865887 ], [ 79.6908325, 30.4866612 ], [ 79.69074, 30.4866744 ] ] ] } },
{ "type": "Feature", "properties": { }, "geometry": { "type": "Polygon", "coordinates": [ [ [ 79.6910467, 30.4866687 ], [ 79.6910071, 30.4866192 ], [ 79.6910824, 30.4865796 ], [ 79.6911271, 30.4866313 ], [ 79.6910467, 30.4866687 ] ] ] } },
{ "type": "Feature", "properties": { }, "geometry": { "type": "Polygon", "coordinates": [ [ [ 79.6911488, 30.4865213 ], [ 79.6910875, 30.486462 ], [ 79.6911807, 30.4864092 ], [ 79.6912674, 30.4864609 ], [ 79.6911488, 30.4865213 ] ] ] } },
{ "type": "Feature", "properties": { }, "geometry": { "type": "Polygon", "coordinates": [ [ [ 79.6909679, 30.4864979 ], [ 79.6909315, 30.4864626 ], [ 79.6910218, 30.4864051 ], [ 79.6910589, 30.4864423 ], [ 79.6909679, 30.4864979 ] ] ] } },
{ "type": "Feature", "properties": { }, "geometry": { "type": "Polygon", "coordinates": [ [ [ 79.6909011, 30.486494 ], [ 79.6909322, 30.4864737 ], [ 79.690867, 30.4864031 ], [ 79.690823, 30.4864266 ], [ 79.6909011, 30.486494 ] ] ] } },
{ "type": "Feature", "properties": { }, "geometry": { "type": "Polygon", "coordinates": [ [ [ 79.690888, 30.4864097 ], [ 79.6909223, 30.4864467 ], [ 79.6910124, 30.4863912 ], [ 79.6910467, 30.4864171 ], [ 79.6911025, 30.4863792 ], [ 79.6909952, 30.4862674 ], [ 79.6909362, 30.4863053 ], [ 79.690977, 30.4863515 ], [ 79.690888, 30.4864097 ] ] ] } },
{ "type": "Feature", "properties": { }, "geometry": { "type": "Polygon", "coordinates": [ [ [ 79.6904792, 30.4862664 ], [ 79.6905339, 30.4863311 ], [ 79.6906519, 30.4862627 ], [ 79.6905951, 30.4861878 ], [ 79.6904792, 30.4862664 ] ] ] } },
{ "type": "Feature", "properties": { }, "geometry": { "type": "Polygon", "coordinates": [ [ [ 79.6910564, 30.4863201 ], [ 79.6911615, 30.4862544 ], [ 79.6910768, 30.4861601 ], [ 79.6909749, 30.4862285 ], [ 79.6910564, 30.4863201 ] ] ] } },
{ "type": "Feature", "properties": { }, "geometry": { "type": "Polygon", "coordinates": [ [ [ 79.6912452, 30.4862868 ], [ 79.6912152, 30.4862618 ], [ 79.6912849, 30.4862137 ], [ 79.6913193, 30.4862507 ], [ 79.6912452, 30.4862868 ] ] ] } },
{ "type": "Feature", "properties": { }, "geometry": { "type": "Polygon", "coordinates": [ [ [ 79.6912398, 30.4862248 ], [ 79.6912217, 30.4862077 ], [ 79.6912524, 30.4861875 ], [ 79.6912704, 30.4862069 ], [ 79.6912398, 30.4862248 ] ] ] } },
{ "type": "Feature", "properties": { }, "geometry": { "type": "Polygon", "coordinates": [ [ [ 79.6913345, 30.4862326 ], [ 79.6913173, 30.4862139 ], [ 79.6913751, 30.4861805 ], [ 79.6913958, 30.4862038 ], [ 79.6913345, 30.4862326 ] ] ] } },
{ "type": "Feature", "properties": { }, "geometry": { "type": "Polygon", "coordinates": [ [ [ 79.6914229, 30.4862295 ], [ 79.6913552, 30.4861354 ], [ 79.6914211, 30.4861012 ], [ 79.6914861, 30.4862007 ], [ 79.6914229, 30.4862295 ] ] ] } },
{ "type": "Feature", "properties": { }, "geometry": { "type": "Polygon", "coordinates": [ [ [ 79.6914844, 30.4861705 ], [ 79.6914627, 30.4861287 ], [ 79.6915494, 30.4860737 ], [ 79.6915915, 30.4861111 ], [ 79.6914844, 30.4861705 ] ] ] } },
{ "type": "Feature", "properties": { }, "geometry": { "type": "Polygon", "coordinates": [ [ [ 79.6916438, 30.4861694 ], [ 79.6916005, 30.4861221 ], [ 79.6916885, 30.4860693 ], [ 79.6917306, 30.4861166 ], [ 79.6916438, 30.4861694 ] ] ] } },
{ "type": "Feature", "properties": { }, "geometry": { "type": "Polygon", "coordinates": [ [ [ 79.6911501, 30.4858835 ], [ 79.6911373, 30.4858626 ], [ 79.6912049, 30.4858351 ], [ 79.6912202, 30.4858571 ], [ 79.6911501, 30.4858835 ] ] ] } },
{ "type": "Feature", "properties": { }, "geometry": { "type": "Polygon", "coordinates": [ [ [ 79.6910901, 30.485878 ], [ 79.691145, 30.4858428 ], [ 79.6911092, 30.4857999 ], [ 79.6910506, 30.4858263 ], [ 79.6910901, 30.485878 ] ] ] } },
{ "type": "Feature", "properties": { }, "geometry": { "type": "Polygon", "coordinates": [ [ [ 79.6917119, 30.4860277 ], [ 79.6916588, 30.485978 ], [ 79.6917392, 30.4859388 ], [ 79.6917878, 30.4859898 ], [ 79.6917119, 30.4860277 ] ] ] } },
{ "type": "Feature", "properties": { }, "geometry": { "type": "Polygon", "coordinates": [ [ [ 79.6916421, 30.4859571 ], [ 79.6917483, 30.4859087 ], [ 79.6917104, 30.4858682 ], [ 79.6916042, 30.4859205 ], [ 79.6916421, 30.4859571 ] ] ] } },
{ "type": "Feature", "properties": { }, "geometry": { "type": "Polygon", "coordinates": [ [ [ 79.6917984, 30.4859832 ], [ 79.6917696, 30.485944 ], [ 79.6918758, 30.4858851 ], [ 79.6919183, 30.4859361 ], [ 79.6917984, 30.4859832 ] ] ] } },
{ "type": "Feature", "properties": { }, "geometry": { "type": "Polygon", "coordinates": [ [ [ 79.6919259, 30.4860081 ], [ 79.6919259, 30.4859518 ], [ 79.6919911, 30.4859505 ], [ 79.6919941, 30.4860054 ], [ 79.6919259, 30.4860081 ] ] ] } },
{ "type": "Feature", "properties": { }, "geometry": { "type": "Polygon", "coordinates": [ [ [ 79.6919259, 30.4859205 ], [ 79.6918758, 30.4858851 ], [ 79.6919107, 30.4858721 ], [ 79.6919471, 30.4859008 ], [ 79.6919259, 30.4859205 ] ] ] } },
{ "type": "Feature", "properties": { }, "geometry": { "type": "Polygon", "coordinates": [ [ [ 79.6920139, 30.4859623 ], [ 79.691982, 30.4859165 ], [ 79.6920564, 30.4858734 ], [ 79.6920988, 30.4859257 ], [ 79.6920139, 30.4859623 ] ] ] } },
{ "type": "Feature", "properties": { }, "geometry": { "type": "Polygon", "coordinates": [ [ [ 79.692073, 30.4859858 ], [ 79.692073, 30.4859571 ], [ 79.6921777, 30.4859518 ], [ 79.6921777, 30.4859819 ], [ 79.692073, 30.4859858 ] ] ] } },
{ "type": "Feature", "properties": { }, "geometry": { "type": "Polygon", "coordinates": [ [ [ 79.692199, 30.4859375 ], [ 79.6921762, 30.4858917 ], [ 79.692284, 30.4858433 ], [ 79.6923052, 30.485893 ], [ 79.692199, 30.4859375 ] ] ] } },
{ "type": "Feature", "properties": { }, "geometry": { "type": "Polygon", "coordinates": [ [ [ 79.6916437, 30.4858682 ], [ 79.6916088, 30.4858407 ], [ 79.6917043, 30.485757 ], [ 79.6917499, 30.4858015 ], [ 79.6916437, 30.4858682 ] ] ] } },
{ "type": "Feature", "properties": { }, "geometry": { "type": "Polygon", "coordinates": [ [ [ 79.6916664, 30.4849747 ], [ 79.6916421, 30.4849494 ], [ 79.6917697, 30.4848823 ], [ 79.6918029, 30.4849043 ], [ 79.6916664, 30.4849747 ] ] ] } },
{ "type": "Feature", "properties": { }, "geometry": { "type": "Polygon", "coordinates": [ [ [ 79.6916549, 30.4849285 ], [ 79.6916179, 30.4849021 ], [ 79.6917212, 30.484823 ], [ 79.6917876, 30.4848592 ], [ 79.6916549, 30.4849285 ] ] ] } },
{ "type": "Feature", "properties": { }, "geometry": { "type": "Polygon", "coordinates": [ [ [ 79.691572, 30.4848999 ], [ 79.691535, 30.4848669 ], [ 79.6916026, 30.4848098 ], [ 79.691646, 30.484846 ], [ 79.691572, 30.4848999 ] ] ] } },
{ "type": "Feature", "properties": { }, "geometry": { "type": "Polygon", "coordinates": [ [ [ 79.6922979, 30.484702 ], [ 79.6922635, 30.484614 ], [ 79.6923541, 30.4845844 ], [ 79.6924, 30.4846679 ], [ 79.6922979, 30.484702 ] ] ] } },
{ "type": "Feature", "properties": { }, "geometry": { "type": "Polygon", "coordinates": [ [ [ 79.691785, 30.4847812 ], [ 79.6917799, 30.4847185 ], [ 79.6919305, 30.4847174 ], [ 79.6919318, 30.4847746 ], [ 79.691785, 30.4847812 ] ] ] } },
{ "type": "Feature", "properties": { }, "geometry": { "type": "Polygon", "coordinates": [ [ [ 79.6919407, 30.4847427 ], [ 79.6919407, 30.4846921 ], [ 79.692007, 30.484691 ], [ 79.6920109, 30.4847438 ], [ 79.6919407, 30.4847427 ] ] ] } },
{ "type": "Feature", "properties": { }, "geometry": { "type": "Polygon", "coordinates": [ [ [ 79.6918271, 30.4846976 ], [ 79.6918884, 30.4846998 ], [ 79.6918858, 30.4846294 ], [ 79.6918233, 30.4846305 ], [ 79.6918271, 30.4846976 ] ] ] } },
{ "type": "Feature", "properties": { }, "geometry": { "type": "Polygon", "coordinates": [ [ [ 79.6916523, 30.4847075 ], [ 79.6916511, 30.4846492 ], [ 79.6917736, 30.4846437 ], [ 79.6917799, 30.4847097 ], [ 79.6916523, 30.4847075 ] ] ] } },
{ "type": "Feature", "properties": { }, "geometry": { "type": "Polygon", "coordinates": [ [ [ 79.6918986, 30.4846855 ], [ 79.6918948, 30.484614 ], [ 79.6919968, 30.4846097 ], [ 79.6920019, 30.4846811 ], [ 79.6918986, 30.4846855 ] ] ] } },
{ "type": "Feature", "properties": { }, "geometry": { "type": "Polygon", "coordinates": [ [ [ 79.6920109, 30.4846481 ], [ 79.6920747, 30.4846492 ], [ 79.692067, 30.4845646 ], [ 79.6920045, 30.4845668 ], [ 79.6920109, 30.4846481 ] ] ] } },
{ "type": "Feature", "properties": { }, "geometry": { "type": "Polygon", "coordinates": [ [ [ 79.6920938, 30.4846547 ], [ 79.6920925, 30.4846162 ], [ 79.692155, 30.4846162 ], [ 79.6921563, 30.4846613 ], [ 79.6920938, 30.4846547 ] ] ] } },
{ "type": "Feature", "properties": { }, "geometry": { "type": "Polygon", "coordinates": [ [ [ 79.6921704, 30.4846294 ], [ 79.6921538, 30.4845844 ], [ 79.692238, 30.484569 ], [ 79.6922507, 30.4846151 ], [ 79.6921704, 30.4846294 ] ] ] } },
{ "type": "Feature", "properties": { }, "geometry": { "type": "Polygon", "coordinates": [ [ [ 79.692437, 30.4844326 ], [ 79.6923745, 30.4843425 ], [ 79.6924842, 30.484293 ], [ 79.692548, 30.4843799 ], [ 79.692437, 30.4844326 ] ] ] } },
{ "type": "Feature", "properties": { }, "geometry": { "type": "Polygon", "coordinates": [ [ [ 79.6922839, 30.4845877 ], [ 79.6922673, 30.4845415 ], [ 79.6923426, 30.4845151 ], [ 79.6923656, 30.4845679 ], [ 79.6922839, 30.4845877 ] ] ] } },
{ "type": "Feature", "properties": { }, "geometry": { "type": "Polygon", "coordinates": [ [ [ 79.6917965, 30.484625 ], [ 79.6917876, 30.4845855 ], [ 79.6918692, 30.4845635 ], [ 79.6918807, 30.4846086 ], [ 79.6917965, 30.484625 ] ] ] } },
{ "type": "Feature", "properties": { }, "geometry": { "type": "Polygon", "coordinates": [ [ [ 79.6917787, 30.4845723 ], [ 79.6918807, 30.484547 ], [ 79.6918616, 30.4844821 ], [ 79.691757, 30.4845294 ], [ 79.6917787, 30.4845723 ] ] ] } },
{ "type": "Feature", "properties": { }, "geometry": { "type": "Polygon", "coordinates": [ [ [ 79.6918973, 30.4846009 ], [ 79.691896, 30.4845558 ], [ 79.6919917, 30.4845547 ], [ 79.6919917, 30.4845976 ], [ 79.6918973, 30.4846009 ] ] ] } },
{ "type": "Feature", "properties": { }, "geometry": { "type": "Polygon", "coordinates": [ [ [ 79.6919075, 30.4845448 ], [ 79.6918897, 30.4844876 ], [ 79.6920045, 30.4844425 ], [ 79.6920121, 30.4844909 ], [ 79.6919522, 30.484514 ], [ 79.6919522, 30.4845404 ], [ 79.6919075, 30.4845448 ] ] ] } },
{ "type": "Feature", "properties": { }, "geometry": { "type": "Polygon", "coordinates": [ [ [ 79.6920887, 30.4845712 ], [ 79.6920759, 30.4845272 ], [ 79.6921704, 30.4844898 ], [ 79.6921869, 30.4845503 ], [ 79.6920887, 30.4845712 ] ] ] } },
{ "type": "Feature", "properties": { }, "geometry": { "type": "Polygon", "coordinates": [ [ [ 79.6924153, 30.4846305 ], [ 79.6923809, 30.484602 ], [ 79.692451, 30.4845272 ], [ 79.6924957, 30.4845602 ], [ 79.6924153, 30.4846305 ] ] ] } },
{ "type": "Feature", "properties": { }, "geometry": { "type": "Polygon", "coordinates": [ [ [ 79.6922405, 30.484525 ], [ 79.6924268, 30.48447 ], [ 79.6923732, 30.4843656 ], [ 79.692229, 30.4844073 ], [ 79.6922405, 30.484525 ] ] ] } },
{ "type": "Feature", "properties": { }, "geometry": { "type": "Polygon", "coordinates": [ [ [ 79.6920912, 30.4844898 ], [ 79.6920912, 30.4844249 ], [ 79.6922086, 30.4844194 ], [ 79.6922125, 30.4844854 ], [ 79.6920912, 30.4844898 ] ] ] } },
{ "type": "Feature", "properties": { }, "geometry": { "type": "Polygon", "coordinates": [ [ [ 79.692104, 30.4844062 ], [ 79.692104, 30.4843853 ], [ 79.6922214, 30.4843733 ], [ 79.692229, 30.4844073 ], [ 79.692104, 30.4844062 ] ] ] } },
{ "type": "Feature", "properties": { }, "geometry": { "type": "Polygon", "coordinates": [ [ [ 79.6915334, 30.4843506 ], [ 79.6915786, 30.4843863 ], [ 79.6916976, 30.4842977 ], [ 79.6916255, 30.4842557 ], [ 79.6915334, 30.4843506 ] ] ] } },
{ "type": "Feature", "properties": { }, "geometry": { "type": "Polygon", "coordinates": [ [ [ 79.6917409, 30.4841204 ], [ 79.6918221, 30.4840924 ], [ 79.6917536, 30.4840069 ], [ 79.6916814, 30.4840333 ], [ 79.6917409, 30.4841204 ] ] ] } },
{ "type": "Feature", "properties": { }, "geometry": { "type": "Polygon", "coordinates": [ [ [ 79.6922245, 30.4842868 ], [ 79.6922913, 30.4842666 ], [ 79.6922678, 30.4841904 ], [ 79.6921812, 30.4842106 ], [ 79.6922245, 30.4842868 ] ] ] } },
{ "type": "Feature", "properties": { }, "geometry": { "type": "Polygon", "coordinates": [ [ [ 79.6921668, 30.4841515 ], [ 79.6921668, 30.4841173 ], [ 79.6921884, 30.4841173 ], [ 79.6922353, 30.4841173 ], [ 79.6922372, 30.4841531 ], [ 79.6921668, 30.4841515 ] ] ] } },
{ "type": "Feature", "properties": { }, "geometry": { "type": "Polygon", "coordinates": [ [ [ 79.6922029, 30.4840924 ], [ 79.6922498, 30.484094 ], [ 79.6922498, 30.4840489 ], [ 79.6922065, 30.4840505 ], [ 79.6922029, 30.4840924 ] ] ] } },
{ "type": "Feature", "properties": { }, "geometry": { "type": "Polygon", "coordinates": [ [ [ 79.692091, 30.4841142 ], [ 79.692091, 30.4840893 ], [ 79.6921848, 30.48408 ], [ 79.6921884, 30.4841173 ], [ 79.692091, 30.4841142 ] ] ] } },
{ "type": "Feature", "properties": { }, "geometry": { "type": "Polygon", "coordinates": [ [ [ 79.6920639, 30.4840769 ], [ 79.6920603, 30.4840116 ], [ 79.692183, 30.4840022 ], [ 79.6921866, 30.4840644 ], [ 79.6920639, 30.4840769 ] ] ] } },
{ "type": "Feature", "properties": { }, "geometry": { "type": "Polygon", "coordinates": [ [ [ 79.691943, 30.4840784 ], [ 79.6919304, 30.4840256 ], [ 79.6919791, 30.48401 ], [ 79.6920062, 30.484052 ], [ 79.691943, 30.4840784 ] ] ] } },
{ "type": "Feature", "properties": { }, "geometry": { "type": "Polygon", "coordinates": [ [ [ 79.6919521, 30.484349 ], [ 79.6919322, 30.4842977 ], [ 79.6919863, 30.4842899 ], [ 79.6920026, 30.484335 ], [ 79.6919521, 30.484349 ] ] ] } },
{ "type": "Feature", "properties": { }, "geometry": { "type": "Polygon", "coordinates": [ [ [ 79.692008, 30.4844003 ], [ 79.6920098, 30.4842977 ], [ 79.6921884, 30.4842821 ], [ 79.6922029, 30.4843552 ], [ 79.692008, 30.4844003 ] ] ] } },
{ "type": "Feature", "properties": { }, "geometry": { "type": "Polygon", "coordinates": [ [ [ 79.6918474, 30.4842666 ], [ 79.6918438, 30.4841593 ], [ 79.6919972, 30.4841515 ], [ 79.6920116, 30.4842619 ], [ 79.6918474, 30.4842666 ] ] ] } },
{ "type": "Feature", "properties": { }, "geometry": { "type": "Polygon", "coordinates": [ [ [ 79.6788903, 30.4869852 ], [ 79.6789299, 30.4870117 ], [ 79.6789895, 30.4869417 ], [ 79.6789462, 30.4869199 ], [ 79.6788903, 30.4869852 ] ] ] } },
{ "type": "Feature", "properties": { }, "geometry": { "type": "Polygon", "coordinates": [ [ [ 79.6668506, 30.4885789 ], [ 79.6668506, 30.4885063 ], [ 79.667042, 30.4884953 ], [ 79.667042, 30.4885745 ], [ 79.6668506, 30.4885789 ] ] ] } },
{ "type": "Feature", "properties": { }, "geometry": { "type": "Polygon", "coordinates": [ [ [ 79.666723, 30.4885657 ], [ 79.666723, 30.4885129 ], [ 79.6668225, 30.4885129 ], [ 79.6668225, 30.4885657 ], [ 79.666723, 30.4885657 ] ] ] } },
{ "type": "Feature", "properties": { }, "geometry": { "type": "Polygon", "coordinates": [ [ [ 79.667412, 30.4880093 ], [ 79.6673967, 30.487939 ], [ 79.6674809, 30.4879214 ], [ 79.6675038, 30.4879874 ], [ 79.667412, 30.4880093 ] ] ] } },
{ "type": "Feature", "properties": { }, "geometry": { "type": "Polygon", "coordinates": [ [ [ 79.6670598, 30.487851 ], [ 79.6670573, 30.4877763 ], [ 79.66719, 30.4877763 ], [ 79.6671849, 30.4878576 ], [ 79.6670598, 30.487851 ] ] ] } },
{ "type": "Feature", "properties": { }, "geometry": { "type": "Polygon", "coordinates": [ [ [ 79.6674911, 30.487884 ], [ 79.6674936, 30.4878378 ], [ 79.6675778, 30.4878422 ], [ 79.6675753, 30.487884 ], [ 79.6674911, 30.487884 ] ] ] } },
{ "type": "Feature", "properties": { }, "geometry": { "type": "Polygon", "coordinates": [ [ [ 79.6672104, 30.4878928 ], [ 79.6672104, 30.4878224 ], [ 79.6674579, 30.4878246 ], [ 79.6674579, 30.4878972 ], [ 79.6672104, 30.4878928 ] ] ] } },
{ "type": "Feature", "properties": { }, "geometry": { "type": "Polygon", "coordinates": [ [ [ 79.6676876, 30.4877741 ], [ 79.6676748, 30.4876729 ], [ 79.6678509, 30.4876487 ], [ 79.6678687, 30.4877521 ], [ 79.6676876, 30.4877741 ] ] ] } },
{ "type": "Feature", "properties": { }, "geometry": { "type": "Polygon", "coordinates": [ [ [ 79.6672538, 30.4877301 ], [ 79.6672461, 30.4876773 ], [ 79.6674553, 30.4876641 ], [ 79.6674477, 30.4877279 ], [ 79.6672538, 30.4877301 ] ] ] } },
{ "type": "Feature", "properties": { }, "geometry": { "type": "Polygon", "coordinates": [ [ [ 79.6678024, 30.4875344 ], [ 79.6678687, 30.4875234 ], [ 79.6678356, 30.4874398 ], [ 79.6677871, 30.4874574 ], [ 79.6678024, 30.4875344 ] ] ] } },
{ "type": "Feature", "properties": { }, "geometry": { "type": "Polygon", "coordinates": [ [ [ 79.6678748, 30.4875071 ], [ 79.6678671, 30.4874665 ], [ 79.6679513, 30.4874522 ], [ 79.6679628, 30.4875005 ], [ 79.6678748, 30.4875071 ] ] ] } },
{ "type": "Feature", "properties": { }, "geometry": { "type": "Polygon", "coordinates": [ [ [ 79.6677217, 30.4874566 ], [ 79.6677064, 30.4874192 ], [ 79.667751, 30.4874071 ], [ 79.6677651, 30.4874478 ], [ 79.6677217, 30.4874566 ] ] ] } },
{ "type": "Feature", "properties": { }, "geometry": { "type": "Polygon", "coordinates": [ [ [ 79.6677025, 30.4875324 ], [ 79.6677013, 30.487483 ], [ 79.6677826, 30.4874816 ], [ 79.6677826, 30.4875291 ], [ 79.6677025, 30.4875324 ] ] ] } },
{ "type": "Feature", "properties": { }, "geometry": { "type": "Polygon", "coordinates": [ [ [ 79.6676446, 30.4874754 ], [ 79.6676455, 30.4874381 ], [ 79.6676978, 30.487435 ], [ 79.6677005, 30.4874739 ], [ 79.6676446, 30.4874754 ] ] ] } },
{ "type": "Feature", "properties": { }, "geometry": { "type": "Polygon", "coordinates": [ [ [ 79.6696987, 30.484624 ], [ 79.6697245, 30.4845501 ], [ 79.6698489, 30.4845908 ], [ 79.6698232, 30.484661 ], [ 79.6696987, 30.484624 ] ] ] } },
{ "type": "Feature", "properties": { }, "geometry": { "type": "Polygon", "coordinates": [ [ [ 79.6672601, 30.4854805 ], [ 79.6672294, 30.4854409 ], [ 79.667329, 30.4853859 ], [ 79.6673596, 30.4854299 ], [ 79.6672601, 30.4854805 ] ] ] } },
{ "type": "Feature", "properties": { }, "geometry": { "type": "Polygon", "coordinates": [ [ [ 79.6676301, 30.4858939 ], [ 79.6676148, 30.4858521 ], [ 79.6676709, 30.4858367 ], [ 79.6677015, 30.4858851 ], [ 79.6676301, 30.4858939 ] ] ] } },
{ "type": "Feature", "properties": { }, "geometry": { "type": "Polygon", "coordinates": [ [ [ 79.6676556, 30.4861314 ], [ 79.6676199, 30.4860742 ], [ 79.6677577, 30.4860192 ], [ 79.6677781, 30.4860632 ], [ 79.6676556, 30.4861314 ] ] ] } },
{ "type": "Feature", "properties": { }, "geometry": { "type": "Polygon", "coordinates": [ [ [ 79.6675995, 30.4863975 ], [ 79.6675969, 30.4863359 ], [ 79.6676939, 30.4863315 ], [ 79.6676888, 30.4863975 ], [ 79.6675995, 30.4863975 ] ] ] } },
{ "type": "Feature", "properties": { }, "geometry": { "type": "Polygon", "coordinates": [ [ [ 79.6672499, 30.4864392 ], [ 79.6672192, 30.4863337 ], [ 79.6673009, 30.4863205 ], [ 79.6673315, 30.4864261 ], [ 79.6672499, 30.4864392 ] ] ] } },
{ "type": "Feature", "properties": { }, "geometry": { "type": "Polygon", "coordinates": [ [ [ 79.6671172, 30.486536 ], [ 79.6671121, 30.4864744 ], [ 79.6672269, 30.4864722 ], [ 79.6672218, 30.4865316 ], [ 79.6671172, 30.486536 ] ] ] } },
{ "type": "Feature", "properties": { }, "geometry": { "type": "Polygon", "coordinates": [ [ [ 79.6673188, 30.4866086 ], [ 79.6673111, 30.486558 ], [ 79.667505, 30.4865492 ], [ 79.6675152, 30.486602 ], [ 79.6673188, 30.4866086 ] ] ] } },
{ "type": "Feature", "properties": { }, "geometry": { "type": "Polygon", "coordinates": [ [ [ 79.6673749, 30.4863887 ], [ 79.6673417, 30.4863425 ], [ 79.6673979, 30.4863117 ], [ 79.6674463, 30.4863557 ], [ 79.6673749, 30.4863887 ] ] ] } },
{ "type": "Feature", "properties": { }, "geometry": { "type": "Polygon", "coordinates": [ [ [ 79.6675841, 30.4862611 ], [ 79.6675892, 30.4862172 ], [ 79.6677041, 30.4862172 ], [ 79.6677041, 30.4862611 ], [ 79.6675841, 30.4862611 ] ] ] } },
{ "type": "Feature", "properties": { }, "geometry": { "type": "Polygon", "coordinates": [ [ [ 79.6671121, 30.4862853 ], [ 79.6670993, 30.4862281 ], [ 79.6673188, 30.4861974 ], [ 79.6673213, 30.4862479 ], [ 79.6671121, 30.4862853 ] ] ] } },
{ "type": "Feature", "properties": { }, "geometry": { "type": "Polygon", "coordinates": [ [ [ 79.667357, 30.4863073 ], [ 79.6673213, 30.4862479 ], [ 79.6674259, 30.4862172 ], [ 79.6674489, 30.4862567 ], [ 79.667357, 30.4863073 ] ] ] } },
{ "type": "Feature", "properties": { }, "geometry": { "type": "Polygon", "coordinates": [ [ [ 79.6674617, 30.4862325 ], [ 79.6674234, 30.4861732 ], [ 79.6675535, 30.486116 ], [ 79.6676046, 30.4861864 ], [ 79.6674617, 30.4862325 ] ] ] } },
{ "type": "Feature", "properties": { }, "geometry": { "type": "Polygon", "coordinates": [ [ [ 79.6673034, 30.4861798 ], [ 79.6672575, 30.486105 ], [ 79.6674744, 30.4860478 ], [ 79.6674999, 30.4861182 ], [ 79.6673034, 30.4861798 ] ] ] } },
{ "type": "Feature", "properties": { }, "geometry": { "type": "Polygon", "coordinates": [ [ [ 79.667461, 30.4863876 ], [ 79.6674572, 30.4862457 ], [ 79.667521, 30.4862424 ], [ 79.6675223, 30.4863898 ], [ 79.667461, 30.4863876 ] ] ] } },
{ "type": "Feature", "properties": { }, "geometry": { "type": "Polygon", "coordinates": [ [ [ 79.6673241, 30.4872709 ], [ 79.6673219, 30.4872284 ], [ 79.6674421, 30.4872247 ], [ 79.6674421, 30.4872673 ], [ 79.6673241, 30.4872709 ] ] ] } },
{ "type": "Feature", "properties": { }, "geometry": { "type": "Polygon", "coordinates": [ [ [ 79.6674421, 30.4872247 ], [ 79.6675236, 30.4872229 ], [ 79.6675194, 30.4871471 ], [ 79.6674357, 30.4871508 ], [ 79.6674421, 30.4872247 ] ] ] } },
{ "type": "Feature", "properties": { }, "geometry": { "type": "Polygon", "coordinates": [ [ [ 79.6671417, 30.4872284 ], [ 79.6671417, 30.4871859 ], [ 79.6672082, 30.4871822 ], [ 79.6672082, 30.4872266 ], [ 79.6671417, 30.4872284 ] ] ] } },
{ "type": "Feature", "properties": { }, "geometry": { "type": "Polygon", "coordinates": [ [ [ 79.6676159, 30.4872155 ], [ 79.6676739, 30.4872173 ], [ 79.6676717, 30.4871748 ], [ 79.6676181, 30.4871748 ], [ 79.6676159, 30.4872155 ] ] ] } },
{ "type": "Feature", "properties": { }, "geometry": { "type": "Polygon", "coordinates": [ [ [ 79.6655956, 30.4840658 ], [ 79.6655956, 30.4839977 ], [ 79.6657385, 30.4840021 ], [ 79.6657385, 30.4840702 ], [ 79.6655956, 30.4840658 ] ] ] } },
{ "type": "Feature", "properties": { }, "geometry": { "type": "Polygon", "coordinates": [ [ [ 79.6663076, 30.4842616 ], [ 79.6662897, 30.484189 ], [ 79.6664096, 30.4841692 ], [ 79.6664275, 30.4842374 ], [ 79.6663076, 30.4842616 ] ] ] } },
{ "type": "Feature", "properties": { }, "geometry": { "type": "Polygon", "coordinates": [ [ [ 79.6661111, 30.484079 ], [ 79.6661009, 30.4840065 ], [ 79.6662387, 30.4840131 ], [ 79.6662489, 30.48409 ], [ 79.6661111, 30.484079 ] ] ] } },
{ "type": "Feature", "properties": { }, "geometry": { "type": "Polygon", "coordinates": [ [ [ 79.6662718, 30.4840856 ], [ 79.6662693, 30.4840263 ], [ 79.6664045, 30.4840109 ], [ 79.6664096, 30.4840592 ], [ 79.6662718, 30.4840856 ] ] ] } },
{ "type": "Feature", "properties": { }, "geometry": { "type": "Polygon", "coordinates": [ [ [ 79.6664326, 30.4840834 ], [ 79.6664351, 30.4840351 ], [ 79.6665551, 30.4840329 ], [ 79.6665576, 30.4840746 ], [ 79.6664326, 30.4840834 ] ] ] } },
{ "type": "Feature", "properties": { }, "geometry": { "type": "Polygon", "coordinates": [ [ [ 79.6664045, 30.4840109 ], [ 79.6664147, 30.4839669 ], [ 79.6665168, 30.4839537 ], [ 79.666527, 30.4840087 ], [ 79.6664045, 30.4840109 ] ] ] } },
{ "type": "Feature", "properties": { }, "geometry": { "type": "Polygon", "coordinates": [ [ [ 79.6673722, 30.4823217 ], [ 79.6673722, 30.4822579 ], [ 79.6675789, 30.4822535 ], [ 79.6675764, 30.4823217 ], [ 79.6673722, 30.4823217 ] ] ] } },
{ "type": "Feature", "properties": { }, "geometry": { "type": "Polygon", "coordinates": [ [ [ 79.6673697, 30.4822271 ], [ 79.6673646, 30.4821568 ], [ 79.6675305, 30.4821546 ], [ 79.6675305, 30.4822293 ], [ 79.6673697, 30.4822271 ] ] ] } },
{ "type": "Feature", "properties": { }, "geometry": { "type": "Polygon", "coordinates": [ [ [ 79.6672472, 30.4822579 ], [ 79.6672498, 30.4821832 ], [ 79.6673442, 30.4821854 ], [ 79.6673442, 30.4822491 ], [ 79.6672472, 30.4822579 ] ] ] } },
{ "type": "Feature", "properties": { }, "geometry": { "type": "Polygon", "coordinates": [ [ [ 79.6671477, 30.4822667 ], [ 79.6670992, 30.4822051 ], [ 79.6672268, 30.4821348 ], [ 79.6672325, 30.4822535 ], [ 79.6671477, 30.4822667 ] ] ] } },
{ "type": "Feature", "properties": { }, "geometry": { "type": "Polygon", "coordinates": [ [ [ 79.6660137, 30.4821846 ], [ 79.6660265, 30.4821346 ], [ 79.6660909, 30.4821365 ], [ 79.6660802, 30.4821864 ], [ 79.6660137, 30.4821846 ] ] ] } },
{ "type": "Feature", "properties": { }, "geometry": { "type": "Polygon", "coordinates": [ [ [ 79.6661639, 30.4818314 ], [ 79.6661467, 30.4817796 ], [ 79.6662518, 30.4817537 ], [ 79.6662776, 30.4818129 ], [ 79.6661639, 30.4818314 ] ] ] } },
{ "type": "Feature", "properties": { }, "geometry": { "type": "Polygon", "coordinates": [ [ [ 79.6660244, 30.4817204 ], [ 79.6660201, 30.4816631 ], [ 79.666151, 30.4816538 ], [ 79.6661574, 30.4817112 ], [ 79.6660244, 30.4817204 ] ] ] } },
{ "type": "Feature", "properties": { }, "geometry": { "type": "Polygon", "coordinates": [ [ [ 79.6656489, 30.4817056 ], [ 79.6656489, 30.4816279 ], [ 79.6657905, 30.4816335 ], [ 79.6657991, 30.4817223 ], [ 79.6656489, 30.4817056 ] ] ] } },
{ "type": "Feature", "properties": { }, "geometry": { "type": "Polygon", "coordinates": [ [ [ 79.6655738, 30.4816316 ], [ 79.6655609, 30.4815706 ], [ 79.6657562, 30.4815484 ], [ 79.6657712, 30.4816132 ], [ 79.6655738, 30.4816316 ] ] ] } },
{ "type": "Feature", "properties": { }, "geometry": { "type": "Polygon", "coordinates": [ [ [ 79.6658248, 30.4815669 ], [ 79.665812, 30.4815133 ], [ 79.6658699, 30.4815003 ], [ 79.6658978, 30.4815429 ], [ 79.6658248, 30.4815669 ] ] ] } },
{ "type": "Feature", "properties": { }, "geometry": { "type": "Polygon", "coordinates": [ [ [ 79.6656532, 30.4814782 ], [ 79.6656467, 30.4814282 ], [ 79.6658313, 30.4813838 ], [ 79.6658463, 30.4814486 ], [ 79.6656532, 30.4814782 ] ] ] } },
{ "type": "Feature", "properties": { }, "geometry": { "type": "Polygon", "coordinates": [ [ [ 79.6661446, 30.4813986 ], [ 79.6661789, 30.4813469 ], [ 79.6662411, 30.4813691 ], [ 79.666224, 30.4814171 ], [ 79.6661446, 30.4813986 ] ] ] } },
{ "type": "Feature", "properties": { }, "geometry": { "type": "Polygon", "coordinates": [ [ [ 79.7414839, 30.5309723 ], [ 79.7415498, 30.5309185 ], [ 79.7415008, 30.5308763 ], [ 79.7414501, 30.5309316 ], [ 79.7414434, 30.5309607 ], [ 79.7414839, 30.5309723 ] ] ] } },
{ "type": "Feature", "properties": { }, "geometry": { "type": "Polygon", "coordinates": [ [ [ 79.7413272, 30.530349 ], [ 79.7412495, 30.5303051 ], [ 79.7411557, 30.530255 ], [ 79.7410215, 30.5303097 ], [ 79.7409517, 30.5304044 ], [ 79.7408632, 30.5304899 ], [ 79.7407076, 30.5305638 ], [ 79.7406124, 30.5306724 ], [ 79.7406372, 30.5307244 ], [ 79.7406828, 30.530755 ], [ 79.7407592, 30.5307888 ], [ 79.7408504, 30.530847 ], [ 79.7408893, 30.5309008 ], [ 79.7409873, 30.5309532 ], [ 79.7411056, 30.5309693 ], [ 79.7411698, 30.5310042 ], [ 79.7412188, 30.5310071 ], [ 79.7412678, 30.5310115 ], [ 79.7412881, 30.5310289 ], [ 79.74131, 30.5310275 ], [ 79.7413404, 30.5309998 ], [ 79.7413878, 30.5309489 ], [ 79.7414122, 30.5309398 ], [ 79.7414233, 30.5309129 ], [ 79.7414376, 30.5308907 ], [ 79.7414525, 30.5308715 ], [ 79.7414931, 30.5308264 ], [ 79.7413272, 30.530349 ] ] ] } }
]
}
