{
"type": "FeatureCollection",
"name": "india_boundary_full",
"crs": { "type": "name", "properties": { "name": "urn:ogc:def:crs:OGC:1.3:CRS84" } },
"features": [
{ "type": "Feature", "properties": { }, "geometry": { "type": "MultiPolygon", "coordinates": [ [ [ [ 77.518734194050282, 35.485657323893747 ], [ 77.558801, 35.488032 ], [ 77.584013601094199, 35.468033275286864 ], [ 77.62974, 35.462078001000066 ], [ 77.651208, 35.487425 ], [ 77.687740290662902, 35.453102685108263 ], [ 77.718398, 35.461618 ], [ 77.741704, 35.494524 ], [ 77.78007, 35.4978 ], [ 77.814613, 35.522256 ], [ 77.91099100100007, 35.46209900100007 ], [ 77.93785, 35.559317001000068 ], [ 77.950642, 35.552064 ], [ 77.977623, 35.572185001000037 ], [ 78.022426, 35.564233 ], [ 78.04037, 35.586846 ], [ 78.090516, 35.533402 ], [ 78.103074, 35.55609 ], [ 78.15719, 35.550947001000054 ], [ 78.161735, 35.59293 ], [ 78.181259, 35.600793001000056 ], [ 78.180038, 35.634402 ], [ 78.197422, 35.639844 ], [ 78.181701, 35.66735600100003 ], [ 78.208307, 35.667659 ], [ 78.243632, 35.725290001000076 ], [ 78.408756, 35.730696001000069 ], [ 78.440501, 35.780733001000044 ], [ 78.462723, 35.764406 ], [ 78.535586, 35.763499001000071 ], [ 78.607587, 35.815177001000052 ], [ 78.656603, 35.822078001000079 ], [ 78.673497, 35.852059 ], [ 78.800242, 35.869825 ], [ 78.855859, 35.974243 ], [ 79.011498, 35.931157 ], [ 79.028424, 35.91423 ], [ 79.077666, 35.94698500100003 ], [ 79.269576, 35.92742 ], [ 79.338383, 35.963472 ], [ 79.343439, 35.987873 ], [ 79.441727, 35.968321001000049 ], [ 79.439623, 35.934198 ], [ 79.468368, 35.900339001000077 ], [ 79.456459, 35.87196300100004 ], [ 79.488896, 35.849221 ], [ 79.517341, 35.850316001000067 ], [ 79.572129, 35.89653 ], [ 79.588434, 35.876978001000055 ], [ 79.56427, 35.829791 ], [ 79.571909, 35.81266000100004 ], [ 79.588413, 35.814962001000026 ], [ 79.592542, 35.788879 ], [ 79.638582, 35.777730001000066 ], [ 79.634111, 35.74157800100005 ], [ 79.678629, 35.70024 ], [ 79.679405, 35.670690001000025 ], [ 79.698242, 35.663450001000058 ], [ 79.704278, 35.639045 ], [ 79.816842, 35.626974 ], [ 79.845733, 35.574556 ], [ 79.954191, 35.633914 ], [ 79.954585, 35.616231 ], [ 79.99895, 35.602417 ], [ 79.995319, 35.584102001000076 ], [ 79.965321, 35.574708 ], [ 79.96632, 35.553565001000038 ], [ 80.054915, 35.423414 ], [ 80.08799, 35.432456001000048 ], [ 80.080996, 35.450408 ], [ 80.11, 35.478379 ], [ 80.182587, 35.508846001000052 ], [ 80.166197, 35.552757 ], [ 80.205413, 35.575150001000054 ], [ 80.224883, 35.554691001000037 ], [ 80.263783, 35.568338 ], [ 80.276793, 35.552905 ], [ 80.297454, 35.556094001000076 ], [ 80.31582, 35.523826 ], [ 80.358424, 35.529051001000028 ], [ 80.411595, 35.477111 ], [ 80.411926, 35.426031 ], [ 80.376918, 35.392344001000026 ], [ 80.346754, 35.391023 ], [ 80.285875, 35.354254001000072 ], [ 80.266212, 35.296447 ], [ 80.294289, 35.267893 ], [ 80.27454, 35.216735 ], [ 80.28263, 35.203886 ], [ 80.255266, 35.205551 ], [ 80.222667, 35.171287 ], [ 80.233137, 35.147968001000038 ], [ 80.194828, 35.117987 ], [ 80.216083001000072, 34.992703 ], [ 80.233575, 34.989589 ], [ 80.186257, 34.946487 ], [ 80.205051, 34.891236 ], [ 80.13685, 34.86893800100006 ], [ 80.098992, 34.774536 ], [ 80.066912, 34.762256 ], [ 80.074146, 34.705806001000042 ], [ 79.97219, 34.699703001000046 ], [ 79.951539, 34.673747001000038 ], [ 79.898478, 34.696190001000048 ], [ 79.786547, 34.627354001000072 ], [ 79.801813, 34.58926400100006 ], [ 79.78825, 34.564019 ], [ 79.811454, 34.534077001000071 ], [ 79.794322, 34.480063 ], [ 79.72163, 34.471735 ], [ 79.70188, 34.486012 ], [ 79.673565, 34.454603001000066 ], [ 79.623358, 34.449844001000031 ], [ 79.600515, 34.466262 ], [ 79.561117, 34.458409001000064 ], [ 79.538163, 34.478881 ], [ 79.508851, 34.453679 ], [ 79.530592, 34.442644 ], [ 79.534781, 34.400754 ], [ 79.574721, 34.319036 ], [ 79.602809, 34.306550001000062 ], [ 79.607364, 34.238222 ], [ 79.490589, 34.1909 ], [ 79.485611001000052, 34.125586 ], [ 79.41613, 34.100126001000035 ], [ 79.430407, 34.061341 ], [ 79.403281, 34.00233 ], [ 79.36651, 33.994337 ], [ 79.316193, 34.014941001000068 ], [ 79.248854, 34.023983 ], [ 79.225298, 34.010658 ], [ 79.189606, 34.025173 ], [ 79.138923, 33.994478 ], [ 79.099424, 33.98995700100005 ], [ 79.029468001000055, 34.010420001000057 ], [ 78.995204, 34.036832 ], [ 78.911685, 34.009706 ], [ 78.887176, 33.972587001000079 ], [ 78.937145, 33.912624 ], [ 78.965223, 33.821253001000059 ], [ 79.028278001000047, 33.753676001000031 ], [ 79.011855, 33.685212001000025 ], [ 79.06396600100004, 33.666414 ], [ 79.090382, 33.637189 ], [ 79.085143, 33.619538 ], [ 79.003527, 33.607403 ], [ 78.907397, 33.62049 ], [ 78.885744, 33.576232001000051 ], [ 78.913517, 33.554639 ], [ 78.940111001000048, 33.380019 ], [ 78.963013, 33.339130001000058 ], [ 79.026725, 33.320346 ], [ 79.035201001000075, 33.272681 ], [ 79.079942, 33.244917001000033 ], [ 79.066844, 33.232005 ], [ 79.107388, 33.19975 ], [ 79.151971, 33.181869001000052 ], [ 79.182862, 33.22001 ], [ 79.209644, 33.212651 ], [ 79.216971, 33.237886 ], [ 79.255818, 33.215399 ], [ 79.27223, 33.221216 ], [ 79.302497, 33.190670001000058 ], [ 79.337553, 33.20425 ], [ 79.408298, 33.188838 ], [ 79.398981, 33.139980001000026 ], [ 79.364312, 33.106121 ], [ 79.358511, 33.061133 ], [ 79.328358, 33.034464 ], [ 79.341436, 33.01973 ], [ 79.331457, 33.000793 ], [ 79.36345, 32.962988001000042 ], [ 79.352869, 32.954682 ], [ 79.364081, 32.938164 ], [ 79.399706001000084, 32.941670001000034 ], [ 79.390484, 32.917004001000066 ], [ 79.471241, 32.878789 ], [ 79.460914, 32.83343700100005 ], [ 79.4808, 32.800677 ], [ 79.557271, 32.759179 ], [ 79.543035, 32.730346 ], [ 79.561282, 32.714367 ], [ 79.540843, 32.703226001000075 ], [ 79.548375, 32.676552 ], [ 79.452456, 32.603784001000065 ], [ 79.413331, 32.520026001000076 ], [ 79.350972, 32.528539 ], [ 79.331177001000071, 32.565447001000052 ], [ 79.293452, 32.539559 ], [ 79.276039, 32.556002 ], [ 79.248154, 32.5167 ], [ 79.188294, 32.515877 ], [ 79.183966, 32.497826 ], [ 79.131546, 32.480951 ], [ 79.117527, 32.454475 ], [ 79.126430001000074, 32.421654 ], [ 79.105435, 32.407469 ], [ 79.100153, 32.370628 ], [ 79.060389, 32.387138001000039 ], [ 79.013599, 32.381218 ], [ 78.968287, 32.33574 ], [ 78.907529, 32.37251400100007 ], [ 78.892347, 32.40051800100008 ], [ 78.838598, 32.41271000100005 ], [ 78.779367, 32.479016001000048 ], [ 78.780829, 32.515658001000077 ], [ 78.757475, 32.567181001000051 ], [ 78.78136, 32.616313 ], [ 78.742145, 32.655287001000033 ], [ 78.739588616000049, 32.695718145000058 ], [ 78.710461, 32.667744 ], [ 78.634103, 32.645428 ], [ 78.633472, 32.605395 ], [ 78.583014, 32.603738 ], [ 78.558426, 32.622458 ], [ 78.516279, 32.614515 ], [ 78.500948, 32.583603001000029 ], [ 78.416068, 32.567467 ], [ 78.395036, 32.529874001000053 ], [ 78.472197, 32.44188100100007 ], [ 78.470926, 32.397103001000062 ], [ 78.454345001000036, 32.386462001000041 ], [ 78.485231, 32.358946 ], [ 78.478811, 32.325087001000043 ], [ 78.497358, 32.324564001000056 ], [ 78.510376, 32.303065 ], [ 78.488363, 32.275637 ], [ 78.520188, 32.261967 ], [ 78.559918, 32.202245001000051 ], [ 78.595748, 32.197991 ], [ 78.591592, 32.167153 ], [ 78.631200795000041, 32.125781949000043 ], [ 78.682504443000084, 32.114643357000034 ], [ 78.694451473000072, 32.095091731000025 ], [ 78.682642, 32.0801 ], [ 78.705739, 32.064442 ], [ 78.734384, 32.004954 ], [ 78.779628, 31.993593 ], [ 78.768919, 31.930776 ], [ 78.742444500000033, 31.901596290000043 ], [ 78.739672858000063, 31.841750460000071 ], [ 78.702297619000035, 31.806613187000039 ], [ 78.751134, 31.680167001000029 ], [ 78.798756, 31.681553001000054 ], [ 78.801893, 31.647571 ], [ 78.846641, 31.609164001000067 ], [ 78.775209, 31.543577001000074 ], [ 78.735283, 31.536477001000037 ], [ 78.720455, 31.508868001000053 ], [ 78.725838, 31.483803001000069 ], [ 78.757541, 31.482878 ], [ 78.796741, 31.444074 ], [ 78.749516, 31.367787 ], [ 78.778182, 31.312339 ], [ 78.853411, 31.294407001000025 ], [ 78.861582, 31.3153 ], [ 78.88339, 31.286193001000072 ], [ 78.899509001000069, 31.289732 ], [ 78.943861, 31.365656 ], [ 78.979362, 31.363938 ], [ 79.000465, 31.341845 ], [ 79.018694, 31.349011001000065 ], [ 79.018892, 31.426718 ], [ 79.060767, 31.429558 ], [ 79.075166, 31.459016 ], [ 79.099114, 31.454677 ], [ 79.170909, 31.399064 ], [ 79.170612, 31.363133001000051 ], [ 79.236496, 31.334996 ], [ 79.220248, 31.31650200100006 ], [ 79.249211, 31.284667 ], [ 79.226325, 31.260592001000077 ], [ 79.300861, 31.219047 ], [ 79.312353, 31.148275 ], [ 79.412762, 31.108019 ], [ 79.427466, 31.022924001000035 ], [ 79.506865, 31.03239 ], [ 79.516038, 30.997456001000046 ], [ 79.553208709000046, 30.956880345000059 ], [ 79.603135654000084, 30.939882462000071 ], [ 79.663156, 30.96445 ], [ 79.665555, 30.982895 ], [ 79.70073300100006, 30.970731 ], [ 79.734932, 30.979515001000038 ], [ 79.752312, 31.005804001000058 ], [ 79.816588, 30.971682 ], [ 79.866039, 30.971783 ], [ 79.888784, 30.917653001000076 ], [ 79.908398, 30.914693001000046 ], [ 79.930972, 30.880540001000043 ], [ 79.961515, 30.888541001000078 ], [ 80.008171, 30.866245001000038 ], [ 80.112388, 30.779679001000034 ], [ 80.172791, 30.809018 ], [ 80.21254, 30.752681 ], [ 80.238638, 30.762319 ], [ 80.248781, 30.720413001000054 ], [ 80.232973, 30.690488 ], [ 80.197811, 30.686161 ], [ 80.192574, 30.666027001000032 ], [ 80.219409, 30.64277 ], [ 80.207926, 30.588318 ], [ 80.218345001000046, 30.58015 ], [ 80.31539, 30.564537001000076 ], [ 80.345478, 30.520332001000043 ], [ 80.418295001000047, 30.523591 ], [ 80.445976, 30.496886001000064 ], [ 80.499158, 30.487941 ], [ 80.540747, 30.449059 ], [ 80.60663, 30.471487 ], [ 80.734136, 30.400610001000075 ], [ 80.801598, 30.323033001000056 ], [ 80.907084001000044, 30.303679 ], [ 80.929421, 30.265847 ], [ 80.982445984000037, 30.271106850000024 ], [ 81.03086, 30.247088001000066 ], [ 81.025808754000082, 30.226493205000054 ], [ 81.044688948000044, 30.205898054000045 ], [ 80.997109480000063, 30.185989259000053 ], [ 80.932949239000038, 30.177139844000067 ], [ 80.930333914000073, 30.213330840000026 ], [ 80.909950896000055, 30.223323103000041 ], [ 80.862563746000035, 30.169459365000023 ], [ 80.877669704000084, 30.128691113000059 ], [ 80.761138803000051, 30.04961015400005 ], [ 80.746892734000085, 30.00604862800003 ], [ 80.719504640000082, 30.000419863000047 ], [ 80.674036056000034, 29.957289810000077 ], [ 80.602881139000033, 29.958508751000068 ], [ 80.574198797000065, 29.923576698000034 ], [ 80.55265180400005, 29.850513379000063 ], [ 80.507215038000083, 29.823213533000057 ], [ 80.493648112000074, 29.795958644000052 ], [ 80.434694716000081, 29.806128783000077 ], [ 80.406840099000078, 29.794564622000053 ], [ 80.397487907000084, 29.759399793000057 ], [ 80.365741440000079, 29.747885964000034 ], [ 80.38445630800004, 29.674519079000049 ], [ 80.420184917000086, 29.639256990000035 ], [ 80.407941468000047, 29.595506146000048 ], [ 80.378781765000042, 29.561456091000025 ], [ 80.34264201700006, 29.553047129000049 ], [ 80.357943593000073, 29.53265949200005 ], [ 80.34959955000005, 29.519042666000075 ], [ 80.286589157000037, 29.47700965100006 ], [ 80.302449368000055, 29.453234258000066 ], [ 80.24290889100007, 29.443909268000027 ], [ 80.24159635400008, 29.411730571000078 ], [ 80.274605492000035, 29.39315687900006 ], [ 80.280088166000041, 29.346394140000029 ], [ 80.316869477000068, 29.314911790000053 ], [ 80.290645641000083, 29.231727010000043 ], [ 80.297235326000077, 29.205230762000042 ], [ 80.287191184000051, 29.19534070800006 ], [ 80.248271841000076, 29.221157972000071 ], [ 80.24075629400005, 29.202605718000029 ], [ 80.271616515000062, 29.142237426000065 ], [ 80.233244321000029, 29.118618551000054 ], [ 80.183421139000075, 29.137242551000043 ], [ 80.144830355000067, 29.104288956000062 ], [ 80.128464592000057, 29.061219373000029 ], [ 80.135422482000081, 29.007356614000059 ], [ 80.118100936000076, 28.981915941000068 ], [ 80.100225384000055, 28.986647857000037 ], [ 80.058469896000076, 28.916583330000037 ], [ 80.075216780000062, 28.824454545000037 ], [ 80.118096157000082, 28.828954869000029 ], [ 80.216092696000032, 28.755547048000039 ], [ 80.254380471000047, 28.755523874000062 ], [ 80.256491445000051, 28.72923170200005 ], [ 80.316149999000061, 28.70059999800003 ], [ 80.325771743000075, 28.666445654000029 ], [ 80.360685598000032, 28.634568673000047 ], [ 80.451478971000085, 28.628722195000023 ], [ 80.468482494000057, 28.583126364000066 ], [ 80.480150633000051, 28.587602423000078 ], [ 80.517049417000067, 28.551839500000028 ], [ 80.530727338000077, 28.572420304000048 ], [ 80.503534202000083, 28.664933222000059 ], [ 80.539718167000046, 28.690659913000047 ], [ 80.568549352000048, 28.688044996000031 ], [ 80.590377115000081, 28.679953072000046 ], [ 80.589842784000041, 28.648151360000043 ], [ 80.667589399000065, 28.642097728000067 ], [ 80.67750273300004, 28.604433291000078 ], [ 80.695829321000076, 28.603454291000048 ], [ 80.690441600000042, 28.587701698000046 ], [ 80.714578741000082, 28.568379152000034 ], [ 80.767942699000059, 28.566148488000067 ], [ 80.78861327900006, 28.524770004000061 ], [ 80.86601700500006, 28.489574429000072 ], [ 80.861612955000055, 28.504387515000076 ], [ 80.89612783900003, 28.506964048000043 ], [ 80.915646241000047, 28.45797471700007 ], [ 80.914208522000081, 28.468354356000077 ], [ 80.930696153000042, 28.458030227000052 ], [ 80.942630213000029, 28.46878509000004 ], [ 80.932104034000076, 28.458832019000056 ], [ 80.951728223000032, 28.447556001000066 ], [ 80.980171187000053, 28.455122709000079 ], [ 80.964959813000064, 28.437747753000053 ], [ 81.017681521000043, 28.45180891900003 ], [ 81.012893677000079, 28.438165862000062 ], [ 81.033716122000044, 28.428024095000069 ], [ 81.016637099000036, 28.415863124000055 ], [ 81.033547092000049, 28.397493525000073 ], [ 81.035665227000038, 28.413785620000056 ], [ 81.079778174000069, 28.385027415000025 ], [ 81.210590961000037, 28.360782764000078 ], [ 81.234353755000029, 28.324730300000056 ], [ 81.232548737000059, 28.289069080000047 ], [ 81.32087341600004, 28.197488156000077 ], [ 81.32193131300005, 28.169513988000062 ], [ 81.301549675000047, 28.166285377000065 ], [ 81.328045897000038, 28.148095314000045 ], [ 81.317947194000055, 28.133663459000047 ], [ 81.371345164000047, 28.142648859000076 ], [ 81.37460027700007, 28.176993808000077 ], [ 81.446585433000052, 28.161052978000043 ], [ 81.449944120000055, 28.140801521000071 ], [ 81.484034570000063, 28.118569638000054 ], [ 81.478246064000075, 28.082768202000068 ], [ 81.624765875000037, 28.001333987000066 ], [ 81.698453203000042, 27.988194279000027 ], [ 81.884925241000076, 27.856965091000063 ], [ 81.92583662800007, 27.859605153000075 ], [ 81.968135619000066, 27.929154941000036 ], [ 82.070024493000062, 27.923673668000049 ], [ 82.121113775000083, 27.865855962000069 ], [ 82.208991293000054, 27.842924535000066 ], [ 82.448713462000057, 27.679329058000064 ], [ 82.707902018000084, 27.722829140000044 ], [ 82.712370273000033, 27.662967707000064 ], [ 82.73167346300005, 27.653848165000056 ], [ 82.735021546000041, 27.611008059000028 ], [ 82.75802049400005, 27.585802639000065 ], [ 82.738119568000059, 27.551867481000045 ], [ 82.749682790000065, 27.52253784100003 ], [ 82.73557302200004, 27.502320116000078 ], [ 82.929305205000048, 27.501211478000073 ], [ 82.954112043000066, 27.467750114000069 ], [ 83.034573038000076, 27.448792368000056 ], [ 83.187898545000053, 27.454389756000069 ], [ 83.272196300000076, 27.383426257000053 ], [ 83.272439904000066, 27.352684927000041 ], [ 83.317258526000046, 27.330045768000048 ], [ 83.359051138000041, 27.342906901000049 ], [ 83.409493700000041, 27.412641073000032 ], [ 83.384322621000081, 27.435990411000034 ], [ 83.401725853000073, 27.457166178000023 ], [ 83.388133768000046, 27.479801416000043 ], [ 83.614262137000082, 27.469482328000026 ], [ 83.863733177000086, 27.345854425000027 ], [ 83.884444719000044, 27.37727661200006 ], [ 83.833171819000086, 27.425722189000055 ], [ 83.847435257000086, 27.445351754000058 ], [ 83.884591425000053, 27.433144628000036 ], [ 83.933529631000056, 27.450359217000027 ], [ 83.996148082000047, 27.446472418000042 ], [ 84.023911309000084, 27.432584999000028 ], [ 84.09530575000008, 27.489795475000051 ], [ 84.097697799000059, 27.517233789000045 ], [ 84.150712617000067, 27.516926634000072 ], [ 84.148631689000069, 27.48611509400007 ], [ 84.205657872000074, 27.470214767000073 ], [ 84.208152770000083, 27.44245511500003 ], [ 84.254108974000076, 27.454130985000063 ], [ 84.291725432000078, 27.385073815000055 ], [ 84.620008233000078, 27.338758593000023 ], [ 84.689012013000081, 27.220647253000038 ], [ 84.674782054000048, 27.096862793000071 ], [ 84.64614610600006, 27.075667622000026 ], [ 84.643302990000052, 27.046176426000045 ], [ 84.756749, 27.002891264000027 ], [ 84.773277410000048, 27.017786613000055 ], [ 84.793147576000081, 26.995919782000044 ], [ 84.825317936000033, 27.020997675000046 ], [ 84.89173476600007, 26.969757190000053 ], [ 84.962526064000031, 26.960515951000048 ], [ 84.978158701000041, 26.940640635000022 ], [ 84.969062825000037, 26.916011974000071 ], [ 85.05270291100004, 26.889243836000048 ], [ 85.025029341000049, 26.873287661000063 ], [ 85.024018378000051, 26.854442214000073 ], [ 85.190655926000034, 26.869979317000059 ], [ 85.176533876000065, 26.809812203000035 ], [ 85.21148764600008, 26.758273405000068 ], [ 85.333974019000038, 26.741596908000076 ], [ 85.40753049500006, 26.791426106000074 ], [ 85.451729991000036, 26.78152725800004 ], [ 85.479653035000069, 26.802433988000075 ], [ 85.495353610000052, 26.797174104000078 ], [ 85.497816082000043, 26.812306144000047 ], [ 85.565784721000057, 26.841094056000031 ], [ 85.575428016000046, 26.861013979000063 ], [ 85.585536440000055, 26.847339608000027 ], [ 85.626966682000045, 26.873467138000024 ], [ 85.72888434500004, 26.808067399000038 ], [ 85.734010430000069, 26.650828345000036 ], [ 85.801553277000039, 26.624325866000049 ], [ 85.817500942000038, 26.60284714900007 ], [ 85.851134559000059, 26.608659384000077 ], [ 85.851598266000053, 26.568029742000078 ], [ 85.928274210000041, 26.61679626800003 ], [ 85.947098915000083, 26.612998281000046 ], [ 85.958515042000045, 26.651270566000051 ], [ 86.026937056000065, 26.666811359000064 ], [ 86.138671328000044, 26.62886244300006 ], [ 86.136186132000034, 26.60644192500007 ], [ 86.191935692000072, 26.614921765000076 ], [ 86.196190026000068, 26.593853333000027 ], [ 86.217453136000074, 26.58856613100005 ], [ 86.252618276000078, 26.617185844000062 ], [ 86.333116976000042, 26.619105969000032 ], [ 86.497551877000035, 26.542392610000036 ], [ 86.541618679000067, 26.538706293000075 ], [ 86.570009541000047, 26.49650390100004 ], [ 86.693810284000051, 26.451208603000055 ], [ 86.730554989000041, 26.42264711200005 ], [ 86.76564946700006, 26.459300051000071 ], [ 86.833562194000081, 26.43902922500007 ], [ 86.893735992000074, 26.462046217000079 ], [ 86.891431242000067, 26.486113863000071 ], [ 86.929591901000038, 26.48975977300006 ], [ 86.932697037000082, 26.517395615000055 ], [ 87.015153314000031, 26.532159385000057 ], [ 87.044509412000082, 26.587331121000034 ], [ 87.071566747000077, 26.585831268000049 ], [ 87.091475013000036, 26.450375503000032 ], [ 87.162380829000085, 26.403982635000034 ], [ 87.260351058000083, 26.409614853000051 ], [ 87.265778554000065, 26.37393331100003 ], [ 87.312326645000041, 26.371561651000036 ], [ 87.340624481000077, 26.347374245000026 ], [ 87.358177264000062, 26.361157484000046 ], [ 87.368651911000086, 26.40802855000004 ], [ 87.465807762000054, 26.44040377500005 ], [ 87.54750350300003, 26.418462868000063 ], [ 87.604618266000045, 26.380933760000062 ], [ 87.651684149000062, 26.393644985000037 ], [ 87.649999965000063, 26.406032931000027 ], [ 87.677945579000038, 26.415937859000053 ], [ 87.677452680000044, 26.43562928800003 ], [ 87.733724715000051, 26.407691945000067 ], [ 87.767127762000086, 26.410670379000067 ], [ 87.772126079000031, 26.449671189000071 ], [ 87.792760657000031, 26.46886218800006 ], [ 87.848649935000083, 26.436530037000068 ], [ 87.888081144000068, 26.486883208000052 ], [ 87.909652341000083, 26.457698616000073 ], [ 87.898574714000063, 26.448851625000032 ], [ 87.92449447000007, 26.446477867000056 ], [ 87.926923399000032, 26.417624322000052 ], [ 87.991708291000066, 26.39269814000005 ], [ 87.991395306000072, 26.370428423000078 ], [ 88.008422456000062, 26.36126273800005 ], [ 88.030150269000046, 26.36490974000003 ], [ 88.03124708100006, 26.388539692000052 ], [ 88.090595190000045, 26.426005147000069 ], [ 88.088123393000046, 26.462490772000024 ], [ 88.105507507000084, 26.469085585000073 ], [ 88.096640253000032, 26.535530148000078 ], [ 88.160281446000056, 26.636598208000066 ], [ 88.186272058000043, 26.73849049100005 ], [ 88.173572648000061, 26.865412381000056 ], [ 88.136199484000031, 26.898592087000054 ], [ 88.145867195000051, 26.921014709000076 ], [ 88.120307169000057, 26.950430177000044 ], [ 88.135315107000054, 26.985065524000049 ], [ 88.091588650000062, 27.005108829000051 ], [ 88.07754383200006, 27.035255449000033 ], [ 88.037243050000086, 27.036817344000042 ], [ 88.020633697000051, 27.087600071000054 ], [ 87.987277647000042, 27.119423088000076 ], [ 88.019221247000075, 27.171179287000029 ], [ 88.012242148000041, 27.216023543000063 ], [ 88.031623787000058, 27.286275053000054 ], [ 88.06652060600004, 27.336025559000063 ], [ 88.041661120000072, 27.371958489000065 ], [ 88.050593486000082, 27.412813349000032 ], [ 88.074817412000073, 27.432100362000028 ], [ 88.043676524000034, 27.495919055000059 ], [ 88.082792674000075, 27.587005846000068 ], [ 88.144310393000069, 27.664097612000035 ], [ 88.155632482000044, 27.735195661000034 ], [ 88.177996361000055, 27.746601765000037 ], [ 88.19701746800007, 27.791043376000061 ], [ 88.173013471000047, 27.820604398000057 ], [ 88.200907781000069, 27.837366399000075 ], [ 88.196155283000053, 27.853995912000073 ], [ 88.139445712000054, 27.878336644000058 ], [ 88.117999, 27.918068001000051 ], [ 88.142459, 27.965277 ], [ 88.20699, 27.94067300100005 ], [ 88.208847, 27.962374 ], [ 88.237638, 27.969512 ], [ 88.251327, 27.941664 ], [ 88.3404, 27.985807 ], [ 88.413592, 27.981077001000074 ], [ 88.417354, 27.999983 ], [ 88.468154, 28.016892 ], [ 88.494911, 28.055118 ], [ 88.545952, 28.034001 ], [ 88.554446, 28.082288 ], [ 88.602365, 28.089627001000053 ], [ 88.637255978000042, 28.118234627000049 ], [ 88.670614, 28.074115 ], [ 88.754741, 28.080301 ], [ 88.836082, 28.015297 ], [ 88.836233117000063, 27.927848352000069 ], [ 88.867636, 27.919711001000053 ], [ 88.888121, 27.856407001000036 ], [ 88.857085, 27.815528001000075 ], [ 88.867002, 27.742706 ], [ 88.838506, 27.705407001000026 ], [ 88.84823, 27.668192 ], [ 88.814822, 27.646914 ], [ 88.791806001000054, 27.574232 ], [ 88.763302, 27.566424 ], [ 88.793572, 27.526935 ], [ 88.776827, 27.469292 ], [ 88.805691001000071, 27.407046 ], [ 88.837896, 27.37961000100006 ], [ 88.861137, 27.386304001000042 ], [ 88.895321327000033, 27.332933667000077 ], [ 88.92136938200008, 27.327287628000079 ], [ 88.914670920000049, 27.29074896000003 ], [ 88.879344480000043, 27.260822481000048 ], [ 88.80238330800006, 27.248772817000031 ], [ 88.789074840000069, 27.18531 ], [ 88.765067161000047, 27.177775021000059 ], [ 88.745553334000078, 27.141983681000056 ], [ 88.802493955000045, 27.139300220000052 ], [ 88.871627962000048, 27.108796158000075 ], [ 88.875257102000035, 26.943214074000025 ], [ 88.921267927000031, 26.99421736100004 ], [ 88.952229898000041, 26.96848381600006 ], [ 88.94511095200005, 26.933495684000036 ], [ 88.979113357000074, 26.917887213000029 ], [ 89.021444738000071, 26.940731284000037 ], [ 89.05112166300006, 26.916244603000052 ], [ 89.048516263000067, 26.899327304000053 ], [ 89.095674428000052, 26.891723870000078 ], [ 89.101055427000063, 26.844086988000072 ], [ 89.133633469000074, 26.80747167800007 ], [ 89.262539946000061, 26.814192185000024 ], [ 89.318781981000086, 26.851631461000068 ], [ 89.378938639000069, 26.862298718000034 ], [ 89.389872275000073, 26.841926225000066 ], [ 89.439382844000079, 26.840516749000074 ], [ 89.46961294700003, 26.802712841000073 ], [ 89.55736462200008, 26.813404040000023 ], [ 89.566087535000065, 26.799099940000076 ], [ 89.64975208900006, 26.776981613000032 ], [ 89.643445543000041, 26.748691804000032 ], [ 89.617129172000034, 26.728998707000073 ], [ 89.62608248500004, 26.723471226000072 ], [ 89.658100629000046, 26.718684726000049 ], [ 89.670518319000053, 26.739586712000062 ], [ 89.724037549000059, 26.723217921000071 ], [ 89.755015697000033, 26.733845626000061 ], [ 89.774688817000083, 26.702067016000058 ], [ 89.860949733000041, 26.702020985000047 ], [ 89.861716760000036, 26.737626401000057 ], [ 89.897077024000055, 26.724581111000077 ], [ 90.045655100000033, 26.729652842000064 ], [ 90.193900492000068, 26.773501085000078 ], [ 90.187549567000076, 26.807093542000075 ], [ 90.230449975000056, 26.859034574000077 ], [ 90.30030484200006, 26.848434461000068 ], [ 90.346015584000043, 26.874301397000067 ], [ 90.355501928000081, 26.900848415000041 ], [ 90.41733490200005, 26.904819191000058 ], [ 90.546447629000056, 26.816758936000042 ], [ 90.633996965000051, 26.794207307000079 ], [ 90.645978082000056, 26.777701382000032 ], [ 90.676222999000061, 26.785316186000045 ], [ 90.717232022000076, 26.769856059000062 ], [ 90.952084930000069, 26.779025444000069 ], [ 90.992263311000045, 26.794863625000062 ], [ 91.052785165000046, 26.782927322000035 ], [ 91.096798154000055, 26.821954678000054 ], [ 91.235559924000086, 26.812483779000047 ], [ 91.33644189000006, 26.780441344000053 ], [ 91.375019666000071, 26.79528700700007 ], [ 91.407562516000041, 26.840185776000055 ], [ 91.495094539000036, 26.791552320000051 ], [ 91.625339572000087, 26.821082231000048 ], [ 91.689732160000062, 26.806690139000068 ], [ 91.824361133000082, 26.864503296000066 ], [ 91.859197488000063, 26.913390219000064 ], [ 91.892397923000033, 26.92055232000007 ], [ 91.982773746000078, 26.859588736000035 ], [ 92.056431466000049, 26.847273689000076 ], [ 92.10256094600004, 26.867456902000072 ], [ 92.12134608000008, 26.960671981000075 ], [ 92.103387120000036, 27.00401499000003 ], [ 92.077952040000071, 27.017965981000032 ], [ 92.08170288000008, 27.040574970000023 ], [ 92.044706040000051, 27.051982020000025 ], [ 92.031192, 27.08003898100003 ], [ 92.026927080000064, 27.16857396100005 ], [ 92.056923, 27.188285040000039 ], [ 92.071838160000084, 27.234779041000024 ], [ 92.037692880000066, 27.258485040000039 ], [ 92.074059, 27.27853704000006 ], [ 92.119524120000051, 27.270891001000052 ], [ 92.123283960000037, 27.286608960000024 ], [ 92.064912840000034, 27.327294 ], [ 92.047685040000033, 27.362250991000053 ], [ 92.056146840000054, 27.399933990000079 ], [ 92.016664202000072, 27.480615111000077 ], [ 91.960785550000082, 27.460113361000026 ], [ 91.872568685000033, 27.470376217000023 ], [ 91.848682298000085, 27.486509229000035 ], [ 91.828076856000052, 27.468139266000037 ], [ 91.76742280600007, 27.464913774000024 ], [ 91.708904389000054, 27.476511990000063 ], [ 91.717634478000036, 27.49812014400004 ], [ 91.694527920000041, 27.50556798100007 ], [ 91.651994003000084, 27.483301729000061 ], [ 91.565722191000077, 27.583620221000047 ], [ 91.584484920000079, 27.608437981000066 ], [ 91.562331960000051, 27.631447020000053 ], [ 91.572849, 27.660834 ], [ 91.629294462000075, 27.70001447900006 ], [ 91.642996047000054, 27.761111 ], [ 91.847664361000056, 27.761110694000024 ], [ 91.873503285000083, 27.721965478000072 ], [ 91.903206690000047, 27.729227810000054 ], [ 91.924395066000045, 27.716514477000032 ], [ 91.965398533000041, 27.739084475000027 ], [ 91.982680888000061, 27.777340708000054 ], [ 92.056903167000087, 27.780001691000052 ], [ 92.243656918000056, 27.888167514000031 ], [ 92.293352408000032, 27.872482427000023 ], [ 92.31908, 27.797418 ], [ 92.423851, 27.834877001000052 ], [ 92.426809, 27.803474 ], [ 92.455818, 27.793335001000059 ], [ 92.500317, 27.851212 ], [ 92.580304, 27.88163 ], [ 92.606919, 27.916835 ], [ 92.646349, 27.912610001000075 ], [ 92.72957400100006, 27.978233001000035 ], [ 92.731518, 28.054471 ], [ 92.656442, 28.079992001000051 ], [ 92.67733, 28.150960001000044 ], [ 92.717246094000075, 28.167669372000034 ], [ 92.739043439000056, 28.153723741000078 ], [ 92.762995714000056, 28.160666411000079 ], [ 92.784394, 28.186706001000061 ], [ 92.832726, 28.175169 ], [ 92.882893, 28.201564001000065 ], [ 92.921611, 28.200690001000055 ], [ 92.946869, 28.261607 ], [ 92.991267, 28.273143 ], [ 93.00228, 28.294469001000039 ], [ 93.060225, 28.304607 ], [ 93.149153218000038, 28.366877346000024 ], [ 93.168196613000077, 28.454792089000023 ], [ 93.192391607000047, 28.494038179000029 ], [ 93.251039394000031, 28.545398797000075 ], [ 93.370597438000061, 28.599726831000055 ], [ 93.425631597000063, 28.661985712000046 ], [ 93.622843775000035, 28.685467998000036 ], [ 93.637254, 28.654530001000069 ], [ 93.688514, 28.678325001000076 ], [ 93.712243, 28.664707001000068 ], [ 93.784275, 28.713301 ], [ 93.789848, 28.737021001000073 ], [ 93.896591, 28.757455 ], [ 93.914596, 28.741022001000033 ], [ 93.912166, 28.773174 ], [ 93.974898, 28.821472 ], [ 93.988044, 28.795037001000026 ], [ 94.019745, 28.793489 ], [ 94.028261, 28.852809 ], [ 94.1619, 28.904485001000069 ], [ 94.178641, 28.935935001000075 ], [ 94.260509, 28.931677 ], [ 94.27396, 28.967869 ], [ 94.366375, 29.025931 ], [ 94.32757, 29.04054300100006 ], [ 94.315571, 29.07586400100007 ], [ 94.276863, 29.093863001000045 ], [ 94.293217, 29.152312001000041 ], [ 94.378907, 29.154127 ], [ 94.390519, 29.184174001000031 ], [ 94.448073, 29.183376001000056 ], [ 94.456855, 29.213132001000076 ], [ 94.491982, 29.207762 ], [ 94.510635, 29.231204 ], [ 94.540972, 29.219737 ], [ 94.626468, 29.295798 ], [ 94.697159, 29.315394 ], [ 94.734899, 29.286943 ], [ 94.751664, 29.22968 ], [ 94.803702, 29.208415001000049 ], [ 94.807259, 29.164868001000059 ], [ 94.847539, 29.182577001000027 ], [ 94.884191001000033, 29.179093 ], [ 95.021816, 29.127475 ], [ 94.994651, 29.173582001000057 ], [ 95.097212, 29.142038 ], [ 95.119368, 29.112416 ], [ 95.103847, 29.096066001000054 ], [ 95.135957001000065, 29.088483001000043 ], [ 95.211549, 29.107559 ], [ 95.262616, 29.06834 ], [ 95.299347, 29.136469 ], [ 95.412736, 29.125924001000044 ], [ 95.419016, 29.180664001000025 ], [ 95.433945, 29.192749 ], [ 95.45385, 29.176398 ], [ 95.457879, 29.136824001000036 ], [ 95.503614, 29.12604200100003 ], [ 95.515344, 29.143222001000026 ], [ 95.502074, 29.192157 ], [ 95.595676, 29.18801 ], [ 95.605629, 29.235996 ], [ 95.648046, 29.210403001000032 ], [ 95.698284, 29.224740001000043 ], [ 95.708829, 29.204005001000041 ], [ 95.743189, 29.225688 ], [ 95.730275, 29.239669 ], [ 95.752431, 29.276162001000046 ], [ 95.737147, 29.297963 ], [ 95.812326, 29.34753 ], [ 95.838883, 29.353088 ], [ 95.841083, 29.321233001000053 ], [ 95.877492, 29.314569 ], [ 95.965675, 29.375780001000066 ], [ 96.016531, 29.362545 ], [ 96.053699, 29.382748 ], [ 96.136324, 29.34558 ], [ 96.152310318000048, 29.296357865000061 ], [ 96.195094261000065, 29.265623930000061 ], [ 96.264366361000043, 29.246009633000028 ], [ 96.260253507000073, 29.217342358000053 ], [ 96.302809761000049, 29.192280071000027 ], [ 96.287822987000084, 29.132101248000026 ], [ 96.199617293000074, 29.098763919000078 ], [ 96.214978387000087, 29.069320957000059 ], [ 96.186817741000084, 29.03730968900004 ], [ 96.206909825000082, 29.032565464000072 ], [ 96.244362740000042, 29.087354002000041 ], [ 96.330200869000066, 29.113145902000042 ], [ 96.35085934600005, 29.081379706000064 ], [ 96.366031108000072, 29.081482470000026 ], [ 96.36401580200004, 29.042266661000042 ], [ 96.444103509000058, 28.995104459000061 ], [ 96.435935196000059, 28.970601345000034 ], [ 96.448487155000066, 28.940254063000054 ], [ 96.52169447700004, 28.938938956000072 ], [ 96.522839771000065, 28.86207670500005 ], [ 96.588889459000086, 28.819478808000042 ], [ 96.573276363000048, 28.783491307000077 ], [ 96.602817807000065, 28.780888345000051 ], [ 96.602631231000032, 28.759303492000072 ], [ 96.631809518000068, 28.733707333000041 ], [ 96.641125534000082, 28.679902765000065 ], [ 96.602967769000031, 28.673436564000042 ], [ 96.562661215000048, 28.69777526300004 ], [ 96.54472497900008, 28.687396764000027 ], [ 96.543773823000038, 28.651033895000069 ], [ 96.510215163000055, 28.609856133000051 ], [ 96.514031045000081, 28.582337403000054 ], [ 96.475408954000045, 28.573339267000051 ], [ 96.465627811000047, 28.522886251000045 ], [ 96.409183209000048, 28.524471047000077 ], [ 96.406453369000076, 28.505854386000067 ], [ 96.430586308000045, 28.510683236000034 ], [ 96.455665574000079, 28.486041121000028 ], [ 96.474480572000061, 28.495633369000075 ], [ 96.498105789000078, 28.42899383200006 ], [ 96.511945051000055, 28.453464483000062 ], [ 96.493143977000045, 28.541797246000044 ], [ 96.55121203200008, 28.56180893800007 ], [ 96.61397175500008, 28.620385486000032 ], [ 96.647597781000059, 28.618743178000045 ], [ 96.686946191000061, 28.589768968000044 ], [ 96.711883367000041, 28.611443849000068 ], [ 96.722447361000036, 28.578770165000037 ], [ 96.762016489000075, 28.553143021000039 ], [ 96.750896255000043, 28.541699425000047 ], [ 96.760041219000072, 28.519409105000079 ], [ 96.860611336000034, 28.483045717000039 ], [ 96.861958512000058, 28.452971016000049 ], [ 96.893447422000065, 28.418109800000025 ], [ 96.887816887000042, 28.387294402000066 ], [ 96.925121878000084, 28.352618581000058 ], [ 97.000581859000079, 28.325061419000065 ], [ 97.07781486500005, 28.370821442000079 ], [ 97.126426885000058, 28.361892004000026 ], [ 97.237209029000041, 28.294226810000055 ], [ 97.242576062000069, 28.265826278000077 ], [ 97.264411280000047, 28.265117822000036 ], [ 97.284412905000067, 28.231426843000065 ], [ 97.360074403000056, 28.204805068000042 ], [ 97.358706321000057, 28.163196234000054 ], [ 97.325104483000075, 28.138427374000059 ], [ 97.332013402000086, 28.105763765000063 ], [ 97.312265750000051, 28.062068095000029 ], [ 97.354488168000046, 28.066836059000025 ], [ 97.395358705000035, 28.011741800000038 ], [ 97.363147607000087, 27.965320817000077 ], [ 97.377101348000053, 27.949768212000038 ], [ 97.366926745000058, 27.936541230000046 ], [ 97.379136267000035, 27.892063686000029 ], [ 97.366199988000062, 27.877237839000031 ], [ 97.319106118000036, 27.888575252000066 ], [ 97.298103305000041, 27.916077355000027 ], [ 97.247476473000063, 27.900083961000064 ], [ 97.164576822000072, 27.814772257000072 ], [ 97.113259999000036, 27.785314284000037 ], [ 97.087729254000067, 27.734184302000074 ], [ 97.031542921000039, 27.749486575000049 ], [ 96.983023305000074, 27.666495058000066 ], [ 96.935116964000088, 27.661659125000028 ], [ 96.889812005000067, 27.605873904000077 ], [ 96.890210731000082, 27.579381860000069 ], [ 96.908372671000052, 27.579384395000034 ], [ 96.90668564200007, 27.544315204000043 ], [ 96.935340558000064, 27.508311007000032 ], [ 96.910467295000046, 27.486679989000038 ], [ 96.903380679000065, 27.452783631000045 ], [ 96.962377393000054, 27.401618291000034 ], [ 96.96209540600006, 27.372932847000072 ], [ 96.99841325400007, 27.318788709000046 ], [ 97.028090672000076, 27.30848420500007 ], [ 97.088221692000047, 27.238837072000024 ], [ 97.09049570600007, 27.21356266600003 ], [ 97.163566896000077, 27.142182573000071 ], [ 97.138210212000047, 27.091486874000054 ], [ 97.10042551500004, 27.108965514000033 ], [ 97.063440808000053, 27.091770747000055 ], [ 97.030559975000074, 27.131371161000061 ], [ 96.984158178000087, 27.154366645000039 ], [ 96.867665416000079, 27.184722442000066 ], [ 96.854680924000036, 27.210779937000041 ], [ 96.885609068000065, 27.226930691000064 ], [ 96.884272323000062, 27.260187525000049 ], [ 96.846877827000071, 27.271643236000045 ], [ 96.848070421000045, 27.290384778000032 ], [ 96.796739187000071, 27.345819246000076 ], [ 96.704217220000032, 27.372258742000042 ], [ 96.697685352000065, 27.357702826000036 ], [ 96.605652454000051, 27.365828888000067 ], [ 96.596150713000043, 27.333571514000027 ], [ 96.550896388000069, 27.318296744000065 ], [ 96.523627763000036, 27.286293487000023 ], [ 96.440647308000052, 27.306334967000055 ], [ 96.386237359000063, 27.284741540000027 ], [ 96.307446438000056, 27.294218568000076 ], [ 96.271449647000054, 27.271395006000034 ], [ 96.228589352000085, 27.278800822000051 ], [ 96.022636787000067, 27.179952335000053 ], [ 95.945734645000073, 27.05138822300006 ], [ 95.87021788900006, 27.013119112000027 ], [ 95.802256334000049, 27.015073313000073 ], [ 95.755235629000083, 26.953950147000057 ], [ 95.744966258000034, 26.896256383000036 ], [ 95.72305902800008, 26.88147771000007 ], [ 95.667223690000071, 26.902908708000041 ], [ 95.631537016000038, 26.873745692000057 ], [ 95.608003717000031, 26.813191944000039 ], [ 95.543172481000056, 26.835436777000041 ], [ 95.524649558000078, 26.822662482000055 ], [ 95.48236090100005, 26.746451980000074 ], [ 95.459291176000079, 26.742859776000046 ], [ 95.430585292000046, 26.700023479000038 ], [ 95.30339233400008, 26.650843802000054 ], [ 95.259574126000075, 26.655351561000032 ], [ 95.257342407000067, 26.676131544000043 ], [ 95.233919682000078, 26.682458570000051 ], [ 95.208454471000039, 26.647811343000058 ], [ 95.149107197000035, 26.616014375000077 ], [ 95.15427184300006, 26.582821366000076 ], [ 95.139293046000034, 26.556116084000053 ], [ 95.107216920000042, 26.541475504000061 ], [ 95.114100035000035, 26.518359886000042 ], [ 95.061748562000048, 26.449515918000031 ], [ 95.084438034000073, 26.447317388000045 ], [ 95.103998923000063, 26.420552530000066 ], [ 95.099796594000054, 26.394019415000059 ], [ 95.132198982000034, 26.377741581000066 ], [ 95.127230993000069, 26.253723496000077 ], [ 95.114455649000035, 26.232724808000057 ], [ 95.142533675000038, 26.211553251000055 ], [ 95.121911560000058, 26.184922873000062 ], [ 95.117740978000086, 26.101248414000054 ], [ 95.185683403000041, 26.073299559000077 ], [ 95.125768253000047, 25.986202277000075 ], [ 95.089245166000069, 25.95055731900004 ], [ 95.030988749000073, 25.931326010000078 ], [ 95.011593459000039, 25.897953100000052 ], [ 95.008851229000072, 25.866905071000076 ], [ 95.049763970000072, 25.80091507800006 ], [ 95.048670761000039, 25.759796779000055 ], [ 94.935482900000068, 25.666830455000024 ], [ 94.914834580000047, 25.60745016900006 ], [ 94.881850075000045, 25.590757275000044 ], [ 94.898231082000052, 25.565570274000038 ], [ 94.845644513000082, 25.561325224000029 ], [ 94.807850564000034, 25.493890405000059 ], [ 94.783834345000059, 25.48064382900003 ], [ 94.751739047000058, 25.493772662000026 ], [ 94.718082845000083, 25.469163193000043 ], [ 94.683425861000046, 25.466157673000055 ], [ 94.670420326000055, 25.418725447000043 ], [ 94.634740795000084, 25.395189526000024 ], [ 94.634373227000083, 25.355691921000073 ], [ 94.585119621000047, 25.266754443000025 ], [ 94.575639945000034, 25.213862879000033 ], [ 94.605983697000056, 25.181372862000046 ], [ 94.620026765000034, 25.186824339000054 ], [ 94.740944833000071, 25.126575704000061 ], [ 94.744081230000063, 25.037007641000059 ], [ 94.696348500000056, 24.968260699000041 ], [ 94.713602611000056, 24.935002558000065 ], [ 94.63224271200005, 24.839631067000028 ], [ 94.617902374000039, 24.780570648000037 ], [ 94.629112731000077, 24.757130029000052 ], [ 94.604999716000066, 24.712627368000028 ], [ 94.585544209000034, 24.70594172400007 ], [ 94.579732439000054, 24.724889659000041 ], [ 94.568163225000035, 24.705926593000072 ], [ 94.541872058000081, 24.704358509000031 ], [ 94.539910361000068, 24.644312702000036 ], [ 94.508622264000053, 24.593900449000046 ], [ 94.456481028000042, 24.573120346000053 ], [ 94.42575021600004, 24.481315477000066 ], [ 94.398226573000045, 24.482340220000026 ], [ 94.408491008000055, 24.439883610000038 ], [ 94.39502271200007, 24.409594040000059 ], [ 94.360855676000085, 24.394423544000063 ], [ 94.378456110000059, 24.379733778000059 ], [ 94.349930693000033, 24.334412555000029 ], [ 94.321954137000034, 24.328911100000028 ], [ 94.321917932000076, 24.277219620000039 ], [ 94.276383990000056, 24.173277765000023 ], [ 94.259911138000064, 24.165469452000025 ], [ 94.254509768000048, 24.082472391000067 ], [ 94.239169076000053, 24.052066747000026 ], [ 94.227700507000065, 24.056688197000028 ], [ 94.237365724000085, 24.035416405000035 ], [ 94.189931576000049, 23.933472707000078 ], [ 94.169604805000063, 23.92867751700004 ], [ 94.156587268000067, 23.847907993000035 ], [ 94.126061233000087, 23.833477974000061 ], [ 94.096063957000069, 23.889188014000069 ], [ 94.049025762000042, 23.887240167000073 ], [ 94.016732905000083, 23.926910951000025 ], [ 93.960364718000051, 23.928407952000043 ], [ 93.930108192000034, 23.950039533000052 ], [ 93.807762675000049, 23.926760203000072 ], [ 93.754301852000083, 24.005539799000076 ], [ 93.623758622000082, 24.011372566000034 ], [ 93.591853256000036, 23.960692165000069 ], [ 93.559544308000056, 23.982026521000023 ], [ 93.550339228000041, 23.959547780000037 ], [ 93.505117735000056, 23.94249383500005 ], [ 93.463356531000045, 23.973610938000036 ], [ 93.41395397000008, 24.074131132000048 ], [ 93.348699040000042, 24.104986114000042 ], [ 93.353932458000031, 24.090607463000026 ], [ 93.328465359000063, 24.081022520000033 ], [ 93.338382184000068, 24.062050745000079 ], [ 93.32597594300006, 24.046465690000048 ], [ 93.337885308000068, 24.040360097000075 ], [ 93.325955466000039, 24.02975138100004 ], [ 93.338915716000031, 24.021944250000047 ], [ 93.328709890000084, 23.985032569000055 ], [ 93.351378333000071, 23.941458030000035 ], [ 93.39515867700004, 23.923936394000066 ], [ 93.384903226000063, 23.848234836000074 ], [ 93.404265458000054, 23.806756932000042 ], [ 93.391760694000084, 23.756185269000071 ], [ 93.410877504000041, 23.729315315000065 ], [ 93.40728394000007, 23.707161919000043 ], [ 93.437687396000058, 23.686806918000059 ], [ 93.415889741000058, 23.647012984000071 ], [ 93.427994935000072, 23.588215204000051 ], [ 93.409722349000049, 23.564329484000041 ], [ 93.418277342000067, 23.540116897000075 ], [ 93.394821881000041, 23.503758179000044 ], [ 93.38765942200007, 23.445543913000051 ], [ 93.401432939000074, 23.384218932000067 ], [ 93.387693156000068, 23.359462565000058 ], [ 93.355371061000085, 23.35260581600005 ], [ 93.372487271000068, 23.329387428000075 ], [ 93.36209838700006, 23.279930400000069 ], [ 93.387975562000065, 23.216466747000027 ], [ 93.367529736000051, 23.144236669000065 ], [ 93.385302279000086, 23.134666222000078 ], [ 93.355323892000058, 23.116608081000038 ], [ 93.338536995000084, 23.074170830000071 ], [ 93.351391462000038, 23.070508951000022 ], [ 93.293620023000074, 23.006661672000064 ], [ 93.228770695000037, 23.01155790100006 ], [ 93.209930538000037, 23.047923560000072 ], [ 93.184631499000034, 23.059487039000032 ], [ 93.155199616000061, 23.043454189000045 ], [ 93.136372615000084, 23.060757285000022 ], [ 93.126500775000068, 23.044013930000062 ], [ 93.119740239000066, 23.002371487000062 ], [ 93.140345482000043, 22.989659653000047 ], [ 93.137734555000065, 22.951018114000078 ], [ 93.164185407000048, 22.911484248000022 ], [ 93.131003722000059, 22.906968689000053 ], [ 93.110337406000042, 22.818930367000064 ], [ 93.094209835000072, 22.806208297000069 ], [ 93.107135433000053, 22.750940165000031 ], [ 93.095445658000074, 22.672286974000031 ], [ 93.140155783000068, 22.592715179000038 ], [ 93.106414758000085, 22.526887951000049 ], [ 93.128354228000035, 22.52364390200006 ], [ 93.138872936000041, 22.454220441000075 ], [ 93.185225426000045, 22.427690126000073 ], [ 93.202041034000047, 22.264134406000039 ], [ 93.177119024000035, 22.245998625000027 ], [ 93.141739881000035, 22.245657640000047 ], [ 93.16121254400008, 22.196513522000032 ], [ 93.150691341000083, 22.176314817000048 ], [ 93.123644293000041, 22.174011715000063 ], [ 93.110899995000068, 22.20430841700005 ], [ 93.037757198000065, 22.195408832000055 ], [ 93.048833708000075, 22.169394607000072 ], [ 93.036642111000049, 22.144838158000027 ], [ 93.059176152000077, 22.101228136000032 ], [ 93.004538604000061, 22.104735953000045 ], [ 92.994102981000083, 22.042196040000078 ], [ 93.005087834000051, 21.987158120000061 ], [ 92.981422702000032, 21.980749373000037 ], [ 92.951235193000059, 22.030018283000061 ], [ 92.926636993000045, 22.015403001000038 ], [ 92.935020726000062, 22.006081961000064 ], [ 92.90620677000004, 21.941421308000031 ], [ 92.891261821000057, 22.011464810000064 ], [ 92.864138148000052, 22.025019537000048 ], [ 92.86253176200006, 22.062930488000063 ], [ 92.840855880000049, 22.059490456000049 ], [ 92.810024811000062, 22.096268783000028 ], [ 92.699542014000031, 22.155041426000025 ], [ 92.690299786000082, 22.072288737000065 ], [ 92.687767230000077, 22.103839907000065 ], [ 92.681554879000032, 22.103465071000073 ], [ 92.679635404000067, 22.011523013000044 ], [ 92.651793128000065, 22.016342318000056 ], [ 92.634634205000054, 21.983543630000042 ], [ 92.602542915000072, 21.97812090900004 ], [ 92.612697603000072, 21.991364824000073 ], [ 92.592569663000063, 22.037892063000072 ], [ 92.602519476000055, 22.061962920000042 ], [ 92.562207778000072, 22.12784769600006 ], [ 92.579859360000057, 22.143012862000035 ], [ 92.606205746000057, 22.123784835000038 ], [ 92.609408056000063, 22.164340881000044 ], [ 92.59484016600004, 22.174612832000037 ], [ 92.581281997000076, 22.322106102000077 ], [ 92.552105030000064, 22.409003893000033 ], [ 92.551408766000065, 22.51336266800007 ], [ 92.521839732000046, 22.560211021000043 ], [ 92.539382298000078, 22.589285612000026 ], [ 92.516816992000031, 22.72225762000005 ], [ 92.474127369000087, 22.74673604000003 ], [ 92.44983611400005, 22.89387901200007 ], [ 92.434181640000077, 22.885416459000055 ], [ 92.420294898000066, 22.918911998000056 ], [ 92.40059911700007, 22.911867737000023 ], [ 92.396841916000085, 22.930320531000064 ], [ 92.371416164000038, 22.936249853000049 ], [ 92.392374184000062, 23.056404219000058 ], [ 92.358165385000063, 23.103213821000054 ], [ 92.368062240000086, 23.127338859000076 ], [ 92.346515897000074, 23.236465789000079 ], [ 92.404199033000054, 23.240833360000067 ], [ 92.38096278200004, 23.285220414000037 ], [ 92.385841631000062, 23.306092654000054 ], [ 92.364328001000047, 23.322965013000044 ], [ 92.378953737000074, 23.361857486000076 ], [ 92.356545229000062, 23.372040494000032 ], [ 92.357355876000042, 23.410562723000055 ], [ 92.316879296000081, 23.471645632000047 ], [ 92.308178955000074, 23.578032036000025 ], [ 92.287159242000087, 23.596112498000025 ], [ 92.296167597000078, 23.621447922000073 ], [ 92.27296827400005, 23.642206633000058 ], [ 92.291265323000061, 23.681457850000072 ], [ 92.279974422000066, 23.71938024800005 ], [ 92.24124947100006, 23.720386606000034 ], [ 92.23320401400008, 23.667464979000044 ], [ 92.214682175000064, 23.652100954000048 ], [ 92.202961720000076, 23.705801521000069 ], [ 92.17803466600003, 23.707696003000024 ], [ 92.171083017000058, 23.73914295000003 ], [ 92.148284129000047, 23.735563891000027 ], [ 92.120829975000049, 23.692883669000025 ], [ 92.08338731300006, 23.679980084000078 ], [ 92.079347635000033, 23.648685350000051 ], [ 92.047091996000063, 23.64578414600004 ], [ 92.000851606000083, 23.670697218000043 ], [ 91.978126982000049, 23.733210834000033 ], [ 91.957033902000035, 23.734121667000068 ], [ 91.958033430000057, 23.694632786000057 ], [ 91.933996034000074, 23.684657237000067 ], [ 91.970266957000035, 23.478289090000033 ], [ 91.937159070000064, 23.466623369000047 ], [ 91.943250116000058, 23.43544647300007 ], [ 91.899574967000035, 23.440801564000026 ], [ 91.845097854000073, 23.406255414000043 ], [ 91.824861560000045, 23.353879533000054 ], [ 91.762004842000067, 23.300122160000058 ], [ 91.810014333000083, 23.165343205000056 ], [ 91.813154664000081, 23.098569901000076 ], [ 91.835659231000079, 23.092363774000034 ], [ 91.806290192000063, 23.063446873000032 ], [ 91.774339538000049, 23.069461209000053 ], [ 91.780138772000043, 23.028998327000068 ], [ 91.768205269000077, 23.040895102000036 ], [ 91.720661222000047, 22.987613450000026 ], [ 91.645334553000055, 22.984812189000024 ], [ 91.61858158800004, 22.937311046000048 ], [ 91.600105027000041, 22.954806200000064 ], [ 91.613575012000069, 22.958388609000053 ], [ 91.605895209000039, 22.971835958000042 ], [ 91.576575781000031, 22.965182545000062 ], [ 91.542508501000043, 22.999673850000079 ], [ 91.550309138000046, 23.038487271000065 ], [ 91.530207972000085, 23.038386925000054 ], [ 91.529742768000062, 23.091755794000051 ], [ 91.503129541000078, 23.130629449000025 ], [ 91.515276061000066, 23.144928423000067 ], [ 91.490933344000041, 23.157764574000055 ], [ 91.491694952000046, 23.177679038000065 ], [ 91.507489632000045, 23.183792876000041 ], [ 91.470767962000082, 23.196535021000045 ], [ 91.48442383400004, 23.209322289000056 ], [ 91.450495775000036, 23.21929687100004 ], [ 91.470280823000053, 23.227768152000067 ], [ 91.44785526000004, 23.243851221000057 ], [ 91.454173922000052, 23.260417708000034 ], [ 91.41826999500006, 23.255628762000072 ], [ 91.411515869000084, 23.284141969000075 ], [ 91.379887330000031, 23.184588060000067 ], [ 91.417237189000048, 23.064654445000031 ], [ 91.395844147000048, 23.056202330000076 ], [ 91.346957237000083, 23.102435425000067 ], [ 91.323389461000033, 23.158207751000077 ], [ 91.326532101000055, 23.252462277000063 ], [ 91.300234920000037, 23.292611588000057 ], [ 91.313142387000084, 23.306503808000059 ], [ 91.289893357000039, 23.318625265000037 ], [ 91.320088202000079, 23.360244743000067 ], [ 91.291072803000077, 23.350677562000044 ], [ 91.294471239000075, 23.375598983000032 ], [ 91.279729220000036, 23.376604732000033 ], [ 91.249287894000076, 23.490278253000042 ], [ 91.20074173200004, 23.520218207000028 ], [ 91.212926597000035, 23.550529765000078 ], [ 91.194422312000086, 23.547444529000074 ], [ 91.159640188000083, 23.610588914000061 ], [ 91.15631873500007, 23.670900698000025 ], [ 91.199580650000087, 23.646522051000034 ], [ 91.208403951000037, 23.686518110000065 ], [ 91.15343387300004, 23.688765043000046 ], [ 91.157140197000047, 23.742230234000033 ], [ 91.196669977000056, 23.75118731200007 ], [ 91.218975279000063, 23.736579436000056 ], [ 91.233009675000062, 23.811107468000046 ], [ 91.254141201000039, 23.837166197000045 ], [ 91.229650826000068, 23.881135129000029 ], [ 91.246301347000042, 23.913724456000068 ], [ 91.232754065000051, 23.927220448000071 ], [ 91.27621528800006, 23.922664189000045 ], [ 91.264230673000043, 23.944363103000057 ], [ 91.284824505000074, 23.982694552000055 ], [ 91.287431059000085, 23.96813009300007 ], [ 91.299784808000084, 23.972308920000046 ], [ 91.303934506000076, 23.998290470000029 ], [ 91.379301400000031, 23.975371623000058 ], [ 91.373229, 24.002935 ], [ 91.396535, 24.049774 ], [ 91.374483335000036, 24.107540472000039 ], [ 91.412305184000047, 24.11587912300007 ], [ 91.442235802000084, 24.096756714000037 ], [ 91.586114869000085, 24.07272385300007 ], [ 91.595730335000042, 24.097293929000045 ], [ 91.638186705000066, 24.104203647000077 ], [ 91.634518407000087, 24.138362112000038 ], [ 91.660056993000069, 24.189794643000027 ], [ 91.647689, 24.218768001000058 ], [ 91.66587, 24.233536 ], [ 91.688134, 24.162177001000032 ], [ 91.762564043000054, 24.141801557000065 ], [ 91.744772996000052, 24.247415879000073 ], [ 91.816477, 24.210090001000026 ], [ 91.850478015000078, 24.223752421000029 ], [ 91.845289001000083, 24.191385002000061 ], [ 91.874024991000056, 24.173988003000034 ], [ 91.884945309000045, 24.138710125000046 ], [ 91.901577442000075, 24.136646037000048 ], [ 91.940497209000057, 24.268447937000076 ], [ 91.919907518000059, 24.337085816000069 ], [ 91.957280112000035, 24.356627412000023 ], [ 91.995722088000036, 24.32219869000005 ], [ 91.969694712000035, 24.384666097000036 ], [ 91.985645933000058, 24.37591039800003 ], [ 91.996669764000046, 24.393841107000071 ], [ 92.097271033000084, 24.372525468000049 ], [ 92.121923048000042, 24.382376648000047 ], [ 92.136639226000057, 24.425124873000073 ], [ 92.163963800000033, 24.418627160000028 ], [ 92.154542707000076, 24.523214458000041 ], [ 92.169318787000066, 24.531897758000071 ], [ 92.212355831000082, 24.503686410000057 ], [ 92.22368369600008, 24.517395948000058 ], [ 92.254361886000083, 24.678084973000068 ], [ 92.296403702000077, 24.736653005000051 ], [ 92.279114255000081, 24.745576903000028 ], [ 92.292595553000069, 24.756654716000071 ], [ 92.288778519000061, 24.788013484000032 ], [ 92.272963003000086, 24.799520605000055 ], [ 92.273031558000071, 24.827591014000063 ], [ 92.241418985000053, 24.842169175000038 ], [ 92.248124318000066, 24.886062137000067 ], [ 92.231795144000046, 24.900259246000076 ], [ 92.299439720000066, 24.915979703000062 ], [ 92.399816510000051, 24.848697345000062 ], [ 92.497979993000058, 24.876450844000033 ], [ 92.488710969000067, 24.948458576000064 ], [ 92.44940650500007, 24.939873097000032 ], [ 92.46914496800008, 24.964049682000052 ], [ 92.418973314000084, 24.966542100000026 ], [ 92.425445099000058, 25.03030276100003 ], [ 92.339611504000061, 25.050237094000067 ], [ 92.347459604000051, 25.073563625000077 ], [ 92.334750392000046, 25.078678460000049 ], [ 92.310809999000071, 25.069437575000052 ], [ 92.227355016000047, 25.093164494000064 ], [ 92.207238717000052, 25.111436162000075 ], [ 92.227335950000054, 25.117514645000028 ], [ 92.188467051000032, 25.135911736000025 ], [ 92.181935750000036, 25.119151069000054 ], [ 92.164577072000043, 25.126344264000068 ], [ 92.134090674000049, 25.142711509000037 ], [ 92.132637350000039, 25.160112913000034 ], [ 92.061693236000053, 25.187848781000071 ], [ 92.003706828000077, 25.186009621000039 ], [ 91.97616737900006, 25.168344095000066 ], [ 91.919272449000061, 25.182449319000057 ], [ 91.775779783000075, 25.163318680000032 ], [ 91.752143513000078, 25.176106676000074 ], [ 91.746863894000057, 25.140505523000058 ], [ 91.703088110000067, 25.159313551000025 ], [ 91.691812227000071, 25.13730713700005 ], [ 91.637764975000039, 25.122705732000043 ], [ 91.62133945100004, 25.143563030000053 ], [ 91.601883517000033, 25.142947798000023 ], [ 91.612456064000071, 25.176299528000072 ], [ 91.470406400000059, 25.13393579500007 ], [ 91.468473751000033, 25.152004800000043 ], [ 91.286197965000042, 25.185585781000043 ], [ 91.267911970000057, 25.207313843000065 ], [ 91.250393639000038, 25.196279356000048 ], [ 91.074762596000085, 25.197658463000039 ], [ 90.862121940000065, 25.157696562000069 ], [ 90.805842348000056, 25.166031633000046 ], [ 90.78041653300005, 25.186217088000035 ], [ 90.73321, 25.155145787000038 ], [ 90.710139379000054, 25.168888806000041 ], [ 90.697912092000081, 25.157055851000052 ], [ 90.685605803000044, 25.174974887000076 ], [ 90.666071274000046, 25.165861242000062 ], [ 90.663262086000032, 25.197454393000044 ], [ 90.641135084000041, 25.174898140000039 ], [ 90.508766554000033, 25.176744599000074 ], [ 90.440937906000045, 25.144644119000077 ], [ 90.370429864000073, 25.162980775000051 ], [ 90.33014421300004, 25.193805243000043 ], [ 90.118795942000077, 25.22328697100005 ], [ 89.980544597000062, 25.280923630000075 ], [ 89.966548924000051, 25.30377334700006 ], [ 89.949052135000045, 25.292848899000035 ], [ 89.908645384000067, 25.308182561000024 ], [ 89.876479842000037, 25.285412119000057 ], [ 89.838312011000085, 25.293235523000078 ], [ 89.819829596000034, 25.38184013800003 ], [ 89.882381800000076, 25.617284813000026 ], [ 89.851000461000069, 25.711607989000072 ], [ 89.827411122000058, 25.732275402000027 ], [ 89.840975484000069, 25.761152237000033 ], [ 89.816468064000048, 25.815496937000034 ], [ 89.834528349000038, 25.840363235000041 ], [ 89.832448896000074, 25.870688004000044 ], [ 89.886941584000056, 25.945342663000076 ], [ 89.825340598000082, 25.945455321000054 ], [ 89.849040481000031, 25.94906442000007 ], [ 89.838593226000057, 25.968198947000076 ], [ 89.871588719000044, 25.974116140000035 ], [ 89.871123417000035, 25.981070680000073 ], [ 89.835356552000064, 26.01073864600005 ], [ 89.835919989000047, 25.982352002000027 ], [ 89.81947701200005, 25.988081001000069 ], [ 89.808812719000059, 26.043300879000071 ], [ 89.790419200000031, 26.017849829000056 ], [ 89.801666991000047, 26.040348746000063 ], [ 89.773530748000042, 26.037732960000028 ], [ 89.798591650000049, 26.059309379000069 ], [ 89.794576823000057, 26.087991586000044 ], [ 89.78117783600004, 26.083519091000028 ], [ 89.784208189000083, 26.105235342000071 ], [ 89.756310889000076, 26.109135360000039 ], [ 89.766095546000031, 26.13080347600004 ], [ 89.747495623000077, 26.157527592000065 ], [ 89.681451732000085, 26.163720942000054 ], [ 89.701264047000052, 26.173507044000075 ], [ 89.673381878000043, 26.201732120000031 ], [ 89.675925628000073, 26.208773609000048 ], [ 89.685789185000033, 26.206559533000075 ], [ 89.691725391000034, 26.212840482000047 ], [ 89.679847917000075, 26.214018769000063 ], [ 89.679250212000056, 26.238307654000039 ], [ 89.671865824000065, 26.219944405000035 ], [ 89.634265490000075, 26.229220989000055 ], [ 89.649494460000085, 26.190263919000074 ], [ 89.630140862000076, 26.195893021000074 ], [ 89.627689996000072, 26.184076891000075 ], [ 89.65535004700007, 26.18153578700003 ], [ 89.649247492000086, 26.164534541000023 ], [ 89.609060391000071, 26.18060820900007 ], [ 89.610383747000071, 26.154722605000075 ], [ 89.590835, 26.157303 ], [ 89.603849402000037, 26.117601019000062 ], [ 89.625768, 26.128724 ], [ 89.630087, 26.118513 ], [ 89.597853075000046, 26.112907476000032 ], [ 89.596279, 26.098562 ], [ 89.608856, 26.088742001000071 ], [ 89.629775003000077, 26.107281003000026 ], [ 89.650117994000084, 26.062830990000066 ], [ 89.60508, 26.063649 ], [ 89.612696288000052, 26.052654128000029 ], [ 89.578642051000031, 26.026348875000053 ], [ 89.577435724000054, 25.96909953200003 ], [ 89.565979970000058, 25.98038871600005 ], [ 89.557556313000077, 25.965422800000056 ], [ 89.540075462000061, 25.970168577000038 ], [ 89.540757840000083, 26.005988012000046 ], [ 89.480554421000079, 25.996893496000041 ], [ 89.430801829000075, 26.011148459000026 ], [ 89.432664, 26.038316 ], [ 89.423505373000069, 26.047571334000054 ], [ 89.390772472000037, 26.02303584200007 ], [ 89.393159238000067, 26.006505068000024 ], [ 89.356395355000075, 26.007682971000065 ], [ 89.300322197000071, 26.050421613000026 ], [ 89.275615354000081, 26.049128084000074 ], [ 89.280503187000079, 26.065687626000056 ], [ 89.253976451000085, 26.06404808800005 ], [ 89.266514461000043, 26.093917612000041 ], [ 89.251189808000049, 26.09139766100003 ], [ 89.229731187000084, 26.123886628000037 ], [ 89.155327187000069, 26.138323627000034 ], [ 89.157154505000051, 26.163239637000061 ], [ 89.134484130000033, 26.181224389000079 ], [ 89.14926532700008, 26.208843541000078 ], [ 89.140865008000048, 26.235854812000071 ], [ 89.099995336000063, 26.279583002000038 ], [ 89.104677118000041, 26.315917900000045 ], [ 89.122504295000056, 26.286530282000058 ], [ 89.136221741000043, 26.32019396000004 ], [ 89.084320231000049, 26.322234801000036 ], [ 89.101300843000047, 26.336613692000071 ], [ 89.097823624000057, 26.359112056000072 ], [ 89.079529775000083, 26.362964904000023 ], [ 89.096230503000072, 26.390958402000024 ], [ 89.080147355000065, 26.389977920000035 ], [ 89.087376706000043, 26.39772767200003 ], [ 89.034961707000036, 26.395173507000038 ], [ 89.005851061000044, 26.421519960000069 ], [ 88.993727056000068, 26.41286950500006 ], [ 88.983175755000048, 26.446614976000035 ], [ 88.956501944000081, 26.459670042000027 ], [ 88.965182032000087, 26.451299866000056 ], [ 88.946109223000065, 26.448048822000032 ], [ 88.944696332000035, 26.425700606000078 ], [ 88.926141579000046, 26.432150353000054 ], [ 88.926437829000065, 26.40711963800004 ], [ 88.904659134000042, 26.408623376000037 ], [ 88.91811457700004, 26.400491615000078 ], [ 88.91887368600004, 26.359450247000041 ], [ 88.958330397000054, 26.361788706000027 ], [ 88.952379160000078, 26.331595238000034 ], [ 88.961339701000043, 26.352427007000074 ], [ 88.987171595000063, 26.348419629000034 ], [ 88.985456104000036, 26.332863565000025 ], [ 89.000873783000031, 26.329878922000034 ], [ 88.982610832000034, 26.310019884000042 ], [ 88.99586848000007, 26.290087061000065 ], [ 89.006710238000039, 26.304768623000029 ], [ 89.018305163000036, 26.289785057000074 ], [ 89.021079900000075, 26.30920453300007 ], [ 89.01913840900005, 26.289252826000052 ], [ 89.039785230000064, 26.276637188000052 ], [ 89.045718187000034, 26.295589626000037 ], [ 89.060156344000063, 26.293121540000072 ], [ 89.050696760000051, 26.241748631000064 ], [ 88.958947377000072, 26.24020966300003 ], [ 88.926205266000068, 26.283921127000042 ], [ 88.898344187000077, 26.288767627000027 ], [ 88.861742187000061, 26.273474626000052 ], [ 88.877815187000067, 26.233550627000056 ], [ 88.841513977000034, 26.23086317800005 ], [ 88.813108025000076, 26.255468873000041 ], [ 88.819018220000032, 26.294590945000039 ], [ 88.793449187000078, 26.310058627000046 ], [ 88.764050024000085, 26.29896304500005 ], [ 88.747236632000067, 26.311053098000059 ], [ 88.744568499000081, 26.289326026000026 ], [ 88.71970949100006, 26.293107519000046 ], [ 88.666173357000048, 26.262827625000057 ], [ 88.667920193000043, 26.297300661000065 ], [ 88.686126829000045, 26.282147785000063 ], [ 88.708787404000077, 26.288066662000062 ], [ 88.684257950000074, 26.294594897000025 ], [ 88.674998883000058, 26.320188461000043 ], [ 88.746441064000066, 26.322430992000079 ], [ 88.734063832000061, 26.328737275000037 ], [ 88.745418898000082, 26.347919586000046 ], [ 88.70260681600007, 26.334541078000029 ], [ 88.680901338000069, 26.379813868000042 ], [ 88.702204282000082, 26.388560976000065 ], [ 88.669634277000057, 26.397189186000048 ], [ 88.687317222000047, 26.401069186000029 ], [ 88.685934364000047, 26.413015083000062 ], [ 88.667763122000053, 26.407286875000068 ], [ 88.623766186000069, 26.435062627000036 ], [ 88.622889187000055, 26.471018628000024 ], [ 88.594341187000055, 26.470861628000023 ], [ 88.592665046000036, 26.449990271000047 ], [ 88.559893187000057, 26.457575628000029 ], [ 88.556823511000061, 26.485339937000049 ], [ 88.526493220000077, 26.480720314000052 ], [ 88.521388565000052, 26.51057103100004 ], [ 88.489428187000044, 26.510224626000024 ], [ 88.484572187000083, 26.541302628000039 ], [ 88.435857213000077, 26.545146720000048 ], [ 88.416023499000062, 26.631677883000066 ], [ 88.399469187000079, 26.626634627000044 ], [ 88.331592182000065, 26.481949627000063 ], [ 88.353068867000047, 26.447654704000058 ], [ 88.371580532000053, 26.487974526000073 ], [ 88.404698286000041, 26.48598389700004 ], [ 88.419469697000068, 26.465864730000078 ], [ 88.485137014000031, 26.460404261000065 ], [ 88.524218339000072, 26.359436569000025 ], [ 88.480229931000054, 26.35070481200006 ], [ 88.457636473000036, 26.376638554000067 ], [ 88.434199911000064, 26.335233793000043 ], [ 88.403346, 26.328951 ], [ 88.414826273000074, 26.315164312000036 ], [ 88.38412917800008, 26.313202903000047 ], [ 88.349538413000062, 26.282336025000063 ], [ 88.350246975000061, 26.220340529000055 ], [ 88.269301302000031, 26.186390611000036 ], [ 88.247125609000079, 26.190668548000076 ], [ 88.17701260900003, 26.147980919000076 ], [ 88.157457426000065, 26.079484688000036 ], [ 88.184132232000081, 26.072515031000023 ], [ 88.169067493000057, 26.045864017000042 ], [ 88.18348048200005, 26.025152465000076 ], [ 88.139552094000067, 26.013115682000034 ], [ 88.115060704000086, 25.962477383000078 ], [ 88.122303630000033, 25.948063667000042 ], [ 88.08574236000004, 25.916805381000074 ], [ 88.102946068000051, 25.888894023000034 ], [ 88.093272439000032, 25.873780416000045 ], [ 88.112087834000079, 25.865151190000063 ], [ 88.106923014000074, 25.81512550900004 ], [ 88.150851962000047, 25.775663573000031 ], [ 88.18370427900004, 25.801976164000052 ], [ 88.209922345000052, 25.78696173000003 ], [ 88.236595558000033, 25.810122874000058 ], [ 88.269421212000054, 25.808334443000035 ], [ 88.266437075000056, 25.782593846000054 ], [ 88.320655585000054, 25.737513725000042 ], [ 88.374382722000064, 25.716924974000051 ], [ 88.371331189000045, 25.696579665000058 ], [ 88.404134764000048, 25.685579312000073 ], [ 88.401877171000081, 25.67263289400006 ], [ 88.453763554000034, 25.66496877000003 ], [ 88.444147008000073, 25.596975995000037 ], [ 88.49995685500005, 25.584040752000078 ], [ 88.493462437000062, 25.558867976000045 ], [ 88.523492187000045, 25.535218972000052 ], [ 88.533216880000055, 25.542137964000062 ], [ 88.539895580000064, 25.508401583000023 ], [ 88.552148164000073, 25.52081596000005 ], [ 88.595463001000041, 25.506102 ], [ 88.608977120000077, 25.516433729000028 ], [ 88.622423515000037, 25.497019780000073 ], [ 88.648461976000078, 25.496880218000058 ], [ 88.646864, 25.477937 ], [ 88.699316086000067, 25.471327938000059 ], [ 88.707482588000062, 25.499980793000077 ], [ 88.74224558700007, 25.505148710000071 ], [ 88.744150958000034, 25.488257648000058 ], [ 88.767300033000083, 25.497749504000069 ], [ 88.759831078000047, 25.525557370000058 ], [ 88.810467356000061, 25.523295449000045 ], [ 88.813198235000073, 25.48922938100003 ], [ 88.829613899000037, 25.490358150000077 ], [ 88.83930063300005, 25.458243967000044 ], [ 88.82992162100004, 25.417065985000079 ], [ 88.812602894000065, 25.410518945000035 ], [ 88.840762433000066, 25.397271009000065 ], [ 88.840877680000062, 25.363885735000054 ], [ 88.884260836000067, 25.325841940000032 ], [ 88.90616979400005, 25.337773552000044 ], [ 88.929363507000062, 25.304223891000049 ], [ 89.00893854800006, 25.303065660000073 ], [ 89.008403687000055, 25.264385059000062 ], [ 88.986660035000057, 25.274545269000043 ], [ 88.956161029000043, 25.255158612000059 ], [ 88.961343508000084, 25.208515224000053 ], [ 88.936329797000042, 25.210596636000048 ], [ 88.948555407000072, 25.177873102000035 ], [ 88.933360551000078, 25.181810926000026 ], [ 88.923032141000078, 25.165110728000059 ], [ 88.910841168000047, 25.18018943900006 ], [ 88.87505681600004, 25.179161414000077 ], [ 88.874750449000032, 25.196233364000022 ], [ 88.864058840000041, 25.190141857000071 ], [ 88.843837551000036, 25.213901681000038 ], [ 88.80581283500004, 25.170619098000031 ], [ 88.769307767000043, 25.189944635000074 ], [ 88.749143701000037, 25.176735720000067 ], [ 88.711300410000035, 25.207742276000033 ], [ 88.612700940000082, 25.204213801000037 ], [ 88.565550230000042, 25.175200312000072 ], [ 88.557452939000086, 25.192762688000073 ], [ 88.533928457000059, 25.187778883000078 ], [ 88.537924137000061, 25.197867471000052 ], [ 88.499294931000065, 25.210204207000061 ], [ 88.475408667000067, 25.21344137400007 ], [ 88.463569170000085, 25.194935106000059 ], [ 88.440470015000074, 25.200890612000023 ], [ 88.437253712000086, 25.198699375000047 ], [ 88.441715110000075, 25.210497223000061 ], [ 88.435374944000046, 25.199668235000047 ], [ 88.441753992000031, 25.173569539000027 ], [ 88.462128187000076, 25.149737627000036 ], [ 88.441367255000046, 25.127865935000045 ], [ 88.452699761000076, 25.079182655000068 ], [ 88.435029320000069, 25.055968 ], [ 88.452653187000067, 25.037146627000027 ], [ 88.436421177000057, 25.006493625000076 ], [ 88.425238679000074, 25.01625251300004 ], [ 88.411889411000061, 24.998677425000039 ], [ 88.41736903900005, 24.974513344000059 ], [ 88.395226819000072, 24.969169960000045 ], [ 88.398987232000081, 24.945242002000043 ], [ 88.363730496000073, 24.953442973000051 ], [ 88.34042719100006, 24.940407618000052 ], [ 88.324228185000038, 24.916235627000049 ], [ 88.347140187000036, 24.892456628000048 ], [ 88.330305187000079, 24.870182628000066 ], [ 88.317758408000032, 24.883928984000079 ], [ 88.301853742000048, 24.871861825000053 ], [ 88.276134974000058, 24.897867002000055 ], [ 88.25715851800004, 24.877962645000025 ], [ 88.26103782000007, 24.917744528000071 ], [ 88.223839260000034, 24.961778528000025 ], [ 88.13789451100007, 24.936307031000069 ], [ 88.175022378000051, 24.86021921400004 ], [ 88.132200739000041, 24.836137442000052 ], [ 88.136421828000039, 24.805339440000068 ], [ 88.123493542000062, 24.823160969000071 ], [ 88.106064080000067, 24.779700505000051 ], [ 88.06827105900004, 24.769230260000029 ], [ 88.062112950000085, 24.72091583200006 ], [ 88.008614373000057, 24.667818025000031 ], [ 88.141564748000064, 24.510738465000031 ], [ 88.203484562000085, 24.459996481000076 ], [ 88.272057354000083, 24.440576250000049 ], [ 88.333889012000043, 24.381516876000035 ], [ 88.444972514000085, 24.378910590000032 ], [ 88.526491993000036, 24.344767469000033 ], [ 88.555067862000044, 24.293414609000024 ], [ 88.570048377000035, 24.327074789000051 ], [ 88.629564469000059, 24.306002450000051 ], [ 88.698794471000042, 24.313680822000038 ], [ 88.735403086000076, 24.279074642000069 ], [ 88.731317801000046, 24.173327027000028 ], [ 88.746094435000032, 24.146976434000067 ], [ 88.698679869000046, 24.120655087000046 ], [ 88.742508106000059, 24.055393388000027 ], [ 88.723828507000064, 24.047396577000029 ], [ 88.740838149000069, 24.035894916000075 ], [ 88.728978458000086, 23.994210946000067 ], [ 88.757908991000079, 24.006977276000043 ], [ 88.76944418000005, 23.982068574000039 ], [ 88.737850105000064, 23.983237681000048 ], [ 88.733401333000074, 23.911088532000065 ], [ 88.706322902000068, 23.916395341000054 ], [ 88.70525583400007, 23.900225036000052 ], [ 88.664273150000042, 23.882501672000046 ], [ 88.66755506100003, 23.869615860000067 ], [ 88.627120135000041, 23.865148567000062 ], [ 88.617563256000039, 23.876879544000076 ], [ 88.608343163000086, 23.862950666000074 ], [ 88.575480319000064, 23.861822158000052 ], [ 88.602015161000054, 23.817010626000069 ], [ 88.585077282000043, 23.813788235000061 ], [ 88.596134237000058, 23.80503456200006 ], [ 88.577956249000067, 23.786733683000023 ], [ 88.556053495000072, 23.78462595600007 ], [ 88.580969194000033, 23.760574751000036 ], [ 88.56470359900004, 23.712097583000059 ], [ 88.573834491000071, 23.667046179000067 ], [ 88.558270608000043, 23.649230768000052 ], [ 88.562371987000063, 23.637109438000039 ], [ 88.593777555000031, 23.640900217000024 ], [ 88.580390402000035, 23.602798126000039 ], [ 88.646111583000049, 23.609160624000026 ], [ 88.65379822400007, 23.556411558000036 ], [ 88.695558207000033, 23.517304614000068 ], [ 88.724514162000048, 23.512153601000023 ], [ 88.741434397000035, 23.479747534000069 ], [ 88.760830266000085, 23.478719698000077 ], [ 88.761493107000035, 23.490750579000064 ], [ 88.774635261000071, 23.480206647000045 ], [ 88.770284215000061, 23.497594571000036 ], [ 88.786521570000048, 23.507194681000044 ], [ 88.800793166000062, 23.497288345000072 ], [ 88.787475716000074, 23.469876831000079 ], [ 88.795424161000085, 23.443103475000044 ], [ 88.763860395000052, 23.448046384000065 ], [ 88.749467528000082, 23.400912253000058 ], [ 88.765415167000072, 23.367349685000079 ], [ 88.732079165000073, 23.352244658000075 ], [ 88.745502112000054, 23.307786707000048 ], [ 88.730261130000031, 23.319792610000036 ], [ 88.725620238000033, 23.298702569000056 ], [ 88.710783263000053, 23.312909560000037 ], [ 88.696191208000073, 23.302177706000066 ], [ 88.724187267000048, 23.272060689000057 ], [ 88.718756130000031, 23.255148691000045 ], [ 88.76945911200005, 23.244912012000043 ], [ 88.789746324000077, 23.21844395200003 ], [ 88.81145183600006, 23.221677372000045 ], [ 88.81152207100007, 23.256187565000062 ], [ 88.824126208000052, 23.233879611000077 ], [ 88.906780267000045, 23.236051984000028 ], [ 88.91463212900004, 23.213504467000064 ], [ 88.942623257000037, 23.206179714000029 ], [ 88.97598140100007, 23.22454932900007 ], [ 88.995821043000035, 23.215008691000037 ], [ 88.979892144000075, 23.212366618000033 ], [ 88.980102553000052, 23.182600856000079 ], [ 88.966498589000082, 23.193776856000056 ], [ 88.938874147000035, 23.177374410000027 ], [ 88.930747293000081, 23.143095269000071 ], [ 88.868717215000061, 23.100992555000062 ], [ 88.860968350000064, 23.077404285000057 ], [ 88.884125841000071, 23.040346109000041 ], [ 88.879971141000055, 23.006928686000037 ], [ 88.844903269000042, 23.009240583000064 ], [ 88.865318233000039, 23.000904614000035 ], [ 88.871128233000036, 22.978858700000046 ], [ 88.85594324200008, 22.965663570000061 ], [ 88.859516112000051, 22.942686595000055 ], [ 88.893969254000069, 22.952409603000035 ], [ 88.887087209000072, 22.933609665000063 ], [ 88.908159147000049, 22.919674584000063 ], [ 88.895356124000045, 22.913753607000046 ], [ 88.90936109200004, 22.879908906000026 ], [ 88.945283863000043, 22.880810972000063 ], [ 88.968522260000043, 22.844968693000055 ], [ 88.958759360000045, 22.797250678000069 ], [ 88.937397603000079, 22.79301926200003 ], [ 88.911540454000033, 22.757252471000072 ], [ 88.927845510000054, 22.718209444000024 ], [ 88.962313361000042, 22.694466328000033 ], [ 88.926109671000063, 22.652113080000049 ], [ 88.934534319000079, 22.618116468000039 ], [ 88.960330106000072, 22.61607159700003 ], [ 88.939039580000042, 22.590848233000031 ], [ 88.937631679000049, 22.560147703000041 ], [ 88.960616113000071, 22.550271705000057 ], [ 88.996204166000041, 22.469406624000044 ], [ 89.000087166000071, 22.429581686000063 ], [ 88.97234323400005, 22.411278627000058 ], [ 88.990354229000047, 22.39209640100006 ], [ 88.984773261000043, 22.326188563000073 ], [ 89.024373229000048, 22.29582361100006 ], [ 88.995978189000084, 22.285745546000044 ], [ 89.018698176000044, 22.269936606000044 ], [ 89.015123128000084, 22.253800605000038 ], [ 89.033150254000077, 22.258509558000071 ], [ 89.039619239000046, 22.22820160200007 ], [ 89.070735210000066, 22.196899552000048 ], [ 89.07140811000005, 22.148553573000072 ], [ 89.098032219000061, 22.15508961300003 ], [ 89.039936242000067, 22.102491663000023 ], [ 89.03366851800007, 22.045804978000035 ], [ 89.076407070000073, 21.997500776000038 ], [ 89.063616960000047, 21.936538980000023 ], [ 89.030832120000071, 21.925229041000023 ], [ 89.007469177000075, 21.940221788000031 ], [ 89.01911163300008, 21.97611045900004 ], [ 88.994529724000074, 21.950805664000029 ], [ 89.018661960000031, 21.923694991000048 ], [ 89.016707160000067, 21.899402011000063 ], [ 88.98574829100005, 21.895555496000043 ], [ 89.032081604000041, 21.863193513000056 ], [ 89.029502869000055, 21.820693970000036 ], [ 89.002029419000053, 21.809028626000043 ], [ 89.020835877000081, 21.810249328000054 ], [ 89.025390625000057, 21.755722046000074 ], [ 89.060363769000048, 21.72816658000005 ], [ 89.09955596900005, 21.637332917000037 ], [ 89.057418823000035, 21.61194419800006 ], [ 89.01997375500008, 21.660305024000024 ], [ 89.042053223000039, 21.618165970000064 ], [ 89.026641846000075, 21.598638534000031 ], [ 89.004081726000038, 21.599416733000055 ], [ 89.0, 21.619472503000054 ], [ 88.95747375500008, 21.617082595000056 ], [ 88.944747925000058, 21.665750503000027 ], [ 88.919998169000053, 21.630361558000061 ], [ 88.886253357000044, 21.658277511000051 ], [ 88.872085571000071, 21.70580482500003 ], [ 88.885391235000043, 21.743278505000035 ], [ 88.859970093000072, 21.777055740000037 ], [ 88.831863403000057, 21.76774978800006 ], [ 88.867080688000044, 21.757472993000079 ], [ 88.842918396000073, 21.709972382000046 ], [ 88.864608765000071, 21.635805131000041 ], [ 88.849975586000085, 21.622888565000039 ], [ 88.846252441000047, 21.638305664000029 ], [ 88.849136353000063, 21.616193771000042 ], [ 88.809555054000043, 21.634138108000059 ], [ 88.826248169000053, 21.659111024000026 ], [ 88.81866455100004, 21.68391609300005 ], [ 88.800804139000036, 21.654582978000064 ], [ 88.75330352800006, 21.669555664000029 ], [ 88.751640320000035, 21.658721925000066 ], [ 88.722503662000065, 21.67788887100005 ], [ 88.697914123000032, 21.742500305000078 ], [ 88.722030640000071, 21.804193497000028 ], [ 88.697891235000043, 21.839138031000061 ], [ 88.720390320000035, 21.852500915000064 ], [ 88.70163726800007, 21.844554901000038 ], [ 88.700363159000062, 21.856666565000069 ], [ 88.72791290300006, 21.899972916000024 ], [ 88.72702789300007, 21.975000382000076 ], [ 88.75830841100003, 21.967889787000047 ], [ 88.762802124000075, 22.010723114000029 ], [ 88.778640747000054, 22.014055253000038 ], [ 88.751113891000045, 22.045722961000024 ], [ 88.762802124000075, 22.049888611000029 ], [ 88.749443054000039, 22.054056167000056 ], [ 88.754859925000062, 22.075332641000045 ], [ 88.726524354000048, 22.052804948000073 ], [ 88.698249817000033, 22.074499131000039 ], [ 88.685302734000061, 22.067388536000067 ], [ 88.735305786000083, 22.029888154000048 ], [ 88.737831116000052, 22.010694504000071 ], [ 88.719886779000035, 22.002805711000065 ], [ 88.677360534000059, 22.020334245000072 ], [ 88.663635254000042, 22.020750046000046 ], [ 88.65616607700008, 22.064083099000072 ], [ 88.639053345000036, 22.076194764000036 ], [ 88.626167298000041, 22.061582567000073 ], [ 88.637802124000075, 22.039888383000061 ], [ 88.619079590000069, 22.017833710000048 ], [ 88.598640442000033, 22.030694962000041 ], [ 88.61360931400003, 22.012443543000074 ], [ 88.601249695000035, 21.964971542000058 ], [ 88.616638184000067, 21.929527284000073 ], [ 88.578720093000072, 21.975805284000046 ], [ 88.580390930000078, 21.954166414000042 ], [ 88.613723754000034, 21.920804979000025 ], [ 88.585830689000034, 21.888721467000039 ], [ 88.57077789300007, 21.907054901000038 ], [ 88.576248169000053, 21.857500077000054 ], [ 88.554969788000051, 21.815361024000026 ], [ 88.534614563000048, 21.840000154000052 ], [ 88.552085876000035, 21.875778198000035 ], [ 88.526611328000058, 21.852056505000064 ], [ 88.49958038300008, 21.875804902000027 ], [ 88.527885437000066, 21.919137956000043 ], [ 88.518302917000085, 21.947916031000034 ], [ 88.5, 21.955415727000059 ], [ 88.504608154000039, 21.914138794000053 ], [ 88.45788574200003, 21.895805359000065 ], [ 88.482055664000086, 21.884971619000055 ], [ 88.49124908400006, 21.840860368000051 ], [ 88.448753357000044, 21.811639786000057 ], [ 88.47791290300006, 21.787500381000029 ], [ 88.456253051000033, 21.709972382000046 ], [ 88.472915650000061, 21.67083358800005 ], [ 88.450859070000035, 21.612054826000076 ], [ 88.429580688000044, 21.606695176000073 ], [ 88.440414429000043, 21.623332977000075 ], [ 88.42038726800007, 21.653278352000029 ], [ 88.419555664000086, 21.686666488000071 ], [ 88.434555054000043, 21.701639175000025 ], [ 88.424163818000068, 21.71875 ], [ 88.412887573000035, 21.651611329000048 ], [ 88.433692932000042, 21.619943619000026 ], [ 88.396614075000059, 21.591249466000022 ], [ 88.379554748000032, 21.674972535000052 ], [ 88.402084350000052, 21.719972612000049 ], [ 88.364997864000031, 21.731250764000038 ], [ 88.397056580000083, 21.714166641000077 ], [ 88.368331909000062, 21.682056427000077 ], [ 88.348724365000066, 21.692472459000044 ], [ 88.34333038300008, 21.720417022000049 ], [ 88.316635132000044, 21.707082748000062 ], [ 88.307472229000041, 21.730388641000047 ], [ 88.294975281000063, 21.705415725000023 ], [ 88.274948120000033, 21.733722687000068 ], [ 88.309524536000083, 21.674943925000036 ], [ 88.286224366000056, 21.599138261000064 ], [ 88.309585571000071, 21.579166413000053 ], [ 88.290802002000078, 21.556249618000038 ], [ 88.246635437000066, 21.561222076000035 ], [ 88.21536254800003, 21.61252784800007 ], [ 88.234580994000055, 21.635833742000045 ], [ 88.23288726800007, 21.666639328000031 ], [ 88.198753357000044, 21.680833818000053 ], [ 88.21958160500003, 21.698305130000051 ], [ 88.219558716000051, 21.761693955000055 ], [ 88.168724060000045, 21.869138718000045 ], [ 88.17624664300007, 21.925832748000062 ], [ 88.15621948200004, 21.955804826000076 ], [ 88.192886353000063, 21.995000840000046 ], [ 88.224472046000074, 22.074943542000028 ], [ 88.208663940000065, 22.149110794000023 ], [ 88.180778503000056, 22.191194534000033 ], [ 88.019554138000046, 22.222917557000073 ], [ 88.021614075000059, 22.20036125200005 ], [ 88.13327789300007, 22.183666230000028 ], [ 88.190330507000056, 22.104110717000026 ], [ 88.148307800000055, 22.059499740000035 ], [ 88.048278810000056, 22.014499664000027 ], [ 88.012886047000052, 21.914167406000047 ], [ 87.973747253000056, 21.854166032000023 ], [ 87.919136048000041, 21.801250458000027 ], [ 87.893280029000039, 21.792888641000047 ], [ 87.875640869000051, 21.817388534000031 ], [ 87.887107850000064, 21.777444839000054 ], [ 87.794555664000086, 21.699138641000047 ], [ 87.804168701000037, 21.696222305000049 ], [ 87.750831604000041, 21.696193696000023 ], [ 87.754135131000055, 21.684583664000058 ], [ 87.709167480000076, 21.660417558000063 ], [ 87.557472229000041, 21.636194229000068 ], [ 87.387474060000045, 21.571222305000049 ], [ 87.34049987800006, 21.577749253000036 ], [ 87.376663208000082, 21.550416947000031 ], [ 87.279975891000049, 21.556249618000038 ], [ 87.199996948000035, 21.549583435000045 ], [ 87.179969788000051, 21.542888643000026 ], [ 87.187469483000086, 21.554582596000046 ], [ 87.169555664000086, 21.538305284000046 ], [ 87.201225281000063, 21.545000076000065 ], [ 87.127525330000083, 21.512945175000027 ], [ 87.092475891000049, 21.53705596900005 ], [ 87.117919922000056, 21.514139177000061 ], [ 87.108749390000071, 21.501638412000034 ], [ 87.075836181000057, 21.472917557000073 ], [ 87.059997559000067, 21.482055665000075 ], [ 87.038749695000035, 21.478332519000048 ], [ 87.060447693000071, 21.469999314000063 ], [ 86.912109375000057, 21.33833313100007 ], [ 86.83833313000008, 21.204526901000065 ], [ 86.832084656000063, 21.212444307000055 ], [ 86.827079773000037, 21.136638641000047 ], [ 86.97455596900005, 20.82077789300007 ], [ 86.967498779000039, 20.782054902000027 ], [ 86.88749695000007, 20.797111511000026 ], [ 86.867614746000072, 20.775222778000057 ], [ 86.995803833000082, 20.769611358000077 ], [ 87.011222839000084, 20.738306045000058 ], [ 87.003364563000048, 20.712083816000074 ], [ 86.942497254000045, 20.716222763000076 ], [ 86.925781250000057, 20.710416793000036 ], [ 86.981224060000045, 20.704999924000049 ], [ 86.964164734000065, 20.694555282000067 ], [ 87.022445679000043, 20.697055818000024 ], [ 87.069580078000058, 20.720806121000066 ], [ 86.860832215000073, 20.592945099000076 ], [ 86.76914215100004, 20.502861024000026 ], [ 86.731636047000052, 20.534610748000034 ], [ 86.762084961000085, 20.502500534000035 ], [ 86.745803833000082, 20.46875 ], [ 86.738304138000046, 20.479583741000056 ], [ 86.715835571000071, 20.47875022900007 ], [ 86.737892152000086, 20.476667405000057 ], [ 86.735420227000077, 20.415832519000048 ], [ 86.725830078000058, 20.396249771000043 ], [ 86.707916259000058, 20.409139633000052 ], [ 86.720001220000086, 20.39377784800007 ], [ 86.746635437000066, 20.400417327000071 ], [ 86.73913574200003, 20.382888794000053 ], [ 86.759193422000067, 20.398694993000049 ], [ 86.75791931200007, 20.391639711000039 ], [ 86.74461364900003, 20.380777360000025 ], [ 86.744972229000041, 20.377056123000045 ], [ 86.779136658000084, 20.395416261000037 ], [ 86.768722535000052, 20.369972229000041 ], [ 86.787887573000035, 20.37663841400007 ], [ 86.768302917000085, 20.328777314000035 ], [ 86.67377471900005, 20.294137955000053 ], [ 86.724136354000052, 20.293750763000048 ], [ 86.788307190000069, 20.339527130000022 ], [ 86.805419922000056, 20.364166260000047 ], [ 86.798751831000061, 20.346666336000055 ], [ 86.73252868700007, 20.294584275000034 ], [ 86.672058106000065, 20.274166107000042 ], [ 86.679138183000077, 20.259611129000064 ], [ 86.520858765000071, 20.184583664000058 ], [ 86.513725281000063, 20.170110704000024 ], [ 86.554191590000073, 20.193750381000029 ], [ 86.439552307000042, 20.057472229000041 ], [ 86.42253112800006, 20.002056121000066 ], [ 86.382446289000086, 19.965444565000041 ], [ 86.378334045000031, 19.99124908400006 ], [ 86.36660766600005, 19.977888108000059 ], [ 86.315002441000047, 19.987916946000041 ], [ 86.371635437000066, 19.95208358900004 ], [ 86.311668396000073, 19.942916870000033 ], [ 86.237503052000079, 19.906221390000042 ], [ 86.243331909000062, 19.921222687000068 ], [ 86.216636658000084, 19.894556047000037 ], [ 86.069969177000075, 19.851194382000074 ], [ 85.911613465000073, 19.823778152000045 ], [ 85.540000916000054, 19.696222305000049 ], [ 85.52786254800003, 19.679306031000067 ], [ 85.592086792000032, 19.703277588000049 ], [ 85.343276977000073, 19.581222535000052 ], [ 85.148307800000055, 19.44702720600003 ], [ 85.083305359000065, 19.377861023000037 ], [ 85.063278198000035, 19.370361328000058 ], [ 85.037940979000041, 19.391666412000063 ], [ 85.050003051000033, 19.367889404000039 ], [ 85.066635131000055, 19.366222381000057 ], [ 85.082084656000063, 19.374195100000065 ], [ 84.917472839000084, 19.259611131000042 ], [ 84.909141542000043, 19.278722764000065 ], [ 84.915390015000071, 19.258306503000028 ], [ 84.837059021000073, 19.184972763000076 ], [ 84.794975281000063, 19.116222383000036 ], [ 84.797500610000043, 19.131221771000071 ], [ 84.777473450000059, 19.107915878000028 ], [ 84.745803833000082, 19.117055893000042 ], [ 84.726249695000035, 19.090833664000058 ], [ 84.745834351000042, 19.074556352000059 ], [ 84.792892456000061, 19.114110946000039 ], [ 84.690391542000043, 18.966667175000055 ], [ 84.589553833000082, 18.863306045000058 ], [ 84.557914734000065, 18.790000915000064 ], [ 84.471221924000076, 18.711666108000031 ], [ 84.362052918000074, 18.567472458000054 ], [ 84.345390320000035, 18.572471620000044 ], [ 84.356636049000031, 18.583749771000043 ], [ 84.334556580000083, 18.576665879000075 ], [ 84.34919738800005, 18.560417175000055 ], [ 84.338302612000064, 18.567888260000075 ], [ 84.30625152500005, 18.533306122000056 ], [ 84.360832214000084, 18.565389633000052 ], [ 84.359558105000076, 18.554138184000067 ], [ 84.138336182000046, 18.351222992000032 ], [ 84.09955596900005, 18.350000383000065 ], [ 84.132026672000052, 18.343334198000036 ], [ 84.129165649000072, 18.309555053000054 ], [ 83.95166778600003, 18.21372223000003 ], [ 83.924552918000074, 18.229166032000023 ], [ 83.940025329000036, 18.209554672000024 ], [ 83.806610108000029, 18.16205596900005 ], [ 83.668304443000068, 18.087888717000055 ], [ 83.678337097000053, 18.08372306900003 ], [ 83.577888489000031, 18.014165878000028 ], [ 83.55625152600004, 18.025806428000067 ], [ 83.570419313000059, 18.006639482000026 ], [ 83.543724060000045, 17.964166642000066 ], [ 83.456611634000069, 17.90041732800006 ], [ 83.460418701000037, 17.914194107000071 ], [ 83.459587097000053, 17.920000076000065 ], [ 83.454528808000077, 17.923334121000039 ], [ 83.44541931200007, 17.900833130000024 ], [ 83.456253052000079, 17.890832901000067 ], [ 83.41541290300006, 17.851667405000057 ], [ 83.411224365000066, 17.808305741000027 ], [ 83.350387574000081, 17.749166488000071 ], [ 83.344108583000036, 17.722026826000047 ], [ 83.282890320000035, 17.68913841400007 ], [ 83.297920227000077, 17.675832750000041 ], [ 83.214942932000042, 17.590389252000023 ], [ 83.026611328000058, 17.509582519000048 ], [ 82.995803833000082, 17.473722458000054 ], [ 82.882499695000035, 17.424583435000045 ], [ 82.896224976000042, 17.445861818000026 ], [ 82.891639710000049, 17.447111131000042 ], [ 82.854942321000067, 17.425416948000077 ], [ 82.869140625000057, 17.415416719000063 ], [ 82.60166931100008, 17.283750535000024 ], [ 82.464141845000086, 17.188749314000063 ], [ 82.306198121000079, 17.038333893000072 ], [ 82.274559021000073, 16.944139480000047 ], [ 82.250419617000034, 16.935806276000051 ], [ 82.250778198000035, 16.875360489000059 ], [ 82.261642456000061, 16.885389329000077 ], [ 82.284973144000048, 16.872055054000043 ], [ 82.276641846000075, 16.854555131000041 ], [ 82.303337097000053, 16.863721847000022 ], [ 82.31580352800006, 16.841222763000076 ], [ 82.325805664000029, 16.854583741000056 ], [ 82.355834961000085, 16.851222992000032 ], [ 82.359558105000076, 16.824972153000033 ], [ 82.362083435000045, 16.943277359000035 ], [ 82.333305359000065, 16.988750458000027 ], [ 82.36289215100004, 16.962444305000076 ], [ 82.371246338000049, 16.909139633000052 ], [ 82.362052917000085, 16.815834047000067 ], [ 82.341918945000032, 16.736280441000076 ], [ 82.268914659000075, 16.706697727000062 ], [ 82.289688585000079, 16.696069607000027 ], [ 82.338884549000056, 16.713484565000044 ], [ 82.333518982000044, 16.687620163000076 ], [ 82.355323791000046, 16.710519792000071 ], [ 82.33995056200007, 16.716730119000033 ], [ 82.366096497000058, 16.718650819000061 ], [ 82.344833374000075, 16.727590561000056 ], [ 82.370010376000039, 16.724039078000033 ], [ 82.328720093000072, 16.665540695000061 ], [ 82.308853149000072, 16.597469330000024 ], [ 82.284279785000081, 16.641275364000023 ], [ 82.258476021000035, 16.649612496000032 ], [ 82.265986328000054, 16.673883192000062 ], [ 82.25823486400003, 16.688662653000051 ], [ 82.25537543400003, 16.648010525000075 ], [ 82.282316081000033, 16.630113255000026 ], [ 82.30039215000005, 16.584943773000077 ], [ 82.258720398000037, 16.560806276000051 ], [ 82.304557800000055, 16.55994415300006 ], [ 82.234169007000048, 16.542943955000055 ], [ 82.029998779000039, 16.441249847000051 ], [ 82.049583435000045, 16.453306199000053 ], [ 82.039581299000076, 16.463306427000077 ], [ 82.027496338000049, 16.438722612000049 ], [ 81.961639405000085, 16.397054672000024 ], [ 81.963500977000081, 16.436138154000048 ], [ 81.950805664000029, 16.392915726000069 ], [ 81.876663208000082, 16.380388261000064 ], [ 81.719108581000057, 16.308721542000058 ], [ 81.726219177000075, 16.349971771000071 ], [ 81.717086792000032, 16.364639283000031 ], [ 81.709968567000033, 16.305416108000031 ], [ 81.688308716000051, 16.330389024000056 ], [ 81.546607971000071, 16.345388412000034 ], [ 81.541641235000043, 16.352916719000063 ], [ 81.555831909000062, 16.348749162000047 ], [ 81.56208038300008, 16.366638183000077 ], [ 81.553276062000066, 16.372055055000033 ], [ 81.553359986000032, 16.352083206000032 ], [ 81.542472839000084, 16.356250764000038 ], [ 81.477470398000037, 16.352916719000063 ], [ 81.39785766600005, 16.342445374000022 ], [ 81.271667481000065, 16.277027130000022 ], [ 81.267471313000044, 16.292888641000047 ], [ 81.267913818000068, 16.273305893000042 ], [ 81.197860718000072, 16.174139022000077 ], [ 81.199974060000045, 16.143777847000024 ], [ 81.187919617000034, 16.142444610000041 ], [ 81.204559326000037, 16.138305664000029 ], [ 81.147918701000037, 16.013334275000034 ], [ 81.152084350000052, 15.971666336000055 ], [ 81.126220703000058, 15.993305206000059 ], [ 81.138748169000053, 15.965000154000052 ], [ 80.997085573000049, 15.822472572000038 ], [ 81.006225586000085, 15.776638986000023 ], [ 81.027442932000042, 15.766249658000049 ], [ 81.027442932000042, 15.789555551000035 ], [ 81.03125, 15.760805131000041 ], [ 80.981613159000062, 15.774639130000025 ], [ 81.012916565000069, 15.756667138000068 ], [ 80.975807190000069, 15.737916947000031 ], [ 80.975387573000035, 15.753333093000037 ], [ 80.959136963000049, 15.758749962000024 ], [ 80.971252442000036, 15.749972343000024 ], [ 80.95749664300007, 15.740416528000026 ], [ 80.95163726800007, 15.732055665000075 ], [ 80.974136352000073, 15.749555588000078 ], [ 80.96869659400005, 15.730833053000026 ], [ 80.938308716000051, 15.710389138000039 ], [ 80.897918701000037, 15.755000116000076 ], [ 80.923309326000037, 15.714583398000059 ], [ 80.83164215100004, 15.70127773400003 ], [ 80.835441589000084, 15.750805856000056 ], [ 80.812530517000084, 15.742083551000064 ], [ 80.784584045000031, 15.808361055000034 ], [ 80.781280518000074, 15.854166984000074 ], [ 80.810806274000072, 15.779555322000022 ], [ 80.805358887000068, 15.842472076000035 ], [ 80.76999664300007, 15.869527818000051 ], [ 80.677497864000031, 15.889555931000075 ], [ 80.535804748000032, 15.848722458000054 ], [ 80.522445679000043, 15.857083320000072 ], [ 80.528335571000071, 15.84702777800004 ], [ 80.374969483000029, 15.772083284000075 ], [ 80.264190674000076, 15.672082902000056 ], [ 80.21833038300008, 15.531222343000024 ], [ 80.232086182000046, 15.542471885000054 ], [ 80.215385437000066, 15.508305550000046 ], [ 80.192916870000033, 15.501638412000034 ], [ 80.197471619000055, 15.489583017000029 ], [ 80.214584350000052, 15.504166604000034 ], [ 80.204528809000067, 15.468333244000064 ], [ 80.099586486000078, 15.320805549000056 ], [ 80.099136352000073, 15.310388565000039 ], [ 80.10788726800007, 15.328277588000049 ], [ 80.082916260000047, 15.262527465000062 ], [ 80.089584351000042, 15.207500459000073 ], [ 80.081665040000075, 15.182083130000024 ], [ 80.064552307000042, 15.189999581000052 ], [ 80.080413818000068, 15.180832864000024 ], [ 80.047920227000077, 15.074138642000037 ], [ 80.088752747000058, 14.878305436000062 ], [ 80.092918396000073, 14.813333513000032 ], [ 80.077888489000031, 14.809139253000069 ], [ 80.094970703000058, 14.812083244000064 ], [ 80.129585266000049, 14.728333473000077 ], [ 80.112472534000062, 14.745388986000023 ], [ 80.11374664300007, 14.724139213000058 ], [ 80.119140626000046, 14.733750345000033 ], [ 80.134582519000048, 14.717444421000039 ], [ 80.134109497000054, 14.692055702000062 ], [ 80.140388488000042, 14.715806007000026 ], [ 80.185417175000055, 14.596666336000055 ], [ 80.139968872000054, 14.565388681000059 ], [ 80.19580841100003, 14.577944755000033 ], [ 80.167861939000034, 14.339138985000034 ], [ 80.137474060000045, 14.244583130000024 ], [ 80.103721619000055, 14.252499581000052 ], [ 80.137084961000085, 14.24163913700005 ], [ 80.127891541000054, 14.184139252000023 ], [ 80.142082214000084, 14.072472572000038 ], [ 80.126220703000058, 14.065833092000048 ], [ 80.143722534000062, 14.069167137000022 ], [ 80.148750305000078, 14.017499925000038 ], [ 80.24372100800008, 13.814167022000049 ], [ 80.224975586000085, 13.818694114000039 ], [ 80.244972229000041, 13.812055589000067 ], [ 80.257110596000075, 13.781639100000064 ], [ 80.237915039000029, 13.722472192000055 ], [ 80.236221313000044, 13.644139291000045 ], [ 80.33249664300007, 13.376222612000049 ], [ 80.322029114000031, 13.443333625000037 ], [ 80.327919007000048, 13.439999580000062 ], [ 80.34622192300003, 13.283305169000073 ], [ 80.327919007000048, 13.232500078000044 ], [ 80.313720703000058, 13.246639252000023 ], [ 80.309165955000083, 13.20208358900004 ], [ 80.321250916000054, 13.224166871000023 ], [ 80.331253051000033, 13.226666452000075 ], [ 80.294586182000046, 13.121666908000066 ], [ 80.304557801000044, 13.090806009000062 ], [ 80.276222229000041, 13.068333626000026 ], [ 80.279525757000044, 13.015805244000035 ], [ 80.26413726800007, 13.011221885000054 ], [ 80.277053833000082, 13.006667138000068 ], [ 80.249168396000073, 12.802861213000028 ], [ 80.232940674000076, 12.84497261000007 ], [ 80.229614258000083, 12.786611558000061 ], [ 80.247474670000031, 12.800389290000055 ], [ 80.256225586000085, 12.780833244000064 ], [ 80.155387879000045, 12.511666298000023 ], [ 80.15625, 12.462444305000076 ], [ 80.134140015000071, 12.431194305000076 ], [ 80.114974976000042, 12.453694343000052 ], [ 80.131248474000074, 12.425805092000076 ], [ 80.014556885000047, 12.264166832000058 ], [ 79.971641542000043, 12.234582901000067 ], [ 80.012001038000051, 12.258694649000063 ], [ 79.872886658000084, 12.039972305000049 ], [ 79.831222534000062, 11.903306007000026 ], [ 79.829559326000037, 11.912500383000065 ], [ 79.82416534400005, 11.917055131000041 ], [ 79.819557190000069, 11.905777933000024 ], [ 79.826248169000053, 11.881638527000064 ], [ 79.81208038300008, 11.880777360000025 ], [ 79.824584961000085, 11.876638413000023 ], [ 79.782859802000075, 11.709972383000036 ], [ 79.774528503000056, 11.710778236000067 ], [ 79.758750915000064, 11.671610832000056 ], [ 79.779586792000032, 11.700805664000029 ], [ 79.756248474000074, 11.578305244000035 ], [ 79.775413514000036, 11.50747203800006 ], [ 79.765388489000031, 11.484999658000049 ], [ 79.78169250500008, 11.499583246000043 ], [ 79.832084656000063, 11.360777856000027 ], [ 79.77500152600004, 11.386221886000044 ], [ 79.761253357000044, 11.379166603000044 ], [ 79.838752746000068, 11.352499961000035 ], [ 79.857055664000029, 11.195805550000046 ], [ 79.852058410000041, 10.837499620000074 ], [ 79.82702636700003, 10.817472459000044 ], [ 79.850418091000051, 10.824972153000033 ], [ 79.872024536000083, 10.297472001000074 ], [ 79.877525329000036, 10.322916984000074 ], [ 79.881225586000085, 10.310832977000075 ], [ 79.860809326000037, 10.280444145000047 ], [ 79.793334961000085, 10.272889139000029 ], [ 79.811195374000079, 10.286639213000058 ], [ 79.798309327000084, 10.304555894000032 ], [ 79.689971924000076, 10.324583055000062 ], [ 79.662498474000074, 10.347888948000048 ], [ 79.658332825000059, 10.322889328000031 ], [ 79.641220093000072, 10.335805893000042 ], [ 79.63913726800007, 10.365416528000026 ], [ 79.629585266000049, 10.335805893000042 ], [ 79.580802917000085, 10.312055588000021 ], [ 79.558334350000052, 10.315388679000023 ], [ 79.560386657000038, 10.326666832000058 ], [ 79.592498779000039, 10.328694343000052 ], [ 79.605003357000044, 10.346278192000057 ], [ 79.545417785000041, 10.349971771000071 ], [ 79.543334961000085, 10.323721885000054 ], [ 79.461639404000039, 10.349583627000072 ], [ 79.492057801000044, 10.328305244000035 ], [ 79.468330384000069, 10.322055818000024 ], [ 79.524139404000039, 10.314555169000073 ], [ 79.393302917000085, 10.320361137000077 ], [ 79.37830352800006, 10.296222688000057 ], [ 79.294136047000052, 10.260389328000031 ], [ 79.271224975000052, 10.233277322000049 ], [ 79.278724671000077, 10.210805893000042 ], [ 79.242858887000068, 10.182499887000063 ], [ 79.231246948000035, 10.146666528000026 ], [ 79.229553224000085, 10.097472192000055 ], [ 79.267913818000068, 10.039972305000049 ], [ 79.15625, 9.930805207000049 ], [ 79.112052919000064, 9.863333702000034 ], [ 79.124557495000033, 9.855833053000026 ], [ 78.995391846000075, 9.711667061000071 ], [ 78.964584350000052, 9.629166604000034 ], [ 78.93125152500005, 9.586667061000071 ], [ 78.919555664000029, 9.492527962000054 ], [ 78.900390625000057, 9.486666679000052 ], [ 78.922027588000049, 9.435028077000027 ], [ 78.999557495000033, 9.347472191000065 ], [ 78.994552614000042, 9.340777397000068 ], [ 78.998748779000039, 9.333360673000072 ], [ 78.994941711000081, 9.331250191000038 ], [ 78.959197998000036, 9.340416908000066 ], [ 78.995834351000042, 9.329555513000059 ], [ 79.001197815000069, 9.333333015000051 ], [ 78.997497559000067, 9.342055321000032 ], [ 79.004165649000072, 9.341221810000036 ], [ 79.060806275000061, 9.298722267000073 ], [ 79.189140319000046, 9.280388833000075 ], [ 79.090835571000071, 9.258749962000024 ], [ 78.96583557200006, 9.271222116000047 ], [ 78.910835267000039, 9.247888565000039 ], [ 78.860862732000044, 9.251277925000068 ], [ 78.733329773000037, 9.207916260000047 ], [ 78.720024109000065, 9.185388565000039 ], [ 78.666641235000043, 9.188777925000068 ], [ 78.646224976000042, 9.172499658000049 ], [ 78.659584046000077, 9.152444839000054 ], [ 78.583358764000081, 9.127111435000074 ], [ 78.486251831000061, 9.124138832000028 ], [ 78.492919922000056, 9.13080596900005 ], [ 78.491668701000037, 9.141222001000074 ], [ 78.482444763000046, 9.123722078000071 ], [ 78.415802002000078, 9.108722687000068 ], [ 78.37244415300006, 9.07708358800005 ], [ 78.368309021000073, 9.092055321000032 ], [ 78.362472534000062, 9.067028046000075 ], [ 78.272529602000077, 9.001194 ], [ 78.268753052000079, 9.013333322000051 ], [ 78.280418396000073, 9.012444497000047 ], [ 78.265830994000055, 9.017916681000031 ], [ 78.267059326000037, 9.0 ], [ 78.206253052000079, 8.953305244000035 ], [ 78.172027588000049, 8.884139061000042 ], [ 78.163719177000075, 8.756667137000022 ], [ 78.160003662000065, 8.752055168000027 ], [ 78.132469179000054, 8.762916566000058 ], [ 78.125389099000074, 8.761666298000023 ], [ 78.160026550000055, 8.749583244000064 ], [ 78.201225281000063, 8.784999847000051 ], [ 78.198776245000033, 8.758305550000046 ], [ 78.169586181000057, 8.743277549000027 ], [ 78.137054443000068, 8.690833091000059 ], [ 78.126663208000082, 8.639527322000049 ], [ 78.109558106000065, 8.639166832000058 ], [ 78.128364563000048, 8.637944223000034 ], [ 78.136276245000033, 8.59749984900003 ], [ 78.118331909000062, 8.589555741000027 ], [ 78.114944459000071, 8.580416681000031 ], [ 78.139556885000047, 8.588333130000024 ], [ 78.123725891000049, 8.52747249600003 ], [ 78.131225586000085, 8.494999887000063 ], [ 78.069526674000031, 8.421694755000033 ], [ 78.060417175000055, 8.384944917000041 ], [ 78.048309326000037, 8.388722420000022 ], [ 78.043724060000045, 8.383333207000021 ], [ 78.069999694000046, 8.373722076000035 ], [ 78.007499695000035, 8.35122203800006 ], [ 77.896697998000036, 8.273722649000035 ], [ 77.806663513000046, 8.240388870000061 ], [ 77.77869415400005, 8.194972039000049 ], [ 77.746665954000036, 8.175416946000041 ], [ 77.584136962000059, 8.13705539800003 ], [ 77.550003052000079, 8.073694230000058 ], [ 77.316665649000072, 8.122888565000039 ], [ 77.182914734000065, 8.216666223000061 ], [ 77.164138794000053, 8.249610902000029 ], [ 77.165802002000078, 8.238750459000073 ], [ 77.012474060000045, 8.350388527000064 ], [ 76.972084045000031, 8.388360977000048 ], [ 76.955390930000078, 8.439999581000052 ], [ 76.95502471900005, 8.423749925000038 ], [ 76.640388489000031, 8.824972153000033 ], [ 76.546195984000065, 8.899999618000038 ], [ 76.544136047000052, 8.932055473000048 ], [ 76.569114685000045, 8.912888527000064 ], [ 76.602943421000077, 8.934166909000055 ], [ 76.572914123000032, 8.926638604000061 ], [ 76.597114563000048, 8.946639061000042 ], [ 76.599975586000085, 8.971194267000044 ], [ 76.606636047000052, 8.951250078000044 ], [ 76.614166260000047, 8.967916488000071 ], [ 76.629135132000044, 8.947083475000056 ], [ 76.64538574200003, 8.951666832000058 ], [ 76.631248474000074, 8.953332901000067 ], [ 76.63327789300007, 8.968694688000028 ], [ 76.662498475000064, 8.953694343000052 ], [ 76.668304444000057, 8.973722458000054 ], [ 76.652496338000049, 8.967055322000022 ], [ 76.632057190000069, 8.979166985000063 ], [ 76.661224365000066, 8.978333473000021 ], [ 76.666252136000082, 8.994166374000031 ], [ 76.647056580000083, 8.987472535000052 ], [ 76.64497375500008, 8.998749734000057 ], [ 76.619972229000041, 8.975417137000022 ], [ 76.58750152600004, 8.993694306000066 ], [ 76.566665650000061, 8.947055818000024 ], [ 76.549552917000085, 8.958333017000029 ], [ 76.563720703000058, 8.962471962000052 ], [ 76.557914734000065, 8.967472077000025 ], [ 76.576248169000053, 8.976638794000053 ], [ 76.572471619000055, 8.982055665000075 ], [ 76.536636352000073, 8.961194038000031 ], [ 76.545440674000076, 8.938305856000056 ], [ 76.538719179000054, 8.934139253000069 ], [ 76.46035766600005, 9.135805130000051 ], [ 76.486640930000078, 9.114583015000051 ], [ 76.48039245700005, 9.155027391000033 ], [ 76.495803833000082, 9.167888641000047 ], [ 76.477890015000071, 9.16749954200003 ], [ 76.472473144000048, 9.142083168000056 ], [ 76.428306580000083, 9.249555589000067 ], [ 76.457916260000047, 9.141666412000063 ], [ 76.384552002000078, 9.307499887000063 ], [ 76.395835878000071, 9.323721887000033 ], [ 76.38916778600003, 9.337916375000077 ], [ 76.382026672000052, 9.315833092000048 ], [ 76.357086181000057, 9.364972114000068 ], [ 76.319580078000058, 9.475028038000062 ], [ 76.288749695000035, 9.749944688000028 ], [ 76.236221313000044, 9.95994472600006 ], [ 76.256614685000045, 9.96452808500004 ], [ 76.271667481000065, 9.930360794000023 ], [ 76.257858278000072, 9.970833778000042 ], [ 76.288002014000085, 9.946611404000066 ], [ 76.259552002000078, 10.022500038000032 ], [ 76.270416260000047, 10.032500267000046 ], [ 76.244026184000063, 10.03591633000002 ], [ 76.230392456000061, 10.018305778000069 ], [ 76.240837097000053, 9.972916604000034 ], [ 76.179580689000034, 10.108333587000061 ], [ 76.192863465000073, 10.09997177200006 ], [ 76.18708038300008, 10.131638527000064 ], [ 76.172080994000055, 10.139944076000063 ], [ 76.182891846000075, 10.144166946000041 ], [ 76.167892456000061, 10.180000306000068 ], [ 76.208305359000065, 10.195388794000053 ], [ 76.15625, 10.184166909000055 ], [ 76.111221313000044, 10.349971771000071 ], [ 76.033752442000036, 10.527500154000052 ], [ 76.063331604000041, 10.524582864000024 ], [ 76.053695680000033, 10.541666984000074 ], [ 76.065361023000037, 10.54330539800003 ], [ 76.044975281000063, 10.552055360000054 ], [ 76.047058105000076, 10.534166336000055 ], [ 76.028358460000049, 10.527860642000064 ], [ 75.942886352000073, 10.722499847000051 ], [ 75.94541931200007, 10.752471924000076 ], [ 75.938278198000035, 10.733722688000057 ], [ 75.919555664000029, 10.778333665000048 ], [ 75.955001831000061, 10.803722381000057 ], [ 75.957885743000077, 10.816638946000069 ], [ 75.916641235000043, 10.793722153000033 ], [ 75.92038726800007, 10.807499886000073 ], [ 75.910003662000065, 10.827055931000075 ], [ 75.916191101000038, 10.806638717000055 ], [ 75.912086487000067, 10.784944534000033 ], [ 75.826225281000063, 11.11997223000003 ], [ 75.848335266000049, 11.141222 ], [ 75.869552613000053, 11.124111175000053 ], [ 75.846664429000043, 11.143750191000038 ], [ 75.825836181000057, 11.123722076000035 ], [ 75.805389405000085, 11.154944421000039 ], [ 75.828720093000072, 11.156611444000077 ], [ 75.813720703000058, 11.162444116000074 ], [ 75.827110290000064, 11.17913913700005 ], [ 75.803718567000033, 11.162471771000071 ], [ 75.780418396000073, 11.222499847000051 ], [ 75.801666260000047, 11.233750343000054 ], [ 75.777915954000036, 11.228361130000053 ], [ 75.735420227000077, 11.330805778000069 ], [ 75.737052917000085, 11.351638794000053 ], [ 75.75791931200007, 11.359972 ], [ 75.735420227000077, 11.356638909000026 ], [ 75.733718872000054, 11.346638679000023 ], [ 75.688720703000058, 11.439944267000044 ], [ 75.620414734000065, 11.475832939000043 ], [ 75.599586486000078, 11.569999695000035 ], [ 75.532058716000051, 11.701611520000029 ], [ 75.54291534400005, 11.710778236000067 ], [ 75.527496337000059, 11.706222534000062 ], [ 75.497085571000071, 11.73333358800005 ], [ 75.475418091000051, 11.763278007000054 ], [ 75.489974976000042, 11.76458358800005 ], [ 75.475418091000051, 11.768278123000073 ], [ 75.486663819000057, 11.780444146000036 ], [ 75.456253051000033, 11.77244472600006 ], [ 75.464530945000035, 11.780805589000067 ], [ 75.462944031000063, 11.804139139000029 ], [ 75.45502472000004, 11.777889253000069 ], [ 75.38333129800003, 11.857889177000061 ], [ 75.35541534400005, 11.861666679000052 ], [ 75.300415039000029, 11.94330597000004 ], [ 75.344558716000051, 11.933333397000069 ], [ 75.314552308000032, 11.970000267000046 ], [ 75.303695678000054, 11.970027923000032 ], [ 75.314163208000082, 11.950416566000058 ], [ 75.280807495000033, 11.995416642000066 ], [ 75.304557800000055, 11.954166412000063 ], [ 75.292503357000044, 11.952055932000064 ], [ 75.232055664000029, 12.021666526000047 ], [ 75.201248169000053, 12.004111291000072 ], [ 75.120414734000065, 12.194999696000025 ], [ 75.131225586000085, 12.212499620000074 ], [ 75.11711120700005, 12.214638710000031 ], [ 75.117919922000056, 12.202444078000042 ], [ 75.04877471900005, 12.369972229000041 ], [ 75.004554748000032, 12.437472344000071 ], [ 75.005386352000073, 12.441666604000034 ], [ 75.010002136000082, 12.442055702000062 ], [ 75.01413726800007, 12.447055817000034 ], [ 75.003334045000031, 12.44124984900003 ], [ 74.985389710000049, 12.477499963000071 ], [ 75.003334045000031, 12.468694687000038 ], [ 75.002052307000042, 12.491611480000074 ], [ 75.0, 12.47455596900005 ], [ 74.982475280000074, 12.497083664000058 ], [ 74.979614258000083, 12.487472534000062 ], [ 74.936225891000049, 12.614138604000061 ], [ 74.929138183000077, 12.607083320000072 ], [ 74.825386047000052, 12.83833313100007 ], [ 74.843307495000033, 12.822889329000077 ], [ 74.869552612000064, 12.833305359000065 ], [ 74.832107544000053, 12.847472191000065 ], [ 74.822891235000043, 12.899999618000038 ], [ 74.813919067000029, 12.907527924000021 ], [ 74.830413819000057, 12.845805169000073 ], [ 74.822113037000065, 12.849194526000076 ], [ 74.807052612000064, 12.914972305000049 ], [ 74.82041931100008, 12.927444458000025 ], [ 74.804527282000038, 12.929166794000025 ], [ 74.78119659400005, 13.08997249600003 ], [ 74.77500152600004, 13.077055931000075 ], [ 74.714553833000082, 13.317472458000054 ], [ 74.69541931100008, 13.343277931000046 ], [ 74.713722229000041, 13.334972381000057 ], [ 74.696220398000037, 13.348333360000026 ], [ 74.691253662000065, 13.444167138000068 ], [ 74.70747375500008, 13.409555436000062 ], [ 74.702888489000031, 13.433333397000069 ], [ 74.714141846000075, 13.433750154000052 ], [ 74.71871948200004, 13.439138412000034 ], [ 74.71958160500003, 13.452472687000068 ], [ 74.70664215100004, 13.437055589000067 ], [ 74.699554444000057, 13.467472077000025 ], [ 74.697052002000078, 13.454166414000042 ], [ 74.688774109000065, 13.462471962000052 ], [ 74.666252136000082, 13.630861284000048 ], [ 74.680000305000078, 13.605388641000047 ], [ 74.679138184000067, 13.633749963000071 ], [ 74.72205352800006, 13.638333322000051 ], [ 74.679527283000084, 13.649999618000038 ], [ 74.677917481000065, 13.681694031000063 ], [ 74.669586181000057, 13.636666299000069 ], [ 74.650390625000057, 13.664138795000042 ], [ 74.589584351000042, 13.919138910000072 ], [ 74.512916566000058, 13.986639023000066 ], [ 74.502891540000064, 14.023305893000042 ], [ 74.514190674000076, 14.026277543000049 ], [ 74.526664734000065, 14.020444871000052 ], [ 74.529197693000071, 14.022055627000043 ], [ 74.507499695000035, 14.042111398000031 ], [ 74.502052307000042, 14.026638986000023 ], [ 74.467056275000061, 14.191694260000077 ], [ 74.427108764000081, 14.277500153000062 ], [ 74.454971313000044, 14.245388986000023 ], [ 74.517082214000084, 14.24163913700005 ], [ 74.481697083000029, 14.277028084000051 ], [ 74.442497254000045, 14.27208328200004 ], [ 74.427444458000082, 14.30872249600003 ], [ 74.422027588000049, 14.285805703000051 ], [ 74.393722534000062, 14.413305284000046 ], [ 74.40955352800006, 14.414999962000024 ], [ 74.38291931100008, 14.416666984000074 ], [ 74.349586487000067, 14.50163841400007 ], [ 74.382888794000053, 14.539111137000077 ], [ 74.36289215100004, 14.540778160000059 ], [ 74.37708282400007, 14.545805931000075 ], [ 74.364585878000071, 14.550777436000033 ], [ 74.371612549000076, 14.562055588000021 ], [ 74.345802307000042, 14.542916298000023 ], [ 74.353302002000078, 14.518722534000062 ], [ 74.310806274000072, 14.517916680000042 ], [ 74.292053223000039, 14.594139099000074 ], [ 74.349586487000067, 14.604139328000031 ], [ 74.314163208000082, 14.59955596900005 ], [ 74.322082519000048, 14.609167100000036 ], [ 74.31327820000007, 14.615388870000061 ], [ 74.311195373000032, 14.600000383000065 ], [ 74.290000916000054, 14.596194268000033 ], [ 74.267913818000068, 14.624166489000061 ], [ 74.296218872000054, 14.638305664000029 ], [ 74.254554749000079, 14.704944612000077 ], [ 74.278305054000043, 14.708749772000033 ], [ 74.283721924000076, 14.712499618000038 ], [ 74.269165039000029, 14.721249580000062 ], [ 74.261253357000044, 14.709972382000046 ], [ 74.233360290000064, 14.744610788000045 ], [ 74.203720094000062, 14.734167099000047 ], [ 74.205863952000072, 14.713749885000027 ], [ 74.162918091000051, 14.749194146000036 ], [ 74.169113160000052, 14.760389328000031 ], [ 74.154136658000084, 14.742083551000064 ], [ 74.138725281000063, 14.775833129000034 ], [ 74.117500306000068, 14.771222116000047 ], [ 74.092086792000032, 14.800805092000076 ], [ 74.120002747000058, 14.798722268000063 ], [ 74.125808716000051, 14.837055206000059 ], [ 74.16416931200007, 14.837082863000035 ], [ 74.161636353000063, 14.817083359000037 ], [ 74.171249389000081, 14.837444305000076 ], [ 74.158691406000059, 14.842499733000068 ], [ 74.16471862800006, 14.858555795000029 ], [ 74.115386964000038, 14.840806009000062 ], [ 74.09705352800006, 14.891638757000067 ], [ 74.041221619000055, 14.917471887000033 ], [ 74.054580688000044, 14.954972267000073 ], [ 74.033752441000047, 14.980833055000062 ], [ 74.05127716100003, 14.984167100000036 ], [ 74.037109375000057, 14.983305931000075 ], [ 74.01914215100004, 15.014611246000072 ], [ 73.992027283000084, 15.018333435000045 ], [ 73.984191895000038, 15.053750039000022 ], [ 73.912918091000051, 15.083277702000032 ], [ 73.93708038300008, 15.131610870000031 ], [ 73.957084657000053, 15.135833740000066 ], [ 73.956275940000069, 15.15747261000007 ], [ 73.949195862000067, 15.142861366000034 ], [ 73.89785766600005, 15.328305244000035 ], [ 73.877502442000036, 15.367083549000029 ], [ 73.843307495000033, 15.357083320000072 ], [ 73.78455352800006, 15.408305168000027 ], [ 73.876640320000035, 15.396222114000068 ], [ 73.885223390000078, 15.427555084000062 ], [ 73.86413574200003, 15.427916526000047 ], [ 73.848274231000062, 15.450388908000036 ], [ 73.788749694000046, 15.459138870000061 ], [ 73.80625152600004, 15.464166641000077 ], [ 73.826080322000053, 15.503833772000064 ], [ 73.769996644000059, 15.489555360000054 ], [ 73.733779907000041, 15.588305475000027 ], [ 73.737503053000069, 15.607916832000058 ], [ 73.757888794000053, 15.613305091000029 ], [ 73.748725891000049, 15.620833397000069 ], [ 73.78958129800003, 15.652444841000033 ], [ 73.733718872000054, 15.614944458000025 ], [ 73.691223144000048, 15.713305473000048 ], [ 73.716247559000067, 15.729166985000063 ], [ 73.680809021000073, 15.718750001000046 ], [ 73.652885437000066, 15.740805626000054 ], [ 73.67622375600007, 15.751667023000039 ], [ 73.655418396000073, 15.788332940000032 ], [ 73.666252137000072, 15.808305740000037 ], [ 73.655807495000033, 15.79125023000006 ], [ 73.638694763000046, 15.813305855000067 ], [ 73.61127471900005, 15.862500191000038 ], [ 73.629196167000032, 15.871222497000076 ], [ 73.611663818000068, 15.865416526000047 ], [ 73.590385438000055, 15.90747261100006 ], [ 73.597526550000055, 15.921222687000068 ], [ 73.573280335000049, 15.911250116000076 ], [ 73.538330078000058, 15.939611435000074 ], [ 73.511222839000084, 15.938333511000053 ], [ 73.509109497000054, 15.989555360000054 ], [ 73.504974365000066, 15.96372223000003 ], [ 73.482086182000046, 16.038333893000072 ], [ 73.457054138000046, 16.053304673000071 ], [ 73.473724365000066, 16.072471618000066 ], [ 73.459526062000066, 16.085805893000042 ], [ 73.476196289000029, 16.095777512000041 ], [ 73.466636657000038, 16.140417100000036 ], [ 73.46247100800008, 16.091222764000065 ], [ 73.438751220000029, 16.19416618300005 ], [ 73.456253052000079, 16.212499620000074 ], [ 73.45161438000008, 16.225416185000029 ], [ 73.430442810000045, 16.199167251000063 ], [ 73.412940979000041, 16.272472382000046 ], [ 73.434997559000067, 16.283721925000066 ], [ 73.419136047000052, 16.289583207000078 ], [ 73.408691406000059, 16.274166107000042 ], [ 73.385391236000032, 16.335805894000032 ], [ 73.390830994000055, 16.359527588000049 ], [ 73.399971009000069, 16.353750228000024 ], [ 73.427886963000049, 16.371639252000023 ], [ 73.374137878000056, 16.358722687000068 ], [ 73.367080689000034, 16.379167557000073 ], [ 73.401641845000029, 16.38958358900004 ], [ 73.410003662000065, 16.407083512000042 ], [ 73.46875, 16.413305282000067 ], [ 73.407501221000075, 16.415388109000048 ], [ 73.36997223000003, 16.394556045000058 ], [ 73.35788726800007, 16.440834045000031 ], [ 73.367500305000078, 16.436195375000068 ], [ 73.387886048000041, 16.448360444000059 ], [ 73.353279114000031, 16.442916871000023 ], [ 73.317085266000049, 16.510805130000051 ], [ 73.312889099000074, 16.539972305000049 ], [ 73.336692810000045, 16.560417176000044 ], [ 73.364585877000081, 16.514165878000028 ], [ 73.35208129800003, 16.513305664000029 ], [ 73.352912902000071, 16.499139785000068 ], [ 73.362442016000045, 16.477945329000022 ], [ 73.360832215000073, 16.507083894000061 ], [ 73.443748474000074, 16.499971389000052 ], [ 73.362472534000062, 16.523721695000063 ], [ 73.357475281000063, 16.53705596900005 ], [ 73.37544250500008, 16.537500383000065 ], [ 73.349113466000063, 16.554555893000042 ], [ 73.400024414000029, 16.543693542000028 ], [ 73.40955352800006, 16.556638717000055 ], [ 73.359138489000031, 16.552917480000076 ], [ 73.318748474000074, 16.598333359000037 ], [ 73.354141235000043, 16.592916488000071 ], [ 73.342918396000073, 16.605806352000059 ], [ 73.373306274000072, 16.628723146000027 ], [ 73.380416870000033, 16.598304748000032 ], [ 73.400779724000074, 16.588750839000056 ], [ 73.384552002000078, 16.600860597000064 ], [ 73.402114868000069, 16.615804672000024 ], [ 73.390808106000065, 16.635389328000031 ], [ 73.332862854000041, 16.619138717000055 ], [ 73.342086792000032, 16.632472992000032 ], [ 73.324554445000047, 16.64330482400004 ], [ 73.345390320000035, 16.691667556000027 ], [ 73.321609497000054, 16.69372177300005 ], [ 73.30708313000008, 16.728305817000034 ], [ 73.310386658000084, 16.785833359000037 ], [ 73.331665040000075, 16.809583665000048 ], [ 73.342918396000073, 16.785804748000032 ], [ 73.331222534000062, 16.82250023000006 ], [ 73.346252441000047, 16.828306198000064 ], [ 73.33247375500008, 16.827917099000047 ], [ 73.316635132000044, 16.805389405000028 ], [ 73.297027588000049, 16.813333511000053 ], [ 73.288749695000035, 16.879138948000048 ], [ 73.317085266000049, 16.883333207000078 ], [ 73.298362732000044, 16.898721695000063 ], [ 73.277915955000083, 16.890806198000064 ], [ 73.282913208000082, 16.952472686000021 ], [ 73.296669007000048, 16.980417252000052 ], [ 73.30622100800008, 16.958333969000023 ], [ 73.33164215100004, 16.944555283000057 ], [ 73.330413818000068, 16.96750068800003 ], [ 73.314140320000035, 16.961221695000063 ], [ 73.313331604000041, 16.977056503000028 ], [ 73.272026062000066, 16.986639024000056 ], [ 73.286247255000035, 17.010805131000041 ], [ 73.259140014000081, 17.019527435000043 ], [ 73.257057190000069, 17.047527313000046 ], [ 73.279586792000032, 17.034166337000045 ], [ 73.289581299000076, 17.010833740000066 ], [ 73.287498474000074, 16.998750686000051 ], [ 73.297920227000077, 17.019971848000068 ], [ 73.291221619000055, 17.033361435000074 ], [ 73.317497253000056, 17.029556274000072 ], [ 73.325416565000069, 17.040000917000043 ], [ 73.292526245000033, 17.04955482500003 ], [ 73.281639100000064, 17.03791618300005 ], [ 73.291221619000055, 17.074138641000047 ], [ 73.296669007000048, 17.067083359000037 ], [ 73.315414430000033, 17.084167480000076 ], [ 73.285385132000044, 17.07913970900006 ], [ 73.291641235000043, 17.113750459000073 ], [ 73.285003662000065, 17.100444794000055 ], [ 73.268692017000035, 17.109138489000031 ], [ 73.272087097000053, 17.149944305000076 ], [ 73.252502441000047, 17.190416337000045 ], [ 73.233695984000065, 17.195806503000028 ], [ 73.251251221000075, 17.194999696000025 ], [ 73.247917175000055, 17.219972612000049 ], [ 73.191223144000048, 17.296638489000031 ], [ 73.223335266000049, 17.299583436000034 ], [ 73.261642456000061, 17.257917404000068 ], [ 73.260391236000032, 17.284111023000037 ], [ 73.297500611000032, 17.282028198000035 ], [ 73.299552918000074, 17.291639328000031 ], [ 73.239524841000048, 17.290832519000048 ], [ 73.24372100800008, 17.314971925000066 ], [ 73.221275329000036, 17.327499390000071 ], [ 73.231246948000035, 17.333333969000023 ], [ 73.212913513000046, 17.380777359000035 ], [ 73.181640625000057, 17.383722306000038 ], [ 73.172058106000065, 17.399166108000031 ], [ 73.191635132000044, 17.429582597000035 ], [ 73.213722229000041, 17.433277130000022 ], [ 73.188720703000058, 17.440805435000073 ], [ 73.191192628000067, 17.510833741000056 ], [ 73.183334351000042, 17.503749848000041 ], [ 73.139556885000047, 17.557500840000046 ], [ 73.216583253000067, 17.588806152000075 ], [ 73.17077636700003, 17.579555511000024 ], [ 73.137947082000039, 17.610000610000043 ], [ 73.130363466000063, 17.635805130000051 ], [ 73.143753051000033, 17.637472152000043 ], [ 73.116195679000043, 17.680000305000021 ], [ 73.137054443000068, 17.713306427000077 ], [ 73.088722229000041, 17.83413887200004 ], [ 73.129554748000032, 17.834194183000022 ], [ 73.090805054000043, 17.839555740000037 ], [ 73.072052002000078, 17.884971618000066 ], [ 73.08535766600005, 17.894166946000041 ], [ 73.065864563000048, 17.887083054000072 ], [ 73.053718567000033, 17.901638032000051 ], [ 73.054557800000055, 17.924139023000066 ], [ 73.070831299000076, 17.926250458000027 ], [ 73.092086792000032, 17.940000535000024 ], [ 73.055000305000078, 17.927083970000069 ], [ 73.03125, 17.949167251000063 ], [ 73.042442322000056, 17.977888107000069 ], [ 73.090942382000037, 17.990360261000035 ], [ 73.019584656000063, 17.990804672000024 ], [ 73.003723146000084, 18.019945146000055 ], [ 73.029998779000039, 18.024583816000074 ], [ 73.038719177000075, 18.033332825000059 ], [ 73.023750306000068, 18.036666871000023 ], [ 73.040390014000081, 18.051639558000034 ], [ 73.025390625000057, 18.044944763000046 ], [ 73.018333435000045, 18.02708244300004 ], [ 72.992080689000034, 18.05247306800004 ], [ 72.998695373000032, 18.080833435000045 ], [ 72.972885132000044, 18.12994384700005 ], [ 72.992919923000045, 18.15747261100006 ], [ 72.989585877000081, 18.191667557000073 ], [ 72.932914734000065, 18.217472076000035 ], [ 72.936279297000056, 18.279972078000071 ], [ 72.966667175000055, 18.278749467000068 ], [ 72.976669313000059, 18.244556428000067 ], [ 73.020835876000035, 18.242944717000057 ], [ 73.072860719000062, 18.217472076000035 ], [ 73.057914733000075, 18.190834046000077 ], [ 73.059585571000071, 18.182472229000041 ], [ 73.102081299000076, 18.142444612000077 ], [ 73.062889100000064, 18.190805435000073 ], [ 73.080413820000047, 18.235000610000043 ], [ 73.044555664000029, 18.29583358800005 ], [ 73.082473754000034, 18.29955482500003 ], [ 73.086219788000051, 18.319166185000029 ], [ 73.045829773000037, 18.304582597000035 ], [ 73.041221618000066, 18.293277742000043 ], [ 73.055419921000066, 18.269166946000041 ], [ 73.029975891000049, 18.262887955000053 ], [ 73.015029907000041, 18.284584047000067 ], [ 72.994163513000046, 18.272888185000056 ], [ 72.957916260000047, 18.313360215000046 ], [ 72.959136963000049, 18.317028046000075 ], [ 72.968276978000063, 18.314556122000056 ], [ 72.970832825000059, 18.317916871000023 ], [ 72.921218872000054, 18.347499847000051 ], [ 72.91452789300007, 18.36916732800006 ], [ 72.928749085000049, 18.381639482000026 ], [ 72.89538574200003, 18.456666946000041 ], [ 72.907058716000051, 18.539943695000034 ], [ 72.913330078000058, 18.528722763000076 ], [ 72.96497344900007, 18.535417558000063 ], [ 72.974586487000067, 18.499166489000061 ], [ 73.005836487000067, 18.462888719000034 ], [ 73.006248474000074, 18.466667175000055 ], [ 72.96833038300008, 18.539583207000078 ], [ 72.924552917000028, 18.541639328000031 ], [ 72.885391237000078, 18.625804901000038 ], [ 72.899581909000062, 18.634166717000028 ], [ 72.871192933000032, 18.639139175000025 ], [ 72.857086181000057, 18.694166185000029 ], [ 72.867919922000056, 18.800806046000048 ], [ 72.913307190000069, 18.792083740000066 ], [ 72.939163208000082, 18.825387954000064 ], [ 72.997055054000043, 18.778305055000033 ], [ 72.980392456000061, 18.752471925000066 ], [ 73.0, 18.722917556000027 ], [ 73.016250611000032, 18.715000154000052 ], [ 72.989585877000081, 18.749139785000068 ], [ 73.00208282400007, 18.779167175000055 ], [ 72.978752136000082, 18.799972534000062 ], [ 73.012886047000052, 18.802499771000043 ], [ 72.984558105000076, 18.810806276000051 ], [ 72.989166260000047, 18.865417480000076 ], [ 72.946640015000071, 18.843721391000031 ], [ 72.927474976000042, 18.849582673000043 ], [ 72.908752441000047, 18.897443773000077 ], [ 72.929191589000084, 18.911222458000054 ], [ 72.947502138000061, 18.891222 ], [ 72.942085266000049, 18.907444001000044 ], [ 72.95749664300007, 18.901250839000056 ], [ 72.965385437000066, 18.916666031000034 ], [ 72.950386047000052, 18.945806504000075 ], [ 72.986663818000068, 18.942888260000075 ], [ 72.957054138000046, 18.969165802000077 ], [ 72.995002747000058, 18.967916489000061 ], [ 73.034973144000048, 19.00122261000007 ], [ 73.054168701000037, 18.997055055000033 ], [ 73.054168701000037, 19.01544380200005 ], [ 73.067085266000049, 19.003360748000034 ], [ 73.067054748000032, 19.020805359000065 ], [ 73.049110413000051, 19.018722534000062 ], [ 73.029975891000049, 19.001249314000063 ], [ 73.023307800000055, 19.01286125200005 ], [ 73.017440796000074, 18.997917175000055 ], [ 73.001220703000058, 19.004138946000069 ], [ 72.997055054000043, 19.061611176000042 ], [ 72.984558105000076, 19.06830596900005 ], [ 72.998748779000039, 19.091638566000029 ], [ 72.988357544000053, 19.08372306800004 ], [ 72.978721619000055, 19.102500915000064 ], [ 72.985809326000037, 19.189527511000051 ], [ 72.973724366000056, 19.141666412000063 ], [ 72.956222534000062, 19.139972686000078 ], [ 72.961219787000061, 19.115777969000078 ], [ 72.946609497000054, 19.111249924000049 ], [ 72.955413818000068, 19.093334199000026 ], [ 72.940864563000048, 19.095417023000039 ], [ 72.933280945000035, 19.092056275000061 ], [ 72.930389404000039, 19.087499618000038 ], [ 72.950447083000029, 19.089971544000036 ], [ 72.95788574200003, 19.06830596900005 ], [ 72.942916870000033, 19.059139251000033 ], [ 72.959587097000053, 19.064138413000023 ], [ 72.957916260000047, 19.037445068000068 ], [ 72.914192200000059, 18.997083664000058 ], [ 72.865776062000066, 19.00622177200006 ], [ 72.846221924000076, 18.92747306800004 ], [ 72.80622100800008, 18.893333435000045 ], [ 72.822914123000032, 18.936666489000061 ], [ 72.809165954000036, 18.950387955000053 ], [ 72.792472839000084, 18.935388565000039 ], [ 72.790390015000071, 18.947471619000055 ], [ 72.815361023000037, 18.979139328000031 ], [ 72.817497253000056, 19.023750306000068 ], [ 72.828308105000076, 19.018749238000055 ], [ 72.838722229000041, 19.043306350000023 ], [ 72.817886353000063, 19.043306350000023 ], [ 72.834587097000053, 19.090805054000043 ], [ 72.827499390000071, 19.08372306800004 ], [ 72.804580688000044, 19.143333435000045 ], [ 72.832054138000046, 19.161611558000061 ], [ 72.831253052000079, 19.179971696000052 ], [ 72.800804138000046, 19.153722763000076 ], [ 72.797058107000055, 19.129138948000048 ], [ 72.779586792000032, 19.154111863000026 ], [ 72.841224670000031, 19.254138947000058 ], [ 72.818695068000068, 19.24497223000003 ], [ 72.783279419000053, 19.192054748000032 ], [ 72.786247254000045, 19.304971695000063 ], [ 72.809974671000077, 19.292083740000066 ], [ 72.857444763000046, 19.315416336000055 ], [ 72.897468567000033, 19.288749695000035 ], [ 72.912109375000057, 19.288333893000072 ], [ 72.854164124000079, 19.350416185000029 ], [ 72.813308717000041, 19.323778152000045 ], [ 72.777084351000042, 19.348333358000048 ], [ 72.758750917000043, 19.371639252000023 ], [ 72.770805359000065, 19.396194459000071 ], [ 72.744552613000053, 19.459943771000042 ], [ 72.778335571000071, 19.492082596000046 ], [ 72.821693422000067, 19.492027282000038 ], [ 72.848335266000049, 19.521249771000043 ], [ 72.88877868700007, 19.524139404000039 ], [ 72.845832825000059, 19.54125022900007 ], [ 72.82913970900006, 19.509555816000045 ], [ 72.780776977000073, 19.503749847000051 ], [ 72.787498474000074, 19.523721695000063 ], [ 72.763305664000029, 19.506221771000071 ], [ 72.730392456000061, 19.529167177000033 ], [ 72.716224670000031, 19.591667176000044 ], [ 72.747863770000038, 19.599111558000061 ], [ 72.73041534500004, 19.601667405000057 ], [ 72.70788574200003, 19.674999238000055 ], [ 72.715415954000036, 19.694139481000036 ], [ 72.69541931200007, 19.725833893000072 ], [ 72.708747863000042, 19.728361130000053 ], [ 72.714942932000042, 19.744611740000039 ], [ 72.692085266000049, 19.739139557000044 ], [ 72.697052002000078, 19.801666259000058 ], [ 72.688308716000051, 19.793693544000064 ], [ 72.655441284000062, 19.833305360000054 ], [ 72.692108155000028, 19.863306045000058 ], [ 72.665779114000031, 19.933721542000058 ], [ 72.710830689000034, 19.968721390000042 ], [ 72.72455596900005, 19.966667176000044 ], [ 72.736251831000061, 19.94330596900005 ], [ 72.746276856000065, 19.941638947000058 ], [ 72.745002747000058, 19.96372223000003 ], [ 72.71871948200004, 19.972499848000041 ], [ 72.70788574200003, 20.071666717000028 ], [ 72.737915039000029, 20.114999771000043 ], [ 72.747917175000055, 20.201665878000028 ], [ 72.782890320000035, 20.210832596000046 ], [ 72.747055053000054, 20.206638336000026 ], [ 72.753753662000065, 20.290000917000043 ], [ 72.773719788000051, 20.30333328200004 ], [ 72.789108276000036, 20.350444795000044 ], [ 72.837081909000062, 20.372472764000065 ], [ 72.822029114000031, 20.370000839000056 ], [ 72.828720093000072, 20.405000686000051 ], [ 72.852531433000081, 20.408750535000024 ], [ 72.829559327000084, 20.414138795000042 ], [ 72.830390930000078, 20.442472457000065 ], [ 72.892059326000037, 20.503334045000031 ], [ 72.886253357000044, 20.53000068700004 ], [ 72.900444030000074, 20.53000068700004 ], [ 72.887054445000047, 20.54249954200003 ], [ 72.899559021000073, 20.582527160000041 ], [ 72.889610291000054, 20.627471924000076 ], [ 72.912940979000041, 20.636638641000047 ], [ 72.886611938000044, 20.637083055000062 ], [ 72.890441895000038, 20.659999847000051 ], [ 72.876220703000058, 20.660804748000032 ], [ 72.845024109000065, 20.743749618000038 ], [ 72.876663208000082, 20.734556199000053 ], [ 72.930419922000056, 20.759138108000059 ], [ 72.894165039000029, 20.743722916000024 ], [ 72.856666565000069, 20.75202751300003 ], [ 72.846221924000076, 20.792499543000076 ], [ 72.867080689000034, 20.788278581000043 ], [ 72.850418091000051, 20.800806045000058 ], [ 72.854141235000043, 20.82374954200003 ], [ 72.826248169000053, 20.794137954000064 ], [ 72.829612732000044, 20.815805436000062 ], [ 72.782890320000035, 20.919166565000069 ], [ 72.813308717000041, 20.931194305000076 ], [ 72.824142456000061, 20.914527894000059 ], [ 72.824142456000061, 20.949583053000026 ], [ 72.864166260000047, 20.946250917000043 ], [ 72.833335877000081, 20.959554672000024 ], [ 72.849586487000067, 20.971639633000052 ], [ 72.758331299000076, 20.928777695000065 ], [ 72.733718872000054, 20.998277665000046 ], [ 72.728302003000067, 21.053722381000057 ], [ 72.73913574200003, 21.04125022900007 ], [ 72.782470703000058, 21.042917253000041 ], [ 72.791641235000043, 21.056222917000071 ], [ 72.796195984000065, 21.04411125200005 ], [ 72.82166290300006, 21.032054901000038 ], [ 72.848724365000066, 21.03247261000007 ], [ 72.797889711000039, 21.049999238000055 ], [ 72.827888489000031, 21.091667175000055 ], [ 72.778305054000043, 21.065389634000041 ], [ 72.707031250000057, 21.087499620000074 ], [ 72.709609985000043, 21.130832672000054 ], [ 72.747474671000077, 21.143722534000062 ], [ 72.788696289000029, 21.180000305000078 ], [ 72.752525330000083, 21.178693771000042 ], [ 72.733306884000058, 21.143749237000065 ], [ 72.677474975000052, 21.157917023000039 ], [ 72.65036010700004, 21.089138032000051 ], [ 72.664558410000041, 21.088306428000067 ], [ 72.639999389000081, 21.080389023000066 ], [ 72.622024536000083, 21.137472154000022 ], [ 72.635025024000072, 21.127916336000055 ], [ 72.651252746000068, 21.146638870000061 ], [ 72.633331299000076, 21.13122177200006 ], [ 72.620445251000035, 21.169166566000058 ], [ 72.63291931200007, 21.169166566000058 ], [ 72.637863159000062, 21.206611633000023 ], [ 72.662498474000074, 21.226222992000032 ], [ 72.694946289000029, 21.192888260000075 ], [ 72.741668701000037, 21.197889328000031 ], [ 72.639968872000054, 21.235361099000045 ], [ 72.629608155000028, 21.249971391000031 ], [ 72.646247864000031, 21.26744461100003 ], [ 72.625808716000051, 21.253749847000051 ], [ 72.617919921000066, 21.26830482500003 ], [ 72.638725281000063, 21.29830551200007 ], [ 72.607498169000053, 21.303722383000036 ], [ 72.60166931100008, 21.28705596900005 ], [ 72.597862244000055, 21.29830551200007 ], [ 72.606636048000041, 21.316194534000033 ], [ 72.636253357000044, 21.319139480000047 ], [ 72.626640320000035, 21.342861177000032 ], [ 72.65333557200006, 21.330389023000066 ], [ 72.65333557200006, 21.346221924000076 ], [ 72.669975281000063, 21.34375 ], [ 72.686248779000039, 21.35499954200003 ], [ 72.660774231000062, 21.347084045000031 ], [ 72.646194458000082, 21.386667253000041 ], [ 72.665359498000043, 21.389972686000078 ], [ 72.699111939000034, 21.46291732800006 ], [ 72.732498169000053, 21.467082977000075 ], [ 72.731224060000045, 21.446666717000028 ], [ 72.73913574200003, 21.434555053000054 ], [ 72.762443543000074, 21.447889328000031 ], [ 72.753334045000031, 21.458778382000048 ], [ 72.739997864000031, 21.449527740000065 ], [ 72.748748779000039, 21.470806123000045 ], [ 72.727500915000064, 21.477916718000074 ], [ 72.645774842000037, 21.446222306000038 ], [ 72.679580688000044, 21.500833513000032 ], [ 72.77500152600004, 21.597084045000031 ], [ 72.795860291000054, 21.592027664000057 ], [ 72.822502136000082, 21.61038970900006 ], [ 72.834167481000065, 21.666276931000027 ], [ 72.927886963000049, 21.675777435000043 ], [ 72.869163513000046, 21.690416337000045 ], [ 72.784164428000054, 21.663722993000079 ], [ 72.737503052000079, 21.690389633000052 ], [ 72.609191895000038, 21.684583664000058 ], [ 72.536666870000033, 21.662860870000031 ], [ 72.527084351000042, 21.710832597000035 ], [ 72.553337097000053, 21.737083436000034 ], [ 72.569610596000075, 21.812471390000042 ], [ 72.591224671000077, 21.829999924000049 ], [ 72.61872100800008, 21.90586090100004 ], [ 72.639579773000037, 21.911638260000075 ], [ 72.651641846000075, 21.947082520000038 ], [ 72.679191590000073, 21.954584123000075 ], [ 72.714141846000075, 21.936277389000054 ], [ 72.741279602000077, 21.95413970900006 ], [ 72.74958038300008, 21.973278047000065 ], [ 72.730834961000085, 21.987943649000044 ], [ 72.72666931100008, 21.952083587000061 ], [ 72.703308105000076, 21.971221924000076 ], [ 72.647468567000033, 21.965444565000041 ], [ 72.537475586000085, 21.89622306800004 ], [ 72.510414123000032, 21.921667099000047 ], [ 72.510391235000043, 21.959167481000065 ], [ 72.523719788000051, 21.967445373000032 ], [ 72.507888795000042, 21.975805284000046 ], [ 72.526252747000058, 21.976667404000068 ], [ 72.512886047000052, 21.985000612000078 ], [ 72.527862549000076, 21.994167327000071 ], [ 72.512916565000069, 21.998306276000051 ], [ 72.527885437000066, 22.010833741000056 ], [ 72.514579773000037, 22.029138565000039 ], [ 72.54788970900006, 22.148305893000042 ], [ 72.585830688000044, 22.204555511000024 ], [ 72.645835876000035, 22.216222763000076 ], [ 72.70166778600003, 22.183750152000073 ], [ 72.76080322200005, 22.173749923000059 ], [ 72.779998779000039, 22.201250076000065 ], [ 72.794136047000052, 22.196222306000038 ], [ 72.797058107000055, 22.198305130000051 ], [ 72.780418396000073, 22.210805894000032 ], [ 72.82166290300006, 22.238721847000022 ], [ 72.802886963000049, 22.241638183000077 ], [ 72.829559327000084, 22.250000001000046 ], [ 72.818748475000064, 22.256639480000047 ], [ 72.875808716000051, 22.230388641000047 ], [ 72.91205596900005, 22.264972687000068 ], [ 72.839973450000059, 22.282028199000024 ], [ 72.748306275000061, 22.231250764000038 ], [ 72.64502716100003, 22.28372192300003 ], [ 72.56580352800006, 22.304582597000035 ], [ 72.535026550000055, 22.289556505000064 ], [ 72.535003662000065, 22.305389405000028 ], [ 72.533721924000076, 22.285804750000068 ], [ 72.470832825000059, 22.252056121000066 ], [ 72.430809021000073, 22.204526901000065 ], [ 72.430000305000078, 22.238750458000027 ], [ 72.408721924000076, 22.209972381000057 ], [ 72.412109375000057, 22.257499694000046 ], [ 72.379997253000056, 22.337055207000049 ], [ 72.349586488000057, 22.310832978000064 ], [ 72.355834961000085, 22.285417556000027 ], [ 72.330863952000072, 22.287860871000078 ], [ 72.332084656000063, 22.300777437000022 ], [ 72.326225281000063, 22.308305741000027 ], [ 72.331222535000052, 22.248332979000054 ], [ 72.314971924000076, 22.232055664000029 ], [ 72.307052612000064, 22.236639023000066 ], [ 72.310417175000055, 22.239166260000047 ], [ 72.310386657000038, 22.243333816000074 ], [ 72.305831911000041, 22.247055055000033 ], [ 72.282890320000035, 22.244943619000026 ], [ 72.30124664300007, 22.232471467000039 ], [ 72.298721314000034, 22.103332521000027 ], [ 72.234970092000083, 22.012111665000077 ], [ 72.182029724000074, 22.02249908400006 ], [ 72.237915039000029, 22.0 ], [ 72.247055054000043, 21.924165725000023 ], [ 72.231666565000069, 21.944555283000057 ], [ 72.211669922000056, 21.953722 ], [ 72.190002442000036, 21.942916871000023 ], [ 72.182472229000041, 21.953750610000043 ], [ 72.163307190000069, 21.959554672000024 ], [ 72.1875, 21.941223144000048 ], [ 72.22666931100008, 21.943721771000071 ], [ 72.249526978000063, 21.910804750000068 ], [ 72.249557495000033, 21.809972764000065 ], [ 72.214584350000052, 21.824972153000033 ], [ 72.219558715000062, 21.837499618000038 ], [ 72.214996338000049, 21.857084274000044 ], [ 72.208724976000042, 21.826665880000064 ], [ 72.188308716000051, 21.840415954000036 ], [ 72.166191101000038, 21.809999466000022 ], [ 72.194168090000062, 21.821250917000043 ], [ 72.215385437000066, 21.795804977000046 ], [ 72.239555359000065, 21.761667253000041 ], [ 72.22455596900005, 21.746665956000072 ], [ 72.237915039000029, 21.709194185000058 ], [ 72.28121948200004, 21.690000534000035 ], [ 72.30625152600004, 21.626667023000039 ], [ 72.267913818000068, 21.57250022900007 ], [ 72.23627471900005, 21.454111099000045 ], [ 72.11038970900006, 21.300832750000041 ], [ 72.102470398000037, 21.312055588000078 ], [ 72.089164734000065, 21.315444948000049 ], [ 72.11289215100004, 21.297500610000043 ], [ 72.104141235000043, 21.278722763000076 ], [ 72.094169617000034, 21.285417558000063 ], [ 72.104583740000066, 21.272472381000057 ], [ 72.083747864000031, 21.246610641000075 ], [ 72.11127471900005, 21.199111938000044 ], [ 72.018302918000074, 21.152915956000072 ], [ 72.00916290300006, 21.134582519000048 ], [ 71.89833069000008, 21.113250734000076 ], [ 71.88327789300007, 21.089138032000051 ], [ 71.794166565000069, 21.050888063000059 ], [ 71.799583435000045, 21.068805696000027 ], [ 71.778305054000043, 21.067556382000078 ], [ 71.782470703000058, 21.04513931300005 ], [ 71.802497864000031, 21.045888902000058 ], [ 71.808303833000082, 21.036722183000052 ], [ 71.776611328000058, 21.039249420000033 ], [ 71.764945984000065, 21.065944673000047 ], [ 71.742942810000045, 21.034694671000068 ], [ 71.783752441000047, 21.032222748000038 ], [ 71.765830993000066, 21.020971298000063 ], [ 71.721641541000054, 21.020999909000068 ], [ 71.566665649000072, 20.948722839000027 ], [ 71.534942627000078, 20.943750381000029 ], [ 71.557472229000041, 20.954584122000028 ], [ 71.58247375500008, 20.987916948000077 ], [ 71.539947510000047, 20.953695298000071 ], [ 71.51416778600003, 20.955415726000069 ], [ 71.492027283000084, 20.934972763000076 ], [ 71.498725891000049, 20.919166565000069 ], [ 71.483779907000041, 20.914972305000049 ], [ 71.500389099000074, 20.916610718000072 ], [ 71.479553223000039, 20.888305665000075 ], [ 71.442497253000056, 20.867916107000042 ], [ 71.364524841000048, 20.87244415300006 ], [ 71.385414124000079, 20.854972841000063 ], [ 71.32414245700005, 20.844554902000027 ], [ 71.230781555000078, 20.801250459000073 ], [ 71.208358765000071, 20.806249618000038 ], [ 71.204170227000077, 20.787027359000035 ], [ 71.150802613000053, 20.764610292000043 ], [ 71.138336182000046, 20.77122306900003 ], [ 71.123748780000028, 20.762472152000043 ], [ 71.147468567000033, 20.757944107000071 ], [ 71.090805055000033, 20.75622177300005 ], [ 71.086669922000056, 20.769582748000062 ], [ 71.078330994000055, 20.743694305000076 ], [ 71.066253662000065, 20.752445222000063 ], [ 71.08288574200003, 20.739166259000058 ], [ 71.072502136000082, 20.732915879000075 ], [ 70.972473146000084, 20.727888107000069 ], [ 70.997886657000038, 20.713306428000067 ], [ 70.980834961000028, 20.700416565000069 ], [ 70.924140930000078, 20.708749771000043 ], [ 70.898330689000034, 20.697055818000024 ], [ 70.873779297000056, 20.708333969000023 ], [ 70.877502441000047, 20.727916717000028 ], [ 70.870391847000064, 20.725000381000029 ], [ 70.87458038300008, 20.703332901000067 ], [ 70.822052002000078, 20.690834045000031 ], [ 70.700805664000029, 20.738695145000065 ], [ 70.674140930000078, 20.765388488000042 ], [ 70.653274536000083, 20.758722305000049 ], [ 70.659111023000037, 20.779527665000046 ], [ 70.615837097000053, 20.769582748000062 ], [ 70.449974060000045, 20.848722458000054 ], [ 70.412086487000067, 20.875833511000053 ], [ 70.422080995000044, 20.89330482500003 ], [ 70.409164429000043, 20.877916337000045 ], [ 70.362503052000079, 20.902055740000037 ], [ 70.353363037000065, 20.922889711000039 ], [ 70.341636657000038, 20.915416719000063 ], [ 70.314140320000035, 20.932888032000051 ], [ 70.155776978000063, 21.054555893000042 ], [ 70.136253357000044, 21.074138641000047 ], [ 70.151275635000047, 21.073333740000066 ], [ 70.14414215100004, 21.082111360000056 ], [ 70.091667175000055, 21.111249925000038 ], [ 70.002891540000064, 21.200834274000044 ], [ 69.777053833000082, 21.454944612000077 ], [ 69.810836792000032, 21.448722839000027 ], [ 69.805030823000038, 21.45958328200004 ], [ 69.774971010000058, 21.457889558000034 ], [ 69.611640930000078, 21.627056123000045 ], [ 69.573333740000066, 21.64286041400004 ], [ 69.444526673000041, 21.758333206000032 ], [ 69.455390930000078, 21.757444383000063 ], [ 69.448722839000084, 21.76830482500003 ], [ 69.436607362000075, 21.762027741000054 ], [ 69.391220092000083, 21.805000306000068 ], [ 69.373725891000049, 21.828277589000038 ], [ 69.382469177000075, 21.822055816000045 ], [ 69.395774841000048, 21.854555131000041 ], [ 69.384109497000054, 21.86205482500003 ], [ 69.371696474000032, 21.829610826000078 ], [ 69.355003358000033, 21.835388185000056 ], [ 69.259582519000048, 21.914167406000047 ], [ 69.200836182000046, 21.977056503000028 ], [ 69.210441590000073, 21.986694336000028 ], [ 69.197502136000082, 21.981250763000048 ], [ 68.976219177000075, 22.214971544000036 ], [ 68.935386658000084, 22.306694030000074 ], [ 68.959609985000043, 22.373306276000051 ], [ 68.989135743000077, 22.401250839000056 ], [ 68.980392456000061, 22.408306123000045 ], [ 69.068336486000078, 22.478721620000044 ], [ 69.08288574200003, 22.471666337000045 ], [ 69.042083740000066, 22.434165954000036 ], [ 69.035415649000072, 22.389972687000068 ], [ 69.07913970900006, 22.385389328000031 ], [ 69.100807190000069, 22.407917024000028 ], [ 69.129112244000055, 22.396249772000033 ], [ 69.192085266000049, 22.418333053000026 ], [ 69.185386657000038, 22.399972915000035 ], [ 69.199554444000057, 22.389110566000056 ], [ 69.167526245000033, 22.372055053000054 ], [ 69.18122100800008, 22.368305206000059 ], [ 69.157081604000041, 22.309999466000022 ], [ 69.227470398000037, 22.256221771000071 ], [ 69.319999695000035, 22.292028427000048 ], [ 69.336196899000072, 22.310832978000064 ], [ 69.330802918000074, 22.327917099000047 ], [ 69.414138794000053, 22.315389634000041 ], [ 69.480003357000044, 22.332082750000041 ], [ 69.496635437000066, 22.367082597000035 ], [ 69.524139404000039, 22.368722917000071 ], [ 69.510002136000082, 22.425388337000072 ], [ 69.55122375500008, 22.399139404000039 ], [ 69.552497864000031, 22.348722459000044 ], [ 69.574974060000045, 22.369583130000024 ], [ 69.590362549000076, 22.364999771000043 ], [ 69.571220398000037, 22.340860368000051 ], [ 69.574081421000074, 22.322082521000027 ], [ 69.594139099000074, 22.352083206000032 ], [ 69.612915039000029, 22.328306199000053 ], [ 69.621635437000066, 22.365388870000061 ], [ 69.667892456000061, 22.323333740000066 ], [ 69.646224976000042, 22.356637956000043 ], [ 69.66416931200007, 22.394582750000041 ], [ 69.698722840000073, 22.398361206000061 ], [ 69.702919006000059, 22.449943543000074 ], [ 69.728363037000065, 22.47455597000004 ], [ 69.739974976000042, 22.42874908400006 ], [ 69.760833740000066, 22.44124984900003 ], [ 69.808334350000052, 22.397888183000077 ], [ 69.83164215100004, 22.449583055000062 ], [ 69.866691590000073, 22.446222305000049 ], [ 69.898330688000044, 22.465389252000023 ], [ 69.920806886000037, 22.437915803000067 ], [ 69.907890320000035, 22.489139558000034 ], [ 69.929969787000061, 22.509555818000024 ], [ 69.960807800000055, 22.502889633000052 ], [ 69.965362549000076, 22.517499924000049 ], [ 69.952445984000065, 22.508722305000049 ], [ 69.946220398000037, 22.526666643000056 ], [ 69.985809326000037, 22.544555664000029 ], [ 70.004135132000044, 22.536249162000047 ], [ 70.027526855000076, 22.552110672000026 ], [ 70.017913818000068, 22.537471771000071 ], [ 70.025802612000064, 22.536222458000054 ], [ 70.042472839000084, 22.560443878000058 ], [ 70.065780640000071, 22.54125023000006 ], [ 70.118278503000056, 22.550416946000041 ], [ 70.107475281000063, 22.519556047000037 ], [ 70.131637573000035, 22.552083969000023 ], [ 70.144165039000029, 22.536222458000054 ], [ 70.145805359000065, 22.555444719000036 ], [ 70.174163820000047, 22.542028427000048 ], [ 70.191665649000072, 22.580389024000056 ], [ 70.215774536000083, 22.570417405000057 ], [ 70.197891236000032, 22.600833894000061 ], [ 70.214973450000059, 22.597888948000048 ], [ 70.207916260000047, 22.609167100000036 ], [ 70.258750915000064, 22.656610489000059 ], [ 70.255386353000063, 22.682472229000041 ], [ 70.269165039000029, 22.67288970900006 ], [ 70.284141540000064, 22.676221847000022 ], [ 70.259552003000067, 22.718334199000026 ], [ 70.29502868600008, 22.729583741000056 ], [ 70.31794738800005, 22.759166717000028 ], [ 70.351219177000075, 22.885000228000024 ], [ 70.417083740000066, 22.922500612000078 ], [ 70.447502136000082, 22.970388412000034 ], [ 70.395835876000035, 22.980388642000037 ], [ 70.390419008000038, 22.935806275000061 ], [ 70.35166931100008, 22.92288970900006 ], [ 70.287475586000028, 22.944610596000075 ], [ 70.23538970900006, 22.979139329000077 ], [ 70.219139099000074, 23.055416108000031 ], [ 70.213722229000041, 23.024139405000028 ], [ 70.23288726800007, 22.964138032000051 ], [ 70.206192017000035, 22.977472307000028 ], [ 70.224136352000073, 22.952888489000031 ], [ 70.147529602000077, 22.946250915000064 ], [ 70.11961364800004, 22.962444305000076 ], [ 70.131668091000051, 22.995861055000034 ], [ 70.107025146000069, 22.964138032000051 ], [ 70.139556886000037, 22.93333244400003 ], [ 70.100028992000034, 22.907861711000066 ], [ 70.067497253000056, 22.919555665000075 ], [ 70.010864258000083, 22.905361175000053 ], [ 70.004135132000044, 22.919584276000023 ], [ 70.006637574000081, 22.904527664000057 ], [ 69.944999694000046, 22.907888413000023 ], [ 69.956253052000079, 22.896638870000061 ], [ 69.929946901000051, 22.89622306800004 ], [ 69.898330688000044, 22.871276856000065 ], [ 69.89538574200003, 22.914138794000053 ], [ 69.884971619000055, 22.912860870000031 ], [ 69.891220093000072, 22.890806199000053 ], [ 69.87496948200004, 22.86711120700005 ], [ 69.799140930000078, 22.845417024000028 ], [ 69.784141540000064, 22.863721847000022 ], [ 69.782470703000058, 22.834527969000078 ], [ 69.750030518000074, 22.816223144000048 ], [ 69.744163513000046, 22.830415727000059 ], [ 69.742446899000072, 22.811222076000035 ], [ 69.728752136000082, 22.819139481000036 ], [ 69.74375152600004, 22.78747177300005 ], [ 69.734107971000071, 22.779582977000075 ], [ 69.721221924000076, 22.797500610000043 ], [ 69.713752747000058, 22.799139024000056 ], [ 69.731246948000035, 22.776666641000077 ], [ 69.725807190000069, 22.764610290000064 ], [ 69.713722229000041, 22.774166108000031 ], [ 69.716636658000084, 22.752082825000059 ], [ 69.705001831000061, 22.760389329000077 ], [ 69.716667175000055, 22.743694305000076 ], [ 69.682914734000065, 22.763305664000029 ], [ 69.710830688000044, 22.737888337000072 ], [ 69.665802002000078, 22.752861024000026 ], [ 69.664108277000082, 22.77208328200004 ], [ 69.652114869000059, 22.758333207000078 ], [ 69.660835266000049, 22.747917175000055 ], [ 69.603332519000048, 22.777889251000033 ], [ 69.613304138000046, 22.757055284000046 ], [ 69.57663726800007, 22.759582521000027 ], [ 69.552085876000035, 22.782499313000073 ], [ 69.554138183000077, 22.787027359000035 ], [ 69.564971924000076, 22.790361406000045 ], [ 69.56913757500007, 22.796222688000057 ], [ 69.555000305000078, 22.791276933000063 ], [ 69.547470092000083, 22.782054901000038 ], [ 69.470802307000042, 22.79125022900007 ], [ 69.497863770000038, 22.776666641000077 ], [ 69.45163726800007, 22.77541732800006 ], [ 69.35202789300007, 22.818361282000069 ], [ 69.372055054000043, 22.854944229000068 ], [ 69.35291290300006, 22.845027925000068 ], [ 69.361663818000068, 22.881195068000068 ], [ 69.348693848000039, 22.867471695000063 ], [ 69.349998474000074, 22.817888261000064 ], [ 69.303306580000083, 22.830389023000066 ], [ 69.320831299000076, 22.83619499200006 ], [ 69.326225280000074, 22.840833664000058 ], [ 69.324142456000061, 22.843694687000038 ], [ 69.275802613000053, 22.822055818000024 ], [ 69.23041534400005, 22.832500459000073 ], [ 69.224975586000028, 22.87622261100006 ], [ 69.227081299000076, 22.837499618000038 ], [ 69.195808410000041, 22.836221695000063 ], [ 69.193359375000057, 22.850389480000047 ], [ 69.121223450000059, 22.877500535000024 ], [ 69.142471313000044, 22.89622306800004 ], [ 69.108329773000037, 22.887083055000062 ], [ 69.079559326000037, 22.907527925000068 ], [ 69.08249664300007, 22.928749086000039 ], [ 69.069168090000062, 22.917055130000051 ], [ 69.075836181000057, 22.95208358800005 ], [ 69.064163208000082, 22.915388107000069 ], [ 69.008720398000037, 22.947471618000066 ], [ 69.014190674000076, 22.982915879000075 ], [ 69.007057190000069, 22.949193956000045 ], [ 68.990837097000053, 22.953722 ], [ 68.968719483000029, 22.966693879000047 ], [ 68.982475281000063, 22.992027283000027 ], [ 68.96247100800008, 22.967889785000068 ], [ 68.815719605000083, 23.065332414000068 ], [ 68.756553651000047, 23.080360413000051 ], [ 68.631584167000028, 23.168666841000061 ], [ 68.717414857000051, 23.125360488000069 ], [ 68.57947540300006, 23.227443695000034 ], [ 68.598251344000062, 23.240360260000045 ], [ 68.619056701000034, 23.214527131000068 ], [ 68.630332947000056, 23.219944 ], [ 68.603637695000032, 23.240833284000075 ], [ 68.657806396000069, 23.251611711000066 ], [ 68.662414550000051, 23.272861482000053 ], [ 68.634475708000082, 23.266582489000029 ], [ 68.627830505000077, 23.293306352000059 ], [ 68.679473877000078, 23.301639557000044 ], [ 68.659919739000031, 23.302055359000065 ], [ 68.662002564000034, 23.317472458000054 ], [ 68.655746460000046, 23.301221847000022 ], [ 68.635749817000033, 23.306167602000073 ], [ 68.626197815000069, 23.34497261000007 ], [ 68.608253479000041, 23.367082595000056 ], [ 68.619026184000063, 23.32536125300004 ], [ 68.57575225800008, 23.347026825000057 ], [ 68.569084168000074, 23.372888566000029 ], [ 68.599472045000084, 23.365804672000024 ], [ 68.563636780000081, 23.379972459000044 ], [ 68.574081421000074, 23.400388719000034 ], [ 68.537834167000028, 23.407499314000063 ], [ 68.522415161000083, 23.457056047000037 ], [ 68.521583557000042, 23.446222305000049 ], [ 68.497886658000084, 23.454111101000024 ], [ 68.509109497000054, 23.493749618000038 ], [ 68.484916687000066, 23.477888107000069 ], [ 68.448722839000084, 23.479999543000076 ], [ 68.450302125000064, 23.498361587000034 ], [ 68.48538970900006, 23.517471315000023 ], [ 68.453720092000083, 23.515806198000064 ], [ 68.448692322000056, 23.532472612000049 ], [ 68.465805053000054, 23.545389177000061 ], [ 68.469139099000074, 23.551250459000073 ], [ 68.440361023000037, 23.529111862000036 ], [ 68.449554443000068, 23.50494384700005 ], [ 68.42539215100004, 23.509166718000074 ], [ 68.427864075000059, 23.55833244300004 ], [ 68.445747376000043, 23.562915802000077 ], [ 68.461196899000072, 23.574167253000041 ], [ 68.444557190000069, 23.570833206000032 ], [ 68.452835083000082, 23.596666336000055 ], [ 68.467475891000049, 23.597084045000031 ], [ 68.491996765000067, 23.654167176000044 ], [ 68.547836304000043, 23.714166641000077 ], [ 68.629585266000049, 23.760833740000066 ], [ 68.666641236000032, 23.812139511000055 ], [ 68.679946899000072, 23.798749925000038 ], [ 68.681640625000057, 23.821277618000067 ], [ 68.764892578000058, 23.841278076000037 ], [ 68.790306091000048, 23.860027313000046 ], [ 68.79824829100005, 23.882917405000057 ], [ 68.810806275000061, 23.87880516000007 ], [ 68.799057007000044, 23.885444642000039 ], [ 68.78988647400007, 23.883777620000046 ], [ 68.772415161000083, 23.858778 ], [ 68.773635865000074, 23.869222641000079 ], [ 68.762390136000079, 23.883777620000046 ], [ 68.769531250000057, 23.86583328200004 ], [ 68.749107361000029, 23.847110748000034 ], [ 68.659080506000066, 23.858749390000071 ], [ 68.682891845000029, 23.849166870000033 ], [ 68.58161163300008, 23.813777923000032 ], [ 68.532447815000069, 23.752082826000048 ], [ 68.524497986000029, 23.775861741000028 ], [ 68.517440796000074, 23.781278611000062 ], [ 68.515335083000082, 23.780027389000054 ], [ 68.514083862000064, 23.745445252000025 ], [ 68.464141845000029, 23.773777009000071 ], [ 68.47702789300007, 23.743360521000056 ], [ 68.434135438000055, 23.736278535000054 ], [ 68.452888488000042, 23.779167175000055 ], [ 68.445556640000063, 23.81802749600007 ], [ 68.426780701000041, 23.819360734000043 ], [ 68.433692932000042, 23.776695251000035 ], [ 68.399108887000068, 23.751277923000032 ], [ 68.417892456000061, 23.758361818000026 ], [ 68.42038726800007, 23.716667175000055 ], [ 68.399559021000073, 23.636693954000066 ], [ 68.384109497000054, 23.624584198000036 ], [ 68.374969483000029, 23.638778686000023 ], [ 68.369552612000064, 23.624166489000061 ], [ 68.39199829100005, 23.605806351000069 ], [ 68.36413574200003, 23.61205482400004 ], [ 68.374557495000033, 23.597473146000027 ], [ 68.349975586000028, 23.582056045000058 ], [ 68.265808105000076, 23.556278229000043 ], [ 68.272056580000083, 23.594165803000067 ], [ 68.289581300000066, 23.598304750000068 ], [ 68.274497986000029, 23.601694107000071 ], [ 68.271636963000049, 23.624610902000029 ], [ 68.254135132000044, 23.567916870000033 ], [ 68.209114075000059, 23.577110290000064 ], [ 68.172027588000049, 23.616666793000036 ], [ 68.190834045000031, 23.64622306800004 ], [ 68.211608887000068, 23.647943496000039 ], [ 68.199943543000074, 23.632917404000068 ], [ 68.26166534400005, 23.65041732800006 ], [ 68.302055359000065, 23.676666261000037 ], [ 68.292861938000044, 23.682527543000049 ], [ 68.314109802000075, 23.717082977000075 ], [ 68.332443237000064, 23.712055206000059 ], [ 68.339080811000031, 23.741277694000075 ], [ 68.34955596900005, 23.730028152000045 ], [ 68.336219787000061, 23.751722336000057 ], [ 68.320304871000076, 23.758417129000065 ], [ 68.32702636700003, 23.733304979000025 ], [ 68.285385132000044, 23.729166031000034 ], [ 68.29538726800007, 23.71997261000007 ], [ 68.270805359000065, 23.697971345000042 ], [ 68.262474060000045, 23.736305237000067 ], [ 68.268753051000033, 23.6875 ], [ 68.245780945000035, 23.671222688000057 ], [ 68.22705841100003, 23.688333511000053 ], [ 68.230834961000028, 23.707111360000056 ], [ 68.21583557200006, 23.694583894000061 ], [ 68.189582825000059, 23.726694107000071 ], [ 68.215362549000076, 23.758361818000026 ], [ 68.207054138000046, 23.834194183000022 ], [ 68.230804443000068, 23.834611893000044 ], [ 68.245780945000035, 23.853776931000027 ], [ 68.26080322200005, 23.835443497000028 ], [ 68.257919313000059, 23.882528305000051 ], [ 68.290689525000062, 23.892949921000024 ], [ 68.279445, 23.917066021000039 ], [ 68.334814081000047, 23.916240001000062 ], [ 68.356976426000074, 23.974152712000034 ], [ 68.365075623000052, 23.940377297000055 ], [ 68.379553453000028, 23.97083066600004 ], [ 68.752991253000062, 23.971423774000073 ], [ 68.76469570900008, 24.295788630000061 ], [ 68.80801, 24.313490001000048 ], [ 68.830800001000057, 24.311520001000076 ], [ 68.866022518000079, 24.21220308900007 ], [ 68.90678, 24.27983000100005 ], [ 68.94538, 24.302530001000036 ], [ 68.984846355000059, 24.227665109000043 ], [ 69.00342, 24.223060001000079 ], [ 69.09482, 24.27444 ], [ 69.19416, 24.23639 ], [ 69.31276, 24.281430001000047 ], [ 69.49398, 24.26782 ], [ 69.59429, 24.29238 ], [ 69.73152, 24.17104 ], [ 70.02502, 24.171030001000076 ], [ 70.066540001000078, 24.19897 ], [ 70.10992, 24.295000001000062 ], [ 70.36865, 24.350910001000045 ], [ 70.56134, 24.42085 ], [ 70.6025, 24.408150001000024 ], [ 70.56211, 24.354 ], [ 70.58466, 24.29041 ], [ 70.571340001000067, 24.25175 ], [ 70.714, 24.215710001000048 ], [ 70.80537, 24.22083 ], [ 70.90668, 24.2594 ], [ 70.87394, 24.29485 ], [ 70.94692, 24.34852 ], [ 70.986, 24.36528 ], [ 71.04204, 24.351050001000033 ], [ 71.08428, 24.394520001000046 ], [ 71.11965, 24.40245 ], [ 71.12577, 24.42009 ], [ 71.10315, 24.43572 ], [ 70.9985, 24.44437 ], [ 71.00498, 24.523210001000052 ], [ 70.98746, 24.54352 ], [ 70.98629, 24.59557 ], [ 71.00888, 24.63541 ], [ 71.0746, 24.66205 ], [ 71.09618, 24.68863 ], [ 71.065541608000046, 24.717392677000078 ], [ 71.026680119000048, 24.808834672000046 ], [ 70.937705614000038, 24.938612225000043 ], [ 70.888493009000058, 25.14810380800003 ], [ 70.751671449000071, 25.277707719000034 ], [ 70.736786265000035, 25.332444025000029 ], [ 70.66482306000006, 25.39689362200005 ], [ 70.678556841000045, 25.525542212000062 ], [ 70.667229576000068, 25.531274142000029 ], [ 70.674023286000079, 25.675804548000031 ], [ 70.660149872000034, 25.702020599000036 ], [ 70.60861030600006, 25.714852001000054 ], [ 70.530166518000044, 25.683372843000029 ], [ 70.387023308000039, 25.673739735000026 ], [ 70.268639991000043, 25.713643215000047 ], [ 70.246959355000058, 25.762126634000026 ], [ 70.174378458000035, 25.828356550000024 ], [ 70.099805945000071, 25.938240668000049 ], [ 70.083435406000035, 26.083376596000051 ], [ 70.141203149000035, 26.155970917000047 ], [ 70.175154018000057, 26.251480162000064 ], [ 70.16355627400003, 26.29486164900004 ], [ 70.185350647000064, 26.374242037000045 ], [ 70.174283863000028, 26.551333114000045 ], [ 70.117448210000077, 26.586895322000032 ], [ 70.056278174000056, 26.600515116000054 ], [ 69.88616115800005, 26.578732714000068 ], [ 69.823166950000029, 26.588955524000028 ], [ 69.722496533000083, 26.653371667000044 ], [ 69.510300400000062, 26.74353908300003 ], [ 69.484436778000031, 26.804873095000062 ], [ 69.513377131000084, 27.009928626000033 ], [ 69.58682895100003, 27.183251056000074 ], [ 69.862888041000076, 27.402154334000045 ], [ 69.933749987000056, 27.497740254000064 ], [ 70.025926918000039, 27.562868552000054 ], [ 70.132550649000052, 27.805980638000051 ], [ 70.227000360000034, 27.901376618000029 ], [ 70.296235957000079, 27.936015413000064 ], [ 70.372232894000035, 28.011824310000065 ], [ 70.505714266000041, 28.036976906000064 ], [ 70.589497784000059, 28.010463672000071 ], [ 70.677414254000041, 27.92182856900007 ], [ 70.68434631100007, 27.828200035000066 ], [ 70.739845428000081, 27.741907025000046 ], [ 70.759444497000061, 27.721219289000032 ], [ 70.87200318500004, 27.705547913000032 ], [ 70.963166796000053, 27.729299806000029 ], [ 71.205568927000058, 27.835337060000029 ], [ 71.383071413000039, 27.872526725000057 ], [ 71.666485814000055, 27.877807285000074 ], [ 71.898347465000029, 27.961237617000052 ], [ 71.927332552000053, 28.121702571000071 ], [ 72.00431747500005, 28.218542482000032 ], [ 72.13225751300007, 28.312947541000028 ], [ 72.206631538000067, 28.394757076000076 ], [ 72.299309490000041, 28.669709459000046 ], [ 72.390253125000072, 28.769714420000071 ], [ 72.733101888000078, 28.948014602000057 ], [ 72.945831105000082, 29.027797622000037 ], [ 73.00439506400005, 29.152996782000059 ], [ 73.084419767000043, 29.236189048000028 ], [ 73.282254720000083, 29.572061120000058 ], [ 73.39699, 29.945934 ], [ 73.597099339000067, 30.018942077000077 ], [ 73.806629025000063, 30.06796941500005 ], [ 73.972689135000053, 30.198253024000053 ], [ 73.956467110000062, 30.276035260000072 ], [ 73.930950440000061, 30.320141833000037 ], [ 73.879833571000063, 30.359761623000054 ], [ 73.97381689100007, 30.443952134000028 ], [ 73.926505768000084, 30.438913292000052 ], [ 73.934656559000075, 30.490159893000055 ], [ 73.964183917000071, 30.456433479000054 ], [ 73.963727430000063, 30.484787483000048 ], [ 73.982029509000029, 30.503972774000033 ], [ 74.019976448000079, 30.514146488000051 ], [ 74.011928570000066, 30.533624910000071 ], [ 74.031071795000059, 30.526872514000047 ], [ 74.039257383000063, 30.542547013000046 ], [ 74.057400999000038, 30.518649460000063 ], [ 74.072342149000065, 30.52288808000003 ], [ 74.090917245000071, 30.549393551000037 ], [ 74.073494478000043, 30.554640421000045 ], [ 74.101966404000052, 30.579164109000033 ], [ 74.095974076000061, 30.611426924000057 ], [ 74.117964671000038, 30.607886633000078 ], [ 74.127416011000037, 30.634755901000062 ], [ 74.148819318000051, 30.631452308000064 ], [ 74.193385712000065, 30.66512509100005 ], [ 74.232433942000057, 30.724427902000059 ], [ 74.286547644000052, 30.735581325000055 ], [ 74.261151445000053, 30.774652194000055 ], [ 74.301855002000082, 30.779368805000047 ], [ 74.294744300000048, 30.794406610000067 ], [ 74.320427333000055, 30.846555305000038 ], [ 74.382176635000064, 30.860388495000052 ], [ 74.360887707000074, 30.873689126000045 ], [ 74.36588081900004, 30.892975604000071 ], [ 74.422774231000062, 30.907770919000029 ], [ 74.410330925000039, 30.923446484000067 ], [ 74.428776719000041, 30.931128952000051 ], [ 74.413775850000036, 30.929605078000066 ], [ 74.416471085000069, 30.940328785000077 ], [ 74.546469986000034, 30.992461791000039 ], [ 74.542255327000078, 31.016584660000035 ], [ 74.568273744000066, 31.054784042000051 ], [ 74.596924694000052, 31.037639966000029 ], [ 74.671134790000053, 31.053558586000065 ], [ 74.69609569000005, 31.073957236000069 ], [ 74.689154687000041, 31.127951078000024 ], [ 74.659121402000039, 31.134006771000031 ], [ 74.636418045000084, 31.118139213000063 ], [ 74.630897799000081, 31.132711314000062 ], [ 74.60244980300007, 31.133334128000058 ], [ 74.610583322000082, 31.09911461300004 ], [ 74.571291632000055, 31.081357119000074 ], [ 74.551438369000039, 31.086458826000069 ], [ 74.548498922000078, 31.122038986000064 ], [ 74.510407445000055, 31.13196294200003 ], [ 74.526089063000029, 31.211910203000059 ], [ 74.517169076000073, 31.228399465000052 ], [ 74.53269937400006, 31.249402848000045 ], [ 74.521130153000058, 31.272081879000041 ], [ 74.542095558000028, 31.303728096000043 ], [ 74.526373158000069, 31.312426627000036 ], [ 74.548782585000083, 31.334845573000052 ], [ 74.55173742900007, 31.364399503000072 ], [ 74.583488454000076, 31.379011737000042 ], [ 74.601254880000056, 31.419934094000041 ], [ 74.654671233000045, 31.425909463000039 ], [ 74.638628966000056, 31.444169153000075 ], [ 74.652236182000081, 31.457207925000034 ], [ 74.627773346000083, 31.476864118000037 ], [ 74.636685400000033, 31.484739018000027 ], [ 74.609832784000048, 31.499788924000029 ], [ 74.58741698800003, 31.496080376000066 ], [ 74.575359678000041, 31.500907168000026 ], [ 74.584220537000078, 31.52075205400007 ], [ 74.612856850000071, 31.527254667000079 ], [ 74.615890128000046, 31.569039579000048 ], [ 74.555471202000035, 31.607907887000067 ], [ 74.535112014000049, 31.67762513200006 ], [ 74.486624955000082, 31.715053800000078 ], [ 74.503899686000068, 31.740301956000053 ], [ 74.559418812000047, 31.757856789000073 ], [ 74.557912854000051, 31.804785588000072 ], [ 74.60660706300007, 31.868491794000079 ], [ 74.607392865000065, 31.89007904500005 ], [ 74.636247193000031, 31.884222790000024 ], [ 74.666713859000083, 31.922594478000065 ], [ 74.719055319000063, 31.923766668000042 ], [ 74.719937449000042, 31.941446916000075 ], [ 74.756369896000081, 31.943741435000049 ], [ 74.755393797000067, 31.95582180200006 ], [ 74.819006376000061, 31.958707774000061 ], [ 74.828860378000059, 31.999180813000066 ], [ 74.879986833000032, 32.031874704000074 ], [ 74.86878420100004, 32.041859832000057 ], [ 74.879426736000084, 32.053751256000055 ], [ 74.933636412000055, 32.065646609000055 ], [ 75.012411271000076, 32.03567924400005 ], [ 75.068710065000062, 32.067175690000056 ], [ 75.104883391000044, 32.058679895000068 ], [ 75.122914600000058, 32.081466834000025 ], [ 75.174272219000045, 32.067670960000044 ], [ 75.198341190000065, 32.082789382000044 ], [ 75.203406031000043, 32.120222708000028 ], [ 75.240269305000083, 32.091029586000047 ], [ 75.278610317000073, 32.116890641000055 ], [ 75.285396306000052, 32.151630503000035 ], [ 75.322312627000031, 32.179327655000066 ], [ 75.316220111000064, 32.208041047000052 ], [ 75.372316779000073, 32.225777827000059 ], [ 75.381477845000063, 32.268787220000036 ], [ 75.320802221000065, 32.29724518200004 ], [ 75.337512710000055, 32.320582482000077 ], [ 75.322001364000073, 32.343696612000031 ], [ 75.298991184000045, 32.346607619000054 ], [ 75.289689619000058, 32.370112334000055 ], [ 75.258249922000061, 32.372343001000047 ], [ 75.256942329000083, 32.389401483000029 ], [ 75.192819653000072, 32.401005127000076 ], [ 75.191772729000036, 32.426149470000041 ], [ 75.132911746000048, 32.408830782000052 ], [ 75.101694675000033, 32.477465186000074 ], [ 75.085220683000045, 32.469085876000065 ], [ 75.026530096000045, 32.497587386000077 ], [ 75.015500907000046, 32.464385944000071 ], [ 74.95164423500006, 32.446473799000046 ], [ 74.939249393000068, 32.471283352000057 ], [ 74.876379308000082, 32.477293326000051 ], [ 74.877099018000081, 32.493910487000051 ], [ 74.820029186000056, 32.499531010000055 ], [ 74.812594047000061, 32.480054915000039 ], [ 74.72716919100003, 32.475844219000066 ], [ 74.710377368000081, 32.492861674000039 ], [ 74.681416057000035, 32.492754270000034 ], [ 74.690229783000063, 32.534256491000065 ], [ 74.66188435600003, 32.545844956000053 ], [ 74.673098961000051, 32.567981352000061 ], [ 74.651617345000034, 32.562999070000046 ], [ 74.659057309000048, 32.596744545000035 ], [ 74.638484422000033, 32.614611307000075 ], [ 74.695099798000058, 32.660571196000035 ], [ 74.666235357000062, 32.675603799000044 ], [ 74.654472143000078, 32.729099442000063 ], [ 74.705251285000031, 32.841954689000033 ], [ 74.632885979000037, 32.808914493000032 ], [ 74.658637132000081, 32.787458452000067 ], [ 74.632033594000063, 32.776004397000065 ], [ 74.63763067800005, 32.75147021600003 ], [ 74.566133681000053, 32.760067867000032 ], [ 74.514296823000052, 32.744220071000029 ], [ 74.511169032000055, 32.764409129000057 ], [ 74.463835490000065, 32.776624040000058 ], [ 74.445194320068836, 32.804084009657387 ], [ 74.410651340000072, 32.771981328000038 ], [ 74.37175134000006, 32.769581328000072 ], [ 74.341251340000042, 32.809681328000067 ], [ 74.00099, 32.954384 ], [ 73.925811, 33.034085 ], [ 73.877765, 33.03465 ], [ 73.816152, 33.010344 ], [ 73.776019, 33.021084 ], [ 73.729669, 33.064044 ], [ 73.634141, 33.093437 ], [ 73.625096, 33.131874 ], [ 73.670317, 33.152224 ], [ 73.670317, 33.21101 ], [ 73.627357, 33.241534 ], [ 73.60827636700003, 33.334899902000075 ], [ 73.588833782000052, 33.341773342000067 ], [ 73.575977865000084, 33.377401190000057 ], [ 73.601920500000062, 33.434852 ], [ 73.630183500000044, 33.456331 ], [ 73.612095, 33.508335 ], [ 73.633575, 33.526423 ], [ 73.628487500000062, 33.567687 ], [ 73.571962, 33.63043 ], [ 73.600790500000073, 33.698826 ], [ 73.598529, 33.739525 ], [ 73.566874, 33.797746 ], [ 73.594573, 33.891579 ], [ 73.543699, 33.954322 ], [ 73.52448, 34.012543 ], [ 73.501413387000071, 34.018002034000062 ], [ 73.514869, 34.03685 ], [ 73.495085, 34.135204 ], [ 73.499042, 34.207557 ], [ 73.473606, 34.256169 ], [ 73.488302, 34.279344 ], [ 73.462301, 34.287823 ], [ 73.398426305000044, 34.378263918000073 ], [ 73.42782, 34.416702 ], [ 73.435734, 34.526927 ], [ 73.453256, 34.569321 ], [ 73.537480500000072, 34.571582 ], [ 73.564046440000084, 34.589669755000045 ], [ 73.656748, 34.562538 ], [ 73.659009, 34.599279 ], [ 73.699707, 34.647892 ], [ 73.664661, 34.669936 ], [ 73.727969, 34.764334 ], [ 73.777712, 34.794858 ], [ 73.830847500000061, 34.79146650000007 ], [ 73.838196, 34.814076500000056 ], [ 73.927504, 34.811251 ], [ 73.934287, 34.8316 ], [ 73.968202, 34.835557 ], [ 73.977811, 34.866081 ], [ 74.045079, 34.890386500000034 ], [ 74.038861, 34.914127 ], [ 74.071645500000045, 34.937868 ], [ 74.060906, 34.988741 ], [ 74.111213500000076, 35.017569 ], [ 74.076733, 35.047527500000058 ], [ 74.087472500000047, 35.082573500000024 ], [ 74.131948500000078, 35.119287500000041 ], [ 74.115906500000051, 35.123447 ], [ 74.11234150000007, 35.153154500000028 ], [ 74.035694, 35.14959 ], [ 74.003015, 35.184645 ], [ 73.95786, 35.165038 ], [ 73.925778, 35.210193500000059 ], [ 73.871116, 35.204846 ], [ 73.809335193000038, 35.242867025000066 ], [ 73.74990850000006, 35.220888 ], [ 73.73027090800008, 35.273694382000031 ], [ 73.711870908000037, 35.279694382000059 ], [ 73.692869500000029, 35.349226 ], [ 73.727330500000051, 35.419337 ], [ 73.754661500000054, 35.443103 ], [ 73.79447, 35.44904450000007 ], [ 73.785556824000082, 35.524488677000079 ], [ 73.499870908000048, 35.542894382000043 ], [ 73.405298500000072, 35.529256 ], [ 73.395198, 35.586889 ], [ 73.355983500000036, 35.609467 ], [ 73.331029500000056, 35.662941 ], [ 73.29062650000003, 35.670665 ], [ 73.240123500000038, 35.657593500000075 ], [ 73.126046, 35.721168 ], [ 73.111786, 35.759194 ], [ 73.15813, 35.761571 ], [ 73.200315, 35.78712 ], [ 73.200315, 35.826928 ], [ 73.17833150000007, 35.860201 ], [ 73.129070908000074, 35.84589438200004 ], [ 73.092179, 35.875649 ], [ 73.026270908000072, 35.842294382000034 ], [ 72.998896500000058, 35.862578 ], [ 72.903831500000081, 35.841782 ], [ 72.89076, 35.877431500000057 ], [ 72.836692, 35.873272500000041 ], [ 72.819470908000028, 35.888094382000077 ], [ 72.785718216000078, 35.848077587000034 ], [ 72.683368444000052, 35.820428002000028 ], [ 72.568500363000055, 35.851801117000036 ], [ 72.551996974000076, 35.880254765000075 ], [ 72.509905801000059, 35.902388047000045 ], [ 72.568133406000072, 36.012306672000079 ], [ 72.521196337000049, 36.078852052000059 ], [ 72.549121, 36.232737 ], [ 72.593684584000073, 36.269575264000025 ], [ 72.686372003000031, 36.275517671000046 ], [ 72.721755936000079, 36.313464468000063 ], [ 72.848344438000083, 36.376432715000078 ], [ 72.87148796300005, 36.452444635000063 ], [ 72.96740791600007, 36.476936813000066 ], [ 72.970379190000074, 36.509020636000059 ], [ 73.041083558000082, 36.547641244000033 ], [ 73.074950890000082, 36.609433538000076 ], [ 73.049402647000079, 36.673008038000035 ], [ 73.06188028400004, 36.697367953000025 ], [ 73.152191464000055, 36.730047189000061 ], [ 73.26805108700006, 36.721134795000069 ], [ 73.374404694000077, 36.757973083000024 ], [ 73.506900530000053, 36.730048880000027 ], [ 73.568692660000067, 36.73599013900008 ], [ 73.603747180000084, 36.709847462000027 ], [ 73.775457170000038, 36.728267171000027 ], [ 73.834277598000028, 36.709848561000058 ], [ 73.861014551000039, 36.724702600000057 ], [ 73.868144779000033, 36.755004454000073 ], [ 73.839032403000033, 36.801349040000048 ], [ 73.793282814000065, 36.812042758000075 ], [ 73.78496407800003, 36.834620584000049 ], [ 73.697029866000037, 36.854822045000049 ], [ 73.650573, 36.915757 ], [ 73.66987, 36.922372 ], [ 73.800608, 36.900135 ], [ 73.842408, 36.90725 ], [ 73.910889, 36.888572 ], [ 73.974922, 36.840542 ], [ 74.040734, 36.834316 ], [ 74.129668, 36.857441 ], [ 74.151013, 36.917923 ], [ 74.242614, 36.90547 ], [ 74.277298, 36.915254 ], [ 74.424037, 37.006866 ], [ 74.521861, 37.005977 ], [ 74.53698, 36.976625 ], [ 74.562769, 36.971289 ], [ 74.573441, 37.038886 ], [ 74.689049, 37.095811 ], [ 74.704166, 37.09759 ], [ 74.734752, 37.037511 ], [ 74.780827, 37.034333 ], [ 74.793538, 37.05711 ], [ 74.840672, 37.065585 ], [ 74.842791, 37.023739 ], [ 74.902106, 36.940578 ], [ 74.939176, 36.947994 ], [ 74.923289, 36.983483 ], [ 74.937058, 36.992488 ], [ 74.996934, 37.00064 ], [ 75.033441, 37.025859 ], [ 75.063627, 37.013147 ], [ 75.145711, 37.034335 ], [ 75.1706, 37.022682 ], [ 75.168733, 36.999313 ], [ 75.241032, 36.971832 ], [ 75.281808, 36.982956 ], [ 75.417902, 36.959121 ], [ 75.394073, 36.928399 ], [ 75.433261, 36.87649 ], [ 75.42638, 36.784323 ], [ 75.460103, 36.729847 ], [ 75.503693, 36.748835 ], [ 75.534407, 36.734004 ], [ 75.539701, 36.780087 ], [ 75.633429, 36.780088 ], [ 75.735626, 36.753075 ], [ 75.846823, 36.686336 ], [ 75.941074, 36.606355 ], [ 75.93578, 36.575633 ], [ 75.998261, 36.501477 ], [ 76.027851592625069, 36.439633459329038 ], [ 76.14928430200024, 36.424547832000087 ], [ 76.238994588000196, 36.319903056000072 ], [ 76.318576294000138, 36.330083313000046 ], [ 76.388856242000145, 36.309774475000012 ], [ 76.428647095000144, 36.239546204000135 ], [ 76.469264771000098, 36.220012513000114 ], [ 76.568276815000104, 36.190401917000088 ], [ 76.668942505000132, 36.190401917000088 ], [ 76.718758586000092, 36.159912822000081 ], [ 76.758652792000191, 36.110045065000037 ], [ 76.778909953000209, 36.039816793000057 ], [ 76.778909953000209, 35.910263977000056 ], [ 76.839061320000155, 35.85951772100006 ], [ 77.008560018000196, 35.81972686800006 ], [ 77.068608032000043, 35.779936015000146 ], [ 77.089588664000132, 35.740196839000049 ], [ 77.208961222000255, 35.709656067000054 ], [ 77.348590943000204, 35.719784648000115 ], [ 77.421351359000084, 35.640151266000061 ], [ 77.468893677000096, 35.651881816000071 ], [ 77.508684530000096, 35.58015492800007 ], [ 77.518734194050282, 35.485657323893747 ] ] ], [ [ [ 93.812057495000033, 7.236639023000066 ], [ 93.86289215100004, 7.236639023000066 ], [ 93.862503052000079, 7.211194515000045 ], [ 93.893722534000062, 7.204138757000067 ], [ 93.897056580000083, 7.088277818000051 ], [ 93.916252137000072, 7.074972154000022 ], [ 93.925804138000046, 7.027861118000033 ], [ 93.962890625000057, 7.003333570000052 ], [ 93.955001831000061, 6.993722439000067 ], [ 93.939971924000076, 7.011166573000025 ], [ 93.928718568000079, 6.995777607000036 ], [ 93.957054139000036, 6.95913887100005 ], [ 93.926277161000087, 6.941611290000026 ], [ 93.924530029000039, 6.909111023000037 ], [ 93.909530640000071, 6.905000211000072 ], [ 93.90625, 6.846666814000059 ], [ 93.925392152000086, 6.83663892900006 ], [ 93.914581299000076, 6.809999943000037 ], [ 93.89499664300007, 6.794583320000072 ], [ 93.868331909000062, 6.815444469000056 ], [ 93.842475891000049, 6.752916814000059 ], [ 93.822029114000031, 6.762499809000076 ], [ 93.827941894000048, 6.818305493000025 ], [ 93.802917480000076, 6.835027694000075 ], [ 93.809555055000033, 6.851666452000075 ], [ 93.789581299000076, 6.877472402000024 ], [ 93.802474975000052, 6.883722305000049 ], [ 93.774139404000039, 6.919555664000029 ], [ 93.762916565000069, 6.908305645000041 ], [ 93.729614258000083, 6.994972229000041 ], [ 93.699974060000045, 7.022055625000064 ], [ 93.669555664000086, 7.017444612000077 ], [ 93.662086487000067, 7.104138851000073 ], [ 93.67539215100004, 7.115833283000029 ], [ 93.660385132000044, 7.128305435000073 ], [ 93.686279297000056, 7.155777931000046 ], [ 93.68746948200004, 7.187027932000035 ], [ 93.734970093000072, 7.18869447700007 ], [ 93.762496948000035, 7.215333463000036 ], [ 93.810386659000073, 7.205777645000069 ], [ 93.812057495000033, 7.236639023000066 ] ] ], [ [ [ 93.720832825000059, 7.44452762700007 ], [ 93.73872375500008, 7.400777817000062 ], [ 93.771247864000031, 7.384944439000037 ], [ 93.77500152600004, 7.365416526000047 ], [ 93.73872375500008, 7.309972286000061 ], [ 93.703277588000049, 7.294528007000054 ], [ 93.664138794000053, 7.247889042000054 ], [ 93.637886048000041, 7.308305741000027 ], [ 93.651252748000047, 7.321610927000052 ], [ 93.64785766600005, 7.372444630000075 ], [ 93.723335266000049, 7.388694287000021 ], [ 93.720832825000059, 7.44452762700007 ] ] ], [ [ [ 93.377502441000047, 8.021249772000033 ], [ 93.403724670000031, 8.005833625000037 ], [ 93.400390626000046, 7.968249799000034 ], [ 93.426612854000041, 7.964555740000037 ], [ 93.454559326000037, 7.932472229000041 ], [ 93.467887878000056, 7.889944553000021 ], [ 93.459167481000065, 7.870333195000057 ], [ 93.426582336000081, 7.900333404000037 ], [ 93.376640320000035, 7.877861024000026 ], [ 93.339942933000032, 7.888694288000067 ], [ 93.349945068000068, 7.942055702000062 ], [ 93.318725586000085, 7.924110889000076 ], [ 93.319503784000062, 7.994111061000069 ], [ 93.377502441000047, 8.021249772000033 ] ] ], [ [ [ 93.567497253000056, 8.026194572000065 ], [ 93.592918396000073, 7.988305569000033 ], [ 93.589942932000042, 7.92616653400006 ], [ 93.518753052000079, 7.983277798000074 ], [ 93.543746948000035, 8.023305893000042 ], [ 93.56244659400005, 7.996166707000043 ], [ 93.567497253000056, 8.026194572000065 ] ] ], [ [ [ 93.58833313000008, 8.130416870000033 ], [ 93.61374664300007, 8.049972534000062 ], [ 93.606636047000052, 8.037917137000022 ], [ 93.584609986000032, 8.065805435000073 ], [ 93.572944641000049, 8.122528077000027 ], [ 93.58833313000008, 8.130416870000033 ] ] ], [ [ [ 93.537475586000085, 8.236222267000073 ], [ 93.557914734000065, 8.220805169000073 ], [ 93.549552918000074, 8.180777551000062 ], [ 93.52500152600004, 8.17536067900005 ], [ 93.508697510000047, 8.150805473000048 ], [ 93.557029725000064, 8.089166642000066 ], [ 93.561225891000049, 8.037471771000071 ], [ 93.543334961000085, 8.046222688000057 ], [ 93.520835877000081, 8.031250001000046 ], [ 93.512443544000064, 7.997889042000054 ], [ 93.496246338000049, 8.042499543000076 ], [ 93.519584656000063, 8.039138794000053 ], [ 93.520835877000081, 8.066249848000041 ], [ 93.52500152600004, 8.047916412000063 ], [ 93.548721314000034, 8.065805435000073 ], [ 93.526664733000075, 8.083694459000071 ], [ 93.497055053000054, 8.051638605000051 ], [ 93.490417480000076, 8.085805893000042 ], [ 93.501251221000075, 8.090806009000062 ], [ 93.48288726800007, 8.096666336000055 ], [ 93.462890625000057, 8.167471887000033 ], [ 93.504997253000056, 8.227889061000042 ], [ 93.537475586000085, 8.236222267000073 ] ] ], [ [ [ 93.254554750000068, 8.234167100000036 ], [ 93.244163513000046, 8.21791649000005 ], [ 93.225387574000081, 8.255833627000072 ], [ 93.243331909000062, 8.263750076000065 ], [ 93.254554750000068, 8.234167100000036 ] ] ], [ [ [ 73.079559326000037, 8.323361397000042 ], [ 73.046638489000031, 8.262916566000058 ], [ 73.017913819000057, 8.270805358000075 ], [ 73.054168701000037, 8.279555320000043 ], [ 73.072029114000031, 8.315805435000073 ], [ 73.079559326000037, 8.323361397000042 ] ] ], [ [ [ 93.130859375000057, 8.354555131000041 ], [ 93.148750305000078, 8.345000267000046 ], [ 93.133720398000037, 8.273333551000064 ], [ 93.210388183000077, 8.217472076000035 ], [ 93.202468872000054, 8.196222305000049 ], [ 93.124137879000045, 8.22622203800006 ], [ 93.095413208000082, 8.264944077000052 ], [ 93.099609375000057, 8.334166528000026 ], [ 93.130859375000057, 8.354555131000041 ] ] ], [ [ [ 93.07913970900006, 8.428777694000075 ], [ 93.060386657000038, 8.440833092000048 ], [ 93.066696167000032, 8.461222648000046 ], [ 93.080413818000068, 8.453305244000035 ], [ 93.07913970900006, 8.428777694000075 ] ] ], [ [ [ 93.61911010700004, 8.571249962000024 ], [ 93.643722534000062, 8.518305780000048 ], [ 93.645416260000047, 8.46166706200006 ], [ 93.629554749000079, 8.454111099000045 ], [ 93.628334045000031, 8.417083741000056 ], [ 93.61911010700004, 8.571249962000024 ] ] ], [ [ [ 92.780357361000085, 9.246722223000063 ], [ 92.818725586000085, 9.214221954000038 ], [ 92.830360413000051, 9.141694069000039 ], [ 92.804138184000067, 9.117944719000036 ], [ 92.739112854000041, 9.120444299000042 ], [ 92.721191406000059, 9.141694069000039 ], [ 92.720390320000035, 9.210833551000064 ], [ 92.764083863000053, 9.214611055000034 ], [ 92.780357361000085, 9.246722223000063 ] ] ], [ [ [ 72.285415650000061, 10.035778045000029 ], [ 72.276222229000041, 10.040805818000024 ], [ 72.285003662000065, 10.046222687000068 ], [ 72.285415650000061, 10.035778045000029 ] ] ], [ [ [ 73.652915955000083, 10.093305588000021 ], [ 73.641670227000077, 10.055388452000045 ], [ 73.651641846000075, 10.096249580000062 ], [ 73.652915955000083, 10.093305588000021 ] ] ], [ [ [ 73.662445068000068, 10.127916336000055 ], [ 73.658691407000049, 10.150805474000038 ], [ 73.661636354000052, 10.154555321000032 ], [ 73.666221619000055, 10.141666412000063 ], [ 73.662445068000068, 10.127916336000055 ] ] ], [ [ [ 72.61003112800006, 10.55872249600003 ], [ 72.585807800000055, 10.540389061000042 ], [ 72.58288574200003, 10.541639328000031 ], [ 72.609169006000059, 10.577917099000047 ], [ 72.61003112800006, 10.55872249600003 ] ] ], [ [ [ 72.522468567000033, 10.785388948000048 ], [ 72.531219483000029, 10.779999733000068 ], [ 72.521636963000049, 10.775388719000034 ], [ 72.522468567000033, 10.785388948000048 ] ] ], [ [ [ 73.659584046000077, 10.809166908000066 ], [ 73.698280335000049, 10.816222192000055 ], [ 73.70202636700003, 10.811638833000075 ], [ 73.659584046000077, 10.809166908000066 ] ] ], [ [ [ 72.199996948000035, 10.881250383000065 ], [ 72.195388794000053, 10.852444650000052 ], [ 72.17910766600005, 10.841250419000062 ], [ 72.17624664300007, 10.870805740000037 ], [ 72.199996948000035, 10.881250383000065 ] ] ], [ [ [ 92.549140930000078, 10.880389213000058 ], [ 92.544975280000074, 10.86538887100005 ], [ 92.556640625000057, 10.860416412000063 ], [ 92.554946899000072, 10.880389213000058 ], [ 92.588722229000041, 10.853333473000021 ], [ 92.595390320000035, 10.789944650000052 ], [ 92.566223144000048, 10.79583358900004 ], [ 92.622024536000083, 10.761610984000072 ], [ 92.619529724000074, 10.669944764000036 ], [ 92.547859192000033, 10.592499734000057 ], [ 92.577857971000071, 10.56830597000004 ], [ 92.524139404000039, 10.507055284000046 ], [ 92.484970092000083, 10.511194229000068 ], [ 92.4375, 10.544528007000054 ], [ 92.387443542000085, 10.527055740000037 ], [ 92.416191101000038, 10.629138948000048 ], [ 92.386253357000044, 10.65747261000007 ], [ 92.384582520000038, 10.790805816000045 ], [ 92.396636963000049, 10.80288887100005 ], [ 92.408302307000042, 10.78872203800006 ], [ 92.503334045000031, 10.889499664000027 ], [ 92.512474060000045, 10.867055894000032 ], [ 92.524917603000063, 10.897055627000043 ], [ 92.549140930000078, 10.880389213000058 ] ] ], [ [ [ 72.290390015000071, 10.935805321000032 ], [ 72.284584046000077, 10.942472458000054 ], [ 72.290832519000048, 10.945388794000053 ], [ 72.290390015000071, 10.935805321000032 ] ] ], [ [ [ 72.720802307000042, 11.112889291000045 ], [ 72.71871948200004, 11.127499581000052 ], [ 72.733306884000058, 11.136221887000033 ], [ 72.73291778600003, 11.126638412000034 ], [ 72.720802307000042, 11.112889291000045 ] ] ], [ [ [ 72.778724670000031, 11.190805435000073 ], [ 72.790390015000071, 11.239138604000061 ], [ 72.815834045000031, 11.26458358800005 ], [ 72.817054749000079, 11.256667138000068 ], [ 72.778724670000031, 11.190805435000073 ] ] ], [ [ [ 92.700836183000035, 11.235416412000063 ], [ 92.701248169000053, 11.276638986000023 ], [ 92.714164734000065, 11.28625011400004 ], [ 92.717056274000072, 11.259139062000031 ], [ 92.700836183000035, 11.235416412000063 ] ] ], [ [ [ 92.731636047000052, 11.328749658000049 ], [ 92.715774536000083, 11.298749923000059 ], [ 92.707946778000064, 11.304139138000039 ], [ 92.731636047000052, 11.328749658000049 ] ] ], [ [ [ 72.998725891000049, 11.494138719000034 ], [ 73.011253357000044, 11.485027315000025 ], [ 73.010803223000039, 11.46791649000005 ], [ 72.998725891000049, 11.494138719000034 ] ] ], [ [ [ 92.640808105000076, 11.511221887000033 ], [ 92.687919617000034, 11.465833664000058 ], [ 92.694526672000052, 11.421638490000021 ], [ 92.654556274000072, 11.404999733000068 ], [ 92.698692322000056, 11.386666299000069 ], [ 92.699607849000074, 11.364972116000047 ], [ 92.610832215000073, 11.339528084000051 ], [ 92.588752747000058, 11.364999772000033 ], [ 92.597473145000038, 11.397055627000043 ], [ 92.629554749000079, 11.399971963000041 ], [ 92.623725891000049, 11.488333703000023 ], [ 92.640808105000076, 11.511221887000033 ] ] ], [ [ [ 92.566253662000065, 11.534138679000023 ], [ 92.575416565000069, 11.520833015000051 ], [ 92.574974060000045, 11.511249544000066 ], [ 92.558692932000042, 11.520805359000065 ], [ 92.566253662000065, 11.534138679000023 ] ] ], [ [ [ 92.608718872000054, 11.549139024000056 ], [ 92.628692627000078, 11.550833703000023 ], [ 92.618309021000073, 11.526222229000041 ], [ 92.608718872000054, 11.549139024000056 ] ] ], [ [ [ 92.603752136000082, 11.535805702000062 ], [ 92.590385437000066, 11.54330539800003 ], [ 92.597526550000055, 11.573749543000076 ], [ 92.604583740000066, 11.556638718000045 ], [ 92.603752136000082, 11.535805702000062 ] ] ], [ [ [ 92.607475281000063, 11.583749772000033 ], [ 92.624557495000033, 11.569138528000053 ], [ 92.621635437000066, 11.559556009000062 ], [ 92.60788726800007, 11.563305855000067 ], [ 92.607475281000063, 11.583749772000033 ] ] ], [ [ [ 92.211250305000078, 11.582500459000073 ], [ 92.281280517000084, 11.574972154000022 ], [ 92.287918091000051, 11.531639100000064 ], [ 92.274139406000074, 11.513750076000065 ], [ 92.225387573000035, 11.526666641000077 ], [ 92.211250305000078, 11.582500459000073 ] ] ], [ [ [ 92.547500610000043, 11.604583740000066 ], [ 92.579559328000073, 11.583333015000051 ], [ 92.564163208000082, 11.557055473000048 ], [ 92.539138795000042, 11.549555778000069 ], [ 92.547500610000043, 11.604583740000066 ] ] ], [ [ [ 72.194168090000062, 11.606249809000076 ], [ 72.185806274000072, 11.592916488000071 ], [ 72.184165955000083, 11.605416299000069 ], [ 72.194168090000062, 11.606249809000076 ] ] ], [ [ [ 72.701225281000063, 11.692444801000022 ], [ 72.688720703000058, 11.68247223000003 ], [ 72.699974060000045, 11.70208358800005 ], [ 72.701225281000063, 11.692444801000022 ] ] ], [ [ [ 93.024192810000045, 11.847916603000044 ], [ 93.072471618000066, 11.84291649000005 ], [ 93.082084656000063, 11.833333015000051 ], [ 93.054969788000051, 11.809556007000026 ], [ 93.020416260000047, 11.829138755000031 ], [ 93.024192810000045, 11.847916603000044 ] ] ], [ [ [ 92.765808106000065, 11.967082977000075 ], [ 92.777885437000066, 11.948305130000051 ], [ 92.746223450000059, 11.947472573000027 ], [ 92.75, 11.960416795000071 ], [ 92.765808106000065, 11.967082977000075 ] ] ], [ [ [ 92.975440979000041, 12.033249856000054 ], [ 92.990837097000053, 12.040333749000069 ], [ 93.016220093000072, 12.018305780000048 ], [ 93.061225891000049, 11.900805473000048 ], [ 93.048332215000073, 11.87955570400004 ], [ 93.003723144000048, 11.934166908000066 ], [ 93.008331299000076, 11.944582940000032 ], [ 93.032890320000035, 11.930777549000027 ], [ 93.010391235000043, 11.949166297000033 ], [ 93.019531250000057, 11.957500459000073 ], [ 93.010391235000043, 11.975000383000065 ], [ 93.016220093000072, 11.957500459000073 ], [ 93.006668091000051, 11.948694229000068 ], [ 93.005363464000084, 11.964166641000077 ], [ 92.995414734000065, 11.970805169000073 ], [ 93.002052307000042, 11.949972153000033 ], [ 92.989997864000031, 11.942889214000047 ], [ 92.964553833000082, 11.980833055000062 ], [ 92.930442810000045, 11.992500306000068 ], [ 92.97083282400007, 12.047833444000048 ], [ 92.975440979000041, 12.033249856000054 ] ] ], [ [ [ 93.005836487000067, 12.102916717000028 ], [ 93.008697509000058, 12.062472343000024 ], [ 92.997497559000067, 12.045305252000048 ], [ 92.977943420000031, 12.055777550000073 ], [ 92.967918396000073, 12.09405517700003 ], [ 93.005836487000067, 12.102916717000028 ] ] ], [ [ [ 92.962059022000062, 12.142416954000055 ], [ 93.002914429000043, 12.136666298000023 ], [ 92.995002747000058, 12.112000465000051 ], [ 92.967918396000073, 12.118249893000041 ], [ 92.962059022000062, 12.142416954000055 ] ] ], [ [ [ 93.034973145000038, 12.16372203800006 ], [ 93.022468567000033, 12.141222 ], [ 93.038749696000082, 12.131667138000068 ], [ 93.058746338000049, 12.069138528000053 ], [ 93.051696777000075, 12.044555665000075 ], [ 93.013725281000063, 12.079999923000059 ], [ 93.00794219900007, 12.131667138000068 ], [ 93.034973145000038, 12.16372203800006 ] ] ], [ [ [ 93.079170227000077, 12.208722114000068 ], [ 93.096252442000036, 12.191666603000044 ], [ 93.102081299000076, 12.14411068000004 ], [ 93.080802917000085, 12.082055093000065 ], [ 93.044586181000057, 12.125805856000056 ], [ 93.054580688000044, 12.175833702000034 ], [ 93.079170227000077, 12.208722114000068 ] ] ], [ [ [ 92.941635132000044, 12.192028046000075 ], [ 92.930419922000056, 12.214083673000061 ], [ 92.94330596900005, 12.222861291000072 ], [ 92.949554443000068, 12.214944839000054 ], [ 92.941635132000044, 12.192028046000075 ] ] ], [ [ [ 92.703308106000065, 12.239527702000032 ], [ 92.720390320000035, 12.189083099000072 ], [ 92.707054138000046, 12.16327762700007 ], [ 92.741668701000037, 12.181166650000023 ], [ 92.763725280000074, 12.172416688000055 ], [ 92.740447998000036, 12.099055290000024 ], [ 92.74708557200006, 12.054916383000034 ], [ 92.738334655000074, 12.057027817000062 ], [ 92.730857849000074, 12.047833444000048 ], [ 92.712081909000062, 12.049083711000037 ], [ 92.733329773000037, 12.045305252000048 ], [ 92.749580384000069, 12.051583290000053 ], [ 92.748359680000078, 12.062027932000035 ], [ 92.772056579000036, 12.044944764000036 ], [ 92.797920227000077, 12.050749779000057 ], [ 92.770805359000065, 12.020360947000029 ], [ 92.760002137000072, 12.031999588000076 ], [ 92.742919922000056, 12.029916763000074 ], [ 92.772918701000037, 12.0 ], [ 92.752052307000042, 11.994972229000041 ], [ 92.761642456000061, 11.977055549000056 ], [ 92.733306885000047, 11.97702789300007 ], [ 92.74375152600004, 11.964138984000044 ], [ 92.723693848000039, 11.958305359000065 ], [ 92.733718872000054, 11.949138642000037 ], [ 92.722862244000055, 11.923333168000056 ], [ 92.732940674000076, 11.92913913700005 ], [ 92.739387512000064, 11.892805100000032 ], [ 92.752471924000076, 11.93036079500007 ], [ 92.789970398000037, 11.935388565000039 ], [ 92.80039215100004, 11.89663887100005 ], [ 92.762886047000052, 11.697472572000038 ], [ 92.751220703000058, 11.704972267000073 ], [ 92.748336792000032, 11.682861328000058 ], [ 92.709136963000049, 11.701250078000044 ], [ 92.697914123000032, 11.692472459000044 ], [ 92.713752747000058, 11.693333626000026 ], [ 92.717857360000039, 11.665778160000059 ], [ 92.672027588000049, 11.647472383000036 ], [ 92.679580689000034, 11.620833397000069 ], [ 92.690002441000047, 11.632111549000058 ], [ 92.703308106000065, 11.616250038000032 ], [ 92.705413818000068, 11.646638870000061 ], [ 92.722084045000031, 11.639139177000061 ], [ 92.73874664300007, 11.653333665000048 ], [ 92.729164124000079, 11.677110672000026 ], [ 92.762916565000069, 11.658361435000074 ], [ 92.762916565000069, 11.639111520000029 ], [ 92.741279602000077, 11.632499695000035 ], [ 92.758720399000083, 11.634111404000066 ], [ 92.762084961000085, 11.608277322000049 ], [ 92.719169617000034, 11.472888946000069 ], [ 92.709587097000053, 11.499166489000061 ], [ 92.65621948200004, 11.514972686000021 ], [ 92.65621948200004, 11.566638948000048 ], [ 92.642471313000044, 11.57455539700004 ], [ 92.626251221000075, 11.557472229000041 ], [ 92.627914429000043, 11.572472574000074 ], [ 92.61374664300007, 11.589972497000076 ], [ 92.614585876000035, 11.614138604000061 ], [ 92.643302917000085, 11.612916948000077 ], [ 92.649581909000062, 11.629972458000054 ], [ 92.61286163300008, 11.634139061000042 ], [ 92.599525451000034, 11.666666985000063 ], [ 92.606636047000052, 11.71211147300005 ], [ 92.581253052000079, 11.712471963000041 ], [ 92.572052002000078, 11.691611290000026 ], [ 92.548721314000034, 11.813305854000077 ], [ 92.559555053000054, 11.830805778000069 ], [ 92.55708313000008, 11.843305589000067 ], [ 92.53333282400007, 11.822083473000077 ], [ 92.521224976000042, 11.843305589000067 ], [ 92.542114258000083, 11.90827751300003 ], [ 92.571609497000054, 11.940388680000069 ], [ 92.591247559000067, 11.919166565000069 ], [ 92.59375, 11.884139061000042 ], [ 92.600776673000041, 11.899582864000024 ], [ 92.61122131500008, 11.893333435000045 ], [ 92.614974976000042, 11.847055435000073 ], [ 92.628692627000078, 12.101638794000053 ], [ 92.668724060000045, 12.209055901000056 ], [ 92.68125152600004, 12.174111366000034 ], [ 92.68208313000008, 12.214083673000061 ], [ 92.695388794000053, 12.212416649000033 ], [ 92.703308106000065, 12.239527702000032 ] ] ], [ [ [ 92.740386963000049, 12.20575046700003 ], [ 92.75, 12.234472276000076 ], [ 92.771614075000059, 12.22202777800004 ], [ 92.774581911000041, 12.182416917000069 ], [ 92.731193543000074, 12.189944267000044 ], [ 92.73913574200003, 12.240333558000032 ], [ 92.740386963000049, 12.20575046700003 ] ] ], [ [ [ 92.91541290300006, 12.24324989400003 ], [ 92.922889710000049, 12.215749742000071 ], [ 92.898307800000055, 12.229527473000076 ], [ 92.886642456000061, 12.206138610000039 ], [ 92.882942201000048, 12.241582872000038 ], [ 92.91541290300006, 12.24324989400003 ] ] ], [ [ [ 93.112525940000069, 12.258722305000049 ], [ 93.110809326000037, 12.203722001000074 ], [ 93.095863343000076, 12.226249695000035 ], [ 93.068725586000085, 12.229166984000074 ], [ 93.08747100800008, 12.258749963000071 ], [ 93.095001221000075, 12.237083436000034 ], [ 93.112525940000069, 12.258722305000049 ] ] ], [ [ [ 93.860809326000037, 12.28125 ], [ 93.876220703000058, 12.263333322000051 ], [ 93.853279114000031, 12.247027397000068 ], [ 93.845413208000082, 12.267499925000038 ], [ 93.860809326000037, 12.28125 ] ] ], [ [ [ 92.717475891000049, 12.295361520000029 ], [ 92.736221313000044, 12.292471886000044 ], [ 92.723274231000062, 12.226972580000051 ], [ 92.71369171200007, 12.241611482000053 ], [ 92.717475891000049, 12.295361520000029 ] ] ], [ [ [ 92.945808412000076, 12.307861328000058 ], [ 92.935363770000038, 12.248250007000024 ], [ 92.932525634000058, 12.229527473000076 ], [ 92.911247253000056, 12.285750389000043 ], [ 92.938331605000087, 12.27622223000003 ], [ 92.945808412000076, 12.307861328000058 ] ] ], [ [ [ 92.78083038300008, 12.307833671000026 ], [ 92.83247375500008, 12.297888757000067 ], [ 92.876663208000082, 12.301166536000039 ], [ 92.894554138000046, 12.283277512000041 ], [ 92.897888184000067, 12.254888536000067 ], [ 92.869583129000034, 12.239083291000043 ], [ 92.888748169000053, 12.193222046000074 ], [ 92.850807190000069, 12.194527626000024 ], [ 92.864585877000081, 12.164083480000045 ], [ 92.823333740000066, 12.15952777800004 ], [ 92.832916260000047, 12.147417068000038 ], [ 92.809585571000071, 12.126610756000048 ], [ 92.819580078000058, 12.104916572000036 ], [ 92.792083740000066, 12.099111557000072 ], [ 92.80960845900006, 12.08905601500004 ], [ 92.773330688000044, 12.058666229000039 ], [ 92.746223450000059, 12.094083787000045 ], [ 92.777885437000066, 12.183278084000051 ], [ 92.786247253000056, 12.237444879000066 ], [ 92.769165039000086, 12.227027894000059 ], [ 92.749526977000073, 12.246582985000032 ], [ 92.76078033400006, 12.268722534000062 ], [ 92.774169922000056, 12.256194116000074 ], [ 92.786224366000056, 12.276583673000061 ], [ 92.78083038300008, 12.307833671000026 ] ] ], [ [ [ 92.85291290300006, 12.399944305000076 ], [ 92.903724671000077, 12.397417068000038 ], [ 92.892471314000034, 12.37030601500004 ], [ 92.85291290300006, 12.399944305000076 ] ] ], [ [ [ 92.967475891000049, 12.43280601500004 ], [ 92.941635132000044, 12.354472160000057 ], [ 92.927474975000052, 12.360333444000048 ], [ 92.939529419000053, 12.413222313000063 ], [ 92.95747375500008, 12.412027359000035 ], [ 92.967475891000049, 12.43280601500004 ] ] ], [ [ [ 92.72491455100004, 12.825388910000072 ], [ 92.724502563000044, 12.768250465000051 ], [ 92.736999512000068, 12.753277780000076 ], [ 92.731582642000035, 12.715360643000054 ], [ 92.70447540300006, 12.791610718000072 ], [ 92.72491455100004, 12.825388910000072 ] ] ], [ [ [ 92.739913940000065, 12.861166954000055 ], [ 92.73286438000008, 12.836583137000048 ], [ 92.721580505000077, 12.828722 ], [ 92.726997375000053, 12.859944344000041 ], [ 92.739913940000065, 12.861166954000055 ] ] ], [ [ [ 92.907386780000081, 12.92369461100003 ], [ 92.930335998000032, 12.909138681000059 ], [ 92.914497375000053, 12.882416726000031 ], [ 92.937026978000063, 12.884083748000023 ], [ 92.957054138000046, 12.835749627000041 ], [ 92.963668823000035, 12.790778161000048 ], [ 92.941192627000078, 12.773278236000067 ], [ 92.958694458000082, 12.767472268000063 ], [ 92.991165161000083, 12.708277704000068 ], [ 92.975387573000035, 12.70161151800005 ], [ 92.967857361000085, 12.622416496000028 ], [ 92.955802917000085, 12.622027397000068 ], [ 92.948722839000084, 12.615750314000024 ], [ 92.967857361000085, 12.612444879000066 ], [ 92.989524841000048, 12.534916878000047 ], [ 92.978721619000055, 12.488277435000043 ], [ 92.968276977000073, 12.479499818000022 ], [ 92.958274843000083, 12.493694307000055 ], [ 92.93244171200007, 12.463694573000055 ], [ 92.970390320000035, 12.468250275000059 ], [ 92.929557801000044, 12.437472344000071 ], [ 92.922470093000072, 12.402028084000051 ], [ 92.89785766600005, 12.44077777800004 ], [ 92.910362244000055, 12.45158291000007 ], [ 92.909553527000071, 12.457444192000025 ], [ 92.891670227000077, 12.441971779000028 ], [ 92.850418091000051, 12.469916343000023 ], [ 92.907058715000062, 12.419083595000075 ], [ 92.888305664000086, 12.41033363300005 ], [ 92.811225891000049, 12.43575000900006 ], [ 92.815361023000037, 12.45158291000007 ], [ 92.809913635000044, 12.457027435000043 ], [ 92.808723450000059, 12.43327808500004 ], [ 92.840385437000066, 12.423305511000024 ], [ 92.866249085000049, 12.361583710000048 ], [ 92.899559021000073, 12.345749855000065 ], [ 92.902473450000059, 12.335361481000064 ], [ 92.875419617000034, 12.33161068000004 ], [ 92.897026062000066, 12.320750236000038 ], [ 92.834968567000033, 12.302000046000046 ], [ 92.78083038300008, 12.315361024000026 ], [ 92.76997375500008, 12.297027588000049 ], [ 92.746612549000076, 12.296138763000044 ], [ 92.706253052000079, 12.327388765000023 ], [ 92.717857360000039, 12.491582870000059 ], [ 92.701164245000086, 12.518278122000027 ], [ 92.715332031000059, 12.597472191000065 ], [ 92.693695068000068, 12.612444879000066 ], [ 92.719108582000047, 12.61366653400006 ], [ 92.724113465000073, 12.642833710000048 ], [ 92.732444763000046, 12.622860910000043 ], [ 92.759109497000054, 12.666999817000033 ], [ 92.783691406000059, 12.665749550000044 ], [ 92.791610717000083, 12.632861139000056 ], [ 92.796165466000048, 12.700778009000032 ], [ 92.779945374000079, 12.671194076000063 ], [ 92.742858887000068, 12.66911125300004 ], [ 92.752052307000042, 12.722444534000033 ], [ 92.730308534000073, 12.822472572000038 ], [ 92.742889404000039, 12.829944612000077 ], [ 92.749107361000085, 12.809499742000071 ], [ 92.76078033400006, 12.842027664000057 ], [ 92.788253784000062, 12.824527740000065 ], [ 92.803276062000066, 12.887888910000072 ], [ 92.844085694000057, 12.884528160000059 ], [ 92.856613159000062, 12.891194343000052 ], [ 92.856140136000079, 12.877388954000025 ], [ 92.869079590000069, 12.875333787000045 ], [ 92.903663635000044, 12.894944192000025 ], [ 92.907386780000081, 12.92369461100003 ] ] ], [ [ [ 92.698219299000073, 12.990388870000061 ], [ 92.725334167000085, 12.976638794000053 ], [ 92.734497070000032, 12.889139177000061 ], [ 92.70700073200004, 12.830778122000027 ], [ 92.685363769000048, 12.823277473000076 ], [ 92.696975708000082, 12.806583406000073 ], [ 92.677474976000042, 12.77869415300006 ], [ 92.657890320000035, 12.857472421000068 ], [ 92.677864075000059, 12.881610870000031 ], [ 92.677001953000058, 12.963250161000076 ], [ 92.698219299000073, 12.990388870000061 ] ] ], [ [ [ 93.017112732000044, 12.987500192000027 ], [ 92.992858887000068, 12.962416649000033 ], [ 92.991165161000083, 12.927389146000053 ], [ 92.961608887000068, 12.934527397000068 ], [ 92.982025146000069, 12.943249703000049 ], [ 92.964530945000035, 12.958222389000071 ], [ 92.972419738000042, 12.986194612000077 ], [ 92.986579895000034, 12.967027664000057 ], [ 92.99491882500007, 12.989527703000022 ], [ 93.017112732000044, 12.987500192000027 ] ] ], [ [ [ 92.934997559000067, 13.024555206000059 ], [ 92.950386047000052, 13.020805360000054 ], [ 92.95075225800008, 12.993721962000052 ], [ 92.928665161000083, 12.999111176000042 ], [ 92.934997559000067, 13.024555206000059 ] ] ], [ [ [ 92.702445984000065, 13.106249810000065 ], [ 92.734580994000055, 13.090000152000073 ], [ 92.716697693000071, 13.061249734000057 ], [ 92.697914123000032, 13.085000039000022 ], [ 92.702445984000065, 13.106249810000065 ] ] ], [ [ [ 94.294975280000074, 13.445388795000042 ], [ 94.305389405000085, 13.433333397000069 ], [ 94.290802002000078, 13.41205596900005 ], [ 94.277030945000035, 13.426638604000061 ], [ 94.294975280000074, 13.445388795000042 ] ] ], [ [ [ 93.03669738800005, 13.57455539800003 ], [ 93.05039215100004, 13.479166985000063 ], [ 93.028747559000067, 13.457471847000022 ], [ 93.042053223000039, 13.430832864000024 ], [ 93.015419006000059, 13.427499771000043 ], [ 93.040000915000064, 13.423694612000077 ], [ 93.053306580000083, 13.402055742000073 ], [ 93.070442200000059, 13.412500382000076 ], [ 93.067916870000033, 13.395000459000073 ], [ 93.079582214000084, 13.39916706200006 ], [ 93.059585571000071, 13.375805855000067 ], [ 93.096275329000036, 13.327500343000054 ], [ 93.071640014000081, 13.305417061000071 ], [ 93.06830596900005, 13.324583053000026 ], [ 93.047920227000077, 13.318277360000025 ], [ 93.051666260000047, 13.350444793000065 ], [ 93.012496948000035, 13.347916603000044 ], [ 92.996635437000066, 13.324583053000026 ], [ 92.974136353000063, 13.359582902000056 ], [ 92.962890626000046, 13.342472078000071 ], [ 93.006225586000085, 13.309166909000055 ], [ 92.997055053000054, 13.288332939000043 ], [ 93.018363952000072, 13.316222191000065 ], [ 93.020805359000065, 13.272916795000071 ], [ 93.054580688000044, 13.274167061000071 ], [ 93.054168702000084, 13.255389213000058 ], [ 93.072914123000032, 13.263333320000072 ], [ 93.043724060000045, 13.185805321000032 ], [ 93.041252136000082, 13.05747223000003 ], [ 93.014999390000071, 13.023722649000035 ], [ 92.976608276000036, 13.031277657000032 ], [ 92.982086182000046, 13.010833741000056 ], [ 92.969947815000069, 13.007027626000024 ], [ 92.943725586000085, 13.034999847000051 ], [ 92.949554443000068, 13.095805168000027 ], [ 92.940025329000036, 13.050389291000045 ], [ 92.896667480000076, 13.088722229000041 ], [ 92.92038726800007, 13.056638717000055 ], [ 92.887084961000085, 13.040833473000077 ], [ 92.921218872000054, 13.041639329000077 ], [ 92.914443970000036, 12.996582986000021 ], [ 92.947029114000031, 12.966610908000064 ], [ 92.914947510000047, 12.944555283000057 ], [ 92.906135559000063, 12.990777971000057 ], [ 92.887832642000035, 12.937417032000042 ], [ 92.864891052000075, 12.937861442000042 ], [ 92.86872100800008, 12.906639100000064 ], [ 92.882835388000046, 12.904916763000074 ], [ 92.876640320000035, 12.881194114000039 ], [ 92.86074829100005, 12.880332948000046 ], [ 92.857414245000086, 12.895305635000057 ], [ 92.811584473000039, 12.896139145000063 ], [ 92.799530029000039, 12.974111557000072 ], [ 92.808219910000048, 12.989527703000022 ], [ 92.826553345000036, 12.982861519000039 ], [ 92.837081910000052, 13.009166719000063 ], [ 92.794555664000086, 13.013333321000061 ], [ 92.80708313000008, 13.028333665000048 ], [ 92.798721313000044, 13.088333130000024 ], [ 92.811607361000085, 13.071222305000049 ], [ 92.822441101000038, 13.072083473000077 ], [ 92.813720703000058, 13.093333246000043 ], [ 92.827468872000054, 13.091221809000047 ], [ 92.832916260000047, 13.111666679000052 ], [ 92.817024231000062, 13.122500421000041 ], [ 92.833305359000065, 13.132055283000057 ], [ 92.849998475000064, 13.120388984000044 ], [ 92.857025147000058, 13.13500022900007 ], [ 92.817085266000049, 13.151666642000066 ], [ 92.822441101000038, 13.170389177000061 ], [ 92.841247558000077, 13.167471887000033 ], [ 92.826248169000053, 13.17833328200004 ], [ 92.835418702000084, 13.233333587000061 ], [ 92.862083435000045, 13.235833168000056 ], [ 92.860832214000084, 13.252943992000041 ], [ 92.829582215000073, 13.266638756000077 ], [ 92.84955596900005, 13.297472001000074 ], [ 92.829559326000037, 13.308333396000023 ], [ 92.847915649000072, 13.372471809000047 ], [ 92.859947205000083, 13.357889175000025 ], [ 92.886276245000033, 13.385805131000041 ], [ 92.86374664300007, 13.38247203800006 ], [ 92.852081299000076, 13.399971962000052 ], [ 92.886253357000044, 13.403333665000048 ], [ 92.877861023000037, 13.41830539700004 ], [ 92.893692016000045, 13.429166794000025 ], [ 92.878723144000048, 13.466666222000072 ], [ 92.907470703000058, 13.476249694000046 ], [ 92.909973145000038, 13.496250154000052 ], [ 92.937919617000034, 13.494111061000069 ], [ 92.918724060000045, 13.504166603000044 ], [ 92.941253662000065, 13.520833017000029 ], [ 92.925834656000063, 13.521222115000057 ], [ 92.929168701000037, 13.532083511000053 ], [ 92.976692200000059, 13.539610864000053 ], [ 92.997474671000077, 13.527889252000023 ], [ 92.998748779000039, 13.565777780000076 ], [ 93.022468567000033, 13.54125023000006 ], [ 93.03669738800005, 13.57455539800003 ] ] ], [ [ [ 93.029197693000071, 13.669583321000061 ], [ 93.043746948000035, 13.629138946000069 ], [ 93.039970398000037, 13.622083665000048 ], [ 92.990417480000076, 13.650028230000032 ], [ 93.029197693000071, 13.669583321000061 ] ] ], [ [ [ 88.192909271000076, 21.573722714000041 ], [ 88.176428911000073, 21.572778174000064 ], [ 88.177761409000084, 21.599713673000053 ], [ 88.185280506000083, 21.593431896000027 ], [ 88.192909271000076, 21.573722714000041 ] ] ], [ [ [ 88.529971805000059, 21.560198219000029 ], [ 88.50906004400008, 21.547457432000044 ], [ 88.481664926000064, 21.559082993000061 ], [ 88.491664615000047, 21.596004875000062 ], [ 88.532054630000061, 21.581392677000053 ], [ 88.529971805000059, 21.560198219000029 ] ] ], [ [ [ 88.834331297000062, 21.60648567000004 ], [ 88.87489336200008, 21.59226906400005 ], [ 88.899548735000053, 21.565724771000077 ], [ 88.840196890000072, 21.564631186000042 ], [ 88.834331297000062, 21.60648567000004 ] ] ], [ [ [ 88.524104183000077, 21.652471542000058 ], [ 88.589884823000034, 21.601667404000068 ], [ 88.578988902000049, 21.580048910000073 ], [ 88.544684464000056, 21.568526809000048 ], [ 88.511165623000068, 21.60518804000003 ], [ 88.524104183000077, 21.652471542000058 ] ] ], [ [ [ 88.308263378000049, 21.706298122000078 ], [ 88.344541149000065, 21.691685924000069 ], [ 88.353314953000051, 21.651269206000052 ], [ 88.31748731600004, 21.606242427000041 ], [ 88.308263378000049, 21.706298122000078 ] ] ], [ [ [ 88.726569451000046, 21.665689816000054 ], [ 88.74994659400005, 21.65041732800006 ], [ 88.76881084200005, 21.654640588000063 ], [ 88.791018525000084, 21.584437188000038 ], [ 88.757836824000037, 21.580608530000063 ], [ 88.75188113300004, 21.596135865000065 ], [ 88.731036218000042, 21.576141762000077 ], [ 88.709754120000071, 21.591259765000075 ], [ 88.720826464000083, 21.639101914000037 ], [ 88.689563478000082, 21.682918817000029 ], [ 88.697107849000076, 21.710561343000052 ], [ 88.726569451000046, 21.665689816000054 ] ] ], [ [ [ 88.196250916000054, 21.68166732800006 ], [ 88.22705841100003, 21.668306351000069 ], [ 88.23291778600003, 21.64163970900006 ], [ 88.211196899000072, 21.620000839000056 ], [ 88.21333313000008, 21.595388412000034 ], [ 88.180419922000056, 21.689167023000039 ], [ 88.205001831000061, 21.723749161000057 ], [ 88.216224670000031, 21.699138641000047 ], [ 88.196250916000054, 21.68166732800006 ] ] ], [ [ [ 88.541293605000078, 21.736765944000069 ], [ 88.602676084000052, 21.684177128000044 ], [ 88.586741908000079, 21.660515868000061 ], [ 88.596489592000069, 21.619971374000045 ], [ 88.528377040000066, 21.658820235000064 ], [ 88.517785465000031, 21.711636245000022 ], [ 88.528741377000074, 21.719255845000077 ], [ 88.541293605000078, 21.736765944000069 ] ] ], [ [ [ 88.544858486000066, 21.811844189000055 ], [ 88.571080715000051, 21.789732296000068 ], [ 88.571331541000063, 21.735009414000046 ], [ 88.539830715000051, 21.73767693700006 ], [ 88.522722775000034, 21.719358063000072 ], [ 88.504920513000059, 21.772259820000045 ], [ 88.544858486000066, 21.811844189000055 ] ] ], [ [ [ 88.584769675000075, 21.845775673000048 ], [ 88.605939082000077, 21.834688810000046 ], [ 88.617664771000079, 21.82872728500007 ], [ 88.607067240000049, 21.814732671000058 ], [ 88.612851577000072, 21.798719513000037 ], [ 88.590898152000079, 21.797841991000041 ], [ 88.577077612000039, 21.816067161000035 ], [ 88.584769675000075, 21.845775673000048 ] ] ], [ [ [ 88.17624664300007, 21.809999466000022 ], [ 88.155357361000085, 21.68166732800006 ], [ 88.127861023000037, 21.679971695000063 ], [ 88.157081604000041, 21.674139023000066 ], [ 88.148719787000061, 21.634166719000063 ], [ 88.110000611000032, 21.622888565000039 ], [ 88.051666260000047, 21.640361787000074 ], [ 88.038696289000086, 21.665000917000043 ], [ 88.052085876000035, 21.715000154000052 ], [ 88.136642456000061, 21.875389099000074 ], [ 88.17624664300007, 21.809999466000022 ] ] ], [ [ [ 88.646325743000034, 21.91717324900003 ], [ 88.667401453000082, 21.912650896000059 ], [ 88.640931761000047, 21.871728761000043 ], [ 88.653057242000045, 21.867899753000074 ], [ 88.63674891200003, 21.786186503000067 ], [ 88.620072996000033, 21.796756608000067 ], [ 88.620935118000034, 21.830867631000046 ], [ 88.59507147000005, 21.85842309700007 ], [ 88.646325743000034, 21.91717324900003 ] ] ], [ [ [ 88.663708965000069, 22.018627063000054 ], [ 88.715106006000042, 22.000548758000036 ], [ 88.684835356000065, 21.975113004000036 ], [ 88.693769402000044, 21.964707468000029 ], [ 88.679264716000034, 21.944316822000076 ], [ 88.629382908000082, 21.959014341000056 ], [ 88.639159091000067, 22.003939096000067 ], [ 88.663708965000069, 22.018627063000054 ] ] ], [ [ [ 88.070239482000034, 21.921723912000061 ], [ 88.048824333000084, 21.91601320500007 ], [ 88.080233218000046, 22.009288077000065 ], [ 88.143302917000085, 22.027860641000075 ], [ 88.070239482000034, 21.921723912000061 ] ] ], [ [ [ 68.167861938000044, 23.734138489000031 ], [ 68.16438293200008, 23.763148679000039 ], [ 68.194836301000066, 23.787611221000077 ], [ 68.192916870000033, 23.774194719000036 ], [ 68.167861938000044, 23.734138489000031 ] ] ], [ [ [ 68.324637543000051, 23.940377297000055 ], [ 68.315404039000043, 23.93392000800003 ], [ 68.314977038000052, 23.936482013000045 ], [ 68.324637543000051, 23.940377297000055 ] ] ] ] } }
]
}
