{
"type": "FeatureCollection",
"name": "annamayya_rivers",
"crs": { "type": "name", "properties": { "name": "urn:ogc:def:crs:OGC:1.3:CRS84" } },
"features": [
{ "type": "Feature", "properties": { "element": "way", "id": 70087666, "name": "Penna", "waterway": "river" }, "geometry": { "type": "LineString", "coordinates": [ [ 79.2255925, 14.4689484 ], [ 79.2355655, 14.4700352 ], [ 79.2536377, 14.4720649 ], [ 79.2756056, 14.4763305 ], [ 79.2842102, 14.4787301 ], [ 79.2842745, 14.4789898 ], [ 79.3005179, 14.4862491 ] ] } },
{ "type": "Feature", "properties": { "element": "way", "id": 70087666, "name": "Penna", "waterway": "river" }, "geometry": { "type": "LineString", "coordinates": [ [ 79.2255925, 14.4689484 ], [ 79.2355655, 14.4700352 ], [ 79.2536377, 14.4720649 ], [ 79.2756056, 14.4763305 ], [ 79.2842102, 14.4787301 ], [ 79.2842745, 14.4789898 ], [ 79.3005179, 14.4862491 ] ] } },
{ "type": "Feature", "properties": { "element": "way", "id": 70088292, "name": "Penna", "waterway": "river" }, "geometry": { "type": "LineString", "coordinates": [ [ 79.1699266, 14.4310852 ], [ 79.1809344, 14.4364673 ], [ 79.1851187, 14.4392726 ], [ 79.1879343, 14.4420508 ], [ 79.1924572, 14.4513039 ], [ 79.1964054, 14.4586179 ], [ 79.2019629, 14.4631682 ], [ 79.2095374, 14.4662226 ], [ 79.2255925, 14.4689484 ] ] } },
{ "type": "Feature", "properties": { "element": "way", "id": 70088292, "name": "Penna", "waterway": "river" }, "geometry": { "type": "LineString", "coordinates": [ [ 79.1699266, 14.4310852 ], [ 79.1809344, 14.4364673 ], [ 79.1851187, 14.4392726 ], [ 79.1879343, 14.4420508 ], [ 79.1924572, 14.4513039 ], [ 79.1964054, 14.4586179 ], [ 79.2019629, 14.4631682 ], [ 79.2095374, 14.4662226 ], [ 79.2255925, 14.4689484 ] ] } },
{ "type": "Feature", "properties": { "element": "way", "id": 70088295, "name": null, "waterway": "river" }, "geometry": { "type": "LineString", "coordinates": [ [ 79.1721845, 14.5652605 ], [ 79.1766566, 14.5624219 ], [ 79.1832293, 14.5524805 ], [ 79.1842602, 14.5436574 ], [ 79.1921587, 14.5329457 ], [ 79.1932472, 14.5301051 ], [ 79.1934025, 14.5269595 ], [ 79.1921782, 14.5241336 ], [ 79.191897, 14.5227847 ], [ 79.1932187, 14.5194877 ], [ 79.1937386, 14.5179354 ], [ 79.2057871, 14.4907529 ], [ 79.2255925, 14.4689484 ] ] } },
{ "type": "Feature", "properties": { "element": "way", "id": 136726646, "name": "Penna", "waterway": "river" }, "geometry": { "type": "LineString", "coordinates": [ [ 79.3005179, 14.4862491 ], [ 79.3046683, 14.489688 ], [ 79.3056866, 14.4904424 ], [ 79.3060032, 14.4905904 ], [ 79.3064028, 14.4907566 ], [ 79.3070042, 14.490896 ], [ 79.3096268, 14.4915383 ], [ 79.3148947, 14.4931483 ], [ 79.3232417, 14.4955997 ], [ 79.3316316, 14.4977187 ], [ 79.3333912, 14.4983004 ], [ 79.3356764, 14.4995053 ], [ 79.3370712, 14.5002013 ], [ 79.3388522, 14.5009284 ], [ 79.3402362, 14.5014997 ], [ 79.3414378, 14.5017489 ], [ 79.342457, 14.5016762 ], [ 79.3455577, 14.5014062 ], [ 79.3480682, 14.5016658 ], [ 79.3498921, 14.5021021 ], [ 79.3516409, 14.5026941 ], [ 79.3532932, 14.503629 ], [ 79.3548489, 14.5045534 ], [ 79.3554926, 14.5048546 ], [ 79.3566191, 14.5052805 ], [ 79.3590116, 14.5066516 ], [ 79.3605566, 14.5075448 ], [ 79.3613505, 14.5082615 ], [ 79.3617153, 14.5088847 ], [ 79.3620586, 14.5099545 ], [ 79.3621766, 14.510505 ], [ 79.3623376, 14.5107855 ], [ 79.3627775, 14.5111282 ], [ 79.3636787, 14.5116475 ], [ 79.3644726, 14.5121253 ], [ 79.3654597, 14.5129874 ], [ 79.366318, 14.5139949 ], [ 79.3666506, 14.5144311 ], [ 79.366833, 14.5149089 ], [ 79.3669724, 14.5165292 ], [ 79.3672836, 14.5175262 ], [ 79.3674123, 14.518461 ], [ 79.3676913, 14.5188972 ], [ 79.3680239, 14.5191569 ], [ 79.3688178, 14.5193958 ], [ 79.370116, 14.5195412 ], [ 79.3705881, 14.5195827 ], [ 79.3708885, 14.5197074 ], [ 79.3715536, 14.5204759 ], [ 79.3720686, 14.5210472 ], [ 79.3731522, 14.5218573 ], [ 79.3739355, 14.5224077 ], [ 79.3748474, 14.5227297 ], [ 79.375534, 14.5228751 ], [ 79.3760598, 14.5227816 ], [ 79.3773258, 14.5225324 ], [ 79.3780553, 14.5226778 ], [ 79.3787634, 14.5230724 ], [ 79.3797076, 14.5235814 ], [ 79.3800509, 14.5239656 ], [ 79.3807375, 14.5251289 ], [ 79.3815207, 14.5264167 ], [ 79.3818319, 14.5266868 ], [ 79.3829584, 14.5274553 ], [ 79.3838811, 14.5277565 ], [ 79.3850827, 14.5282342 ], [ 79.3858874, 14.5285354 ], [ 79.3866706, 14.5286289 ], [ 79.387604, 14.5288782 ], [ 79.388237, 14.5291482 ], [ 79.3886018, 14.5294701 ], [ 79.3888914, 14.5299894 ], [ 79.389503, 14.5314953 ], [ 79.3900502, 14.53243 ], [ 79.3903398, 14.5329286 ], [ 79.3905973, 14.5331363 ], [ 79.3909943, 14.5333024 ], [ 79.3916595, 14.533479 ], [ 79.3919706, 14.5336555 ], [ 79.3920886, 14.5338321 ], [ 79.3921208, 14.534154 ], [ 79.392389, 14.5355561 ], [ 79.3930006, 14.5364077 ], [ 79.3933546, 14.5367816 ], [ 79.3937302, 14.5369893 ], [ 79.3941271, 14.5370516 ], [ 79.3945026, 14.5368958 ], [ 79.3949747, 14.5366777 ], [ 79.395833, 14.5362623 ], [ 79.3962943, 14.5362415 ], [ 79.3967342, 14.5363869 ], [ 79.3977857, 14.5372697 ], [ 79.3982899, 14.5375085 ], [ 79.3986976, 14.537602 ], [ 79.3992233, 14.5374982 ], [ 79.4001782, 14.5372489 ], [ 79.4005644, 14.5370931 ], [ 79.4012618, 14.5364492 ], [ 79.4018948, 14.5361169 ], [ 79.4033968, 14.5355145 ], [ 79.4038689, 14.5354938 ], [ 79.4044375, 14.5356496 ], [ 79.4049954, 14.5358988 ], [ 79.4057786, 14.5360027 ], [ 79.40624, 14.5359715 ], [ 79.4066155, 14.5357949 ], [ 79.4072056, 14.535203 ], [ 79.4078815, 14.534881 ], [ 79.4086003, 14.5346526 ], [ 79.4091475, 14.5346941 ], [ 79.4105422, 14.5350576 ], [ 79.4115722, 14.535338 ], [ 79.4123876, 14.5357638 ], [ 79.4129348, 14.5361065 ], [ 79.4132566, 14.5362519 ], [ 79.4139862, 14.5363869 ], [ 79.4145548, 14.5365842 ], [ 79.4155526, 14.5372385 ], [ 79.4162178, 14.5379551 ], [ 79.4169044, 14.5386302 ], [ 79.4184816, 14.5395129 ], [ 79.4196939, 14.5400529 ], [ 79.4209921, 14.5403749 ], [ 79.4218719, 14.5406449 ], [ 79.4227087, 14.540811 ], [ 79.423964, 14.540998 ], [ 79.4246185, 14.5412888 ], [ 79.4258201, 14.5421196 ], [ 79.4267642, 14.5428154 ], [ 79.4272041, 14.5432827 ], [ 79.4273436, 14.5436877 ], [ 79.427644, 14.5440824 ], [ 79.4279873, 14.5443731 ], [ 79.428674, 14.5447989 ], [ 79.4292855, 14.5449028 ], [ 79.42994, 14.5448924 ], [ 79.4302618, 14.5447885 ], [ 79.4309378, 14.544477 ], [ 79.431442, 14.5443939 ], [ 79.4324934, 14.5445808 ], [ 79.4344246, 14.5449859 ], [ 79.4357335, 14.5454947 ], [ 79.4372356, 14.5462424 ], [ 79.4388235, 14.5470732 ], [ 79.4401002, 14.5480182 ], [ 79.4412696, 14.5489737 ], [ 79.4419777, 14.5496071 ], [ 79.4443702, 14.5513725 ], [ 79.4461942, 14.5520787 ], [ 79.4509195, 14.5530693 ], [ 79.4549703, 14.554301 ], [ 79.457953, 14.5555367 ], [ 79.4599485, 14.5574163 ], [ 79.4618583, 14.5598463 ], [ 79.4631243, 14.5612378 ], [ 79.4645619, 14.5623281 ], [ 79.4664287, 14.5632523 ], [ 79.4710851, 14.564083 ], [ 79.4807195, 14.5649761 ], [ 79.4886589, 14.5650591 ], [ 79.4979286, 14.56373 ], [ 79.5014906, 14.5640623 ], [ 79.5041084, 14.565516 ], [ 79.5065116, 14.5670113 ], [ 79.5114469, 14.5695865 ], [ 79.5167041, 14.5715387 ], [ 79.5179915, 14.5719436 ], [ 79.5198798, 14.5722655 ], [ 79.5224976, 14.5723071 ], [ 79.5253086, 14.5722448 ], [ 79.5282697, 14.5722655 ], [ 79.5301366, 14.5721825 ], [ 79.5319437, 14.5721761 ], [ 79.5382046, 14.5717463 ], [ 79.5453286, 14.5705626 ], [ 79.5499634, 14.5689635 ], [ 79.5541906, 14.5664506 ], [ 79.5556819, 14.5657133 ], [ 79.5573449, 14.5653499 ], [ 79.5587396, 14.565246 ], [ 79.5603275, 14.5653914 ], [ 79.5616686, 14.5661391 ], [ 79.5625216, 14.5668971 ], [ 79.5634174, 14.5678316 ], [ 79.5642006, 14.568382 ], [ 79.5650697, 14.5684962 ], [ 79.5657134, 14.5684443 ], [ 79.5681059, 14.5675201 ], [ 79.5711851, 14.5658483 ], [ 79.5740604, 14.5640623 ], [ 79.5791673, 14.5609885 ], [ 79.5847034, 14.5583717 ], [ 79.5875358, 14.5570841 ], [ 79.5905721, 14.5550798 ], [ 79.5929646, 14.5531587 ], [ 79.596076, 14.5509779 ], [ 79.5985114, 14.5496124 ], [ 79.5991927, 14.5493631 ], [ 79.5999437, 14.5492073 ], [ 79.6006358, 14.5491606 ], [ 79.6008557, 14.5491917 ], [ 79.601022, 14.5492644 ], [ 79.6015799, 14.5496643 ], [ 79.6024382, 14.550495 ], [ 79.6037417, 14.551575 ], [ 79.605437, 14.5526342 ], [ 79.6074646, 14.5537714 ], [ 79.6095085, 14.5546956 ], [ 79.6115577, 14.5553498 ], [ 79.6177053, 14.5567102 ], [ 79.6218466, 14.5573332 ], [ 79.6258639, 14.5581992 ], [ 79.6294158, 14.5595244 ], [ 79.632318, 14.561217 ], [ 79.6341205, 14.5624735 ], [ 79.6370065, 14.5648099 ], [ 79.6387768, 14.5666167 ], [ 79.6412444, 14.5692127 ], [ 79.6449137, 14.5738646 ], [ 79.6481538, 14.5781634 ], [ 79.6488404, 14.5787968 ], [ 79.6495914, 14.5792017 ], [ 79.6521663, 14.5799493 ], [ 79.6572304, 14.5808008 ], [ 79.6603846, 14.5814238 ], [ 79.6627664, 14.5825036 ], [ 79.6654486, 14.5850371 ], [ 79.666779, 14.5862 ], [ 79.6686458, 14.587799 ], [ 79.6705127, 14.5888581 ], [ 79.6723795, 14.589481 ], [ 79.6773147, 14.5909762 ], [ 79.6811986, 14.5929074 ], [ 79.6852326, 14.5953784 ], [ 79.6866059, 14.5957314 ], [ 79.6877968, 14.5956795 ], [ 79.6892881, 14.595368 ], [ 79.6907258, 14.5947762 ], [ 79.6925604, 14.5937068 ], [ 79.6957254, 14.5911838 ], [ 79.7012615, 14.587176 ], [ 79.7033322, 14.5861066 ], [ 79.7057891, 14.5852032 ], [ 79.7081602, 14.5848606 ], [ 79.7122157, 14.5849956 ], [ 79.7174835, 14.5856186 ], [ 79.7219038, 14.5863454 ], [ 79.7260451, 14.5868541 ], [ 79.7267961, 14.5869787 ], [ 79.7272897, 14.5873006 ], [ 79.7280085, 14.5881624 ], [ 79.7284484, 14.5886244 ], [ 79.7290653, 14.5888996 ], [ 79.7304118, 14.5889619 ], [ 79.733094, 14.5890242 ], [ 79.7354865, 14.5889826 ], [ 79.7379434, 14.5888892 ], [ 79.7389573, 14.5886452 ], [ 79.7397559, 14.5881973 ], [ 79.7399014, 14.5881157 ], [ 79.7407436, 14.5874875 ], [ 79.7422457, 14.5859716 ], [ 79.7432864, 14.584466 ] ] } },
{ "type": "Feature", "properties": { "element": "way", "id": 136726646, "name": "Penna", "waterway": "river" }, "geometry": { "type": "LineString", "coordinates": [ [ 79.3005179, 14.4862491 ], [ 79.3046683, 14.489688 ], [ 79.3056866, 14.4904424 ], [ 79.3060032, 14.4905904 ], [ 79.3064028, 14.4907566 ], [ 79.3070042, 14.490896 ], [ 79.3096268, 14.4915383 ], [ 79.3148947, 14.4931483 ], [ 79.3232417, 14.4955997 ], [ 79.3316316, 14.4977187 ], [ 79.3333912, 14.4983004 ], [ 79.3356764, 14.4995053 ], [ 79.3370712, 14.5002013 ], [ 79.3388522, 14.5009284 ], [ 79.3402362, 14.5014997 ], [ 79.3414378, 14.5017489 ], [ 79.342457, 14.5016762 ], [ 79.3455577, 14.5014062 ], [ 79.3480682, 14.5016658 ], [ 79.3498921, 14.5021021 ], [ 79.3516409, 14.5026941 ], [ 79.3532932, 14.503629 ], [ 79.3548489, 14.5045534 ], [ 79.3554926, 14.5048546 ], [ 79.3566191, 14.5052805 ], [ 79.3590116, 14.5066516 ], [ 79.3605566, 14.5075448 ], [ 79.3613505, 14.5082615 ], [ 79.3617153, 14.5088847 ], [ 79.3620586, 14.5099545 ], [ 79.3621766, 14.510505 ], [ 79.3623376, 14.5107855 ], [ 79.3627775, 14.5111282 ], [ 79.3636787, 14.5116475 ], [ 79.3644726, 14.5121253 ], [ 79.3654597, 14.5129874 ], [ 79.366318, 14.5139949 ], [ 79.3666506, 14.5144311 ], [ 79.366833, 14.5149089 ], [ 79.3669724, 14.5165292 ], [ 79.3672836, 14.5175262 ], [ 79.3674123, 14.518461 ], [ 79.3676913, 14.5188972 ], [ 79.3680239, 14.5191569 ], [ 79.3688178, 14.5193958 ], [ 79.370116, 14.5195412 ], [ 79.3705881, 14.5195827 ], [ 79.3708885, 14.5197074 ], [ 79.3715536, 14.5204759 ], [ 79.3720686, 14.5210472 ], [ 79.3731522, 14.5218573 ], [ 79.3739355, 14.5224077 ], [ 79.3748474, 14.5227297 ], [ 79.375534, 14.5228751 ], [ 79.3760598, 14.5227816 ], [ 79.3773258, 14.5225324 ], [ 79.3780553, 14.5226778 ], [ 79.3787634, 14.5230724 ], [ 79.3797076, 14.5235814 ], [ 79.3800509, 14.5239656 ], [ 79.3807375, 14.5251289 ], [ 79.3815207, 14.5264167 ], [ 79.3818319, 14.5266868 ], [ 79.3829584, 14.5274553 ], [ 79.3838811, 14.5277565 ], [ 79.3850827, 14.5282342 ], [ 79.3858874, 14.5285354 ], [ 79.3866706, 14.5286289 ], [ 79.387604, 14.5288782 ], [ 79.388237, 14.5291482 ], [ 79.3886018, 14.5294701 ], [ 79.3888914, 14.5299894 ], [ 79.389503, 14.5314953 ], [ 79.3900502, 14.53243 ], [ 79.3903398, 14.5329286 ], [ 79.3905973, 14.5331363 ], [ 79.3909943, 14.5333024 ], [ 79.3916595, 14.533479 ], [ 79.3919706, 14.5336555 ], [ 79.3920886, 14.5338321 ], [ 79.3921208, 14.534154 ], [ 79.392389, 14.5355561 ], [ 79.3930006, 14.5364077 ], [ 79.3933546, 14.5367816 ], [ 79.3937302, 14.5369893 ], [ 79.3941271, 14.5370516 ], [ 79.3945026, 14.5368958 ], [ 79.3949747, 14.5366777 ], [ 79.395833, 14.5362623 ], [ 79.3962943, 14.5362415 ], [ 79.3967342, 14.5363869 ], [ 79.3977857, 14.5372697 ], [ 79.3982899, 14.5375085 ], [ 79.3986976, 14.537602 ], [ 79.3992233, 14.5374982 ], [ 79.4001782, 14.5372489 ], [ 79.4005644, 14.5370931 ], [ 79.4012618, 14.5364492 ], [ 79.4018948, 14.5361169 ], [ 79.4033968, 14.5355145 ], [ 79.4038689, 14.5354938 ], [ 79.4044375, 14.5356496 ], [ 79.4049954, 14.5358988 ], [ 79.4057786, 14.5360027 ], [ 79.40624, 14.5359715 ], [ 79.4066155, 14.5357949 ], [ 79.4072056, 14.535203 ], [ 79.4078815, 14.534881 ], [ 79.4086003, 14.5346526 ], [ 79.4091475, 14.5346941 ], [ 79.4105422, 14.5350576 ], [ 79.4115722, 14.535338 ], [ 79.4123876, 14.5357638 ], [ 79.4129348, 14.5361065 ], [ 79.4132566, 14.5362519 ], [ 79.4139862, 14.5363869 ], [ 79.4145548, 14.5365842 ], [ 79.4155526, 14.5372385 ], [ 79.4162178, 14.5379551 ], [ 79.4169044, 14.5386302 ], [ 79.4184816, 14.5395129 ], [ 79.4196939, 14.5400529 ], [ 79.4209921, 14.5403749 ], [ 79.4218719, 14.5406449 ], [ 79.4227087, 14.540811 ], [ 79.423964, 14.540998 ], [ 79.4246185, 14.5412888 ], [ 79.4258201, 14.5421196 ], [ 79.4267642, 14.5428154 ], [ 79.4272041, 14.5432827 ], [ 79.4273436, 14.5436877 ], [ 79.427644, 14.5440824 ], [ 79.4279873, 14.5443731 ], [ 79.428674, 14.5447989 ], [ 79.4292855, 14.5449028 ], [ 79.42994, 14.5448924 ], [ 79.4302618, 14.5447885 ], [ 79.4309378, 14.544477 ], [ 79.431442, 14.5443939 ], [ 79.4324934, 14.5445808 ], [ 79.4344246, 14.5449859 ], [ 79.4357335, 14.5454947 ], [ 79.4372356, 14.5462424 ], [ 79.4388235, 14.5470732 ], [ 79.4401002, 14.5480182 ], [ 79.4412696, 14.5489737 ], [ 79.4419777, 14.5496071 ], [ 79.4443702, 14.5513725 ], [ 79.4461942, 14.5520787 ], [ 79.4509195, 14.5530693 ], [ 79.4549703, 14.554301 ], [ 79.457953, 14.5555367 ], [ 79.4599485, 14.5574163 ], [ 79.4618583, 14.5598463 ], [ 79.4631243, 14.5612378 ], [ 79.4645619, 14.5623281 ], [ 79.4664287, 14.5632523 ], [ 79.4710851, 14.564083 ], [ 79.4807195, 14.5649761 ], [ 79.4886589, 14.5650591 ], [ 79.4979286, 14.56373 ], [ 79.5014906, 14.5640623 ], [ 79.5041084, 14.565516 ], [ 79.5065116, 14.5670113 ], [ 79.5114469, 14.5695865 ], [ 79.5167041, 14.5715387 ], [ 79.5179915, 14.5719436 ], [ 79.5198798, 14.5722655 ], [ 79.5224976, 14.5723071 ], [ 79.5253086, 14.5722448 ], [ 79.5282697, 14.5722655 ], [ 79.5301366, 14.5721825 ], [ 79.5319437, 14.5721761 ], [ 79.5382046, 14.5717463 ], [ 79.5453286, 14.5705626 ], [ 79.5499634, 14.5689635 ], [ 79.5541906, 14.5664506 ], [ 79.5556819, 14.5657133 ], [ 79.5573449, 14.5653499 ], [ 79.5587396, 14.565246 ], [ 79.5603275, 14.5653914 ], [ 79.5616686, 14.5661391 ], [ 79.5625216, 14.5668971 ], [ 79.5634174, 14.5678316 ], [ 79.5642006, 14.568382 ], [ 79.5650697, 14.5684962 ], [ 79.5657134, 14.5684443 ], [ 79.5681059, 14.5675201 ], [ 79.5711851, 14.5658483 ], [ 79.5740604, 14.5640623 ], [ 79.5791673, 14.5609885 ], [ 79.5847034, 14.5583717 ], [ 79.5875358, 14.5570841 ], [ 79.5905721, 14.5550798 ], [ 79.5929646, 14.5531587 ], [ 79.596076, 14.5509779 ], [ 79.5985114, 14.5496124 ], [ 79.5991927, 14.5493631 ], [ 79.5999437, 14.5492073 ], [ 79.6006358, 14.5491606 ], [ 79.6008557, 14.5491917 ], [ 79.601022, 14.5492644 ], [ 79.6015799, 14.5496643 ], [ 79.6024382, 14.550495 ], [ 79.6037417, 14.551575 ], [ 79.605437, 14.5526342 ], [ 79.6074646, 14.5537714 ], [ 79.6095085, 14.5546956 ], [ 79.6115577, 14.5553498 ], [ 79.6177053, 14.5567102 ], [ 79.6218466, 14.5573332 ], [ 79.6258639, 14.5581992 ], [ 79.6294158, 14.5595244 ], [ 79.632318, 14.561217 ], [ 79.6341205, 14.5624735 ], [ 79.6370065, 14.5648099 ], [ 79.6387768, 14.5666167 ], [ 79.6412444, 14.5692127 ], [ 79.6449137, 14.5738646 ], [ 79.6481538, 14.5781634 ], [ 79.6488404, 14.5787968 ], [ 79.6495914, 14.5792017 ], [ 79.6521663, 14.5799493 ], [ 79.6572304, 14.5808008 ], [ 79.6603846, 14.5814238 ], [ 79.6627664, 14.5825036 ], [ 79.6654486, 14.5850371 ], [ 79.666779, 14.5862 ], [ 79.6686458, 14.587799 ], [ 79.6705127, 14.5888581 ], [ 79.6723795, 14.589481 ], [ 79.6773147, 14.5909762 ], [ 79.6811986, 14.5929074 ], [ 79.6852326, 14.5953784 ], [ 79.6866059, 14.5957314 ], [ 79.6877968, 14.5956795 ], [ 79.6892881, 14.595368 ], [ 79.6907258, 14.5947762 ], [ 79.6925604, 14.5937068 ], [ 79.6957254, 14.5911838 ], [ 79.7012615, 14.587176 ], [ 79.7033322, 14.5861066 ], [ 79.7057891, 14.5852032 ], [ 79.7081602, 14.5848606 ], [ 79.7122157, 14.5849956 ], [ 79.7174835, 14.5856186 ], [ 79.7219038, 14.5863454 ], [ 79.7260451, 14.5868541 ], [ 79.7267961, 14.5869787 ], [ 79.7272897, 14.5873006 ], [ 79.7280085, 14.5881624 ], [ 79.7284484, 14.5886244 ], [ 79.7290653, 14.5888996 ], [ 79.7304118, 14.5889619 ], [ 79.733094, 14.5890242 ], [ 79.7354865, 14.5889826 ], [ 79.7379434, 14.5888892 ], [ 79.7389573, 14.5886452 ], [ 79.7397559, 14.5881973 ], [ 79.7399014, 14.5881157 ], [ 79.7407436, 14.5874875 ], [ 79.7422457, 14.5859716 ], [ 79.7432864, 14.584466 ] ] } },
{ "type": "Feature", "properties": { "element": "way", "id": 148490253, "name": null, "waterway": "stream" }, "geometry": { "type": "LineString", "coordinates": [ [ 79.3863989, 14.1613679 ], [ 79.3839186, 14.1640196 ], [ 79.3788224, 14.1657698 ], [ 79.376961, 14.1662951 ], [ 79.3762851, 14.1668335 ], [ 79.3747562, 14.1675668 ], [ 79.3728948, 14.168035 ], [ 79.3697888, 14.1687579 ], [ 79.3684584, 14.1690232 ], [ 79.3672889, 14.1688672 ], [ 79.3650413, 14.1685551 ], [ 79.3632764, 14.1686383 ], [ 79.3620694, 14.168888 ], [ 79.3612432, 14.1696317 ], [ 79.3609039, 14.1700062 ], [ 79.3602455, 14.1703079 ], [ 79.3594837, 14.1705471 ], [ 79.3580943, 14.1705992 ], [ 79.3569624, 14.170776 ], [ 79.3555999, 14.1705575 ], [ 79.3539691, 14.1702923 ], [ 79.3519896, 14.17062 ], [ 79.3502676, 14.1711401 ], [ 79.3487871, 14.1715822 ], [ 79.3475854, 14.1717798 ], [ 79.3467539, 14.1714625 ], [ 79.345665, 14.1712181 ], [ 79.345209, 14.1718942 ], [ 79.3445277, 14.1731789 ], [ 79.3438786, 14.1742764 ], [ 79.3428969, 14.1751814 ], [ 79.3420708, 14.1761383 ], [ 79.3412125, 14.1771786 ], [ 79.340322, 14.177423 ], [ 79.3394047, 14.1773502 ], [ 79.3387234, 14.1771838 ], [ 79.3383318, 14.1766168 ], [ 79.337849, 14.1757639 ], [ 79.3373394, 14.1749005 ], [ 79.3363523, 14.1747133 ], [ 79.3355423, 14.1748901 ], [ 79.3351614, 14.1753686 ], [ 79.3353331, 14.1760707 ], [ 79.3357569, 14.1764504 ], [ 79.3365508, 14.1767521 ], [ 79.3370819, 14.1771838 ], [ 79.3373448, 14.1776414 ], [ 79.3374574, 14.1779535 ], [ 79.3373689, 14.1782682 ], [ 79.3370578, 14.1785464 ], [ 79.3366232, 14.1786114 ], [ 79.3359151, 14.1786921 ], [ 79.3353599, 14.1788637 ], [ 79.3350488, 14.1795424 ], [ 79.334794, 14.180619 ], [ 79.3342897, 14.1816566 ], [ 79.3337613, 14.1827592 ], [ 79.3333831, 14.1832585 ], [ 79.332954, 14.1834795 ], [ 79.3322137, 14.1835263 ], [ 79.3316773, 14.1834717 ], [ 79.3302289, 14.1834379 ], [ 79.3290353, 14.1836173 ], [ 79.3286195, 14.1838852 ], [ 79.3284559, 14.1844469 ], [ 79.3284908, 14.1849904 ], [ 79.3287215, 14.1853596 ], [ 79.3290621, 14.1857497 ], [ 79.3288824, 14.1860825 ], [ 79.3280402, 14.1866026 ], [ 79.3271577, 14.1870447 ], [ 79.3266696, 14.1869979 ], [ 79.3261036, 14.1869199 ], [ 79.3254599, 14.1872137 ], [ 79.3249476, 14.1879574 ] ] } },
{ "type": "Feature", "properties": { "element": "way", "id": 148490253, "name": null, "waterway": "stream" }, "geometry": { "type": "LineString", "coordinates": [ [ 79.3863989, 14.1613679 ], [ 79.3839186, 14.1640196 ], [ 79.3788224, 14.1657698 ], [ 79.376961, 14.1662951 ], [ 79.3762851, 14.1668335 ], [ 79.3747562, 14.1675668 ], [ 79.3728948, 14.168035 ], [ 79.3697888, 14.1687579 ], [ 79.3684584, 14.1690232 ], [ 79.3672889, 14.1688672 ], [ 79.3650413, 14.1685551 ], [ 79.3632764, 14.1686383 ], [ 79.3620694, 14.168888 ], [ 79.3612432, 14.1696317 ], [ 79.3609039, 14.1700062 ], [ 79.3602455, 14.1703079 ], [ 79.3594837, 14.1705471 ], [ 79.3580943, 14.1705992 ], [ 79.3569624, 14.170776 ], [ 79.3555999, 14.1705575 ], [ 79.3539691, 14.1702923 ], [ 79.3519896, 14.17062 ], [ 79.3502676, 14.1711401 ], [ 79.3487871, 14.1715822 ], [ 79.3475854, 14.1717798 ], [ 79.3467539, 14.1714625 ], [ 79.345665, 14.1712181 ], [ 79.345209, 14.1718942 ], [ 79.3445277, 14.1731789 ], [ 79.3438786, 14.1742764 ], [ 79.3428969, 14.1751814 ], [ 79.3420708, 14.1761383 ], [ 79.3412125, 14.1771786 ], [ 79.340322, 14.177423 ], [ 79.3394047, 14.1773502 ], [ 79.3387234, 14.1771838 ], [ 79.3383318, 14.1766168 ], [ 79.337849, 14.1757639 ], [ 79.3373394, 14.1749005 ], [ 79.3363523, 14.1747133 ], [ 79.3355423, 14.1748901 ], [ 79.3351614, 14.1753686 ], [ 79.3353331, 14.1760707 ], [ 79.3357569, 14.1764504 ], [ 79.3365508, 14.1767521 ], [ 79.3370819, 14.1771838 ], [ 79.3373448, 14.1776414 ], [ 79.3374574, 14.1779535 ], [ 79.3373689, 14.1782682 ], [ 79.3370578, 14.1785464 ], [ 79.3366232, 14.1786114 ], [ 79.3359151, 14.1786921 ], [ 79.3353599, 14.1788637 ], [ 79.3350488, 14.1795424 ], [ 79.334794, 14.180619 ], [ 79.3342897, 14.1816566 ], [ 79.3337613, 14.1827592 ], [ 79.3333831, 14.1832585 ], [ 79.332954, 14.1834795 ], [ 79.3322137, 14.1835263 ], [ 79.3316773, 14.1834717 ], [ 79.3302289, 14.1834379 ], [ 79.3290353, 14.1836173 ], [ 79.3286195, 14.1838852 ], [ 79.3284559, 14.1844469 ], [ 79.3284908, 14.1849904 ], [ 79.3287215, 14.1853596 ], [ 79.3290621, 14.1857497 ], [ 79.3288824, 14.1860825 ], [ 79.3280402, 14.1866026 ], [ 79.3271577, 14.1870447 ], [ 79.3266696, 14.1869979 ], [ 79.3261036, 14.1869199 ], [ 79.3254599, 14.1872137 ], [ 79.3249476, 14.1879574 ] ] } },
{ "type": "Feature", "properties": { "element": "way", "id": 148491933, "name": "Bahuda River", "waterway": "river" }, "geometry": { "type": "LineString", "coordinates": [ [ 78.8202092, 13.837622 ], [ 78.8198915, 13.8391297 ], [ 78.8195533, 13.840723 ], [ 78.8199917, 13.842596 ], [ 78.8211691, 13.8442744 ], [ 78.8250647, 13.8486892 ], [ 78.83037, 13.8572425 ], [ 78.831904, 13.8598658 ], [ 78.839595, 13.8626872 ], [ 78.8487891, 13.864633 ], [ 78.8526722, 13.8672111 ], [ 78.8528476, 13.869692 ], [ 78.8515435, 13.871518 ], [ 78.855325, 13.879984 ], [ 78.8577961, 13.8847801 ], [ 78.8600717, 13.8875054 ], [ 78.8665783, 13.8947425 ], [ 78.8726449, 13.9050413 ], [ 78.8738437, 13.9072279 ], [ 78.876093, 13.9119817 ], [ 78.8766131, 13.9143216 ], [ 78.8781043, 13.9191825 ], [ 78.8791652, 13.9216265 ], [ 78.8816549, 13.9261711 ], [ 78.8828289, 13.9286287 ], [ 78.8853186, 13.9322808 ], [ 78.887398, 13.9358642 ], [ 78.8876384, 13.9375254 ], [ 78.8873272, 13.9385688 ], [ 78.8862663, 13.9396809 ], [ 78.8853327, 13.9402163 ], [ 78.8835787, 13.9407105 ], [ 78.8823621, 13.941397 ], [ 78.8812305, 13.9420834 ], [ 78.880792, 13.9433602 ], [ 78.8808061, 13.9442389 ], [ 78.8808769, 13.9457078 ], [ 78.8811217, 13.9469346 ], [ 78.88157, 13.9491811 ], [ 78.8827441, 13.9512679 ], [ 78.8843142, 13.9526407 ], [ 78.8858844, 13.9535056 ], [ 78.8897179, 13.955098 ], [ 78.8916417, 13.9570886 ], [ 78.8943718, 13.95934 ], [ 78.8978516, 13.9609324 ], [ 78.9037503, 13.962717 ], [ 78.9074423, 13.9650919 ], [ 78.9163589, 13.9724601 ], [ 78.9219888, 13.9770449 ], [ 78.9254838, 13.9792033 ], [ 78.9283553, 13.9799583 ], [ 78.9303923, 13.9800955 ], [ 78.9314391, 13.9799308 ], [ 78.9340277, 13.9782836 ], [ 78.9341527, 13.9782185 ], [ 78.9363476, 13.9770757 ], [ 78.9384412, 13.9762795 ], [ 78.9406054, 13.9763207 ], [ 78.9417937, 13.9766776 ], [ 78.9452735, 13.9777071 ], [ 78.9507761, 13.9799171 ], [ 78.9554159, 13.9811662 ], [ 78.9597444, 13.9814545 ], [ 78.9637795, 13.9821942 ], [ 78.9712293, 13.9838819 ], [ 78.9757884, 13.9842642 ], [ 78.9780595, 13.9841866 ], [ 78.9838371, 13.9840457 ], [ 78.9886769, 13.9846677 ], [ 78.9933866, 13.9853091 ], [ 78.9975179, 13.9865919 ], [ 78.999338, 13.9880224 ] ] } },
{ "type": "Feature", "properties": { "element": "way", "id": 148491940, "name": "Pincha River", "waterway": "river" }, "geometry": { "type": "LineString", "coordinates": [ [ 78.9144194, 13.5771028 ], [ 78.915385, 13.5765917 ], [ 78.9161682, 13.5774573 ], [ 78.9160609, 13.5797934 ], [ 78.9166939, 13.5802419 ], [ 78.9176488, 13.5804087 ], [ 78.9187217, 13.5805234 ], [ 78.9192688, 13.5804922 ], [ 78.9196658, 13.580367 ], [ 78.9208031, 13.5798039 ], [ 78.9232814, 13.5803566 ], [ 78.9241826, 13.580732 ], [ 78.9265323, 13.5810657 ], [ 78.9278304, 13.581316 ], [ 78.9297509, 13.5837459 ], [ 78.9305663, 13.5843821 ], [ 78.9316714, 13.585133 ], [ 78.9327121, 13.5871665 ], [ 78.9337206, 13.5887725 ], [ 78.9346111, 13.5902534 ], [ 78.9351046, 13.5924538 ], [ 78.9347398, 13.5936217 ], [ 78.9336884, 13.5949148 ], [ 78.932637, 13.5958221 ], [ 78.9312422, 13.5964686 ], [ 78.9299762, 13.597282 ], [ 78.9287639, 13.5983457 ], [ 78.9286244, 13.5993051 ], [ 78.9286995, 13.5997014 ], [ 78.929429, 13.6011613 ], [ 78.9309633, 13.6033199 ], [ 78.9320469, 13.6046129 ], [ 78.9331198, 13.6058121 ], [ 78.9337098, 13.6069174 ], [ 78.9347291, 13.6082105 ], [ 78.9360487, 13.6097016 ], [ 78.9366174, 13.610588 ], [ 78.9371431, 13.6128612 ], [ 78.9369929, 13.6138935 ], [ 78.9368319, 13.6149571 ], [ 78.9370894, 13.6163856 ], [ 78.9371645, 13.617543 ], [ 78.9370787, 13.6196493 ], [ 78.936274, 13.6214532 ], [ 78.935008, 13.6235595 ], [ 78.934418, 13.6247064 ], [ 78.9339244, 13.6250088 ], [ 78.9330017, 13.6253738 ], [ 78.9317036, 13.6257491 ], [ 78.9316499, 13.6261975 ], [ 78.9319718, 13.6279075 ], [ 78.9322722, 13.6298886 ], [ 78.9324546, 13.6316507 ], [ 78.932122, 13.6338507 ], [ 78.9318645, 13.6351957 ], [ 78.9319825, 13.6365511 ], [ 78.9325941, 13.637625 ], [ 78.9340746, 13.6391369 ], [ 78.9358878, 13.6400752 ], [ 78.9371645, 13.6406695 ], [ 78.9379263, 13.641514 ], [ 78.9387417, 13.6427652 ], [ 78.9396107, 13.6439642 ], [ 78.9401472, 13.6450798 ], [ 78.9402437, 13.6457679 ], [ 78.9398253, 13.6464143 ], [ 78.9390528, 13.6468001 ], [ 78.9374435, 13.647509 ], [ 78.9369821, 13.649052 ], [ 78.9367676, 13.6504908 ], [ 78.9365744, 13.6514708 ], [ 78.9358342, 13.6521589 ], [ 78.934772, 13.6526489 ], [ 78.9333129, 13.6535143 ], [ 78.9333987, 13.6543066 ], [ 78.9325726, 13.6551928 ], [ 78.9316606, 13.6557141 ], [ 78.9307701, 13.6560685 ], [ 78.9293969, 13.656423 ], [ 78.9274013, 13.6576324 ], [ 78.9260602, 13.6592639 ], [ 78.9249659, 13.6599572 ], [ 78.9242524, 13.6609528 ], [ 78.9239681, 13.6623133 ], [ 78.9247298, 13.6644609 ], [ 78.9253674, 13.6667309 ], [ 78.9254916, 13.6670568 ], [ 78.925991, 13.6675383 ], [ 78.9276051, 13.6684433 ], [ 78.9301479, 13.669392 ], [ 78.93327, 13.6701217 ], [ 78.9351368, 13.6712893 ], [ 78.9372718, 13.6726237 ], [ 78.9387095, 13.6735515 ], [ 78.9395571, 13.6752507 ], [ 78.9396965, 13.6767519 ], [ 78.9393947, 13.6777259 ], [ 78.9383393, 13.6797125 ], [ 78.9371806, 13.6826502 ], [ 78.9367783, 13.6843826 ], [ 78.9369178, 13.6858837 ], [ 78.938114, 13.6880728 ], [ 78.939511, 13.6919341 ], [ 78.9399218, 13.694421 ], [ 78.9390206, 13.6958595 ], [ 78.9372276, 13.6984641 ], [ 78.9371525, 13.6999546 ], [ 78.9377962, 13.7014869 ], [ 78.9389979, 13.7030296 ], [ 78.9409934, 13.7033214 ], [ 78.942753, 13.7034569 ], [ 78.9441906, 13.7043012 ], [ 78.9472483, 13.706167 ], [ 78.9474629, 13.7069175 ], [ 78.946669, 13.7085227 ], [ 78.9457356, 13.7109408 ], [ 78.9450811, 13.7134111 ], [ 78.9444267, 13.7158397 ], [ 78.9438258, 13.7186747 ], [ 78.9434503, 13.7215826 ], [ 78.943225, 13.7238235 ], [ 78.9434074, 13.7248136 ], [ 78.9439009, 13.7257308 ], [ 78.9449094, 13.7273046 ], [ 78.9449416, 13.7292118 ], [ 78.9450382, 13.7312963 ], [ 78.944888, 13.7333495 ], [ 78.9443945, 13.7348815 ], [ 78.943343, 13.7369138 ], [ 78.9433645, 13.7383208 ], [ 78.9439009, 13.7407803 ], [ 78.9446841, 13.7426562 ], [ 78.9452206, 13.7446989 ], [ 78.9454888, 13.747398 ], [ 78.9463793, 13.7503473 ], [ 78.9490186, 13.7561311 ], [ 78.9506494, 13.7594762 ], [ 78.9513253, 13.7619043 ], [ 78.9520441, 13.7651556 ], [ 78.9532458, 13.7679483 ], [ 78.9552199, 13.7716163 ], [ 78.9559387, 13.7741068 ], [ 78.956046, 13.7768994 ], [ 78.9558529, 13.7795774 ], [ 78.9558958, 13.7813592 ], [ 78.956915, 13.7845268 ], [ 78.9574515, 13.7877466 ], [ 78.9581596, 13.7905078 ], [ 78.9605414, 13.7951548 ], [ 78.9614211, 13.7980931 ], [ 78.9617215, 13.8004791 ], [ 78.9620005, 13.8026879 ], [ 78.9623331, 13.8041778 ], [ 78.9629554, 13.8052822 ], [ 78.9649187, 13.8093143 ], [ 78.9673756, 13.8144715 ], [ 78.9686953, 13.8177585 ], [ 78.9698862, 13.8211966 ], [ 78.9710127, 13.8239782 ], [ 78.9720105, 13.8253325 ], [ 78.9737271, 13.8287705 ], [ 78.9770745, 13.8345419 ], [ 78.9788448, 13.8379172 ], [ 78.9798962, 13.8425425 ], [ 78.9808081, 13.84423 ], [ 78.9820098, 13.8468656 ], [ 78.9840161, 13.8526365 ], [ 78.9853893, 13.8563241 ], [ 78.9874171, 13.8613552 ], [ 78.9894878, 13.8670425 ], [ 78.9911293, 13.8718547 ], [ 78.9929532, 13.8761981 ], [ 78.9956139, 13.8808539 ], [ 78.9971374, 13.8855408 ], [ 79.000825, 13.8990769 ], [ 79.0013324, 13.9009394 ], [ 79.0003239, 13.9076879 ], [ 79.0012251, 13.9110621 ], [ 79.0041682, 13.9148142 ], [ 79.0061818, 13.9195183 ], [ 79.007126, 13.9241003 ], [ 79.0072873, 13.9281353 ], [ 79.0071045, 13.932077 ], [ 79.0065895, 13.9357007 ], [ 79.0056239, 13.939137 ], [ 79.0035211, 13.9420318 ], [ 79.0005599, 13.9436353 ], [ 78.9956676, 13.9451139 ], [ 78.9927708, 13.9457803 ], [ 78.9895307, 13.9466342 ], [ 78.9877684, 13.9483445 ], [ 78.9873205, 13.9487792 ], [ 78.9861404, 13.950695 ], [ 78.9862047, 13.9541311 ], [ 78.9872776, 13.9590873 ], [ 78.989359, 13.9635748 ], [ 78.9893054, 13.965324 ], [ 78.9890372, 13.9680726 ], [ 78.9903032, 13.9699259 ], [ 78.9930712, 13.9714772 ], [ 78.9957534, 13.974257 ], [ 78.9962255, 13.9758187 ], [ 78.9963864, 13.97813 ], [ 78.997073, 13.9816385 ], [ 78.999338, 13.9880224 ], [ 78.9995621, 13.9887509 ] ] } },
{ "type": "Feature", "properties": { "element": "way", "id": 165066842, "name": "Penna", "waterway": "river" }, "geometry": { "type": "LineString", "coordinates": [ [ 78.7053036, 14.6042242 ], [ 78.715024, 14.6035598 ], [ 78.7179422, 14.6032379 ], [ 78.7194335, 14.6032691 ], [ 78.7213218, 14.6034871 ], [ 78.7234032, 14.6036428 ], [ 78.7242722, 14.6036947 ], [ 78.7254095, 14.6035805 ], [ 78.7265253, 14.6032587 ], [ 78.7272119, 14.6032016 ], [ 78.727802, 14.6032898 ], [ 78.7284887, 14.6035286 ], [ 78.7291002, 14.6039854 ], [ 78.729406, 14.6044163 ], [ 78.7296259, 14.6048679 ], [ 78.7302804, 14.605387 ], [ 78.7307954, 14.6055635 ], [ 78.7312299, 14.6056362 ], [ 78.7317395, 14.6055999 ], [ 78.7328285, 14.6054493 ], [ 78.7339528, 14.6054377 ], [ 78.7341213, 14.6054026 ], [ 78.7385523, 14.6050963 ], [ 78.7395179, 14.604951 ], [ 78.7401938, 14.6046811 ], [ 78.7407625, 14.6042969 ], [ 78.7432301, 14.6018571 ], [ 78.7452257, 14.6004139 ], [ 78.7471676, 14.59922 ], [ 78.7483156, 14.5983374 ], [ 78.7486535, 14.5981558 ], [ 78.7490988, 14.5980935 ], [ 78.7494367, 14.5981194 ], [ 78.7498981, 14.5982596 ], [ 78.7510782, 14.5989967 ], [ 78.7527895, 14.599926 ], [ 78.7545276, 14.6004139 ], [ 78.7563622, 14.6004866 ], [ 78.7577569, 14.6001751 ], [ 78.7586367, 14.5997079 ], [ 78.7591624, 14.5991161 ], [ 78.7594628, 14.5983686 ], [ 78.7598383, 14.5969981 ], [ 78.7599242, 14.5955861 ], [ 78.7596989, 14.5938729 ], [ 78.7593984, 14.5926789 ], [ 78.7593126, 14.5919833 ], [ 78.7592965, 14.5913759 ], [ 78.7593448, 14.5908204 ], [ 78.7595004, 14.5902597 ], [ 78.7597418, 14.5897717 ], [ 78.760407, 14.5890346 ], [ 78.7643552, 14.5855251 ], [ 78.7671769, 14.5827528 ], [ 78.7687969, 14.5813926 ], [ 78.7703062, 14.5800929 ], [ 78.7719619, 14.5789629 ], [ 78.7732494, 14.5784853 ], [ 78.7746817, 14.5785631 ], [ 78.7759852, 14.5788383 ], [ 78.7772405, 14.5791602 ], [ 78.779161, 14.5798559 ], [ 78.780384, 14.5803751 ], [ 78.7821971, 14.5809981 ], [ 78.7831038, 14.5810707 ], [ 78.7839889, 14.5809669 ], [ 78.7855768, 14.5804893 ], [ 78.7871217, 14.579804 ], [ 78.7901044, 14.5783088 ], [ 78.7907803, 14.5776754 ], [ 78.7917566, 14.5766474 ], [ 78.7934732, 14.5754949 ], [ 78.794986, 14.57428 ], [ 78.7955117, 14.5738127 ], [ 78.7959194, 14.5729508 ], [ 78.796488, 14.5717463 ], [ 78.7973678, 14.5700434 ], [ 78.798108, 14.5693166 ], [ 78.799417, 14.5685066 ], [ 78.8002968, 14.5681951 ], [ 78.801198, 14.5680393 ], [ 78.8024104, 14.5678628 ], [ 78.804245, 14.5678732 ], [ 78.8050711, 14.5677174 ], [ 78.8055754, 14.5674163 ], [ 78.8073993, 14.5660664 ], [ 78.8103604, 14.5638338 ], [ 78.8115406, 14.5628785 ], [ 78.8130319, 14.5613104 ], [ 78.8154459, 14.5594309 ], [ 78.819319, 14.5562429 ], [ 78.820821, 14.5555991 ], [ 78.8218081, 14.5551837 ], [ 78.823235, 14.5549241 ], [ 78.8262606, 14.5543841 ], [ 78.8278806, 14.5546644 ], [ 78.8290393, 14.5550694 ], [ 78.8332128, 14.5577902 ], [ 78.8364959, 14.5597217 ], [ 78.8383841, 14.5610249 ], [ 78.8391781, 14.5612949 ], [ 78.8400042, 14.5613208 ], [ 78.8412273, 14.560947 ], [ 78.8421929, 14.5603239 ], [ 78.8433301, 14.5591609 ], [ 78.8440704, 14.5579563 ], [ 78.844285, 14.5569802 ], [ 78.844682, 14.5533975 ], [ 78.8450779, 14.5473101 ], [ 78.8453042, 14.5443316 ], [ 78.8455295, 14.5425142 ], [ 78.8458729, 14.5416107 ], [ 78.8465917, 14.540811 ], [ 78.8478159, 14.540574 ], [ 78.8486302, 14.5404164 ], [ 78.8501537, 14.5404476 ], [ 78.8517845, 14.5405618 ], [ 78.8527608, 14.5405514 ], [ 78.8534769, 14.5405488 ], [ 78.8539705, 14.5403048 ], [ 78.8543835, 14.5399179 ], [ 78.8545874, 14.5396193 ], [ 78.8549226, 14.5394012 ], [ 78.8551426, 14.539326 ], [ 78.8554779, 14.5392753 ], [ 78.8557005, 14.539139 ], [ 78.8557756, 14.5389625 ], [ 78.8558024, 14.5384224 ], [ 78.8557434, 14.537576 ], [ 78.8557219, 14.5368179 ], [ 78.855781, 14.5361247 ], [ 78.8558695, 14.5358391 ], [ 78.856135, 14.5354548 ], [ 78.8570282, 14.5346499 ], [ 78.8584524, 14.5340762 ], [ 78.8592732, 14.5339048 ], [ 78.8618803, 14.5335309 ], [ 78.86482, 14.5335413 ], [ 78.8686073, 14.5339048 ], [ 78.8703453, 14.5338736 ], [ 78.8715416, 14.533884 ], [ 78.8725179, 14.5337282 ], [ 78.8738966, 14.5330064 ], [ 78.8749802, 14.5316407 ], [ 78.8756347, 14.530436 ], [ 78.8761282, 14.5285874 ], [ 78.8763428, 14.5271126 ], [ 78.8767719, 14.5235191 ], [ 78.8762998, 14.5193646 ], [ 78.8755488, 14.5148673 ], [ 78.8756668, 14.5135067 ], [ 78.8759565, 14.5124992 ], [ 78.8768792, 14.5114917 ], [ 78.8775551, 14.5108685 ], [ 78.8786816, 14.5098195 ], [ 78.8790893, 14.509082 ], [ 78.8791752, 14.5079811 ], [ 78.8787997, 14.5068074 ], [ 78.87851, 14.5057167 ], [ 78.8785636, 14.5050208 ], [ 78.8788319, 14.5041587 ], [ 78.8796365, 14.5026214 ], [ 78.8809562, 14.5012919 ], [ 78.8825333, 14.5006271 ], [ 78.8839388, 14.4996715 ], [ 78.8848185, 14.4989444 ], [ 78.8855266, 14.497968 ], [ 78.8867068, 14.496867 ], [ 78.8873076, 14.4965658 ], [ 78.8879835, 14.4964411 ], [ 78.8889169, 14.4965138 ], [ 78.8931655, 14.4967631 ], [ 78.8952684, 14.4969085 ], [ 78.8966846, 14.4966385 ], [ 78.8975891, 14.4962975 ], [ 78.9008903, 14.4943533 ], [ 78.9036369, 14.4926082 ], [ 78.9060187, 14.4903022 ], [ 78.907392, 14.4882558 ], [ 78.9108681, 14.4838826 ], [ 78.9130997, 14.4813895 ], [ 78.9152455, 14.4791249 ], [ 78.9175629, 14.4757383 ], [ 78.919816, 14.4726634 ], [ 78.9208889, 14.4714687 ], [ 78.9223265, 14.4703364 ], [ 78.9252233, 14.4686638 ], [ 78.9269936, 14.4675211 ], [ 78.9292359, 14.4667315 ], [ 78.9328194, 14.4663472 ], [ 78.9447713, 14.4646642 ], [ 78.9495134, 14.4642071 ], [ 78.955307, 14.4644356 ], [ 78.9576459, 14.4646642 ], [ 78.9591694, 14.4648304 ], [ 78.9607143, 14.4648304 ], [ 78.9632249, 14.4644356 ], [ 78.9660251, 14.4638954 ], [ 78.9687824, 14.4636045 ], [ 78.9714861, 14.4636253 ], [ 78.9752197, 14.4637915 ], [ 78.9784276, 14.4638539 ], [ 78.98067, 14.4637292 ], [ 78.9834809, 14.4636045 ], [ 78.9884162, 14.4625864 ], [ 78.9945531, 14.4603424 ], [ 79.0026426, 14.4576205 ], [ 79.0064191, 14.4563738 ], [ 79.0102172, 14.4553765 ], [ 79.0125883, 14.4550128 ], [ 79.0156459, 14.4548778 ], [ 79.0207958, 14.4550856 ], [ 79.0250873, 14.4549194 ], [ 79.0315675, 14.4538389 ], [ 79.0339064, 14.4530908 ], [ 79.0383482, 14.4509714 ], [ 79.04706, 14.4475429 ], [ 79.0496993, 14.4473559 ], [ 79.0519953, 14.4475429 ], [ 79.054259, 14.4483636 ], [ 79.0934515, 14.4695469 ], [ 79.1029572, 14.4738061 ], [ 79.1057467, 14.4747826 ], [ 79.1078281, 14.4751566 ], [ 79.1116476, 14.4745333 ], [ 79.1149306, 14.4730166 ], [ 79.1168618, 14.4709388 ], [ 79.1179991, 14.4688612 ], [ 79.1187501, 14.4667419 ], [ 79.1197156, 14.4631059 ], [ 79.1213464, 14.4522181 ], [ 79.1218485, 14.4449902 ], [ 79.1227197, 14.437257 ], [ 79.1238999, 14.4339114 ], [ 79.1264534, 14.4308151 ], [ 79.1324877, 14.4269227 ], [ 79.137783, 14.4247055 ], [ 79.1436195, 14.4233755 ], [ 79.1490268, 14.423043 ], [ 79.1537904, 14.4235417 ], [ 79.156301, 14.4242898 ], [ 79.1589188, 14.4253497 ], [ 79.160158, 14.4261238 ], [ 79.1625237, 14.4274901 ], [ 79.1662681, 14.4294435 ], [ 79.1699266, 14.4310852 ] ] } },
{ "type": "Feature", "properties": { "element": "way", "id": 165066842, "name": "Penna", "waterway": "river" }, "geometry": { "type": "LineString", "coordinates": [ [ 78.7053036, 14.6042242 ], [ 78.715024, 14.6035598 ], [ 78.7179422, 14.6032379 ], [ 78.7194335, 14.6032691 ], [ 78.7213218, 14.6034871 ], [ 78.7234032, 14.6036428 ], [ 78.7242722, 14.6036947 ], [ 78.7254095, 14.6035805 ], [ 78.7265253, 14.6032587 ], [ 78.7272119, 14.6032016 ], [ 78.727802, 14.6032898 ], [ 78.7284887, 14.6035286 ], [ 78.7291002, 14.6039854 ], [ 78.729406, 14.6044163 ], [ 78.7296259, 14.6048679 ], [ 78.7302804, 14.605387 ], [ 78.7307954, 14.6055635 ], [ 78.7312299, 14.6056362 ], [ 78.7317395, 14.6055999 ], [ 78.7328285, 14.6054493 ], [ 78.7339528, 14.6054377 ], [ 78.7341213, 14.6054026 ], [ 78.7385523, 14.6050963 ], [ 78.7395179, 14.604951 ], [ 78.7401938, 14.6046811 ], [ 78.7407625, 14.6042969 ], [ 78.7432301, 14.6018571 ], [ 78.7452257, 14.6004139 ], [ 78.7471676, 14.59922 ], [ 78.7483156, 14.5983374 ], [ 78.7486535, 14.5981558 ], [ 78.7490988, 14.5980935 ], [ 78.7494367, 14.5981194 ], [ 78.7498981, 14.5982596 ], [ 78.7510782, 14.5989967 ], [ 78.7527895, 14.599926 ], [ 78.7545276, 14.6004139 ], [ 78.7563622, 14.6004866 ], [ 78.7577569, 14.6001751 ], [ 78.7586367, 14.5997079 ], [ 78.7591624, 14.5991161 ], [ 78.7594628, 14.5983686 ], [ 78.7598383, 14.5969981 ], [ 78.7599242, 14.5955861 ], [ 78.7596989, 14.5938729 ], [ 78.7593984, 14.5926789 ], [ 78.7593126, 14.5919833 ], [ 78.7592965, 14.5913759 ], [ 78.7593448, 14.5908204 ], [ 78.7595004, 14.5902597 ], [ 78.7597418, 14.5897717 ], [ 78.760407, 14.5890346 ], [ 78.7643552, 14.5855251 ], [ 78.7671769, 14.5827528 ], [ 78.7687969, 14.5813926 ], [ 78.7703062, 14.5800929 ], [ 78.7719619, 14.5789629 ], [ 78.7732494, 14.5784853 ], [ 78.7746817, 14.5785631 ], [ 78.7759852, 14.5788383 ], [ 78.7772405, 14.5791602 ], [ 78.779161, 14.5798559 ], [ 78.780384, 14.5803751 ], [ 78.7821971, 14.5809981 ], [ 78.7831038, 14.5810707 ], [ 78.7839889, 14.5809669 ], [ 78.7855768, 14.5804893 ], [ 78.7871217, 14.579804 ], [ 78.7901044, 14.5783088 ], [ 78.7907803, 14.5776754 ], [ 78.7917566, 14.5766474 ], [ 78.7934732, 14.5754949 ], [ 78.794986, 14.57428 ], [ 78.7955117, 14.5738127 ], [ 78.7959194, 14.5729508 ], [ 78.796488, 14.5717463 ], [ 78.7973678, 14.5700434 ], [ 78.798108, 14.5693166 ], [ 78.799417, 14.5685066 ], [ 78.8002968, 14.5681951 ], [ 78.801198, 14.5680393 ], [ 78.8024104, 14.5678628 ], [ 78.804245, 14.5678732 ], [ 78.8050711, 14.5677174 ], [ 78.8055754, 14.5674163 ], [ 78.8073993, 14.5660664 ], [ 78.8103604, 14.5638338 ], [ 78.8115406, 14.5628785 ], [ 78.8130319, 14.5613104 ], [ 78.8154459, 14.5594309 ], [ 78.819319, 14.5562429 ], [ 78.820821, 14.5555991 ], [ 78.8218081, 14.5551837 ], [ 78.823235, 14.5549241 ], [ 78.8262606, 14.5543841 ], [ 78.8278806, 14.5546644 ], [ 78.8290393, 14.5550694 ], [ 78.8332128, 14.5577902 ], [ 78.8364959, 14.5597217 ], [ 78.8383841, 14.5610249 ], [ 78.8391781, 14.5612949 ], [ 78.8400042, 14.5613208 ], [ 78.8412273, 14.560947 ], [ 78.8421929, 14.5603239 ], [ 78.8433301, 14.5591609 ], [ 78.8440704, 14.5579563 ], [ 78.844285, 14.5569802 ], [ 78.844682, 14.5533975 ], [ 78.8450779, 14.5473101 ], [ 78.8453042, 14.5443316 ], [ 78.8455295, 14.5425142 ], [ 78.8458729, 14.5416107 ], [ 78.8465917, 14.540811 ], [ 78.8478159, 14.540574 ], [ 78.8486302, 14.5404164 ], [ 78.8501537, 14.5404476 ], [ 78.8517845, 14.5405618 ], [ 78.8527608, 14.5405514 ], [ 78.8534769, 14.5405488 ], [ 78.8539705, 14.5403048 ], [ 78.8543835, 14.5399179 ], [ 78.8545874, 14.5396193 ], [ 78.8549226, 14.5394012 ], [ 78.8551426, 14.539326 ], [ 78.8554779, 14.5392753 ], [ 78.8557005, 14.539139 ], [ 78.8557756, 14.5389625 ], [ 78.8558024, 14.5384224 ], [ 78.8557434, 14.537576 ], [ 78.8557219, 14.5368179 ], [ 78.855781, 14.5361247 ], [ 78.8558695, 14.5358391 ], [ 78.856135, 14.5354548 ], [ 78.8570282, 14.5346499 ], [ 78.8584524, 14.5340762 ], [ 78.8592732, 14.5339048 ], [ 78.8618803, 14.5335309 ], [ 78.86482, 14.5335413 ], [ 78.8686073, 14.5339048 ], [ 78.8703453, 14.5338736 ], [ 78.8715416, 14.533884 ], [ 78.8725179, 14.5337282 ], [ 78.8738966, 14.5330064 ], [ 78.8749802, 14.5316407 ], [ 78.8756347, 14.530436 ], [ 78.8761282, 14.5285874 ], [ 78.8763428, 14.5271126 ], [ 78.8767719, 14.5235191 ], [ 78.8762998, 14.5193646 ], [ 78.8755488, 14.5148673 ], [ 78.8756668, 14.5135067 ], [ 78.8759565, 14.5124992 ], [ 78.8768792, 14.5114917 ], [ 78.8775551, 14.5108685 ], [ 78.8786816, 14.5098195 ], [ 78.8790893, 14.509082 ], [ 78.8791752, 14.5079811 ], [ 78.8787997, 14.5068074 ], [ 78.87851, 14.5057167 ], [ 78.8785636, 14.5050208 ], [ 78.8788319, 14.5041587 ], [ 78.8796365, 14.5026214 ], [ 78.8809562, 14.5012919 ], [ 78.8825333, 14.5006271 ], [ 78.8839388, 14.4996715 ], [ 78.8848185, 14.4989444 ], [ 78.8855266, 14.497968 ], [ 78.8867068, 14.496867 ], [ 78.8873076, 14.4965658 ], [ 78.8879835, 14.4964411 ], [ 78.8889169, 14.4965138 ], [ 78.8931655, 14.4967631 ], [ 78.8952684, 14.4969085 ], [ 78.8966846, 14.4966385 ], [ 78.8975891, 14.4962975 ], [ 78.9008903, 14.4943533 ], [ 78.9036369, 14.4926082 ], [ 78.9060187, 14.4903022 ], [ 78.907392, 14.4882558 ], [ 78.9108681, 14.4838826 ], [ 78.9130997, 14.4813895 ], [ 78.9152455, 14.4791249 ], [ 78.9175629, 14.4757383 ], [ 78.919816, 14.4726634 ], [ 78.9208889, 14.4714687 ], [ 78.9223265, 14.4703364 ], [ 78.9252233, 14.4686638 ], [ 78.9269936, 14.4675211 ], [ 78.9292359, 14.4667315 ], [ 78.9328194, 14.4663472 ], [ 78.9447713, 14.4646642 ], [ 78.9495134, 14.4642071 ], [ 78.955307, 14.4644356 ], [ 78.9576459, 14.4646642 ], [ 78.9591694, 14.4648304 ], [ 78.9607143, 14.4648304 ], [ 78.9632249, 14.4644356 ], [ 78.9660251, 14.4638954 ], [ 78.9687824, 14.4636045 ], [ 78.9714861, 14.4636253 ], [ 78.9752197, 14.4637915 ], [ 78.9784276, 14.4638539 ], [ 78.98067, 14.4637292 ], [ 78.9834809, 14.4636045 ], [ 78.9884162, 14.4625864 ], [ 78.9945531, 14.4603424 ], [ 79.0026426, 14.4576205 ], [ 79.0064191, 14.4563738 ], [ 79.0102172, 14.4553765 ], [ 79.0125883, 14.4550128 ], [ 79.0156459, 14.4548778 ], [ 79.0207958, 14.4550856 ], [ 79.0250873, 14.4549194 ], [ 79.0315675, 14.4538389 ], [ 79.0339064, 14.4530908 ], [ 79.0383482, 14.4509714 ], [ 79.04706, 14.4475429 ], [ 79.0496993, 14.4473559 ], [ 79.0519953, 14.4475429 ], [ 79.054259, 14.4483636 ], [ 79.0934515, 14.4695469 ], [ 79.1029572, 14.4738061 ], [ 79.1057467, 14.4747826 ], [ 79.1078281, 14.4751566 ], [ 79.1116476, 14.4745333 ], [ 79.1149306, 14.4730166 ], [ 79.1168618, 14.4709388 ], [ 79.1179991, 14.4688612 ], [ 79.1187501, 14.4667419 ], [ 79.1197156, 14.4631059 ], [ 79.1213464, 14.4522181 ], [ 79.1218485, 14.4449902 ], [ 79.1227197, 14.437257 ], [ 79.1238999, 14.4339114 ], [ 79.1264534, 14.4308151 ], [ 79.1324877, 14.4269227 ], [ 79.137783, 14.4247055 ], [ 79.1436195, 14.4233755 ], [ 79.1490268, 14.423043 ], [ 79.1537904, 14.4235417 ], [ 79.156301, 14.4242898 ], [ 79.1589188, 14.4253497 ], [ 79.160158, 14.4261238 ], [ 79.1625237, 14.4274901 ], [ 79.1662681, 14.4294435 ], [ 79.1699266, 14.4310852 ] ] } },
{ "type": "Feature", "properties": { "element": "way", "id": 165066847, "name": "Mandavi River", "waterway": "river" }, "geometry": { "type": "LineString", "coordinates": [ [ 78.7689176, 14.0709122 ], [ 78.7722724, 14.0712413 ], [ 78.7747829, 14.0726046 ], [ 78.7769394, 14.0730417 ], [ 78.7794999, 14.0729084 ], [ 78.7877142, 14.0683197 ], [ 78.7878775, 14.0682285 ], [ 78.7895512, 14.0687072 ], [ 78.7900018, 14.070976 ], [ 78.791139, 14.072308 ], [ 78.7933277, 14.072766 ], [ 78.7962031, 14.0722872 ], [ 78.7983971, 14.0713246 ], [ 78.8000172, 14.0694722 ], [ 78.8008862, 14.0689622 ], [ 78.8019805, 14.0690247 ], [ 78.8045125, 14.0712205 ], [ 78.8077419, 14.0751647 ], [ 78.809995, 14.0786405 ], [ 78.8127416, 14.0805553 ], [ 78.8145557, 14.0819559 ], [ 78.8154238, 14.0826262 ], [ 78.816958, 14.0850405 ], [ 78.8184278, 14.0881415 ], [ 78.8206594, 14.0906078 ], [ 78.8213783, 14.0922519 ], [ 78.8210886, 14.0940105 ], [ 78.819726, 14.0967785 ], [ 78.8184171, 14.0997545 ], [ 78.8181811, 14.1016171 ], [ 78.8186746, 14.1028241 ], [ 78.8203268, 14.1035421 ], [ 78.8240071, 14.1039187 ], [ 78.8278048, 14.105592 ], [ 78.8282662, 14.109265 ], [ 78.8281106, 14.1132554 ], [ 78.8218986, 14.1303813 ], [ 78.8197817, 14.138749 ], [ 78.8199443, 14.1411638 ], [ 78.8200533, 14.1427828 ], [ 78.8217055, 14.148151 ], [ 78.8243019, 14.1536232 ], [ 78.8283788, 14.1583878 ], [ 78.8311898, 14.1603227 ], [ 78.8336145, 14.1603435 ], [ 78.8405942, 14.1600457 ], [ 78.8440071, 14.1611468 ], [ 78.8491559, 14.1638323 ], [ 78.8566832, 14.1644244 ], [ 78.8616013, 14.1652263 ], [ 78.8710427, 14.1713637 ], [ 78.8779509, 14.1742567 ], [ 78.882458, 14.1722084 ], [ 78.8849681, 14.171313 ], [ 78.8862985, 14.1721868 ], [ 78.8870495, 14.1738304 ], [ 78.8863628, 14.1755987 ], [ 78.884496, 14.1767222 ], [ 78.8836806, 14.1782201 ], [ 78.8838523, 14.180779 ], [ 78.8848822, 14.1823184 ], [ 78.8875001, 14.1853141 ], [ 78.8951176, 14.1903901 ], [ 78.9026063, 14.1958404 ], [ 78.9101165, 14.1997096 ], [ 78.9157169, 14.2013946 ], [ 78.9191501, 14.2015194 ], [ 78.9241927, 14.199148 ], [ 78.9267032, 14.197671 ], [ 78.9286988, 14.1974214 ], [ 78.9311906, 14.19788 ], [ 78.9393847, 14.2001049 ], [ 78.9423244, 14.201457 ], [ 78.944084, 14.2034956 ], [ 78.9454573, 14.206491 ], [ 78.9472168, 14.2180147 ], [ 78.9482682, 14.2229859 ], [ 78.9491694, 14.2241299 ], [ 78.9513315, 14.2247774 ], [ 78.9553922, 14.2262515 ], [ 78.9589756, 14.2267091 ], [ 78.9630955, 14.2265843 ], [ 78.9658635, 14.2249827 ], [ 78.9681809, 14.2224035 ], [ 78.9696615, 14.2207603 ], [ 78.97273, 14.2196995 ], [ 78.9758842, 14.2186179 ], [ 78.9767425, 14.2172243 ], [ 78.976528, 14.2157267 ], [ 78.975498, 14.2138962 ], [ 78.9751332, 14.2121281 ], [ 78.9756482, 14.210568 ], [ 78.9768069, 14.2087583 ], [ 78.9800899, 14.2047021 ], [ 78.9807766, 14.2032668 ], [ 78.9806478, 14.201561 ], [ 78.9795964, 14.2000425 ], [ 78.9792531, 14.1982119 ], [ 78.9793604, 14.1966725 ], [ 78.9806693, 14.1940306 ], [ 78.9827401, 14.1922816 ], [ 78.9845692, 14.1916435 ], [ 78.987863, 14.1922676 ], [ 78.9907061, 14.1930997 ], [ 78.992015, 14.1931205 ], [ 78.9938068, 14.1921323 ], [ 78.9960276, 14.1903537 ], [ 78.9969951, 14.1889027 ], [ 78.9976311, 14.1868216 ], [ 78.9976046, 14.1855112 ], [ 78.9969686, 14.1838926 ], [ 78.9918219, 14.1740436 ], [ 78.9919078, 14.1703404 ], [ 78.9942252, 14.1694458 ], [ 78.9966838, 14.1696137 ], [ 79.0044303, 14.1707062 ], [ 79.0073568, 14.1693041 ], [ 79.0080991, 14.1656593 ], [ 79.0083083, 14.1646944 ] ] } },
{ "type": "Feature", "properties": { "element": "way", "id": 165066847, "name": "Mandavi River", "waterway": "river" }, "geometry": { "type": "LineString", "coordinates": [ [ 78.7689176, 14.0709122 ], [ 78.7722724, 14.0712413 ], [ 78.7747829, 14.0726046 ], [ 78.7769394, 14.0730417 ], [ 78.7794999, 14.0729084 ], [ 78.7877142, 14.0683197 ], [ 78.7878775, 14.0682285 ], [ 78.7895512, 14.0687072 ], [ 78.7900018, 14.070976 ], [ 78.791139, 14.072308 ], [ 78.7933277, 14.072766 ], [ 78.7962031, 14.0722872 ], [ 78.7983971, 14.0713246 ], [ 78.8000172, 14.0694722 ], [ 78.8008862, 14.0689622 ], [ 78.8019805, 14.0690247 ], [ 78.8045125, 14.0712205 ], [ 78.8077419, 14.0751647 ], [ 78.809995, 14.0786405 ], [ 78.8127416, 14.0805553 ], [ 78.8145557, 14.0819559 ], [ 78.8154238, 14.0826262 ], [ 78.816958, 14.0850405 ], [ 78.8184278, 14.0881415 ], [ 78.8206594, 14.0906078 ], [ 78.8213783, 14.0922519 ], [ 78.8210886, 14.0940105 ], [ 78.819726, 14.0967785 ], [ 78.8184171, 14.0997545 ], [ 78.8181811, 14.1016171 ], [ 78.8186746, 14.1028241 ], [ 78.8203268, 14.1035421 ], [ 78.8240071, 14.1039187 ], [ 78.8278048, 14.105592 ], [ 78.8282662, 14.109265 ], [ 78.8281106, 14.1132554 ], [ 78.8218986, 14.1303813 ], [ 78.8197817, 14.138749 ], [ 78.8199443, 14.1411638 ], [ 78.8200533, 14.1427828 ], [ 78.8217055, 14.148151 ], [ 78.8243019, 14.1536232 ], [ 78.8283788, 14.1583878 ], [ 78.8311898, 14.1603227 ], [ 78.8336145, 14.1603435 ], [ 78.8405942, 14.1600457 ], [ 78.8440071, 14.1611468 ], [ 78.8491559, 14.1638323 ], [ 78.8566832, 14.1644244 ], [ 78.8616013, 14.1652263 ], [ 78.8710427, 14.1713637 ], [ 78.8779509, 14.1742567 ], [ 78.882458, 14.1722084 ], [ 78.8849681, 14.171313 ], [ 78.8862985, 14.1721868 ], [ 78.8870495, 14.1738304 ], [ 78.8863628, 14.1755987 ], [ 78.884496, 14.1767222 ], [ 78.8836806, 14.1782201 ], [ 78.8838523, 14.180779 ], [ 78.8848822, 14.1823184 ], [ 78.8875001, 14.1853141 ], [ 78.8951176, 14.1903901 ], [ 78.9026063, 14.1958404 ], [ 78.9101165, 14.1997096 ], [ 78.9157169, 14.2013946 ], [ 78.9191501, 14.2015194 ], [ 78.9241927, 14.199148 ], [ 78.9267032, 14.197671 ], [ 78.9286988, 14.1974214 ], [ 78.9311906, 14.19788 ], [ 78.9393847, 14.2001049 ], [ 78.9423244, 14.201457 ], [ 78.944084, 14.2034956 ], [ 78.9454573, 14.206491 ], [ 78.9472168, 14.2180147 ], [ 78.9482682, 14.2229859 ], [ 78.9491694, 14.2241299 ], [ 78.9513315, 14.2247774 ], [ 78.9553922, 14.2262515 ], [ 78.9589756, 14.2267091 ], [ 78.9630955, 14.2265843 ], [ 78.9658635, 14.2249827 ], [ 78.9681809, 14.2224035 ], [ 78.9696615, 14.2207603 ], [ 78.97273, 14.2196995 ], [ 78.9758842, 14.2186179 ], [ 78.9767425, 14.2172243 ], [ 78.976528, 14.2157267 ], [ 78.975498, 14.2138962 ], [ 78.9751332, 14.2121281 ], [ 78.9756482, 14.210568 ], [ 78.9768069, 14.2087583 ], [ 78.9800899, 14.2047021 ], [ 78.9807766, 14.2032668 ], [ 78.9806478, 14.201561 ], [ 78.9795964, 14.2000425 ], [ 78.9792531, 14.1982119 ], [ 78.9793604, 14.1966725 ], [ 78.9806693, 14.1940306 ], [ 78.9827401, 14.1922816 ], [ 78.9845692, 14.1916435 ], [ 78.987863, 14.1922676 ], [ 78.9907061, 14.1930997 ], [ 78.992015, 14.1931205 ], [ 78.9938068, 14.1921323 ], [ 78.9960276, 14.1903537 ], [ 78.9969951, 14.1889027 ], [ 78.9976311, 14.1868216 ], [ 78.9976046, 14.1855112 ], [ 78.9969686, 14.1838926 ], [ 78.9918219, 14.1740436 ], [ 78.9919078, 14.1703404 ], [ 78.9942252, 14.1694458 ], [ 78.9966838, 14.1696137 ], [ 79.0044303, 14.1707062 ], [ 79.0073568, 14.1693041 ], [ 79.0080991, 14.1656593 ], [ 79.0083083, 14.1646944 ] ] } },
{ "type": "Feature", "properties": { "element": "way", "id": 202485854, "name": null, "waterway": "river" }, "geometry": { "type": "LineString", "coordinates": [ [ 79.1144747, 13.947375 ], [ 79.1148581, 13.9482432 ], [ 79.1165963, 13.9485161 ], [ 79.1174909, 13.9500294 ], [ 79.1177466, 13.9512449 ], [ 79.1180788, 13.9525597 ], [ 79.1175165, 13.9537008 ], [ 79.1182578, 13.9552389 ], [ 79.1178744, 13.9564544 ], [ 79.1162896, 13.958687 ], [ 79.1161873, 13.959456 ], [ 79.1173887, 13.9602002 ], [ 79.1170053, 13.9611924 ], [ 79.1149092, 13.9619862 ], [ 79.1126599, 13.9639707 ], [ 79.1123787, 13.9663769 ], [ 79.1127365, 13.9671458 ], [ 79.1133245, 13.9675427 ], [ 79.1131966, 13.9686838 ], [ 79.1128132, 13.9696512 ], [ 79.1115334, 13.9702199 ], [ 79.1102469, 13.9704219 ], [ 79.1094064, 13.9715094 ], [ 79.1066047, 13.9736067 ], [ 79.1055241, 13.9756652 ], [ 79.1032428, 13.9765973 ], [ 79.102963, 13.9783154 ], [ 79.1020421, 13.9821123 ], [ 79.101882, 13.9835105 ], [ 79.1030827, 13.9847144 ], [ 79.1052039, 13.9863068 ], [ 79.1057242, 13.9889477 ], [ 79.1057242, 13.992909 ], [ 79.105324, 13.9954721 ], [ 79.1040432, 13.9959381 ], [ 79.1011215, 13.99621 ], [ 79.1004811, 13.9965207 ], [ 79.100321, 13.9976857 ], [ 79.100321, 13.9983848 ], [ 79.0987201, 13.999744 ], [ 79.0979997, 14.0014139 ], [ 79.0981198, 14.0028119 ], [ 79.0972793, 14.0043264 ], [ 79.0971992, 14.005608 ], [ 79.0971592, 14.0070448 ], [ 79.0959185, 14.0097243 ], [ 79.0962386, 14.0107339 ], [ 79.0966389, 14.0112776 ], [ 79.0964788, 14.0120154 ], [ 79.0949579, 14.0138406 ], [ 79.0950379, 14.0143454 ], [ 79.0963987, 14.0145784 ], [ 79.0975994, 14.016054 ], [ 79.0978396, 14.0183451 ], [ 79.0961986, 14.0219175 ], [ 79.0958384, 14.0238979 ], [ 79.0943575, 14.0248687 ], [ 79.093437, 14.0255676 ], [ 79.0923964, 14.0272373 ], [ 79.0904282, 14.0280249 ], [ 79.0895947, 14.0278198 ], [ 79.0889143, 14.0280916 ], [ 79.0877136, 14.0295283 ], [ 79.086593, 14.0298778 ], [ 79.0845117, 14.0296059 ], [ 79.0812298, 14.028907 ], [ 79.0800291, 14.0301496 ], [ 79.0788284, 14.0330229 ], [ 79.0783881, 14.0360128 ], [ 79.0776677, 14.0373329 ], [ 79.0765871, 14.0392355 ], [ 79.0776277, 14.0412157 ], [ 79.0783481, 14.0431183 ], [ 79.0779578, 14.0449019 ], [ 79.0745859, 14.0470398 ], [ 79.069583, 14.0490976 ], [ 79.0672616, 14.0503401 ], [ 79.0641397, 14.0511554 ], [ 79.0630591, 14.0525143 ], [ 79.0624187, 14.0548439 ], [ 79.0640597, 14.0584158 ], [ 79.0640597, 14.0615994 ], [ 79.0637395, 14.0643559 ], [ 79.0631792, 14.0662194 ], [ 79.0620985, 14.0669959 ], [ 79.0597772, 14.0662194 ], [ 79.0574958, 14.0667241 ], [ 79.0567354, 14.0676171 ], [ 79.0568555, 14.0688594 ], [ 79.0524529, 14.0723146 ], [ 79.0503999, 14.074194 ], [ 79.0490509, 14.0746051 ], [ 79.0466895, 14.0744498 ], [ 79.0456088, 14.0762745 ], [ 79.0464093, 14.0778662 ], [ 79.0465294, 14.0786426 ], [ 79.0447283, 14.0807777 ], [ 79.0417666, 14.0822529 ], [ 79.0400456, 14.0829905 ], [ 79.0401256, 14.0843493 ], [ 79.0406059, 14.0848539 ], [ 79.0460891, 14.0860573 ], [ 79.0477301, 14.0866785 ], [ 79.0482504, 14.0874937 ], [ 79.0477401, 14.0889565 ], [ 79.0455236, 14.092826 ], [ 79.0451992, 14.0966456 ], [ 79.0442715, 14.0978578 ] ] } },
{ "type": "Feature", "properties": { "element": "way", "id": 202485855, "name": "Pullageru River", "waterway": "river" }, "geometry": { "type": "LineString", "coordinates": [ [ 79.1740565, 13.9094146 ], [ 79.1728744, 13.9141478 ], [ 79.1697228, 13.9195498 ], [ 79.1719392, 13.9218088 ], [ 79.1741714, 13.9272358 ], [ 79.1714287, 13.928719 ], [ 79.1710178, 13.9336159 ], [ 79.1732712, 13.9384203 ], [ 79.1795512, 13.9415395 ], [ 79.1805856, 13.9432604 ], [ 79.1849609, 13.9467417 ], [ 79.1851829, 13.947705 ], [ 79.1819178, 13.9491754 ], [ 79.1818655, 13.9533583 ], [ 79.1833798, 13.9571852 ], [ 79.1853165, 13.9623568 ], [ 79.19006, 13.9689679 ], [ 79.1955604, 13.9737179 ], [ 79.2005562, 13.9764602 ], [ 79.2004048, 13.9839523 ], [ 79.2001525, 13.9942841 ], [ 79.1958127, 14.0003557 ], [ 79.1942484, 14.0094138 ], [ 79.1998159, 14.0199137 ], [ 79.2078534, 14.0365427 ], [ 79.2098216, 14.0381139 ], [ 79.2150461, 14.0482801 ], [ 79.2156273, 14.0523937 ], [ 79.2122679, 14.060843 ], [ 79.210678, 14.0719215 ], [ 79.210433, 14.0779585 ], [ 79.2117256, 14.0843892 ], [ 79.2117189, 14.0851712 ], [ 79.2115155, 14.0856114 ], [ 79.2100514, 14.0867402 ], [ 79.2069323, 14.0935892 ], [ 79.20721, 14.0978066 ], [ 79.2082888, 14.101296 ], [ 79.2095546, 14.1032392 ], [ 79.2100765, 14.1082036 ], [ 79.2088565, 14.1095251 ], [ 79.2078035, 14.1143911 ], [ 79.2092762, 14.1164235 ], [ 79.2099938, 14.1168733 ], [ 79.2125888, 14.1193607 ], [ 79.2129708, 14.1198687 ], [ 79.2131557, 14.1204543 ], [ 79.2128546, 14.1219596 ], [ 79.2122427, 14.1237176 ], [ 79.211476, 14.1354629 ], [ 79.2098299, 14.1389503 ], [ 79.2094839, 14.1390726 ], [ 79.2092264, 14.1391662 ], [ 79.2087865, 14.1394393 ], [ 79.208419, 14.1403366 ], [ 79.2083386, 14.1412964 ], [ 79.2090898, 14.1423533 ], [ 79.205272, 14.153377 ], [ 79.204393, 14.1632394 ], [ 79.2041409, 14.1638583 ], [ 79.2036366, 14.1645085 ], [ 79.2005047, 14.1653963 ], [ 79.1975445, 14.1665599 ], [ 79.186624, 14.1815297 ], [ 79.1864175, 14.1825127 ], [ 79.1863757, 14.1835445 ], [ 79.1828388, 14.1888859 ], [ 79.1833384, 14.1892524 ], [ 79.1835265, 14.1896365 ], [ 79.1833334, 14.1899136 ], [ 79.1822923, 14.1901379 ], [ 79.181972, 14.1904292 ], [ 79.1815413, 14.1919439 ], [ 79.1806399, 14.1939459 ], [ 79.1792401, 14.1944591 ], [ 79.1785689, 14.1947636 ], [ 79.1776385, 14.1946546 ], [ 79.17678, 14.1945482 ], [ 79.1767763, 14.1952305 ], [ 79.1771449, 14.1960848 ], [ 79.1765704, 14.1972433 ], [ 79.1755985, 14.1987699 ], [ 79.1747539, 14.1986953 ], [ 79.1727809, 14.1979276 ], [ 79.1705722, 14.1980419 ], [ 79.1715829, 14.1959502 ], [ 79.1710337, 14.1937554 ], [ 79.169439, 14.1925107 ], [ 79.1655047, 14.1936101 ], [ 79.1646333, 14.1965615 ], [ 79.1620483, 14.202008 ], [ 79.1567791, 14.2074137 ], [ 79.1514417, 14.212824 ], [ 79.1507349, 14.2180689 ], [ 79.1536351, 14.2238333 ], [ 79.153562, 14.2276132 ], [ 79.1562429, 14.2321726 ], [ 79.1585095, 14.2333774 ], [ 79.1585826, 14.2393068 ], [ 79.1649739, 14.2458503 ], [ 79.1780371, 14.251803 ], [ 79.1817903, 14.2539289 ], [ 79.1880532, 14.2693619 ] ] } },
{ "type": "Feature", "properties": { "element": "way", "id": 202485855, "name": "Pullageru River", "waterway": "river" }, "geometry": { "type": "LineString", "coordinates": [ [ 79.1740565, 13.9094146 ], [ 79.1728744, 13.9141478 ], [ 79.1697228, 13.9195498 ], [ 79.1719392, 13.9218088 ], [ 79.1741714, 13.9272358 ], [ 79.1714287, 13.928719 ], [ 79.1710178, 13.9336159 ], [ 79.1732712, 13.9384203 ], [ 79.1795512, 13.9415395 ], [ 79.1805856, 13.9432604 ], [ 79.1849609, 13.9467417 ], [ 79.1851829, 13.947705 ], [ 79.1819178, 13.9491754 ], [ 79.1818655, 13.9533583 ], [ 79.1833798, 13.9571852 ], [ 79.1853165, 13.9623568 ], [ 79.19006, 13.9689679 ], [ 79.1955604, 13.9737179 ], [ 79.2005562, 13.9764602 ], [ 79.2004048, 13.9839523 ], [ 79.2001525, 13.9942841 ], [ 79.1958127, 14.0003557 ], [ 79.1942484, 14.0094138 ], [ 79.1998159, 14.0199137 ], [ 79.2078534, 14.0365427 ], [ 79.2098216, 14.0381139 ], [ 79.2150461, 14.0482801 ], [ 79.2156273, 14.0523937 ], [ 79.2122679, 14.060843 ], [ 79.210678, 14.0719215 ], [ 79.210433, 14.0779585 ], [ 79.2117256, 14.0843892 ], [ 79.2117189, 14.0851712 ], [ 79.2115155, 14.0856114 ], [ 79.2100514, 14.0867402 ], [ 79.2069323, 14.0935892 ], [ 79.20721, 14.0978066 ], [ 79.2082888, 14.101296 ], [ 79.2095546, 14.1032392 ], [ 79.2100765, 14.1082036 ], [ 79.2088565, 14.1095251 ], [ 79.2078035, 14.1143911 ], [ 79.2092762, 14.1164235 ], [ 79.2099938, 14.1168733 ], [ 79.2125888, 14.1193607 ], [ 79.2129708, 14.1198687 ], [ 79.2131557, 14.1204543 ], [ 79.2128546, 14.1219596 ], [ 79.2122427, 14.1237176 ], [ 79.211476, 14.1354629 ], [ 79.2098299, 14.1389503 ], [ 79.2094839, 14.1390726 ], [ 79.2092264, 14.1391662 ], [ 79.2087865, 14.1394393 ], [ 79.208419, 14.1403366 ], [ 79.2083386, 14.1412964 ], [ 79.2090898, 14.1423533 ], [ 79.205272, 14.153377 ], [ 79.204393, 14.1632394 ], [ 79.2041409, 14.1638583 ], [ 79.2036366, 14.1645085 ], [ 79.2005047, 14.1653963 ], [ 79.1975445, 14.1665599 ], [ 79.186624, 14.1815297 ], [ 79.1864175, 14.1825127 ], [ 79.1863757, 14.1835445 ], [ 79.1828388, 14.1888859 ], [ 79.1833384, 14.1892524 ], [ 79.1835265, 14.1896365 ], [ 79.1833334, 14.1899136 ], [ 79.1822923, 14.1901379 ], [ 79.181972, 14.1904292 ], [ 79.1815413, 14.1919439 ], [ 79.1806399, 14.1939459 ], [ 79.1792401, 14.1944591 ], [ 79.1785689, 14.1947636 ], [ 79.1776385, 14.1946546 ], [ 79.17678, 14.1945482 ], [ 79.1767763, 14.1952305 ], [ 79.1771449, 14.1960848 ], [ 79.1765704, 14.1972433 ], [ 79.1755985, 14.1987699 ], [ 79.1747539, 14.1986953 ], [ 79.1727809, 14.1979276 ], [ 79.1705722, 14.1980419 ], [ 79.1715829, 14.1959502 ], [ 79.1710337, 14.1937554 ], [ 79.169439, 14.1925107 ], [ 79.1655047, 14.1936101 ], [ 79.1646333, 14.1965615 ], [ 79.1620483, 14.202008 ], [ 79.1567791, 14.2074137 ], [ 79.1514417, 14.212824 ], [ 79.1507349, 14.2180689 ], [ 79.1536351, 14.2238333 ], [ 79.153562, 14.2276132 ], [ 79.1562429, 14.2321726 ], [ 79.1585095, 14.2333774 ], [ 79.1585826, 14.2393068 ], [ 79.1649739, 14.2458503 ], [ 79.1780371, 14.251803 ], [ 79.1817903, 14.2539289 ], [ 79.1880532, 14.2693619 ] ] } },
{ "type": "Feature", "properties": { "element": "way", "id": 202485855, "name": "Pullageru River", "waterway": "river" }, "geometry": { "type": "LineString", "coordinates": [ [ 79.1740565, 13.9094146 ], [ 79.1728744, 13.9141478 ], [ 79.1697228, 13.9195498 ], [ 79.1719392, 13.9218088 ], [ 79.1741714, 13.9272358 ], [ 79.1714287, 13.928719 ], [ 79.1710178, 13.9336159 ], [ 79.1732712, 13.9384203 ], [ 79.1795512, 13.9415395 ], [ 79.1805856, 13.9432604 ], [ 79.1849609, 13.9467417 ], [ 79.1851829, 13.947705 ], [ 79.1819178, 13.9491754 ], [ 79.1818655, 13.9533583 ], [ 79.1833798, 13.9571852 ], [ 79.1853165, 13.9623568 ], [ 79.19006, 13.9689679 ], [ 79.1955604, 13.9737179 ], [ 79.2005562, 13.9764602 ], [ 79.2004048, 13.9839523 ], [ 79.2001525, 13.9942841 ], [ 79.1958127, 14.0003557 ], [ 79.1942484, 14.0094138 ], [ 79.1998159, 14.0199137 ], [ 79.2078534, 14.0365427 ], [ 79.2098216, 14.0381139 ], [ 79.2150461, 14.0482801 ], [ 79.2156273, 14.0523937 ], [ 79.2122679, 14.060843 ], [ 79.210678, 14.0719215 ], [ 79.210433, 14.0779585 ], [ 79.2117256, 14.0843892 ], [ 79.2117189, 14.0851712 ], [ 79.2115155, 14.0856114 ], [ 79.2100514, 14.0867402 ], [ 79.2069323, 14.0935892 ], [ 79.20721, 14.0978066 ], [ 79.2082888, 14.101296 ], [ 79.2095546, 14.1032392 ], [ 79.2100765, 14.1082036 ], [ 79.2088565, 14.1095251 ], [ 79.2078035, 14.1143911 ], [ 79.2092762, 14.1164235 ], [ 79.2099938, 14.1168733 ], [ 79.2125888, 14.1193607 ], [ 79.2129708, 14.1198687 ], [ 79.2131557, 14.1204543 ], [ 79.2128546, 14.1219596 ], [ 79.2122427, 14.1237176 ], [ 79.211476, 14.1354629 ], [ 79.2098299, 14.1389503 ], [ 79.2094839, 14.1390726 ], [ 79.2092264, 14.1391662 ], [ 79.2087865, 14.1394393 ], [ 79.208419, 14.1403366 ], [ 79.2083386, 14.1412964 ], [ 79.2090898, 14.1423533 ], [ 79.205272, 14.153377 ], [ 79.204393, 14.1632394 ], [ 79.2041409, 14.1638583 ], [ 79.2036366, 14.1645085 ], [ 79.2005047, 14.1653963 ], [ 79.1975445, 14.1665599 ], [ 79.186624, 14.1815297 ], [ 79.1864175, 14.1825127 ], [ 79.1863757, 14.1835445 ], [ 79.1828388, 14.1888859 ], [ 79.1833384, 14.1892524 ], [ 79.1835265, 14.1896365 ], [ 79.1833334, 14.1899136 ], [ 79.1822923, 14.1901379 ], [ 79.181972, 14.1904292 ], [ 79.1815413, 14.1919439 ], [ 79.1806399, 14.1939459 ], [ 79.1792401, 14.1944591 ], [ 79.1785689, 14.1947636 ], [ 79.1776385, 14.1946546 ], [ 79.17678, 14.1945482 ], [ 79.1767763, 14.1952305 ], [ 79.1771449, 14.1960848 ], [ 79.1765704, 14.1972433 ], [ 79.1755985, 14.1987699 ], [ 79.1747539, 14.1986953 ], [ 79.1727809, 14.1979276 ], [ 79.1705722, 14.1980419 ], [ 79.1715829, 14.1959502 ], [ 79.1710337, 14.1937554 ], [ 79.169439, 14.1925107 ], [ 79.1655047, 14.1936101 ], [ 79.1646333, 14.1965615 ], [ 79.1620483, 14.202008 ], [ 79.1567791, 14.2074137 ], [ 79.1514417, 14.212824 ], [ 79.1507349, 14.2180689 ], [ 79.1536351, 14.2238333 ], [ 79.153562, 14.2276132 ], [ 79.1562429, 14.2321726 ], [ 79.1585095, 14.2333774 ], [ 79.1585826, 14.2393068 ], [ 79.1649739, 14.2458503 ], [ 79.1780371, 14.251803 ], [ 79.1817903, 14.2539289 ], [ 79.1880532, 14.2693619 ] ] } },
{ "type": "Feature", "properties": { "element": "way", "id": 202485855, "name": "Pullageru River", "waterway": "river" }, "geometry": { "type": "LineString", "coordinates": [ [ 79.1740565, 13.9094146 ], [ 79.1728744, 13.9141478 ], [ 79.1697228, 13.9195498 ], [ 79.1719392, 13.9218088 ], [ 79.1741714, 13.9272358 ], [ 79.1714287, 13.928719 ], [ 79.1710178, 13.9336159 ], [ 79.1732712, 13.9384203 ], [ 79.1795512, 13.9415395 ], [ 79.1805856, 13.9432604 ], [ 79.1849609, 13.9467417 ], [ 79.1851829, 13.947705 ], [ 79.1819178, 13.9491754 ], [ 79.1818655, 13.9533583 ], [ 79.1833798, 13.9571852 ], [ 79.1853165, 13.9623568 ], [ 79.19006, 13.9689679 ], [ 79.1955604, 13.9737179 ], [ 79.2005562, 13.9764602 ], [ 79.2004048, 13.9839523 ], [ 79.2001525, 13.9942841 ], [ 79.1958127, 14.0003557 ], [ 79.1942484, 14.0094138 ], [ 79.1998159, 14.0199137 ], [ 79.2078534, 14.0365427 ], [ 79.2098216, 14.0381139 ], [ 79.2150461, 14.0482801 ], [ 79.2156273, 14.0523937 ], [ 79.2122679, 14.060843 ], [ 79.210678, 14.0719215 ], [ 79.210433, 14.0779585 ], [ 79.2117256, 14.0843892 ], [ 79.2117189, 14.0851712 ], [ 79.2115155, 14.0856114 ], [ 79.2100514, 14.0867402 ], [ 79.2069323, 14.0935892 ], [ 79.20721, 14.0978066 ], [ 79.2082888, 14.101296 ], [ 79.2095546, 14.1032392 ], [ 79.2100765, 14.1082036 ], [ 79.2088565, 14.1095251 ], [ 79.2078035, 14.1143911 ], [ 79.2092762, 14.1164235 ], [ 79.2099938, 14.1168733 ], [ 79.2125888, 14.1193607 ], [ 79.2129708, 14.1198687 ], [ 79.2131557, 14.1204543 ], [ 79.2128546, 14.1219596 ], [ 79.2122427, 14.1237176 ], [ 79.211476, 14.1354629 ], [ 79.2098299, 14.1389503 ], [ 79.2094839, 14.1390726 ], [ 79.2092264, 14.1391662 ], [ 79.2087865, 14.1394393 ], [ 79.208419, 14.1403366 ], [ 79.2083386, 14.1412964 ], [ 79.2090898, 14.1423533 ], [ 79.205272, 14.153377 ], [ 79.204393, 14.1632394 ], [ 79.2041409, 14.1638583 ], [ 79.2036366, 14.1645085 ], [ 79.2005047, 14.1653963 ], [ 79.1975445, 14.1665599 ], [ 79.186624, 14.1815297 ], [ 79.1864175, 14.1825127 ], [ 79.1863757, 14.1835445 ], [ 79.1828388, 14.1888859 ], [ 79.1833384, 14.1892524 ], [ 79.1835265, 14.1896365 ], [ 79.1833334, 14.1899136 ], [ 79.1822923, 14.1901379 ], [ 79.181972, 14.1904292 ], [ 79.1815413, 14.1919439 ], [ 79.1806399, 14.1939459 ], [ 79.1792401, 14.1944591 ], [ 79.1785689, 14.1947636 ], [ 79.1776385, 14.1946546 ], [ 79.17678, 14.1945482 ], [ 79.1767763, 14.1952305 ], [ 79.1771449, 14.1960848 ], [ 79.1765704, 14.1972433 ], [ 79.1755985, 14.1987699 ], [ 79.1747539, 14.1986953 ], [ 79.1727809, 14.1979276 ], [ 79.1705722, 14.1980419 ], [ 79.1715829, 14.1959502 ], [ 79.1710337, 14.1937554 ], [ 79.169439, 14.1925107 ], [ 79.1655047, 14.1936101 ], [ 79.1646333, 14.1965615 ], [ 79.1620483, 14.202008 ], [ 79.1567791, 14.2074137 ], [ 79.1514417, 14.212824 ], [ 79.1507349, 14.2180689 ], [ 79.1536351, 14.2238333 ], [ 79.153562, 14.2276132 ], [ 79.1562429, 14.2321726 ], [ 79.1585095, 14.2333774 ], [ 79.1585826, 14.2393068 ], [ 79.1649739, 14.2458503 ], [ 79.1780371, 14.251803 ], [ 79.1817903, 14.2539289 ], [ 79.1880532, 14.2693619 ] ] } },
{ "type": "Feature", "properties": { "element": "way", "id": 325755495, "name": "Cheyyeru", "waterway": "river" }, "geometry": { "type": "LineString", "coordinates": [ [ 78.9995621, 13.9887509 ], [ 78.9995224, 13.9916763 ], [ 79.0002756, 13.9938355 ], [ 79.0014053, 13.9978216 ], [ 79.006609, 14.0047641 ], [ 79.0085946, 14.0089825 ], [ 79.0096901, 14.012902 ], [ 79.0101009, 14.0150942 ], [ 79.0101779, 14.0208155 ], [ 79.0102378, 14.0244608 ], [ 79.0103063, 14.029941 ], [ 79.0096558, 14.0344579 ], [ 79.0076702, 14.0449861 ], [ 79.0080126, 14.0498348 ], [ 79.0098263, 14.0550602 ], [ 79.0102718, 14.0558562 ], [ 79.0102718, 14.0588126 ], [ 79.0113267, 14.0604272 ], [ 79.0117487, 14.0609503 ], [ 79.0133898, 14.0628833 ], [ 79.0136711, 14.0636792 ], [ 79.0136008, 14.0647708 ], [ 79.0136008, 14.0659761 ], [ 79.0132022, 14.066681 ], [ 79.0122645, 14.0675907 ], [ 79.0090527, 14.0685003 ], [ 79.0068255, 14.0689324 ], [ 79.0065677, 14.0690233 ], [ 79.0050438, 14.0700239 ], [ 79.0042467, 14.0710017 ], [ 79.0041061, 14.0719568 ], [ 79.0044108, 14.0731848 ], [ 79.0049969, 14.0739807 ], [ 79.0065208, 14.0746174 ], [ 79.0079977, 14.0745947 ], [ 79.0100608, 14.0738215 ], [ 79.0120066, 14.0725708 ], [ 79.0144916, 14.0717294 ], [ 79.0156873, 14.0717522 ], [ 79.016836, 14.0719341 ], [ 79.0179613, 14.072639 ], [ 79.0187818, 14.0740944 ], [ 79.0191804, 14.0745719 ], [ 79.0206339, 14.0779374 ], [ 79.0214075, 14.0793245 ], [ 79.0224625, 14.0809618 ], [ 79.0247131, 14.0827809 ], [ 79.0280187, 14.0853731 ], [ 79.0337389, 14.0902847 ], [ 79.0354269, 14.0922402 ], [ 79.0371852, 14.0937636 ], [ 79.0392716, 14.0951734 ], [ 79.042882, 14.0960147 ], [ 79.0439838, 14.0971516 ], [ 79.0442715, 14.0978578 ], [ 79.044734, 14.0989933 ], [ 79.0444762, 14.0995163 ], [ 79.0437963, 14.1001075 ], [ 79.0423662, 14.1005849 ], [ 79.03892, 14.1006532 ], [ 79.0367397, 14.1012671 ], [ 79.034958, 14.1017445 ], [ 79.0333873, 14.1027222 ], [ 79.0319806, 14.1041092 ], [ 79.0289095, 14.1086111 ], [ 79.0257446, 14.1136358 ], [ 79.0234471, 14.1168188 ], [ 79.0207042, 14.1211841 ], [ 79.0184302, 14.1244352 ], [ 79.0173987, 14.128732 ], [ 79.0171173, 14.1309373 ], [ 79.0166953, 14.1357342 ], [ 79.017047, 14.1392352 ], [ 79.0178675, 14.143509 ], [ 79.017469, 14.1447366 ], [ 79.0167422, 14.1472827 ], [ 79.0141869, 14.1497378 ], [ 79.0086776, 14.1534432 ], [ 79.0060988, 14.1573076 ], [ 79.004739, 14.1599899 ], [ 79.0048328, 14.161672 ], [ 79.0050673, 14.1629904 ], [ 79.0054189, 14.1640133 ], [ 79.0063332, 14.1648316 ], [ 79.007271, 14.1650362 ], [ 79.0083083, 14.1646944 ], [ 79.0108579, 14.1638542 ], [ 79.0128271, 14.1630813 ], [ 79.0143979, 14.1625813 ], [ 79.0173283, 14.1627177 ], [ 79.0206573, 14.1642179 ], [ 79.0221108, 14.1650817 ], [ 79.0225797, 14.1662637 ], [ 79.0233639, 14.1680011 ], [ 79.0233556, 14.1691021 ], [ 79.0227257, 14.1701951 ], [ 79.0218768, 14.1709169 ], [ 79.0192334, 14.1736828 ], [ 79.0179553, 14.1753185 ], [ 79.0174452, 14.1785436 ], [ 79.0191312, 14.1823568 ], [ 79.0237322, 14.1878088 ], [ 79.0254823, 14.1897236 ], [ 79.0273108, 14.1917242 ], [ 79.0303781, 14.196383 ], [ 79.0316051, 14.1993567 ], [ 79.0320012, 14.2033401 ], [ 79.030736, 14.2076827 ], [ 79.0284866, 14.2106067 ], [ 79.0236811, 14.210458 ], [ 79.0209205, 14.2106067 ], [ 79.0198725, 14.211127 ], [ 79.0181835, 14.2127872 ] ] } },
{ "type": "Feature", "properties": { "element": "way", "id": 325755495, "name": "Cheyyeru", "waterway": "river" }, "geometry": { "type": "LineString", "coordinates": [ [ 78.9995621, 13.9887509 ], [ 78.9995224, 13.9916763 ], [ 79.0002756, 13.9938355 ], [ 79.0014053, 13.9978216 ], [ 79.006609, 14.0047641 ], [ 79.0085946, 14.0089825 ], [ 79.0096901, 14.012902 ], [ 79.0101009, 14.0150942 ], [ 79.0101779, 14.0208155 ], [ 79.0102378, 14.0244608 ], [ 79.0103063, 14.029941 ], [ 79.0096558, 14.0344579 ], [ 79.0076702, 14.0449861 ], [ 79.0080126, 14.0498348 ], [ 79.0098263, 14.0550602 ], [ 79.0102718, 14.0558562 ], [ 79.0102718, 14.0588126 ], [ 79.0113267, 14.0604272 ], [ 79.0117487, 14.0609503 ], [ 79.0133898, 14.0628833 ], [ 79.0136711, 14.0636792 ], [ 79.0136008, 14.0647708 ], [ 79.0136008, 14.0659761 ], [ 79.0132022, 14.066681 ], [ 79.0122645, 14.0675907 ], [ 79.0090527, 14.0685003 ], [ 79.0068255, 14.0689324 ], [ 79.0065677, 14.0690233 ], [ 79.0050438, 14.0700239 ], [ 79.0042467, 14.0710017 ], [ 79.0041061, 14.0719568 ], [ 79.0044108, 14.0731848 ], [ 79.0049969, 14.0739807 ], [ 79.0065208, 14.0746174 ], [ 79.0079977, 14.0745947 ], [ 79.0100608, 14.0738215 ], [ 79.0120066, 14.0725708 ], [ 79.0144916, 14.0717294 ], [ 79.0156873, 14.0717522 ], [ 79.016836, 14.0719341 ], [ 79.0179613, 14.072639 ], [ 79.0187818, 14.0740944 ], [ 79.0191804, 14.0745719 ], [ 79.0206339, 14.0779374 ], [ 79.0214075, 14.0793245 ], [ 79.0224625, 14.0809618 ], [ 79.0247131, 14.0827809 ], [ 79.0280187, 14.0853731 ], [ 79.0337389, 14.0902847 ], [ 79.0354269, 14.0922402 ], [ 79.0371852, 14.0937636 ], [ 79.0392716, 14.0951734 ], [ 79.042882, 14.0960147 ], [ 79.0439838, 14.0971516 ], [ 79.0442715, 14.0978578 ], [ 79.044734, 14.0989933 ], [ 79.0444762, 14.0995163 ], [ 79.0437963, 14.1001075 ], [ 79.0423662, 14.1005849 ], [ 79.03892, 14.1006532 ], [ 79.0367397, 14.1012671 ], [ 79.034958, 14.1017445 ], [ 79.0333873, 14.1027222 ], [ 79.0319806, 14.1041092 ], [ 79.0289095, 14.1086111 ], [ 79.0257446, 14.1136358 ], [ 79.0234471, 14.1168188 ], [ 79.0207042, 14.1211841 ], [ 79.0184302, 14.1244352 ], [ 79.0173987, 14.128732 ], [ 79.0171173, 14.1309373 ], [ 79.0166953, 14.1357342 ], [ 79.017047, 14.1392352 ], [ 79.0178675, 14.143509 ], [ 79.017469, 14.1447366 ], [ 79.0167422, 14.1472827 ], [ 79.0141869, 14.1497378 ], [ 79.0086776, 14.1534432 ], [ 79.0060988, 14.1573076 ], [ 79.004739, 14.1599899 ], [ 79.0048328, 14.161672 ], [ 79.0050673, 14.1629904 ], [ 79.0054189, 14.1640133 ], [ 79.0063332, 14.1648316 ], [ 79.007271, 14.1650362 ], [ 79.0083083, 14.1646944 ], [ 79.0108579, 14.1638542 ], [ 79.0128271, 14.1630813 ], [ 79.0143979, 14.1625813 ], [ 79.0173283, 14.1627177 ], [ 79.0206573, 14.1642179 ], [ 79.0221108, 14.1650817 ], [ 79.0225797, 14.1662637 ], [ 79.0233639, 14.1680011 ], [ 79.0233556, 14.1691021 ], [ 79.0227257, 14.1701951 ], [ 79.0218768, 14.1709169 ], [ 79.0192334, 14.1736828 ], [ 79.0179553, 14.1753185 ], [ 79.0174452, 14.1785436 ], [ 79.0191312, 14.1823568 ], [ 79.0237322, 14.1878088 ], [ 79.0254823, 14.1897236 ], [ 79.0273108, 14.1917242 ], [ 79.0303781, 14.196383 ], [ 79.0316051, 14.1993567 ], [ 79.0320012, 14.2033401 ], [ 79.030736, 14.2076827 ], [ 79.0284866, 14.2106067 ], [ 79.0236811, 14.210458 ], [ 79.0209205, 14.2106067 ], [ 79.0198725, 14.211127 ], [ 79.0181835, 14.2127872 ] ] } },
{ "type": "Feature", "properties": { "element": "way", "id": 325755495, "name": "Cheyyeru", "waterway": "river" }, "geometry": { "type": "LineString", "coordinates": [ [ 78.9995621, 13.9887509 ], [ 78.9995224, 13.9916763 ], [ 79.0002756, 13.9938355 ], [ 79.0014053, 13.9978216 ], [ 79.006609, 14.0047641 ], [ 79.0085946, 14.0089825 ], [ 79.0096901, 14.012902 ], [ 79.0101009, 14.0150942 ], [ 79.0101779, 14.0208155 ], [ 79.0102378, 14.0244608 ], [ 79.0103063, 14.029941 ], [ 79.0096558, 14.0344579 ], [ 79.0076702, 14.0449861 ], [ 79.0080126, 14.0498348 ], [ 79.0098263, 14.0550602 ], [ 79.0102718, 14.0558562 ], [ 79.0102718, 14.0588126 ], [ 79.0113267, 14.0604272 ], [ 79.0117487, 14.0609503 ], [ 79.0133898, 14.0628833 ], [ 79.0136711, 14.0636792 ], [ 79.0136008, 14.0647708 ], [ 79.0136008, 14.0659761 ], [ 79.0132022, 14.066681 ], [ 79.0122645, 14.0675907 ], [ 79.0090527, 14.0685003 ], [ 79.0068255, 14.0689324 ], [ 79.0065677, 14.0690233 ], [ 79.0050438, 14.0700239 ], [ 79.0042467, 14.0710017 ], [ 79.0041061, 14.0719568 ], [ 79.0044108, 14.0731848 ], [ 79.0049969, 14.0739807 ], [ 79.0065208, 14.0746174 ], [ 79.0079977, 14.0745947 ], [ 79.0100608, 14.0738215 ], [ 79.0120066, 14.0725708 ], [ 79.0144916, 14.0717294 ], [ 79.0156873, 14.0717522 ], [ 79.016836, 14.0719341 ], [ 79.0179613, 14.072639 ], [ 79.0187818, 14.0740944 ], [ 79.0191804, 14.0745719 ], [ 79.0206339, 14.0779374 ], [ 79.0214075, 14.0793245 ], [ 79.0224625, 14.0809618 ], [ 79.0247131, 14.0827809 ], [ 79.0280187, 14.0853731 ], [ 79.0337389, 14.0902847 ], [ 79.0354269, 14.0922402 ], [ 79.0371852, 14.0937636 ], [ 79.0392716, 14.0951734 ], [ 79.042882, 14.0960147 ], [ 79.0439838, 14.0971516 ], [ 79.0442715, 14.0978578 ], [ 79.044734, 14.0989933 ], [ 79.0444762, 14.0995163 ], [ 79.0437963, 14.1001075 ], [ 79.0423662, 14.1005849 ], [ 79.03892, 14.1006532 ], [ 79.0367397, 14.1012671 ], [ 79.034958, 14.1017445 ], [ 79.0333873, 14.1027222 ], [ 79.0319806, 14.1041092 ], [ 79.0289095, 14.1086111 ], [ 79.0257446, 14.1136358 ], [ 79.0234471, 14.1168188 ], [ 79.0207042, 14.1211841 ], [ 79.0184302, 14.1244352 ], [ 79.0173987, 14.128732 ], [ 79.0171173, 14.1309373 ], [ 79.0166953, 14.1357342 ], [ 79.017047, 14.1392352 ], [ 79.0178675, 14.143509 ], [ 79.017469, 14.1447366 ], [ 79.0167422, 14.1472827 ], [ 79.0141869, 14.1497378 ], [ 79.0086776, 14.1534432 ], [ 79.0060988, 14.1573076 ], [ 79.004739, 14.1599899 ], [ 79.0048328, 14.161672 ], [ 79.0050673, 14.1629904 ], [ 79.0054189, 14.1640133 ], [ 79.0063332, 14.1648316 ], [ 79.007271, 14.1650362 ], [ 79.0083083, 14.1646944 ], [ 79.0108579, 14.1638542 ], [ 79.0128271, 14.1630813 ], [ 79.0143979, 14.1625813 ], [ 79.0173283, 14.1627177 ], [ 79.0206573, 14.1642179 ], [ 79.0221108, 14.1650817 ], [ 79.0225797, 14.1662637 ], [ 79.0233639, 14.1680011 ], [ 79.0233556, 14.1691021 ], [ 79.0227257, 14.1701951 ], [ 79.0218768, 14.1709169 ], [ 79.0192334, 14.1736828 ], [ 79.0179553, 14.1753185 ], [ 79.0174452, 14.1785436 ], [ 79.0191312, 14.1823568 ], [ 79.0237322, 14.1878088 ], [ 79.0254823, 14.1897236 ], [ 79.0273108, 14.1917242 ], [ 79.0303781, 14.196383 ], [ 79.0316051, 14.1993567 ], [ 79.0320012, 14.2033401 ], [ 79.030736, 14.2076827 ], [ 79.0284866, 14.2106067 ], [ 79.0236811, 14.210458 ], [ 79.0209205, 14.2106067 ], [ 79.0198725, 14.211127 ], [ 79.0181835, 14.2127872 ] ] } },
{ "type": "Feature", "properties": { "element": "way", "id": 325755496, "name": "Cheyyeru", "waterway": "river" }, "geometry": { "type": "LineString", "coordinates": [ [ 79.0181835, 14.2127872 ], [ 79.0167567, 14.2157154 ], [ 79.0155015, 14.2189571 ], [ 79.0152714, 14.2216579 ], [ 79.0132354, 14.2252019 ], [ 79.012157, 14.2269744 ], [ 79.0092969, 14.229565 ], [ 79.0049832, 14.2314739 ], [ 79.0017246, 14.2329964 ], [ 78.9964263, 14.2367231 ], [ 78.9948087, 14.238132 ], [ 78.9940585, 14.2395863 ], [ 78.993402, 14.2417223 ], [ 78.9933551, 14.2441764 ], [ 78.9938944, 14.2456306 ], [ 78.9949493, 14.2469485 ], [ 78.9960746, 14.2477438 ], [ 78.9978329, 14.2484937 ], [ 79.0005055, 14.2489936 ], [ 79.0028264, 14.2486527 ], [ 79.0043034, 14.2485164 ], [ 79.0062492, 14.24888 ], [ 79.0077965, 14.2491753 ], [ 79.0091328, 14.2499934 ], [ 79.0095079, 14.250675 ], [ 79.0095079, 14.2517202 ], [ 79.0092969, 14.2530609 ], [ 79.007773, 14.2556057 ], [ 79.0060851, 14.259014 ], [ 79.0051005, 14.2597638 ], [ 79.0035297, 14.2623994 ], [ 79.0029905, 14.263331 ], [ 79.0032718, 14.266705 ], [ 79.0040572, 14.2677275 ], [ 79.0057334, 14.2688181 ], [ 79.0082654, 14.2693974 ], [ 79.0097423, 14.269511 ], [ 79.012157, 14.2692043 ], [ 79.0141273, 14.2686337 ], [ 79.025347, 14.2646141 ], [ 79.0378236, 14.2567542 ], [ 79.041092, 14.2516142 ], [ 79.0418823, 14.2514227 ], [ 79.0434358, 14.2510463 ], [ 79.0507225, 14.2536519 ], [ 79.0611315, 14.2571261 ], [ 79.0687142, 14.2535851 ], [ 79.0796962, 14.2520923 ], [ 79.1064076, 14.25436 ], [ 79.1114769, 14.2574307 ], [ 79.1240039, 14.2596039 ], [ 79.1457926, 14.2594851 ], [ 79.177502, 14.2632264 ], [ 79.1880532, 14.2693619 ], [ 79.1905993, 14.2708424 ], [ 79.2192757, 14.2894138 ], [ 79.2226348, 14.2909468 ], [ 79.2330813, 14.2957143 ], [ 79.2442392, 14.3093543 ], [ 79.2473291, 14.3211638 ], [ 79.2416643, 14.3354674 ], [ 79.2366861, 14.3511006 ], [ 79.2303956, 14.3637863 ], [ 79.2282747, 14.3680631 ], [ 79.2170303, 14.3762844 ], [ 79.2102503, 14.3868533 ], [ 79.2059588, 14.3935043 ], [ 79.197719, 14.4028154 ], [ 79.190526, 14.4105322 ], [ 79.1776346, 14.4219352 ], [ 79.1699266, 14.4310852 ] ] } },
{ "type": "Feature", "properties": { "element": "way", "id": 325755496, "name": "Cheyyeru", "waterway": "river" }, "geometry": { "type": "LineString", "coordinates": [ [ 79.0181835, 14.2127872 ], [ 79.0167567, 14.2157154 ], [ 79.0155015, 14.2189571 ], [ 79.0152714, 14.2216579 ], [ 79.0132354, 14.2252019 ], [ 79.012157, 14.2269744 ], [ 79.0092969, 14.229565 ], [ 79.0049832, 14.2314739 ], [ 79.0017246, 14.2329964 ], [ 78.9964263, 14.2367231 ], [ 78.9948087, 14.238132 ], [ 78.9940585, 14.2395863 ], [ 78.993402, 14.2417223 ], [ 78.9933551, 14.2441764 ], [ 78.9938944, 14.2456306 ], [ 78.9949493, 14.2469485 ], [ 78.9960746, 14.2477438 ], [ 78.9978329, 14.2484937 ], [ 79.0005055, 14.2489936 ], [ 79.0028264, 14.2486527 ], [ 79.0043034, 14.2485164 ], [ 79.0062492, 14.24888 ], [ 79.0077965, 14.2491753 ], [ 79.0091328, 14.2499934 ], [ 79.0095079, 14.250675 ], [ 79.0095079, 14.2517202 ], [ 79.0092969, 14.2530609 ], [ 79.007773, 14.2556057 ], [ 79.0060851, 14.259014 ], [ 79.0051005, 14.2597638 ], [ 79.0035297, 14.2623994 ], [ 79.0029905, 14.263331 ], [ 79.0032718, 14.266705 ], [ 79.0040572, 14.2677275 ], [ 79.0057334, 14.2688181 ], [ 79.0082654, 14.2693974 ], [ 79.0097423, 14.269511 ], [ 79.012157, 14.2692043 ], [ 79.0141273, 14.2686337 ], [ 79.025347, 14.2646141 ], [ 79.0378236, 14.2567542 ], [ 79.041092, 14.2516142 ], [ 79.0418823, 14.2514227 ], [ 79.0434358, 14.2510463 ], [ 79.0507225, 14.2536519 ], [ 79.0611315, 14.2571261 ], [ 79.0687142, 14.2535851 ], [ 79.0796962, 14.2520923 ], [ 79.1064076, 14.25436 ], [ 79.1114769, 14.2574307 ], [ 79.1240039, 14.2596039 ], [ 79.1457926, 14.2594851 ], [ 79.177502, 14.2632264 ], [ 79.1880532, 14.2693619 ], [ 79.1905993, 14.2708424 ], [ 79.2192757, 14.2894138 ], [ 79.2226348, 14.2909468 ], [ 79.2330813, 14.2957143 ], [ 79.2442392, 14.3093543 ], [ 79.2473291, 14.3211638 ], [ 79.2416643, 14.3354674 ], [ 79.2366861, 14.3511006 ], [ 79.2303956, 14.3637863 ], [ 79.2282747, 14.3680631 ], [ 79.2170303, 14.3762844 ], [ 79.2102503, 14.3868533 ], [ 79.2059588, 14.3935043 ], [ 79.197719, 14.4028154 ], [ 79.190526, 14.4105322 ], [ 79.1776346, 14.4219352 ], [ 79.1699266, 14.4310852 ] ] } },
{ "type": "Feature", "properties": { "element": "way", "id": 325755496, "name": "Cheyyeru", "waterway": "river" }, "geometry": { "type": "LineString", "coordinates": [ [ 79.0181835, 14.2127872 ], [ 79.0167567, 14.2157154 ], [ 79.0155015, 14.2189571 ], [ 79.0152714, 14.2216579 ], [ 79.0132354, 14.2252019 ], [ 79.012157, 14.2269744 ], [ 79.0092969, 14.229565 ], [ 79.0049832, 14.2314739 ], [ 79.0017246, 14.2329964 ], [ 78.9964263, 14.2367231 ], [ 78.9948087, 14.238132 ], [ 78.9940585, 14.2395863 ], [ 78.993402, 14.2417223 ], [ 78.9933551, 14.2441764 ], [ 78.9938944, 14.2456306 ], [ 78.9949493, 14.2469485 ], [ 78.9960746, 14.2477438 ], [ 78.9978329, 14.2484937 ], [ 79.0005055, 14.2489936 ], [ 79.0028264, 14.2486527 ], [ 79.0043034, 14.2485164 ], [ 79.0062492, 14.24888 ], [ 79.0077965, 14.2491753 ], [ 79.0091328, 14.2499934 ], [ 79.0095079, 14.250675 ], [ 79.0095079, 14.2517202 ], [ 79.0092969, 14.2530609 ], [ 79.007773, 14.2556057 ], [ 79.0060851, 14.259014 ], [ 79.0051005, 14.2597638 ], [ 79.0035297, 14.2623994 ], [ 79.0029905, 14.263331 ], [ 79.0032718, 14.266705 ], [ 79.0040572, 14.2677275 ], [ 79.0057334, 14.2688181 ], [ 79.0082654, 14.2693974 ], [ 79.0097423, 14.269511 ], [ 79.012157, 14.2692043 ], [ 79.0141273, 14.2686337 ], [ 79.025347, 14.2646141 ], [ 79.0378236, 14.2567542 ], [ 79.041092, 14.2516142 ], [ 79.0418823, 14.2514227 ], [ 79.0434358, 14.2510463 ], [ 79.0507225, 14.2536519 ], [ 79.0611315, 14.2571261 ], [ 79.0687142, 14.2535851 ], [ 79.0796962, 14.2520923 ], [ 79.1064076, 14.25436 ], [ 79.1114769, 14.2574307 ], [ 79.1240039, 14.2596039 ], [ 79.1457926, 14.2594851 ], [ 79.177502, 14.2632264 ], [ 79.1880532, 14.2693619 ], [ 79.1905993, 14.2708424 ], [ 79.2192757, 14.2894138 ], [ 79.2226348, 14.2909468 ], [ 79.2330813, 14.2957143 ], [ 79.2442392, 14.3093543 ], [ 79.2473291, 14.3211638 ], [ 79.2416643, 14.3354674 ], [ 79.2366861, 14.3511006 ], [ 79.2303956, 14.3637863 ], [ 79.2282747, 14.3680631 ], [ 79.2170303, 14.3762844 ], [ 79.2102503, 14.3868533 ], [ 79.2059588, 14.3935043 ], [ 79.197719, 14.4028154 ], [ 79.190526, 14.4105322 ], [ 79.1776346, 14.4219352 ], [ 79.1699266, 14.4310852 ] ] } },
{ "type": "Feature", "properties": { "element": "way", "id": 377045797, "name": "Sagileru", "waterway": "river" }, "geometry": { "type": "LineString", "coordinates": [ [ 79.0552261, 14.6773499 ], [ 79.0559168, 14.6753854 ], [ 79.0567929, 14.6708654 ], [ 79.0575791, 14.6655413 ], [ 79.0575342, 14.6630639 ], [ 79.0568153, 14.6589131 ], [ 79.0569726, 14.657218 ], [ 79.0575566, 14.655588 ], [ 79.0588146, 14.6541537 ], [ 79.0601399, 14.653719 ], [ 79.0612181, 14.6540233 ], [ 79.0622515, 14.6545449 ], [ 79.0633746, 14.6558706 ], [ 79.0640934, 14.6560879 ], [ 79.0649695, 14.6558706 ], [ 79.0656883, 14.6552621 ], [ 79.0659354, 14.6543493 ], [ 79.0655086, 14.6485901 ], [ 79.0656209, 14.6433089 ], [ 79.0658456, 14.6403965 ], [ 79.0655985, 14.6389186 ], [ 79.0647898, 14.6373972 ], [ 79.0632786, 14.6358449 ], [ 79.0621985, 14.6342927 ], [ 79.0620044, 14.6333329 ], [ 79.0620087, 14.63118 ], [ 79.0621616, 14.6306378 ], [ 79.0629478, 14.6286599 ], [ 79.0641833, 14.6263777 ], [ 79.0646101, 14.6245302 ], [ 79.0644529, 14.6221176 ], [ 79.0648797, 14.6203787 ], [ 79.0659804, 14.6180529 ], [ 79.0680694, 14.6157054 ], [ 79.0696419, 14.6149664 ], [ 79.073573, 14.6138143 ], [ 79.0745838, 14.6129014 ], [ 79.0753026, 14.6116407 ], [ 79.07537, 14.6077715 ], [ 79.0743816, 14.6011633 ], [ 79.0739324, 14.5947723 ], [ 79.0731237, 14.5909028 ], [ 79.0730788, 14.5895985 ], [ 79.0736403, 14.5885985 ], [ 79.0746512, 14.5882507 ], [ 79.0760888, 14.588468 ], [ 79.0777736, 14.5885333 ], [ 79.0788743, 14.5878159 ], [ 79.0794583, 14.586642 ], [ 79.0794808, 14.5854246 ], [ 79.0786721, 14.5843811 ], [ 79.0736628, 14.5804244 ], [ 79.0724947, 14.5787722 ], [ 79.0723599, 14.5777069 ], [ 79.072607, 14.5768373 ], [ 79.0741795, 14.5749242 ], [ 79.0746287, 14.5733589 ], [ 79.0741121, 14.5716631 ], [ 79.0722701, 14.5680541 ], [ 79.0720904, 14.5669888 ], [ 79.0724049, 14.5659887 ], [ 79.0747186, 14.563445 ], [ 79.0753476, 14.5617274 ], [ 79.0766055, 14.5599011 ], [ 79.0768975, 14.5585748 ], [ 79.076628, 14.5568789 ], [ 79.0757968, 14.5544655 ], [ 79.0758642, 14.5502257 ], [ 79.0755273, 14.5473991 ], [ 79.075707, 14.5465076 ], [ 79.0765156, 14.5449204 ], [ 79.0767403, 14.5433549 ], [ 79.0764258, 14.5383321 ], [ 79.0769649, 14.5345268 ], [ 79.0810982, 14.5255897 ], [ 79.0816822, 14.5237413 ], [ 79.0816373, 14.5191965 ], [ 79.0819967, 14.5176743 ], [ 79.0850068, 14.5144123 ], [ 79.0855459, 14.5130858 ], [ 79.0856133, 14.5070402 ], [ 79.0846474, 14.5017556 ], [ 79.0837348, 14.4983971 ], [ 79.084407, 14.4952466 ], [ 79.086422, 14.4934696 ], [ 79.0886879, 14.4922446 ], [ 79.0910268, 14.4919538 ], [ 79.0928829, 14.4921823 ], [ 79.0941596, 14.4916837 ], [ 79.0979576, 14.4872586 ], [ 79.0993523, 14.4865314 ], [ 79.101423, 14.4866041 ], [ 79.1029251, 14.486521 ], [ 79.1039979, 14.4860017 ], [ 79.105854, 14.4832593 ], [ 79.1074741, 14.4810363 ], [ 79.1088152, 14.4798312 ], [ 79.1092862, 14.4792192 ], [ 79.1116476, 14.4745333 ] ] } },
{ "type": "Feature", "properties": { "element": "way", "id": 762626725, "name": null, "waterway": "river" }, "geometry": { "type": "LineString", "coordinates": [ [ 79.2853528, 14.2950605 ], [ 79.2858007, 14.294851 ], [ 79.2861921, 14.294534 ], [ 79.2865064, 14.2945465 ], [ 79.2870067, 14.2949381 ], [ 79.2874686, 14.2955659 ], [ 79.2882961, 14.2952427 ], [ 79.2888735, 14.2950189 ], [ 79.2893674, 14.2952738 ], [ 79.2896561, 14.2960943 ], [ 79.2896304, 14.2968402 ], [ 79.2897972, 14.2979094 ], [ 79.2900025, 14.2979219 ], [ 79.2902591, 14.2978535 ], [ 79.29083, 14.2977913 ], [ 79.2912406, 14.29781 ], [ 79.2913753, 14.2979219 ] ] } },
{ "type": "Feature", "properties": { "element": "way", "id": 1017202515, "name": null, "waterway": "river" }, "geometry": { "type": "LineString", "coordinates": [ [ 79.2774072, 14.0255596 ], [ 79.2770715, 14.0262806 ], [ 79.2767178, 14.0266714 ], [ 79.2761941, 14.026919 ], [ 79.2758986, 14.0269798 ], [ 79.2751779, 14.0272013 ], [ 79.274484, 14.0275878 ], [ 79.2744795, 14.0279527 ], [ 79.2747974, 14.0282263 ], [ 79.2752719, 14.0288864 ], [ 79.2756032, 14.028969 ], [ 79.2759076, 14.0290993 ], [ 79.2761583, 14.0291123 ], [ 79.2764448, 14.029286 ], [ 79.2764492, 14.0296943 ], [ 79.2769148, 14.0300113 ], [ 79.2772013, 14.0303588 ], [ 79.2773625, 14.0308756 ], [ 79.2774833, 14.0310971 ], [ 79.277649, 14.0314141 ], [ 79.2782533, 14.0316009 ], [ 79.2783697, 14.0323218 ], [ 79.2779041, 14.0325477 ], [ 79.2777878, 14.0327996 ], [ 79.2779041, 14.033286 ], [ 79.2786294, 14.0336334 ], [ 79.2788398, 14.0337246 ], [ 79.2793098, 14.0343804 ], [ 79.2791755, 14.0347409 ], [ 79.2792292, 14.0349776 ], [ 79.2789875, 14.0355791 ], [ 79.2788801, 14.0359005 ], [ 79.2789114, 14.0361741 ], [ 79.2791486, 14.0366257 ], [ 79.2792427, 14.0369167 ], [ 79.2791666, 14.0371426 ] ] } },
{ "type": "Feature", "properties": { "element": "way", "id": 1024421902, "name": null, "waterway": "river" }, "geometry": { "type": "LineString", "coordinates": [ [ 79.398601, 14.2963861 ], [ 79.3983221, 14.2964484 ], [ 79.3980431, 14.2965732 ], [ 79.3970132, 14.2972594 ], [ 79.3967986, 14.2973633 ], [ 79.3963909, 14.2975921 ], [ 79.3961549, 14.2976752 ], [ 79.3954682, 14.2981119 ], [ 79.3950176, 14.2982782 ], [ 79.3944812, 14.2983822 ], [ 79.3943095, 14.2985485 ], [ 79.3941593, 14.299006 ], [ 79.3939876, 14.2991931 ], [ 79.3932795, 14.2997545 ], [ 79.3927216, 14.2999832 ], [ 79.3922496, 14.3002535 ], [ 79.392035, 14.3003575 ], [ 79.3918419, 14.3005031 ], [ 79.3917131, 14.3006902 ], [ 79.3915844, 14.3009605 ], [ 79.3913054, 14.3013764 ], [ 79.3912196, 14.3016051 ], [ 79.391005, 14.3016675 ], [ 79.390769, 14.3016051 ], [ 79.39049, 14.3015427 ], [ 79.3900394, 14.3013971 ], [ 79.3897605, 14.3013348 ], [ 79.3882584, 14.3014803 ], [ 79.3880868, 14.301709 ], [ 79.3879151, 14.3024368 ], [ 79.3876576, 14.3024992 ], [ 79.3874001, 14.302416 ], [ 79.3868208, 14.3018962 ], [ 79.3866277, 14.3017506 ], [ 79.3864774, 14.3015843 ], [ 79.3862843, 14.3011268 ], [ 79.3859839, 14.2999417 ], [ 79.3858552, 14.2997545 ], [ 79.3856191, 14.2996506 ], [ 79.3853616, 14.2996298 ], [ 79.3851471, 14.2995466 ], [ 79.3837523, 14.2995674 ], [ 79.3831944, 14.2997129 ], [ 79.3827438, 14.2999209 ], [ 79.3822288, 14.300108 ], [ 79.3813276, 14.3002535 ], [ 79.3789673, 14.300212 ], [ 79.3787098, 14.3001912 ], [ 79.3779373, 14.3002328 ], [ 79.3777871, 14.3004407 ], [ 79.3777227, 14.3006902 ], [ 79.377594, 14.3008981 ], [ 79.3774009, 14.3010853 ], [ 79.3772077, 14.3011892 ], [ 79.3769502, 14.3012308 ], [ 79.3762207, 14.3015427 ], [ 79.3758344, 14.3015635 ], [ 79.3741607, 14.3020001 ], [ 79.3736672, 14.3020001 ], [ 79.3734312, 14.3018754 ], [ 79.3730879, 14.3015635 ], [ 79.3725514, 14.3015011 ], [ 79.3721437, 14.3018962 ], [ 79.3713069, 14.3020625 ], [ 79.3711138, 14.3022289 ], [ 79.3706417, 14.3024784 ], [ 79.3705773, 14.3027071 ], [ 79.3702984, 14.3027903 ], [ 79.369719, 14.3027903 ], [ 79.3694615, 14.3027695 ], [ 79.3690109, 14.3030398 ], [ 79.3689251, 14.3033101 ], [ 79.3689251, 14.3035804 ], [ 79.3691182, 14.3041002 ], [ 79.3696546, 14.3049943 ], [ 79.3706846, 14.3061586 ], [ 79.3708563, 14.3065745 ], [ 79.3708992, 14.3070527 ], [ 79.3706417, 14.307822 ], [ 79.3705129, 14.3080091 ], [ 79.3701696, 14.3082794 ], [ 79.3698907, 14.3084666 ], [ 79.3694186, 14.3088616 ], [ 79.369204, 14.3089864 ], [ 79.3690753, 14.3091735 ], [ 79.368968, 14.3093606 ], [ 79.3682599, 14.3101923 ], [ 79.3678951, 14.3108368 ], [ 79.3678951, 14.3112942 ], [ 79.3679809, 14.311523 ], [ 79.3678522, 14.3120635 ], [ 79.3676805, 14.3123546 ], [ 79.3673372, 14.3127497 ], [ 79.3666935, 14.3133318 ], [ 79.3658995, 14.3137685 ], [ 79.365642, 14.3138932 ], [ 79.3651271, 14.3139972 ], [ 79.3645048, 14.3141427 ], [ 79.36414, 14.3143298 ], [ 79.3638396, 14.3146833 ], [ 79.3630242, 14.3162011 ], [ 79.3627453, 14.3163258 ], [ 79.362359, 14.3167 ], [ 79.3622088, 14.3170119 ], [ 79.3621659, 14.3172614 ], [ 79.3621659, 14.3187792 ], [ 79.3622517, 14.3195692 ], [ 79.3622303, 14.3202137 ], [ 79.3620372, 14.3206711 ], [ 79.3614363, 14.3215028 ], [ 79.3609214, 14.3219602 ], [ 79.360621, 14.3224592 ], [ 79.3596983, 14.3230205 ], [ 79.359355, 14.3231037 ], [ 79.35884, 14.3234779 ], [ 79.3586683, 14.3237482 ], [ 79.3583894, 14.3244966 ], [ 79.3583035, 14.3248501 ], [ 79.3582606, 14.3255777 ], [ 79.3582392, 14.3293824 ], [ 79.358046, 14.3302348 ], [ 79.3577885, 14.3308792 ], [ 79.3577242, 14.3311911 ], [ 79.3574452, 14.3323138 ], [ 79.3549561, 14.335453 ], [ 79.3543339, 14.3358272 ], [ 79.3540549, 14.336139 ], [ 79.3536687, 14.3367627 ], [ 79.3535185, 14.3372201 ], [ 79.3533897, 14.3374696 ], [ 79.3531966, 14.3376983 ], [ 79.3527889, 14.3383843 ], [ 79.3525958, 14.3386753 ], [ 79.3517589, 14.3393614 ], [ 79.3514371, 14.3394238 ], [ 79.3512225, 14.3395693 ], [ 79.3508148, 14.3399227 ], [ 79.3504286, 14.3405256 ], [ 79.3501282, 14.3414611 ], [ 79.3499779, 14.3416274 ], [ 79.3495273, 14.3418561 ], [ 79.3492484, 14.3419392 ], [ 79.3486261, 14.3422719 ], [ 79.3483901, 14.342355 ], [ 79.3480682, 14.3425837 ], [ 79.347918, 14.3428955 ], [ 79.347682, 14.3437479 ], [ 79.3469095, 14.3454525 ], [ 79.3467808, 14.3456812 ], [ 79.3465018, 14.3459515 ], [ 79.3459224, 14.3462841 ], [ 79.3455148, 14.3464088 ], [ 79.3445492, 14.3464088 ], [ 79.3439698, 14.3461178 ], [ 79.3433904, 14.345993 ], [ 79.3429398, 14.3461801 ], [ 79.3427253, 14.3463672 ], [ 79.3425107, 14.3465128 ], [ 79.3423176, 14.3467622 ], [ 79.3422317, 14.3470117 ], [ 79.3421674, 14.3476769 ], [ 79.3423176, 14.3483006 ], [ 79.3417382, 14.3488411 ], [ 79.3404293, 14.3498389 ], [ 79.3401933, 14.3499636 ], [ 79.3399572, 14.3501091 ], [ 79.3390131, 14.3502962 ], [ 79.3387127, 14.3505249 ], [ 79.3384337, 14.3509615 ], [ 79.3382621, 14.3514396 ], [ 79.3376827, 14.3526453 ], [ 79.3370819, 14.3531442 ], [ 79.3362021, 14.3535807 ], [ 79.3351936, 14.3535392 ], [ 79.3343782, 14.3535392 ], [ 79.3341422, 14.3535807 ], [ 79.3339062, 14.3537055 ], [ 79.3336916, 14.3539133 ], [ 79.3335628, 14.354142 ], [ 79.3325329, 14.3551814 ], [ 79.3303227, 14.359235 ], [ 79.3278765, 14.3646812 ], [ 79.3269968, 14.3663441 ], [ 79.3266964, 14.3666767 ], [ 79.325881, 14.3677992 ], [ 79.3257522, 14.3682565 ], [ 79.3257093, 14.3687554 ], [ 79.3257951, 14.3692543 ], [ 79.3260955, 14.3696284 ], [ 79.326353, 14.3701273 ], [ 79.3265247, 14.3706262 ], [ 79.3266105, 14.3724969 ], [ 79.3265676, 14.3729958 ], [ 79.3270826, 14.3748249 ], [ 79.3271255, 14.3758227 ], [ 79.3269538, 14.3762384 ], [ 79.3264818, 14.3770282 ], [ 79.3261385, 14.3774439 ], [ 79.3257522, 14.3777765 ], [ 79.3254518, 14.3781507 ], [ 79.3244648, 14.3797719 ], [ 79.3244218, 14.3804786 ], [ 79.3242931, 14.381019 ], [ 79.3239927, 14.3815595 ], [ 79.3220615, 14.3846357 ], [ 79.3215465, 14.3847604 ], [ 79.3210744, 14.3847604 ], [ 79.3191003, 14.3853008 ], [ 79.3180275, 14.3854671 ], [ 79.3171262, 14.3857996 ], [ 79.3166542, 14.3861322 ], [ 79.3158388, 14.3870051 ], [ 79.3151521, 14.3879197 ], [ 79.314723, 14.3881275 ], [ 79.3143367, 14.3884185 ], [ 79.3130493, 14.389042 ], [ 79.312663, 14.3894162 ], [ 79.3124485, 14.3898734 ], [ 79.3123197, 14.3904138 ], [ 79.3122768, 14.3919103 ], [ 79.3123626, 14.3929911 ], [ 79.312191, 14.3934067 ], [ 79.3118047, 14.393864 ], [ 79.3113756, 14.3941134 ], [ 79.3109035, 14.394446 ], [ 79.3099165, 14.3949032 ], [ 79.3094444, 14.3950279 ], [ 79.3085861, 14.395693 ], [ 79.3082428, 14.3962334 ], [ 79.3069982, 14.3977714 ], [ 79.3068695, 14.3983118 ], [ 79.3068695, 14.3998497 ], [ 79.3067836, 14.4003485 ], [ 79.3061828, 14.4019697 ], [ 79.3060541, 14.4025516 ], [ 79.3057107, 14.4034245 ], [ 79.3044019, 14.4060639 ], [ 79.30408, 14.4070823 ], [ 79.3038654, 14.4074564 ], [ 79.3034792, 14.4084955 ], [ 79.3030929, 14.4099919 ], [ 79.3028783, 14.411322 ], [ 79.3029213, 14.4135665 ], [ 79.3029213, 14.4161435 ], [ 79.3033504, 14.4176813 ], [ 79.3042087, 14.4197595 ], [ 79.3045091, 14.4208817 ], [ 79.3046379, 14.4218377 ], [ 79.3044233, 14.4232508 ], [ 79.3039941, 14.4247055 ], [ 79.3038654, 14.4253289 ], [ 79.3037366, 14.4267836 ], [ 79.3037366, 14.4286954 ], [ 79.3038654, 14.4292773 ], [ 79.3043804, 14.4303995 ], [ 79.3047666, 14.4313969 ], [ 79.3055391, 14.4327685 ], [ 79.3059682, 14.4345971 ], [ 79.3060112, 14.4355115 ], [ 79.3058395, 14.4360518 ], [ 79.3056249, 14.4364674 ], [ 79.3054103, 14.4369245 ], [ 79.305067, 14.4373401 ], [ 79.3046379, 14.4375479 ], [ 79.3041229, 14.4378388 ], [ 79.3030071, 14.438296 ], [ 79.3021059, 14.4386285 ], [ 79.2994022, 14.4404571 ], [ 79.2981576, 14.4417039 ], [ 79.296441, 14.4443221 ], [ 79.2957544, 14.445278 ], [ 79.2943382, 14.4475221 ], [ 79.2901325, 14.4536311 ], [ 79.2899608, 14.4540467 ], [ 79.2881584, 14.4579945 ], [ 79.2873001, 14.4595737 ], [ 79.2865705, 14.4607372 ], [ 79.2862272, 14.4622332 ], [ 79.2831373, 14.4702948 ], [ 79.2830514, 14.4771927 ], [ 79.2842102, 14.4787301 ] ] } },
{ "type": "Feature", "properties": { "element": "way", "id": 1118013137, "name": null, "waterway": "stream" }, "geometry": { "type": "LineString", "coordinates": [ [ 79.0742071, 13.9088901 ], [ 79.0702588, 13.9082028 ], [ 79.0680702, 13.908057 ], [ 79.06689, 13.9074113 ], [ 79.0659888, 13.9058908 ], [ 79.0651305, 13.9054534 ], [ 79.0636284, 13.9055784 ], [ 79.0626414, 13.9049743 ], [ 79.0600235, 13.9050993 ], [ 79.0585, 13.9053076 ], [ 79.0572555, 13.9052034 ], [ 79.0565689, 13.9038079 ], [ 79.0560968, 13.9029747 ], [ 79.0552599, 13.9026831 ], [ 79.0551956, 13.9034122 ], [ 79.0551097, 13.904037 ], [ 79.0538437, 13.9043286 ], [ 79.050668, 13.9048494 ], [ 79.0488226, 13.9045786 ], [ 79.0468271, 13.903912 ], [ 79.0456469, 13.9010168 ], [ 79.0443809, 13.8994754 ], [ 79.0432436, 13.8995379 ], [ 79.0426428, 13.8995171 ], [ 79.0422137, 13.8983923 ], [ 79.0419776, 13.8971217 ], [ 79.0409691, 13.8963927 ], [ 79.0388234, 13.8957053 ], [ 79.0369995, 13.8963718 ], [ 79.0350897, 13.8976841 ], [ 79.0345104, 13.8981424 ], [ 79.0337379, 13.8979341 ], [ 79.031914, 13.8964343 ], [ 79.0295107, 13.894643 ], [ 79.0284593, 13.8942264 ], [ 79.0266783, 13.8946013 ], [ 79.0246613, 13.8951012 ], [ 79.0234487, 13.8952507 ], [ 79.0229311, 13.8949696 ], [ 79.022586, 13.8946825 ], [ 79.0222841, 13.8947064 ], [ 79.0222348, 13.8950115 ], [ 79.0223642, 13.8953524 ], [ 79.0222348, 13.8955438 ], [ 79.0216405, 13.8956145 ], [ 79.0213556, 13.8957433 ] ] } },
{ "type": "Feature", "properties": { "element": "way", "id": 1118013138, "name": null, "waterway": "stream" }, "geometry": { "type": "LineString", "coordinates": [ [ 79.0824993, 13.869293 ], [ 79.0815653, 13.8693111 ], [ 79.0807153, 13.8694562 ], [ 79.0800989, 13.8693021 ], [ 79.0796693, 13.8688577 ], [ 79.0800429, 13.8681958 ], [ 79.080295, 13.8674522 ], [ 79.0793424, 13.866618 ], [ 79.0777546, 13.8664911 ], [ 79.0767365, 13.8666361 ], [ 79.0752795, 13.8672981 ], [ 79.0747938, 13.867416 ], [ 79.0738785, 13.8670351 ], [ 79.0730098, 13.8667087 ], [ 79.07131, 13.866754 ], [ 79.0689656, 13.8665817 ], [ 79.0668268, 13.866881 ], [ 79.0648467, 13.8670895 ], [ 79.0639127, 13.8675157 ], [ 79.0628199, 13.8680779 ], [ 79.0618579, 13.8683318 ], [ 79.061475, 13.8688215 ], [ 79.0607091, 13.869157 ], [ 79.0598498, 13.869021 ], [ 79.0586263, 13.8681142 ], [ 79.056805, 13.8673616 ], [ 79.0555254, 13.8670351 ], [ 79.054498, 13.8663097 ], [ 79.054059, 13.8662009 ], [ 79.0529008, 13.8668356 ], [ 79.051668, 13.8672437 ], [ 79.0508367, 13.867688 ], [ 79.0504491, 13.8683681 ], [ 79.0510515, 13.8688849 ], [ 79.0518921, 13.8695015 ], [ 79.0517333, 13.8700275 ], [ 79.0506592, 13.8704083 ], [ 79.0499868, 13.8706713 ], [ 79.0496412, 13.8712244 ], [ 79.0478012, 13.8715055 ], [ 79.0462414, 13.8719951 ], [ 79.0451206, 13.8730379 ], [ 79.0443828, 13.8736001 ], [ 79.0435515, 13.8736273 ], [ 79.0428977, 13.8735457 ], [ 79.0412165, 13.8737542 ], [ 79.0396474, 13.8740081 ], [ 79.0379942, 13.8748695 ], [ 79.0359861, 13.8755315 ], [ 79.0345143, 13.8762493 ], [ 79.0336508, 13.8771976 ], [ 79.0333535, 13.8789568 ] ] } },
{ "type": "Feature", "properties": { "element": "way", "id": 1118013139, "name": null, "waterway": "stream" }, "geometry": { "type": "LineString", "coordinates": [ [ 79.0333535, 13.8789568 ], [ 79.0322819, 13.8796738 ], [ 79.0314363, 13.8801158 ], [ 79.0301516, 13.8797685 ], [ 79.0287443, 13.8793463 ], [ 79.0281558, 13.879174 ], [ 79.0276235, 13.8793145 ], [ 79.0256901, 13.8804253 ], [ 79.0246907, 13.8811235 ], [ 79.0234345, 13.8817128 ], [ 79.022239, 13.8827692 ], [ 79.0215766, 13.8833315 ], [ 79.0210564, 13.8840599 ], [ 79.0205857, 13.884802 ], [ 79.0204653, 13.8852967 ], [ 79.0204229, 13.8861866 ], [ 79.020483, 13.8867844 ], [ 79.0203025, 13.8878186 ], [ 79.0201822, 13.8883683 ], [ 79.0204052, 13.888997 ], [ 79.0203981, 13.8899006 ], [ 79.0206246, 13.8910069 ], [ 79.0210634, 13.8921751 ], [ 79.0210493, 13.8934256 ], [ 79.0210422, 13.8945938 ], [ 79.0210705, 13.8952946 ], [ 79.0213556, 13.8957433 ], [ 79.0213276, 13.8960364 ], [ 79.0212666, 13.8967192 ], [ 79.0211365, 13.8971691 ], [ 79.0208316, 13.8973703 ], [ 79.0200958, 13.8973111 ], [ 79.0185793, 13.8969007 ], [ 79.0172296, 13.8966481 ], [ 79.0157335, 13.8966087 ], [ 79.0144488, 13.8964192 ], [ 79.0131885, 13.8961154 ], [ 79.0124649, 13.89548 ], [ 79.0118957, 13.8948683 ], [ 79.0114485, 13.8945091 ], [ 79.0108427, 13.8944263 ], [ 79.0086758, 13.8946117 ], [ 79.0072204, 13.8950143 ], [ 79.0062325, 13.8956536 ], [ 79.0050047, 13.8967231 ], [ 79.0046063, 13.8973822 ], [ 79.0038786, 13.8977334 ], [ 79.0035439, 13.8977434 ], [ 79.0025968, 13.8978014 ], [ 79.0018083, 13.8982049 ], [ 79.000825, 13.8990769 ] ] } },
{ "type": "Feature", "properties": { "element": "way", "id": 1118013140, "name": null, "waterway": "stream" }, "geometry": { "type": "LineString", "coordinates": [ [ 79.0571626, 13.8884038 ], [ 79.0556177, 13.8869199 ], [ 79.0537476, 13.8863832 ], [ 79.0523816, 13.8855938 ], [ 79.0511945, 13.8840152 ], [ 79.049487, 13.8835258 ], [ 79.0480559, 13.8826101 ], [ 79.0472266, 13.8810788 ], [ 79.0444783, 13.8804315 ], [ 79.0411121, 13.8797843 ], [ 79.0381199, 13.8797527 ], [ 79.0359734, 13.8799895 ], [ 79.0352741, 13.8801316 ], [ 79.0333535, 13.8789568 ] ] } },
{ "type": "Feature", "properties": { "element": "way", "id": 1165460472, "name": "Gunjana", "waterway": "river" }, "geometry": { "type": "LineString", "coordinates": [ [ 79.4281482, 13.9709267 ], [ 79.4269037, 13.9689277 ], [ 79.4259595, 13.968428 ], [ 79.4251012, 13.9671369 ], [ 79.4241571, 13.9669287 ], [ 79.4232988, 13.9664289 ], [ 79.4220972, 13.9642217 ], [ 79.4209384, 13.9631805 ], [ 79.4207668, 13.9612231 ], [ 79.4192218, 13.9600569 ], [ 79.4177198, 13.9588075 ], [ 79.4160461, 13.9586825 ], [ 79.4153165, 13.9579745 ], [ 79.4133853, 13.9568917 ], [ 79.4097375, 13.9548509 ], [ 79.4048023, 13.9514773 ], [ 79.4021844, 13.9508109 ], [ 79.4000816, 13.9498946 ], [ 79.398837, 13.9463544 ], [ 79.3980646, 13.945688 ], [ 79.3952751, 13.9461461 ], [ 79.3939018, 13.9461461 ], [ 79.3916273, 13.9445218 ], [ 79.3903398, 13.9436054 ], [ 79.3871641, 13.9437721 ], [ 79.3847608, 13.9449383 ], [ 79.3805551, 13.9453131 ], [ 79.3769073, 13.9459795 ], [ 79.3724441, 13.9466876 ], [ 79.3632173, 13.9437721 ], [ 79.3615007, 13.9438554 ], [ 79.3586254, 13.9469791 ], [ 79.3579387, 13.9497697 ], [ 79.3574237, 13.953893 ], [ 79.3555355, 13.9566001 ], [ 79.3548488, 13.9584326 ], [ 79.3548059, 13.9603485 ], [ 79.3547684, 13.9618061 ], [ 79.3531999, 13.9638334 ], [ 79.3522384, 13.9647433 ], [ 79.3515268, 13.9658553 ], [ 79.350686, 13.9727175 ], [ 79.3483257, 13.9762157 ], [ 79.350214, 13.9803801 ], [ 79.3498525, 13.9824888 ], [ 79.3501281, 13.9866683 ], [ 79.349184, 13.9895833 ], [ 79.3484115, 13.9909575 ], [ 79.3490552, 13.9925399 ], [ 79.3511581, 13.9921235 ], [ 79.3531751, 13.9923733 ], [ 79.3554496, 13.9947053 ], [ 79.3551063, 13.9969539 ], [ 79.3573379, 14.0012013 ], [ 79.3595695, 14.0022423 ], [ 79.3617582, 14.0024921 ], [ 79.3624019, 14.0031168 ], [ 79.3625307, 14.0047407 ], [ 79.3615436, 14.0061981 ], [ 79.3604586, 14.0068122 ], [ 79.3584537, 14.007947 ], [ 79.3584966, 14.0098623 ], [ 79.3592261, 14.0121108 ], [ 79.3586683, 14.0139845 ], [ 79.3564796, 14.0153586 ], [ 79.3565113, 14.0157999 ], [ 79.3565225, 14.0170657 ], [ 79.3578958, 14.0187728 ], [ 79.3587112, 14.0199387 ], [ 79.3578528, 14.02277 ], [ 79.3538188, 14.0236027 ], [ 79.353218, 14.0275165 ], [ 79.3545913, 14.030431 ], [ 79.3563937, 14.033512 ], [ 79.3552779, 14.0353439 ], [ 79.3523597, 14.0359267 ], [ 79.3525313, 14.039424 ], [ 79.3524455, 14.0438371 ], [ 79.3570804, 14.0527463 ], [ 79.3591403, 14.0574922 ], [ 79.358282, 14.0599067 ], [ 79.3556213, 14.062238 ], [ 79.3549346, 14.0645692 ], [ 79.3553638, 14.0674832 ], [ 79.3546771, 14.0729781 ], [ 79.3509864, 14.0773905 ], [ 79.3475532, 14.0794718 ], [ 79.3473815, 14.0824689 ], [ 79.3454932, 14.0855492 ], [ 79.3456649, 14.0886294 ], [ 79.3463515, 14.0911268 ], [ 79.3433475, 14.0950395 ], [ 79.3454932, 14.1007002 ], [ 79.3448924, 14.1046959 ], [ 79.3463515, 14.1065272 ], [ 79.3443774, 14.1094407 ], [ 79.342575, 14.1119379 ], [ 79.3426823, 14.1139148 ], [ 79.3433046, 14.1170154 ], [ 79.3421459, 14.1194294 ], [ 79.3412447, 14.1220305 ], [ 79.3419957, 14.1272328 ], [ 79.3434334, 14.1313528 ], [ 79.3464589, 14.1344533 ], [ 79.3484974, 14.1374496 ], [ 79.3461593, 14.1471182 ], [ 79.3440127, 14.1501628 ], [ 79.340558, 14.1518273 ], [ 79.338773, 14.1539548 ], [ 79.3381119, 14.1579443 ], [ 79.339571, 14.161731 ], [ 79.3384766, 14.1645605 ], [ 79.3344426, 14.1672132 ], [ 79.3317282, 14.1691272 ], [ 79.3272328, 14.1709788 ], [ 79.3245828, 14.1722895 ], [ 79.3226194, 14.1737979 ], [ 79.3220293, 14.1751502 ], [ 79.3221152, 14.1779067 ], [ 79.322201, 14.179311 ], [ 79.3218791, 14.1803512 ], [ 79.3203127, 14.1818594 ], [ 79.3198407, 14.1827332 ], [ 79.3200445, 14.1837318 ], [ 79.320817, 14.1851984 ], [ 79.3222225, 14.1867379 ], [ 79.324336, 14.1879236 ], [ 79.3249476, 14.1879574 ], [ 79.3263343, 14.1884801 ], [ 79.3268627, 14.1896711 ], [ 79.3262351, 14.1910545 ], [ 79.32513, 14.1925887 ], [ 79.3247652, 14.1937536 ], [ 79.3245721, 14.1950434 ], [ 79.3239444, 14.1957507 ], [ 79.3232202, 14.196328 ], [ 79.3217343, 14.1968532 ], [ 79.3205488, 14.1972225 ], [ 79.3171585, 14.1990947 ], [ 79.3136072, 14.2009876 ], [ 79.3103671, 14.2024022 ], [ 79.3065047, 14.2039311 ], [ 79.3054318, 14.205772 ], [ 79.3052816, 14.2079874 ], [ 79.3042946, 14.2088818 ], [ 79.3014514, 14.2098075 ], [ 79.2972565, 14.2104107 ], [ 79.294424, 14.211534 ], [ 79.2936087, 14.2140301 ], [ 79.2931259, 14.217379 ], [ 79.292289, 14.2201454 ], [ 79.2926001, 14.2227558 ], [ 79.2928362, 14.2242742 ], [ 79.2928147, 14.225127 ], [ 79.292407, 14.225855 ], [ 79.2899716, 14.226531 ], [ 79.2882657, 14.2269678 ], [ 79.2866886, 14.2270718 ], [ 79.2850256, 14.228195 ], [ 79.2830837, 14.2299005 ], [ 79.2809164, 14.2299837 ], [ 79.2798221, 14.2299213 ], [ 79.2782289, 14.2293961 ], [ 79.2759919, 14.228117 ], [ 79.2753643, 14.2275554 ], [ 79.2746401, 14.226999 ], [ 79.2734867, 14.2266038 ], [ 79.2727035, 14.2268066 ], [ 79.2719096, 14.2275918 ], [ 79.2702037, 14.2296145 ], [ 79.267779, 14.2315384 ], [ 79.2661428, 14.232672 ], [ 79.2653274, 14.2335144 ], [ 79.2648715, 14.2345699 ], [ 79.2650539, 14.2357138 ], [ 79.2656439, 14.2381213 ], [ 79.2661536, 14.2388804 ], [ 79.2674142, 14.2397436 ], [ 79.2683691, 14.2404871 ], [ 79.2686427, 14.2409447 ], [ 79.2684764, 14.2414334 ], [ 79.2676502, 14.2419118 ], [ 79.2664003, 14.2423589 ], [ 79.2644745, 14.2424629 ], [ 79.2629027, 14.2423329 ], [ 79.2609286, 14.2422861 ], [ 79.2592925, 14.2425461 ], [ 79.2585576, 14.2431857 ], [ 79.2586654, 14.2440254 ], [ 79.2587078, 14.2443555 ], [ 79.2598718, 14.2454474 ], [ 79.2603224, 14.2462274 ], [ 79.2604083, 14.2469241 ], [ 79.2600596, 14.247678 ], [ 79.2592281, 14.2482291 ], [ 79.2580426, 14.248068 ], [ 79.2573184, 14.2482915 ], [ 79.2562777, 14.2492066 ], [ 79.2552584, 14.2500645 ], [ 79.2544377, 14.2503557 ], [ 79.2535526, 14.2506884 ], [ 79.2527533, 14.2513332 ], [ 79.2522383, 14.2521287 ], [ 79.2520344, 14.2528825 ], [ 79.2518306, 14.2540784 ], [ 79.2516428, 14.2550818 ], [ 79.2516911, 14.2556953 ], [ 79.2519432, 14.2561269 ], [ 79.2525011, 14.256392 ], [ 79.2532146, 14.2562621 ], [ 79.2542124, 14.2562205 ], [ 79.2550868, 14.2571927 ], [ 79.255414, 14.258113 ], [ 79.2554194, 14.2586797 ], [ 79.2549205, 14.2602966 ], [ 79.2538744, 14.2619447 ], [ 79.2530912, 14.2633433 ], [ 79.2529249, 14.2641023 ], [ 79.2531609, 14.2648458 ], [ 79.2542231, 14.2656932 ], [ 79.2547864, 14.26613 ], [ 79.2549527, 14.266785 ], [ 79.2546093, 14.2686463 ], [ 79.2545396, 14.2695457 ], [ 79.2550439, 14.2701435 ], [ 79.256975, 14.2716252 ], [ 79.2575222, 14.2724674 ], [ 79.2579889, 14.2738451 ], [ 79.2586809, 14.2747029 ], [ 79.2598611, 14.2755295 ], [ 79.2603117, 14.2759194 ], [ 79.2614436, 14.2758207 ], [ 79.2635089, 14.2754775 ], [ 79.2650217, 14.275202 ], [ 79.266336, 14.2754204 ], [ 79.2669529, 14.2757063 ], [ 79.2669958, 14.2760858 ], [ 79.2667276, 14.276824 ], [ 79.2667276, 14.2778014 ], [ 79.2669368, 14.2782485 ], [ 79.2677414, 14.2785604 ], [ 79.2690718, 14.2789919 ], [ 79.2698067, 14.2789711 ], [ 79.2703217, 14.2788203 ], [ 79.2707455, 14.2788983 ], [ 79.2711961, 14.2793402 ], [ 79.2717755, 14.2797197 ], [ 79.2723173, 14.2797353 ], [ 79.2728537, 14.2795741 ], [ 79.2733312, 14.2796209 ], [ 79.2736638, 14.2801304 ], [ 79.2738676, 14.2805203 ], [ 79.2742592, 14.2807958 ], [ 79.2749619, 14.2808738 ], [ 79.2756754, 14.2813521 ], [ 79.2760992, 14.28182 ], [ 79.2768395, 14.2820331 ], [ 79.2780948, 14.2821475 ], [ 79.2789584, 14.2826049 ], [ 79.2797953, 14.2832132 ], [ 79.2804873, 14.2834991 ], [ 79.2812866, 14.2843933 ], [ 79.2818284, 14.2853758 ], [ 79.2828101, 14.2859164 ], [ 79.2833412, 14.2864779 ], [ 79.2839366, 14.286587 ], [ 79.2844999, 14.286743 ], [ 79.2848754, 14.2874084 ], [ 79.2853475, 14.2886924 ], [ 79.2852026, 14.2893734 ], [ 79.2849934, 14.2899089 ], [ 79.2848861, 14.2904807 ], [ 79.2842746, 14.2906471 ], [ 79.2838722, 14.2909382 ], [ 79.2837542, 14.2914008 ], [ 79.2840332, 14.2925341 ], [ 79.2840761, 14.2936569 ], [ 79.2845535, 14.2940416 ], [ 79.2850739, 14.2942495 ], [ 79.2852348, 14.2946342 ], [ 79.2853528, 14.2950605 ], [ 79.2850953, 14.2956843 ], [ 79.2851865, 14.2962509 ], [ 79.2854547, 14.2970566 ], [ 79.2852509, 14.2977844 ], [ 79.2847413, 14.2986941 ], [ 79.2844623, 14.2998377 ], [ 79.2843765, 14.3020261 ], [ 79.2839581, 14.303544 ], [ 79.2838025, 14.3051138 ], [ 79.2837757, 14.3069019 ], [ 79.2836588, 14.308409 ], [ 79.2836791, 14.3095997 ], [ 79.2837971, 14.3103638 ], [ 79.2835772, 14.3112682 ], [ 79.2836094, 14.3128328 ], [ 79.283486, 14.3137425 ], [ 79.2831266, 14.3142466 ], [ 79.2821288, 14.3147145 ], [ 79.281705, 14.3150939 ], [ 79.2816782, 14.3155513 ], [ 79.2817479, 14.3160555 ], [ 79.2816514, 14.316331 ], [ 79.2813992, 14.3166169 ], [ 79.2806697, 14.316804 ], [ 79.2795002, 14.3169755 ], [ 79.2792213, 14.3172094 ], [ 79.2791408, 14.3177032 ], [ 79.2793661, 14.3184153 ], [ 79.27957, 14.3190338 ], [ 79.2794466, 14.3196316 ], [ 79.2790067, 14.3200682 ], [ 79.2779446, 14.3207959 ], [ 79.2761421, 14.3218926 ], [ 79.27486, 14.3225059 ], [ 79.2731541, 14.3227606 ], [ 79.271062, 14.3230153 ], [ 79.2704827, 14.3233791 ], [ 79.2700642, 14.3240288 ], [ 79.2700213, 14.3247201 ], [ 79.2701715, 14.3257648 ], [ 79.2700696, 14.3263418 ], [ 79.2694634, 14.3270019 ], [ 79.2689645, 14.3275892 ], [ 79.2686748, 14.3285559 ], [ 79.2681223, 14.3295331 ], [ 79.2676717, 14.3305466 ], [ 79.2675537, 14.3316744 ], [ 79.2675912, 14.3327347 ], [ 79.2678595, 14.3336235 ], [ 79.2682511, 14.3349124 ], [ 79.2681599, 14.3357077 ], [ 79.2678648, 14.3370746 ], [ 79.2680526, 14.3383271 ], [ 79.2684764, 14.3396005 ], [ 79.2685568, 14.3400994 ], [ 79.2684549, 14.3406295 ], [ 79.2679077, 14.3412792 ], [ 79.2667276, 14.3422926 ], [ 79.2656654, 14.343805 ], [ 79.265365, 14.3447821 ], [ 79.2655098, 14.3456656 ], [ 79.2654669, 14.3461178 ], [ 79.2649144, 14.3466739 ], [ 79.2633158, 14.3475314 ], [ 79.260698, 14.3487891 ], [ 79.2589438, 14.350239 ], [ 79.257372, 14.3512733 ], [ 79.2557573, 14.3518449 ], [ 79.2533004, 14.3532429 ], [ 79.251616, 14.3544642 ], [ 79.2497277, 14.3557686 ], [ 79.2476678, 14.357203 ], [ 79.2412626, 14.3604199 ], [ 79.2374926, 14.3620603 ], [ 79.2303956, 14.3637863 ] ] } },
{ "type": "Feature", "properties": { "element": "way", "id": 1165460472, "name": "Gunjana", "waterway": "river" }, "geometry": { "type": "LineString", "coordinates": [ [ 79.4281482, 13.9709267 ], [ 79.4269037, 13.9689277 ], [ 79.4259595, 13.968428 ], [ 79.4251012, 13.9671369 ], [ 79.4241571, 13.9669287 ], [ 79.4232988, 13.9664289 ], [ 79.4220972, 13.9642217 ], [ 79.4209384, 13.9631805 ], [ 79.4207668, 13.9612231 ], [ 79.4192218, 13.9600569 ], [ 79.4177198, 13.9588075 ], [ 79.4160461, 13.9586825 ], [ 79.4153165, 13.9579745 ], [ 79.4133853, 13.9568917 ], [ 79.4097375, 13.9548509 ], [ 79.4048023, 13.9514773 ], [ 79.4021844, 13.9508109 ], [ 79.4000816, 13.9498946 ], [ 79.398837, 13.9463544 ], [ 79.3980646, 13.945688 ], [ 79.3952751, 13.9461461 ], [ 79.3939018, 13.9461461 ], [ 79.3916273, 13.9445218 ], [ 79.3903398, 13.9436054 ], [ 79.3871641, 13.9437721 ], [ 79.3847608, 13.9449383 ], [ 79.3805551, 13.9453131 ], [ 79.3769073, 13.9459795 ], [ 79.3724441, 13.9466876 ], [ 79.3632173, 13.9437721 ], [ 79.3615007, 13.9438554 ], [ 79.3586254, 13.9469791 ], [ 79.3579387, 13.9497697 ], [ 79.3574237, 13.953893 ], [ 79.3555355, 13.9566001 ], [ 79.3548488, 13.9584326 ], [ 79.3548059, 13.9603485 ], [ 79.3547684, 13.9618061 ], [ 79.3531999, 13.9638334 ], [ 79.3522384, 13.9647433 ], [ 79.3515268, 13.9658553 ], [ 79.350686, 13.9727175 ], [ 79.3483257, 13.9762157 ], [ 79.350214, 13.9803801 ], [ 79.3498525, 13.9824888 ], [ 79.3501281, 13.9866683 ], [ 79.349184, 13.9895833 ], [ 79.3484115, 13.9909575 ], [ 79.3490552, 13.9925399 ], [ 79.3511581, 13.9921235 ], [ 79.3531751, 13.9923733 ], [ 79.3554496, 13.9947053 ], [ 79.3551063, 13.9969539 ], [ 79.3573379, 14.0012013 ], [ 79.3595695, 14.0022423 ], [ 79.3617582, 14.0024921 ], [ 79.3624019, 14.0031168 ], [ 79.3625307, 14.0047407 ], [ 79.3615436, 14.0061981 ], [ 79.3604586, 14.0068122 ], [ 79.3584537, 14.007947 ], [ 79.3584966, 14.0098623 ], [ 79.3592261, 14.0121108 ], [ 79.3586683, 14.0139845 ], [ 79.3564796, 14.0153586 ], [ 79.3565113, 14.0157999 ], [ 79.3565225, 14.0170657 ], [ 79.3578958, 14.0187728 ], [ 79.3587112, 14.0199387 ], [ 79.3578528, 14.02277 ], [ 79.3538188, 14.0236027 ], [ 79.353218, 14.0275165 ], [ 79.3545913, 14.030431 ], [ 79.3563937, 14.033512 ], [ 79.3552779, 14.0353439 ], [ 79.3523597, 14.0359267 ], [ 79.3525313, 14.039424 ], [ 79.3524455, 14.0438371 ], [ 79.3570804, 14.0527463 ], [ 79.3591403, 14.0574922 ], [ 79.358282, 14.0599067 ], [ 79.3556213, 14.062238 ], [ 79.3549346, 14.0645692 ], [ 79.3553638, 14.0674832 ], [ 79.3546771, 14.0729781 ], [ 79.3509864, 14.0773905 ], [ 79.3475532, 14.0794718 ], [ 79.3473815, 14.0824689 ], [ 79.3454932, 14.0855492 ], [ 79.3456649, 14.0886294 ], [ 79.3463515, 14.0911268 ], [ 79.3433475, 14.0950395 ], [ 79.3454932, 14.1007002 ], [ 79.3448924, 14.1046959 ], [ 79.3463515, 14.1065272 ], [ 79.3443774, 14.1094407 ], [ 79.342575, 14.1119379 ], [ 79.3426823, 14.1139148 ], [ 79.3433046, 14.1170154 ], [ 79.3421459, 14.1194294 ], [ 79.3412447, 14.1220305 ], [ 79.3419957, 14.1272328 ], [ 79.3434334, 14.1313528 ], [ 79.3464589, 14.1344533 ], [ 79.3484974, 14.1374496 ], [ 79.3461593, 14.1471182 ], [ 79.3440127, 14.1501628 ], [ 79.340558, 14.1518273 ], [ 79.338773, 14.1539548 ], [ 79.3381119, 14.1579443 ], [ 79.339571, 14.161731 ], [ 79.3384766, 14.1645605 ], [ 79.3344426, 14.1672132 ], [ 79.3317282, 14.1691272 ], [ 79.3272328, 14.1709788 ], [ 79.3245828, 14.1722895 ], [ 79.3226194, 14.1737979 ], [ 79.3220293, 14.1751502 ], [ 79.3221152, 14.1779067 ], [ 79.322201, 14.179311 ], [ 79.3218791, 14.1803512 ], [ 79.3203127, 14.1818594 ], [ 79.3198407, 14.1827332 ], [ 79.3200445, 14.1837318 ], [ 79.320817, 14.1851984 ], [ 79.3222225, 14.1867379 ], [ 79.324336, 14.1879236 ], [ 79.3249476, 14.1879574 ], [ 79.3263343, 14.1884801 ], [ 79.3268627, 14.1896711 ], [ 79.3262351, 14.1910545 ], [ 79.32513, 14.1925887 ], [ 79.3247652, 14.1937536 ], [ 79.3245721, 14.1950434 ], [ 79.3239444, 14.1957507 ], [ 79.3232202, 14.196328 ], [ 79.3217343, 14.1968532 ], [ 79.3205488, 14.1972225 ], [ 79.3171585, 14.1990947 ], [ 79.3136072, 14.2009876 ], [ 79.3103671, 14.2024022 ], [ 79.3065047, 14.2039311 ], [ 79.3054318, 14.205772 ], [ 79.3052816, 14.2079874 ], [ 79.3042946, 14.2088818 ], [ 79.3014514, 14.2098075 ], [ 79.2972565, 14.2104107 ], [ 79.294424, 14.211534 ], [ 79.2936087, 14.2140301 ], [ 79.2931259, 14.217379 ], [ 79.292289, 14.2201454 ], [ 79.2926001, 14.2227558 ], [ 79.2928362, 14.2242742 ], [ 79.2928147, 14.225127 ], [ 79.292407, 14.225855 ], [ 79.2899716, 14.226531 ], [ 79.2882657, 14.2269678 ], [ 79.2866886, 14.2270718 ], [ 79.2850256, 14.228195 ], [ 79.2830837, 14.2299005 ], [ 79.2809164, 14.2299837 ], [ 79.2798221, 14.2299213 ], [ 79.2782289, 14.2293961 ], [ 79.2759919, 14.228117 ], [ 79.2753643, 14.2275554 ], [ 79.2746401, 14.226999 ], [ 79.2734867, 14.2266038 ], [ 79.2727035, 14.2268066 ], [ 79.2719096, 14.2275918 ], [ 79.2702037, 14.2296145 ], [ 79.267779, 14.2315384 ], [ 79.2661428, 14.232672 ], [ 79.2653274, 14.2335144 ], [ 79.2648715, 14.2345699 ], [ 79.2650539, 14.2357138 ], [ 79.2656439, 14.2381213 ], [ 79.2661536, 14.2388804 ], [ 79.2674142, 14.2397436 ], [ 79.2683691, 14.2404871 ], [ 79.2686427, 14.2409447 ], [ 79.2684764, 14.2414334 ], [ 79.2676502, 14.2419118 ], [ 79.2664003, 14.2423589 ], [ 79.2644745, 14.2424629 ], [ 79.2629027, 14.2423329 ], [ 79.2609286, 14.2422861 ], [ 79.2592925, 14.2425461 ], [ 79.2585576, 14.2431857 ], [ 79.2586654, 14.2440254 ], [ 79.2587078, 14.2443555 ], [ 79.2598718, 14.2454474 ], [ 79.2603224, 14.2462274 ], [ 79.2604083, 14.2469241 ], [ 79.2600596, 14.247678 ], [ 79.2592281, 14.2482291 ], [ 79.2580426, 14.248068 ], [ 79.2573184, 14.2482915 ], [ 79.2562777, 14.2492066 ], [ 79.2552584, 14.2500645 ], [ 79.2544377, 14.2503557 ], [ 79.2535526, 14.2506884 ], [ 79.2527533, 14.2513332 ], [ 79.2522383, 14.2521287 ], [ 79.2520344, 14.2528825 ], [ 79.2518306, 14.2540784 ], [ 79.2516428, 14.2550818 ], [ 79.2516911, 14.2556953 ], [ 79.2519432, 14.2561269 ], [ 79.2525011, 14.256392 ], [ 79.2532146, 14.2562621 ], [ 79.2542124, 14.2562205 ], [ 79.2550868, 14.2571927 ], [ 79.255414, 14.258113 ], [ 79.2554194, 14.2586797 ], [ 79.2549205, 14.2602966 ], [ 79.2538744, 14.2619447 ], [ 79.2530912, 14.2633433 ], [ 79.2529249, 14.2641023 ], [ 79.2531609, 14.2648458 ], [ 79.2542231, 14.2656932 ], [ 79.2547864, 14.26613 ], [ 79.2549527, 14.266785 ], [ 79.2546093, 14.2686463 ], [ 79.2545396, 14.2695457 ], [ 79.2550439, 14.2701435 ], [ 79.256975, 14.2716252 ], [ 79.2575222, 14.2724674 ], [ 79.2579889, 14.2738451 ], [ 79.2586809, 14.2747029 ], [ 79.2598611, 14.2755295 ], [ 79.2603117, 14.2759194 ], [ 79.2614436, 14.2758207 ], [ 79.2635089, 14.2754775 ], [ 79.2650217, 14.275202 ], [ 79.266336, 14.2754204 ], [ 79.2669529, 14.2757063 ], [ 79.2669958, 14.2760858 ], [ 79.2667276, 14.276824 ], [ 79.2667276, 14.2778014 ], [ 79.2669368, 14.2782485 ], [ 79.2677414, 14.2785604 ], [ 79.2690718, 14.2789919 ], [ 79.2698067, 14.2789711 ], [ 79.2703217, 14.2788203 ], [ 79.2707455, 14.2788983 ], [ 79.2711961, 14.2793402 ], [ 79.2717755, 14.2797197 ], [ 79.2723173, 14.2797353 ], [ 79.2728537, 14.2795741 ], [ 79.2733312, 14.2796209 ], [ 79.2736638, 14.2801304 ], [ 79.2738676, 14.2805203 ], [ 79.2742592, 14.2807958 ], [ 79.2749619, 14.2808738 ], [ 79.2756754, 14.2813521 ], [ 79.2760992, 14.28182 ], [ 79.2768395, 14.2820331 ], [ 79.2780948, 14.2821475 ], [ 79.2789584, 14.2826049 ], [ 79.2797953, 14.2832132 ], [ 79.2804873, 14.2834991 ], [ 79.2812866, 14.2843933 ], [ 79.2818284, 14.2853758 ], [ 79.2828101, 14.2859164 ], [ 79.2833412, 14.2864779 ], [ 79.2839366, 14.286587 ], [ 79.2844999, 14.286743 ], [ 79.2848754, 14.2874084 ], [ 79.2853475, 14.2886924 ], [ 79.2852026, 14.2893734 ], [ 79.2849934, 14.2899089 ], [ 79.2848861, 14.2904807 ], [ 79.2842746, 14.2906471 ], [ 79.2838722, 14.2909382 ], [ 79.2837542, 14.2914008 ], [ 79.2840332, 14.2925341 ], [ 79.2840761, 14.2936569 ], [ 79.2845535, 14.2940416 ], [ 79.2850739, 14.2942495 ], [ 79.2852348, 14.2946342 ], [ 79.2853528, 14.2950605 ], [ 79.2850953, 14.2956843 ], [ 79.2851865, 14.2962509 ], [ 79.2854547, 14.2970566 ], [ 79.2852509, 14.2977844 ], [ 79.2847413, 14.2986941 ], [ 79.2844623, 14.2998377 ], [ 79.2843765, 14.3020261 ], [ 79.2839581, 14.303544 ], [ 79.2838025, 14.3051138 ], [ 79.2837757, 14.3069019 ], [ 79.2836588, 14.308409 ], [ 79.2836791, 14.3095997 ], [ 79.2837971, 14.3103638 ], [ 79.2835772, 14.3112682 ], [ 79.2836094, 14.3128328 ], [ 79.283486, 14.3137425 ], [ 79.2831266, 14.3142466 ], [ 79.2821288, 14.3147145 ], [ 79.281705, 14.3150939 ], [ 79.2816782, 14.3155513 ], [ 79.2817479, 14.3160555 ], [ 79.2816514, 14.316331 ], [ 79.2813992, 14.3166169 ], [ 79.2806697, 14.316804 ], [ 79.2795002, 14.3169755 ], [ 79.2792213, 14.3172094 ], [ 79.2791408, 14.3177032 ], [ 79.2793661, 14.3184153 ], [ 79.27957, 14.3190338 ], [ 79.2794466, 14.3196316 ], [ 79.2790067, 14.3200682 ], [ 79.2779446, 14.3207959 ], [ 79.2761421, 14.3218926 ], [ 79.27486, 14.3225059 ], [ 79.2731541, 14.3227606 ], [ 79.271062, 14.3230153 ], [ 79.2704827, 14.3233791 ], [ 79.2700642, 14.3240288 ], [ 79.2700213, 14.3247201 ], [ 79.2701715, 14.3257648 ], [ 79.2700696, 14.3263418 ], [ 79.2694634, 14.3270019 ], [ 79.2689645, 14.3275892 ], [ 79.2686748, 14.3285559 ], [ 79.2681223, 14.3295331 ], [ 79.2676717, 14.3305466 ], [ 79.2675537, 14.3316744 ], [ 79.2675912, 14.3327347 ], [ 79.2678595, 14.3336235 ], [ 79.2682511, 14.3349124 ], [ 79.2681599, 14.3357077 ], [ 79.2678648, 14.3370746 ], [ 79.2680526, 14.3383271 ], [ 79.2684764, 14.3396005 ], [ 79.2685568, 14.3400994 ], [ 79.2684549, 14.3406295 ], [ 79.2679077, 14.3412792 ], [ 79.2667276, 14.3422926 ], [ 79.2656654, 14.343805 ], [ 79.265365, 14.3447821 ], [ 79.2655098, 14.3456656 ], [ 79.2654669, 14.3461178 ], [ 79.2649144, 14.3466739 ], [ 79.2633158, 14.3475314 ], [ 79.260698, 14.3487891 ], [ 79.2589438, 14.350239 ], [ 79.257372, 14.3512733 ], [ 79.2557573, 14.3518449 ], [ 79.2533004, 14.3532429 ], [ 79.251616, 14.3544642 ], [ 79.2497277, 14.3557686 ], [ 79.2476678, 14.357203 ], [ 79.2412626, 14.3604199 ], [ 79.2374926, 14.3620603 ], [ 79.2303956, 14.3637863 ] ] } },
{ "type": "Feature", "properties": { "element": "way", "id": 1217956167, "name": null, "waterway": "stream" }, "geometry": { "type": "LineString", "coordinates": [ [ 79.1492402, 14.351664 ], [ 79.1497294, 14.3513398 ], [ 79.1506306, 14.3514146 ], [ 79.1510512, 14.3509323 ], [ 79.1512915, 14.3497765 ], [ 79.1515405, 14.3485541 ], [ 79.1522357, 14.3480885 ], [ 79.152888, 14.3470407 ], [ 79.1532056, 14.3462591 ], [ 79.153918, 14.3457685 ], [ 79.1548535, 14.3456853 ], [ 79.1555659, 14.3444546 ], [ 79.1561667, 14.3437894 ], [ 79.156759, 14.3423758 ], [ 79.1575915, 14.3419517 ], [ 79.1581065, 14.341328 ], [ 79.1598403, 14.3405879 ], [ 79.1602351, 14.3400973 ], [ 79.1609927, 14.3385897 ] ] } },
{ "type": "Feature", "properties": { "element": "way", "id": 1217956169, "name": null, "waterway": "stream" }, "geometry": { "type": "LineString", "coordinates": [ [ 79.1618751, 14.3385683 ], [ 79.1623954, 14.3394506 ], [ 79.1627467, 14.340648 ], [ 79.1640672, 14.3411836 ], [ 79.165186, 14.3412971 ], [ 79.1660966, 14.3412151 ], [ 79.1666886, 14.3408181 ], [ 79.167248, 14.3399295 ], [ 79.1684774, 14.3392426 ], [ 79.1692124, 14.3383351 ], [ 79.1707403, 14.3370356 ], [ 79.1715815, 14.3365284 ], [ 79.1720836, 14.3360128 ], [ 79.1727316, 14.3356386 ], [ 79.1731284, 14.3349527 ], [ 79.1733969, 14.3344781 ], [ 79.1738788, 14.3341668 ], [ 79.1744205, 14.3335985 ], [ 79.1747979, 14.3332727 ], [ 79.1755525, 14.3328926 ], [ 79.1753134, 14.3324148 ], [ 79.1753882, 14.3322049 ], [ 79.1757655, 14.3319877 ], [ 79.176154, 14.3312674 ], [ 79.1762325, 14.3309995 ] ] } },
{ "type": "Feature", "properties": { "element": "way", "id": 1217956170, "name": null, "waterway": "stream" }, "geometry": { "type": "LineString", "coordinates": [ [ 79.1837246, 14.326099 ], [ 79.1839863, 14.3258703 ], [ 79.184673, 14.3254379 ], [ 79.1847159, 14.3252009 ], [ 79.1846601, 14.3248183 ], [ 79.184806, 14.3247851 ], [ 79.1853124, 14.3249888 ], [ 79.1858918, 14.3248932 ], [ 79.1862694, 14.324993 ] ] } },
{ "type": "Feature", "properties": { "element": "way", "id": 1227527154, "name": null, "waterway": "stream" }, "geometry": { "type": "LineString", "coordinates": [ [ 79.4188134, 14.3764578 ], [ 79.4202439, 14.3762325 ], [ 79.4209179, 14.3759468 ], [ 79.4213703, 14.3758013 ] ] } },
{ "type": "Feature", "properties": { "element": "way", "id": 1257479121, "name": null, "waterway": "stream" }, "geometry": { "type": "LineString", "coordinates": [ [ 79.3933813, 13.8510849 ], [ 79.3935944, 13.8512773 ] ] } },
{ "type": "Feature", "properties": { "element": "way", "id": 1257520142, "name": null, "waterway": "stream" }, "geometry": { "type": "LineString", "coordinates": [ [ 79.3203353, 14.0858794 ], [ 79.3207239, 14.0851164 ] ] } },
{ "type": "Feature", "properties": { "element": "way", "id": 1257520143, "name": null, "waterway": "stream" }, "geometry": { "type": "LineString", "coordinates": [ [ 79.3219307, 14.0866791 ], [ 79.3224046, 14.0859498 ] ] } },
{ "type": "Feature", "properties": { "element": "way", "id": 1257520144, "name": null, "waterway": "stream" }, "geometry": { "type": "LineString", "coordinates": [ [ 79.3236588, 14.0874268 ], [ 79.3239515, 14.0869059 ] ] } },
{ "type": "Feature", "properties": { "element": "way", "id": 1257520190, "name": null, "waterway": "stream" }, "geometry": { "type": "LineString", "coordinates": [ [ 79.3546771, 14.0729781 ], [ 79.3599314, 14.0750009 ], [ 79.3636729, 14.0765027 ], [ 79.3652659, 14.0804322 ], [ 79.3686854, 14.0820972 ], [ 79.3719127, 14.0816177 ], [ 79.3743709, 14.0805121 ], [ 79.3754695, 14.0812048 ], [ 79.3782573, 14.080965 ], [ 79.3790263, 14.0769556 ], [ 79.3806743, 14.0746511 ], [ 79.3828166, 14.0732658 ], [ 79.3841075, 14.0719337 ], [ 79.3863597, 14.0718271 ], [ 79.390356, 14.07228 ], [ 79.3943934, 14.0727729 ], [ 79.3956843, 14.0730127 ], [ 79.3965907, 14.0733723 ], [ 79.3972773, 14.073319 ], [ 79.3980464, 14.0718538 ], [ 79.4002848, 14.0702819 ], [ 79.4012324, 14.0696958 ], [ 79.4023036, 14.0681239 ], [ 79.4047618, 14.0683504 ], [ 79.4057917, 14.0674445 ], [ 79.406808, 14.0664854 ], [ 79.4076594, 14.0669517 ], [ 79.4108043, 14.0693228 ], [ 79.4132762, 14.0685235 ] ] } },
{ "type": "Feature", "properties": { "element": "way", "id": 1259293246, "name": null, "waterway": "river" }, "geometry": { "type": "LineString", "coordinates": [ [ 79.2791666, 14.0371426 ], [ 79.2789385, 14.0378496 ], [ 79.2788141, 14.038903 ], [ 79.2787123, 14.0401977 ], [ 79.2782881, 14.0406805 ], [ 79.2786387, 14.0415638 ], [ 79.2783786, 14.0422057 ], [ 79.2777792, 14.0428146 ], [ 79.2775982, 14.0443562 ], [ 79.2774342, 14.0450694 ], [ 79.2775643, 14.0476314 ], [ 79.2770779, 14.0486847 ], [ 79.2767669, 14.0489042 ], [ 79.2763201, 14.0489206 ], [ 79.2761749, 14.04891 ], [ 79.2759953, 14.0491458 ], [ 79.2763355, 14.0495602 ], [ 79.2763516, 14.0496625 ] ] } },
{ "type": "Feature", "properties": { "element": "way", "id": 1259293330, "name": null, "waterway": "river" }, "geometry": { "type": "LineString", "coordinates": [ [ 79.1581843, 14.1162072 ], [ 79.1574099, 14.1176975 ], [ 79.1566881, 14.1177879 ], [ 79.1559015, 14.1192821 ], [ 79.1558772, 14.1197854 ] ] } },
{ "type": "Feature", "properties": { "element": "way", "id": 1259293331, "name": null, "waterway": "river" }, "geometry": { "type": "LineString", "coordinates": [ [ 79.156307, 14.1156842 ], [ 79.1567003, 14.1163094 ], [ 79.1564773, 14.1172964 ], [ 79.1566881, 14.1177879 ] ] } },
{ "type": "Feature", "properties": { "element": "way", "id": 1259299183, "name": null, "waterway": "river" }, "geometry": { "type": "LineString", "coordinates": [ [ 79.0582801, 14.1941729 ], [ 79.0606147, 14.1931877 ], [ 79.0616309, 14.1920693 ], [ 79.0632102, 14.1917498 ], [ 79.0643363, 14.1912039 ] ] } },
{ "type": "Feature", "properties": { "element": "way", "id": 1298024064, "name": null, "waterway": "river" }, "geometry": { "type": "LineString", "coordinates": [ [ 79.4015193, 14.3249228 ], [ 79.4018519, 14.3251827 ], [ 79.4021523, 14.3256817 ], [ 79.4021845, 14.326638 ], [ 79.4023347, 14.3270954 ], [ 79.4021845, 14.3276776 ], [ 79.4023991, 14.3281038 ], [ 79.4030321, 14.3282597 ], [ 79.4029891, 14.3291745 ], [ 79.4034612, 14.3296422 ], [ 79.4036436, 14.329767 ], [ 79.4045663, 14.3299645 ], [ 79.4048881, 14.3304842 ], [ 79.4049203, 14.3310144 ], [ 79.4049847, 14.3311391 ], [ 79.4053388, 14.3314406 ], [ 79.4062292, 14.3318979 ], [ 79.4063902, 14.3320331 ], [ 79.4065618, 14.3322722 ], [ 79.4068837, 14.3327919 ], [ 79.4069374, 14.3331245 ], [ 79.4072592, 14.3338834 ], [ 79.4077313, 14.3342576 ], [ 79.4090724, 14.3349852 ], [ 79.4095015, 14.3353179 ], [ 79.4096839, 14.3356505 ], [ 79.4099414, 14.3366796 ], [ 79.4104242, 14.3371057 ], [ 79.4106817, 14.3371577 ], [ 79.4108963, 14.3372825 ], [ 79.4111323, 14.3375319 ], [ 79.411186, 14.3378957 ], [ 79.4108748, 14.3384259 ], [ 79.4109177, 14.3388001 ], [ 79.4112396, 14.339008 ], [ 79.4127846, 14.340775 ], [ 79.4127953, 14.341565 ], [ 79.4130635, 14.3419184 ], [ 79.4136643, 14.3423134 ], [ 79.4137502, 14.3424382 ], [ 79.4139433, 14.3428435 ], [ 79.4144046, 14.3440909 ], [ 79.4146621, 14.3443195 ], [ 79.4159388, 14.3444859 ], [ 79.4163895, 14.3445066 ], [ 79.4169903, 14.3447457 ], [ 79.4174516, 14.3450887 ], [ 79.4175053, 14.3453174 ], [ 79.4175374, 14.345702 ], [ 79.4176662, 14.3463672 ], [ 79.4179237, 14.3468558 ], [ 79.4181704, 14.3471156 ], [ 79.4185567, 14.3472611 ], [ 79.4191575, 14.3470325 ], [ 79.4194794, 14.3470429 ], [ 79.4201124, 14.3473235 ], [ 79.4205844, 14.3473859 ], [ 79.4210994, 14.3475522 ], [ 79.4212496, 14.3476665 ], [ 79.4212496, 14.3480407 ], [ 79.4211316, 14.348498 ], [ 79.4212925, 14.3487267 ], [ 79.4217431, 14.3489866 ], [ 79.4226336, 14.349236 ], [ 79.4231379, 14.3492152 ], [ 79.4236207, 14.3494543 ], [ 79.4241679, 14.3498701 ], [ 79.424361, 14.3501195 ], [ 79.424479, 14.3504833 ], [ 79.4246614, 14.3506912 ], [ 79.4249618, 14.3507328 ], [ 79.4255197, 14.350421 ], [ 79.4260239, 14.350421 ], [ 79.4265818, 14.35066 ], [ 79.4266677, 14.3511693 ], [ 79.4268393, 14.3513148 ], [ 79.4276118, 14.3517306 ], [ 79.4277835, 14.3517306 ], [ 79.4283521, 14.3515435 ], [ 79.4298971, 14.3523854 ], [ 79.4306695, 14.3523023 ], [ 79.431045, 14.3524062 ], [ 79.4313991, 14.3526661 ], [ 79.4314206, 14.353165 ], [ 79.4325471, 14.353508 ], [ 79.4327187, 14.3539549 ], [ 79.4333517, 14.3544434 ], [ 79.4334698, 14.3547137 ], [ 79.4334912, 14.3550774 ], [ 79.433577, 14.3552541 ], [ 79.4341242, 14.356096 ], [ 79.435004, 14.3561584 ], [ 79.4355297, 14.356252 ], [ 79.437772, 14.3565014 ], [ 79.4379866, 14.3565014 ], [ 79.4387054, 14.3563143 ], [ 79.4396388, 14.3565949 ], [ 79.4407225, 14.3568132 ], [ 79.4418275, 14.3568028 ], [ 79.4422996, 14.3566885 ], [ 79.4428253, 14.3564183 ], [ 79.4435763, 14.3563663 ], [ 79.4445956, 14.3563455 ], [ 79.4453037, 14.3560129 ], [ 79.4455933, 14.3557323 ], [ 79.4457221, 14.3557011 ], [ 79.4462263, 14.3557011 ], [ 79.4467521, 14.3562935 ], [ 79.4469559, 14.3563871 ], [ 79.4472885, 14.3563975 ], [ 79.4478571, 14.3559817 ], [ 79.4483721, 14.355909 ], [ 79.4489622, 14.355909 ], [ 79.4491017, 14.355857 ], [ 79.449327, 14.3555971 ], [ 79.4498098, 14.3554308 ], [ 79.4501853, 14.3554308 ], [ 79.4503891, 14.355514 ], [ 79.4508719, 14.3560233 ], [ 79.4512689, 14.3560753 ], [ 79.4515049, 14.3561688 ], [ 79.4519234, 14.3569172 ], [ 79.4523847, 14.3572601 ], [ 79.4527495, 14.3572809 ], [ 79.453125, 14.3570523 ], [ 79.4532967, 14.3567612 ], [ 79.4533718, 14.3563559 ], [ 79.4534898, 14.3561168 ], [ 79.4537365, 14.3559193 ], [ 79.4541442, 14.3559401 ], [ 79.4544232, 14.3560025 ], [ 79.4549596, 14.3559193 ], [ 79.4552922, 14.3552541 ], [ 79.4555175, 14.3550359 ], [ 79.4558608, 14.3551086 ], [ 79.4569337, 14.3558778 ], [ 79.4574058, 14.356148 ], [ 79.4578349, 14.3562727 ], [ 79.4582212, 14.3562623 ], [ 79.459691, 14.3558674 ], [ 79.4614291, 14.3552438 ], [ 79.4647121, 14.3545786 ], [ 79.4664173, 14.3536694 ] ] } },
{ "type": "Feature", "properties": { "element": "way", "id": 1336516913, "name": null, "waterway": "river" }, "geometry": { "type": "LineString", "coordinates": [ [ 79.0477966, 14.2307292 ], [ 79.0474999, 14.2309197 ], [ 79.0474892, 14.2313045 ], [ 79.0475106, 14.2324068 ], [ 79.0474784, 14.2335612 ], [ 79.0472209, 14.2341331 ], [ 79.04603, 14.2353915 ], [ 79.044764, 14.2379705 ], [ 79.0420818, 14.2452707 ], [ 79.0415883, 14.2493262 ], [ 79.0418823, 14.2514227 ] ] } },
{ "type": "Feature", "properties": { "element": "way", "id": 1336516916, "name": null, "waterway": "river" }, "geometry": { "type": "LineString", "coordinates": [ [ 79.035033, 14.1494033 ], [ 79.0341532, 14.1519521 ], [ 79.0336007, 14.1530081 ], [ 79.0331179, 14.1537467 ], [ 79.0330321, 14.1543033 ], [ 79.0330964, 14.1545425 ], [ 79.0334398, 14.154813 ], [ 79.0336919, 14.1550575 ], [ 79.0335149, 14.1553176 ], [ 79.0331286, 14.1558013 ], [ 79.0327638, 14.1564255 ], [ 79.0323454, 14.1570185 ], [ 79.032442, 14.1573618 ], [ 79.0329784, 14.1580067 ], [ 79.03337, 14.1584853 ], [ 79.033547, 14.1589742 ], [ 79.0335739, 14.1593799 ], [ 79.0334398, 14.1597856 ], [ 79.0335041, 14.1603578 ], [ 79.0340084, 14.1617674 ], [ 79.0340942, 14.1625632 ], [ 79.034062, 14.1630521 ], [ 79.0337455, 14.1631977 ], [ 79.0335095, 14.1634422 ], [ 79.0335041, 14.1637179 ], [ 79.0334022, 14.1639259 ], [ 79.0329248, 14.1641288 ], [ 79.0326941, 14.1642484 ], [ 79.0325439, 14.1645969 ], [ 79.032281, 14.1658244 ], [ 79.032737, 14.1660637 ], [ 79.0330696, 14.1661989 ], [ 79.0331876, 14.1664954 ], [ 79.0326726, 14.1678373 ], [ 79.0318626, 14.1690856 ], [ 79.0314871, 14.1692937 ], [ 79.0310848, 14.1691532 ], [ 79.0305859, 14.1691896 ], [ 79.030264, 14.1693769 ], [ 79.0301996, 14.1694133 ], [ 79.0299636, 14.1695901 ], [ 79.0299636, 14.1701102 ], [ 79.0300494, 14.1706928 ], [ 79.030323, 14.1710777 ], [ 79.0305966, 14.1713221 ], [ 79.0307414, 14.171499 ], [ 79.0307629, 14.1717018 ], [ 79.030661, 14.1719359 ], [ 79.0304089, 14.1721543 ], [ 79.030028, 14.1721335 ], [ 79.0297973, 14.1719827 ], [ 79.0295398, 14.171655 ], [ 79.029395, 14.1712701 ], [ 79.0291683, 14.1711855 ], [ 79.0286601, 14.1712857 ], [ 79.0278178, 14.1718162 ], [ 79.0273887, 14.1721647 ], [ 79.0270132, 14.1727732 ], [ 79.0269005, 14.1735066 ], [ 79.0269864, 14.1745104 ], [ 79.0276569, 14.1761592 ], [ 79.0280807, 14.176492 ], [ 79.0283382, 14.1767105 ], [ 79.0284723, 14.1768717 ], [ 79.0286225, 14.1773398 ], [ 79.0287781, 14.1776258 ], [ 79.0292072, 14.1780159 ], [ 79.029572, 14.1782136 ], [ 79.0299368, 14.1782448 ], [ 79.0301621, 14.1783748 ], [ 79.0304625, 14.1785672 ], [ 79.0305805, 14.1787389 ], [ 79.0306073, 14.1788793 ], [ 79.0305322, 14.1791289 ], [ 79.0296847, 14.1800859 ], [ 79.0291911, 14.1809181 ], [ 79.0272009, 14.1838462 ], [ 79.0259886, 14.1857289 ], [ 79.0256774, 14.1882461 ], [ 79.0254823, 14.1897236 ] ] } },
{ "type": "Feature", "properties": { "element": "way", "id": 1336516916, "name": null, "waterway": "river" }, "geometry": { "type": "LineString", "coordinates": [ [ 79.035033, 14.1494033 ], [ 79.0341532, 14.1519521 ], [ 79.0336007, 14.1530081 ], [ 79.0331179, 14.1537467 ], [ 79.0330321, 14.1543033 ], [ 79.0330964, 14.1545425 ], [ 79.0334398, 14.154813 ], [ 79.0336919, 14.1550575 ], [ 79.0335149, 14.1553176 ], [ 79.0331286, 14.1558013 ], [ 79.0327638, 14.1564255 ], [ 79.0323454, 14.1570185 ], [ 79.032442, 14.1573618 ], [ 79.0329784, 14.1580067 ], [ 79.03337, 14.1584853 ], [ 79.033547, 14.1589742 ], [ 79.0335739, 14.1593799 ], [ 79.0334398, 14.1597856 ], [ 79.0335041, 14.1603578 ], [ 79.0340084, 14.1617674 ], [ 79.0340942, 14.1625632 ], [ 79.034062, 14.1630521 ], [ 79.0337455, 14.1631977 ], [ 79.0335095, 14.1634422 ], [ 79.0335041, 14.1637179 ], [ 79.0334022, 14.1639259 ], [ 79.0329248, 14.1641288 ], [ 79.0326941, 14.1642484 ], [ 79.0325439, 14.1645969 ], [ 79.032281, 14.1658244 ], [ 79.032737, 14.1660637 ], [ 79.0330696, 14.1661989 ], [ 79.0331876, 14.1664954 ], [ 79.0326726, 14.1678373 ], [ 79.0318626, 14.1690856 ], [ 79.0314871, 14.1692937 ], [ 79.0310848, 14.1691532 ], [ 79.0305859, 14.1691896 ], [ 79.030264, 14.1693769 ], [ 79.0301996, 14.1694133 ], [ 79.0299636, 14.1695901 ], [ 79.0299636, 14.1701102 ], [ 79.0300494, 14.1706928 ], [ 79.030323, 14.1710777 ], [ 79.0305966, 14.1713221 ], [ 79.0307414, 14.171499 ], [ 79.0307629, 14.1717018 ], [ 79.030661, 14.1719359 ], [ 79.0304089, 14.1721543 ], [ 79.030028, 14.1721335 ], [ 79.0297973, 14.1719827 ], [ 79.0295398, 14.171655 ], [ 79.029395, 14.1712701 ], [ 79.0291683, 14.1711855 ], [ 79.0286601, 14.1712857 ], [ 79.0278178, 14.1718162 ], [ 79.0273887, 14.1721647 ], [ 79.0270132, 14.1727732 ], [ 79.0269005, 14.1735066 ], [ 79.0269864, 14.1745104 ], [ 79.0276569, 14.1761592 ], [ 79.0280807, 14.176492 ], [ 79.0283382, 14.1767105 ], [ 79.0284723, 14.1768717 ], [ 79.0286225, 14.1773398 ], [ 79.0287781, 14.1776258 ], [ 79.0292072, 14.1780159 ], [ 79.029572, 14.1782136 ], [ 79.0299368, 14.1782448 ], [ 79.0301621, 14.1783748 ], [ 79.0304625, 14.1785672 ], [ 79.0305805, 14.1787389 ], [ 79.0306073, 14.1788793 ], [ 79.0305322, 14.1791289 ], [ 79.0296847, 14.1800859 ], [ 79.0291911, 14.1809181 ], [ 79.0272009, 14.1838462 ], [ 79.0259886, 14.1857289 ], [ 79.0256774, 14.1882461 ], [ 79.0254823, 14.1897236 ] ] } },
{ "type": "Feature", "properties": { "element": "way", "id": 1341487644, "name": null, "waterway": "stream" }, "geometry": { "type": "LineString", "coordinates": [ [ 79.267838, 14.1240074 ], [ 79.2677307, 14.1236042 ], [ 79.267559, 14.1234455 ], [ 79.2672506, 14.1234169 ], [ 79.2668349, 14.1232921 ], [ 79.2665854, 14.1232869 ], [ 79.2664111, 14.1230514 ], [ 79.2662756, 14.1229942 ], [ 79.2659873, 14.1230163 ], [ 79.2658666, 14.1229929 ], [ 79.2656976, 14.1229123 ], [ 79.2654347, 14.1226236 ], [ 79.2646891, 14.1224181 ], [ 79.2644504, 14.1222412 ], [ 79.2639086, 14.1219343 ], [ 79.2633721, 14.121799 ], [ 79.2631602, 14.1215051 ], [ 79.2630422, 14.1212502 ], [ 79.2626399, 14.1208808 ], [ 79.2624843, 14.1206051 ] ] } },
{ "type": "Feature", "properties": { "element": "way", "id": 1450181318, "name": null, "waterway": "river" }, "geometry": { "type": "LineString", "coordinates": [ [ 79.0468025, 14.2137493 ], [ 79.0474677, 14.2144045 ], [ 79.0483045, 14.2151325 ], [ 79.0485835, 14.2162142 ], [ 79.0485835, 14.2176182 ], [ 79.0484333, 14.2188662 ], [ 79.0483475, 14.2196566 ], [ 79.0484977, 14.2206446 ], [ 79.0482616, 14.2220174 ], [ 79.0485728, 14.2231926 ], [ 79.048605, 14.223983 ], [ 79.0482616, 14.2246278 ], [ 79.0481973, 14.224971 ], [ 79.048208, 14.2256678 ], [ 79.0480471, 14.2265102 ], [ 79.0475321, 14.2285589 ], [ 79.0476823, 14.2291621 ], [ 79.0479827, 14.2294845 ], [ 79.0484548, 14.2298901 ], [ 79.0484977, 14.2301397 ], [ 79.0482938, 14.2304101 ], [ 79.0478922, 14.2306679 ] ] } },
{ "type": "Feature", "properties": { "element": "way", "id": 1450181319, "name": null, "waterway": "river" }, "geometry": { "type": "LineString", "coordinates": [ [ 79.0478922, 14.2306679 ], [ 79.0477966, 14.2307292 ] ] } },
{ "type": "Feature", "properties": { "element": "way", "id": 1450422982, "name": null, "waterway": "stream" }, "geometry": { "type": "LineString", "coordinates": [ [ 79.3936569, 13.8513337 ], [ 79.3938186, 13.8514797 ] ] } },
{ "type": "Feature", "properties": { "element": "way", "id": 1450422983, "name": null, "waterway": "stream" }, "geometry": { "type": "LineString", "coordinates": [ [ 79.3935944, 13.8512773 ], [ 79.3936569, 13.8513337 ] ] } },
{ "type": "Feature", "properties": { "element": "way", "id": 1478475608, "name": null, "waterway": "river" }, "geometry": { "type": "LineString", "coordinates": [ [ 78.9779409, 13.9433554 ], [ 78.9782299, 13.9438991 ], [ 78.9792704, 13.944007 ], [ 78.9806464, 13.9452013 ], [ 78.9812758, 13.9453399 ], [ 78.981782, 13.9447415 ], [ 78.9825802, 13.9444518 ], [ 78.9831773, 13.9445841 ], [ 78.9836121, 13.9447667 ], [ 78.9841377, 13.9452013 ], [ 78.9861664, 13.9477906 ], [ 78.9872837, 13.9482807 ], [ 78.9877684, 13.9483445 ] ] } },
{ "type": "Feature", "properties": { "element": "way", "id": 1514417083, "name": null, "waterway": "river" }, "geometry": { "type": "LineString", "coordinates": [ [ 79.2628383, 13.7794016 ], [ 79.262495, 13.7833195 ], [ 79.2646407, 13.787154 ], [ 79.2629241, 13.7911552 ], [ 79.2600917, 13.7953229 ], [ 79.2582893, 13.798407 ], [ 79.2560577, 13.799824 ], [ 79.2568301, 13.8037416 ], [ 79.2558002, 13.8080759 ], [ 79.2540835, 13.8109098 ], [ 79.2536544, 13.8152439 ], [ 79.2519378, 13.8209114 ], [ 79.2516803, 13.8277457 ], [ 79.2515945, 13.830246 ], [ 79.2517661, 13.8321628 ], [ 79.2517661, 13.833663 ], [ 79.2522811, 13.8357465 ], [ 79.2533111, 13.8366632 ], [ 79.2526244, 13.8374133 ], [ 79.2506503, 13.8379967 ], [ 79.2512511, 13.8398301 ], [ 79.2502212, 13.8414136 ], [ 79.2501353, 13.843247 ], [ 79.2473888, 13.8469138 ], [ 79.2471313, 13.8519973 ], [ 79.245758, 13.856164 ], [ 79.2456721, 13.8584973 ], [ 79.2444705, 13.8594973 ], [ 79.246273, 13.8617472 ], [ 79.2442988, 13.8642471 ], [ 79.2438697, 13.8670804 ], [ 79.2418098, 13.8688303 ], [ 79.2420673, 13.8719134 ], [ 79.2435264, 13.8737466 ], [ 79.2429256, 13.876913 ], [ 79.2422389, 13.8782462 ], [ 79.2433547, 13.879996 ], [ 79.2458438, 13.8821624 ], [ 79.2458438, 13.8848288 ], [ 79.2468738, 13.8887449 ], [ 79.2518519, 13.8942441 ], [ 79.2573451, 13.8969103 ], [ 79.2613792, 13.8984933 ], [ 79.2635249, 13.9013261 ], [ 79.2643832, 13.9043255 ], [ 79.2687606, 13.9073248 ], [ 79.271121, 13.9114072 ], [ 79.273653, 13.912032 ], [ 79.2787599, 13.9167808 ], [ 79.279232, 13.9195717 ], [ 79.2811632, 13.9210713 ], [ 79.2805624, 13.9241537 ], [ 79.2807769, 13.9279859 ], [ 79.2824077, 13.9354001 ], [ 79.2846393, 13.9406482 ], [ 79.2842531, 13.9436471 ], [ 79.2865276, 13.9448966 ], [ 79.2880296, 13.9478538 ], [ 79.288845, 13.9510609 ], [ 79.2900466, 13.9545594 ], [ 79.2937373, 13.9579746 ], [ 79.297428, 13.9655544 ], [ 79.2985438, 13.9735505 ], [ 79.2986297, 13.9772152 ], [ 79.2997455, 13.980047 ], [ 79.3002605, 13.9827122 ], [ 79.3023204, 13.9842947 ], [ 79.3039512, 13.9857106 ], [ 79.305582, 13.9886256 ], [ 79.3064403, 13.9920403 ], [ 79.3072986, 13.9927898 ], [ 79.310131, 13.9932062 ], [ 79.3160533, 13.9945388 ], [ 79.3239497, 13.9943722 ], [ 79.3278979, 13.9933728 ], [ 79.3293142, 13.9911657 ], [ 79.3308162, 13.9902912 ], [ 79.3308162, 13.9886672 ], [ 79.3318891, 13.9881675 ], [ 79.3351507, 13.9887088 ], [ 79.3361806, 13.9897082 ], [ 79.3383264, 13.9925399 ], [ 79.3396568, 13.9932062 ], [ 79.3412876, 13.9927898 ], [ 79.3428754, 13.9921235 ], [ 79.3436908, 13.9925399 ], [ 79.34515, 13.9946636 ], [ 79.347167, 13.9957463 ], [ 79.3478107, 13.9974952 ], [ 79.3472957, 13.9986196 ], [ 79.346652, 13.9997022 ], [ 79.3468236, 14.0009514 ], [ 79.3481111, 14.0013262 ], [ 79.3513727, 14.0014511 ], [ 79.3520593, 14.0020757 ], [ 79.3523168, 14.0034082 ], [ 79.3515443, 14.0051987 ], [ 79.3525314, 14.0069892 ], [ 79.3549776, 14.0076554 ], [ 79.3553209, 14.0084882 ], [ 79.3554925, 14.0113613 ], [ 79.3548488, 14.013693 ], [ 79.3546342, 14.0148589 ], [ 79.3553638, 14.0156084 ], [ 79.3565113, 14.0157999 ] ] } }
]
}
