{"type": "FeatureCollection", "metadata": {"layer": "observed_anchored_flood_extent", "provenance": "OBSERVED_ANCHORED", "not_observed": true, "level_is_observed": true, "extent_is_terrain": true, "method": "Water-surface reconstruction from reported high-water depths. Each anchor's depth range is added to the ground AT THE REPORTED PLACE (3x3 local minimum of Copernicus GLO-30, to reject DSM canopy and roof spikes), giving an observed water-surface elevation -- a reported village depth is depth over that village's ground, not over the channel bed some hundreds of metres away. The surface is interpolated linearly along the OSM-mapped Cheyyeru main stem between anchors and intersected with the DEM. Kept only where 8-connected to the channel and within 5 km of it. The low and high ends of the reported depth ranges are carried through separately, so the layer is an envelope, not a line.", "what_is_observed": "The WATER LEVEL. Three reported high-water depths along the Cheyyeru.", "what_is_not_observed": "The SHORELINE. Where that level meets the ground is read off Copernicus GLO-30 -- the same DEM the model integrates over. Agreement with this layer is therefore NOT independent validation. Never compute a CSI against it and never serve it through the observed endpoint.", "no_extrapolation": "Covers only the 8.7 km of Cheyyeru between the outer anchors. No reported depth exists beyond them -- EVD-28 at the Cheyyeru-Pennar confluence gives arrival timing only -- so the surface is not carried further. The affected reach is much longer than this. The layer stops where the evidence stops.", "acquisition": "These are DOCUMENTARY records -- district collectorate situation logs, a railway emergency bulletin, revenue and casualty registers, eye-witness surveys. They are NOT instrument observations and NOT remote sensing. No satellite observed this flood: Sentinel-1 path 92 acquired 16 Nov and 28 Nov 2021 and the event sits in the 12-day gap; Sentinel-2 passed 4 h after the breach into 98.7 % cloud. Treat an arrival MATCH as agreement with a written record, not with a measurement.", "acquisition_kind": "DOCUMENTARY", "anchors": [{"id": "EVD-23", "name": "Mandapalli", "lat": 14.248, "lon": 79.0412, "depth_lo_m": 3.5, "depth_hi_m": 6.5, "ground_elev_m": 158.49057006835938, "bed_elev_m": 155.9444122314453, "offset_from_stem_m": 385.33318185725255, "wse_lo_m": 161.99057006835938, "wse_hi_m": 164.99057006835938, "station_m": 13670.581169731744, "evidence_class": "OBSERVED", "source": "Eye-witness logs / Paleswara Swamy Temple survey (EVD-23)", "source_hash": "d77b561c2a80311e751d9f878b1d827ee420a191910381370ab94594ff8c8384"}, {"id": "EVD-25", "name": "Gundlur", "lat": 14.2522, "lon": 79.114, "depth_lo_m": 2.0, "depth_hi_m": 4.0, "ground_elev_m": 144.4869842529297, "bed_elev_m": 138.99832153320312, "offset_from_stem_m": 617.5443472109636, "wse_lo_m": 146.4869842529297, "wse_hi_m": 148.4869842529297, "station_m": 21657.219548372777, "evidence_class": "OBSERVED", "source": "Village Administrative Officer Log / Revenue Department Records (EVD-25)", "source_hash": "0c74a11155a70ad0e5d88ea1239cdf079035d01d408f5c52a47884ce04afba23"}, {"id": "EVD-26", "name": "Nandalur railway bridge", "lat": 14.258, "lon": 79.12, "depth_lo_m": 1.5, "depth_hi_m": 3.5, "ground_elev_m": 136.98289489746094, "bed_elev_m": 137.40013122558594, "offset_from_stem_m": 99.07068157056027, "wse_lo_m": 138.48289489746094, "wse_hi_m": 140.48289489746094, "station_m": 22407.158765523058, "evidence_class": "OBSERVED", "source": "South Central Railway Emergency Bulletin / Track Washout Log (EVD-26)", "source_hash": "7875e8a1bade8a8b7183d0aa8917323a6f685c14b0eb1d59cd83fdff80e076c5"}], "monotonicity_warnings": [], "surface_slope_between_anchors": [{"from": "EVD-23", "to": "EVD-25", "reach_km": 7.99, "slope_m_per_km": 1.94, "steep": false}, {"from": "EVD-25", "to": "EVD-26", "reach_km": 0.75, "slope_m_per_km": 10.67, "steep": true}], "reach_km": 8.74, "lateral_cap_m": 5000.0, "dem": "Copernicus GLO-30 (data/dem/annamayya_dem.json for source URLs and hash)", "event": "Annamayya dam breach, 19 Nov 2021, Cheyyeru river", "crs": "EPSG:4326"}, "features": [{"type": "Feature", "properties": {"band": "hi", "bound": "upper", "class": "reported depth, HIGH end of range", "area_km2": 38.4}, "geometry": {"type": "MultiPolygon", "coordinates": [[[[79.09772873867682, 14.212395610672727], [79.09688144800677, 14.212388869048493], [79.09686992696624, 14.213766466766957], [79.09715235884754, 14.213768714534847], [79.09715005483292, 14.214044234103778], [79.097432487105, 14.21404648158387], [79.09743709440197, 14.213495442348634], [79.09771952604041, 14.213497689404926], [79.09772873867682, 14.212395610672727]]], [[[79.08474782986517, 14.24452969065691], [79.08503959312485, 14.243429889831935], [79.08475712640157, 14.243427623144605], [79.08475945041151, 14.243152106249731], [79.08419684244316, 14.242872055154514], [79.08419451779842, 14.243147571964817], [79.08362726000513, 14.243418553056802], [79.08361330668812, 14.245071653189273], [79.08474318129896, 14.245080724372743], [79.08474085694137, 14.24535624122058], [79.08530347150675, 14.245636291832636], [79.0853081189024, 14.245085257961149], [79.08502565007586, 14.245082991333891], [79.08503029795747, 14.244531957526785], [79.08474782986517, 14.24452969065691]]], [[[79.05635022802362, 14.261934088947589], [79.05634550455198, 14.262485112606251], [79.05662799004405, 14.262487415917255], [79.05662529130375, 14.262802287255239], [79.05661618239829, 14.263864975179214], [79.05689866985635, 14.263867278389114], [79.05689158557122, 14.264693814003364], [79.05745656269522, 14.264698419697979], [79.05745420185163, 14.264973931648516], [79.05886664725723, 14.264985440265365], [79.05886428807725, 14.265260952440542], [79.05971175695329, 14.265267853737143], [79.05971411510487, 14.264992341423218], [79.05999660448808, 14.264994641140461], [79.05999424667931, 14.265270153500621], [79.06055922628231, 14.265274752024487], [79.06056158340547, 14.264999239571875], [79.06084407293963, 14.265001538286047], [79.06085114297895, 14.264175000749134], [79.06113363153503, 14.264177298990324], [79.06113598777144, 14.263901786418334], [79.06028852328238, 14.263894890830402], [79.0605804385798, 14.262795139708409], [79.06086292537182, 14.26279743805286], [79.06085821256555, 14.26334846315158], [79.0617056752998, 14.263355356456326], [79.06170803069982, 14.26307984377173], [79.06227300542186, 14.263084437544268], [79.06227065070735, 14.26335995032124], [79.06311811419563, 14.263366838611223], [79.06312046788189, 14.263091325695754], [79.06340295546904, 14.263093621077623], [79.06369014895725, 14.262544890089437], [79.06397263595937, 14.262547184710396], [79.06396793079405, 14.263098210838427], [79.0642504185319, 14.263100505217361], [79.06424806621666, 14.263376018317407], [79.06481304252846, 14.263380606164585], [79.06481539415819, 14.26310509297229], [79.06538036998526, 14.263109679389967], [79.06537801904105, 14.26338519267448], [79.06594299575437, 14.263389777847095], [79.06594064544551, 14.26366529121707], [79.06678811192, 14.263672166606822], [79.06679046120058, 14.263396653098606], [79.0682029046137, 14.263408105164682], [79.06820055704696, 14.263683618903165], [79.06989549285282, 14.26369735062588], [79.06989314729263, 14.26397286463373], [79.07045812698072, 14.263977439291969], [79.07045578205603, 14.264252953385064], [79.0713032529919, 14.264259813002797], [79.07130559688824, 14.263984298771776], [79.07187292023747, 14.263713355756956], [79.07159511731801, 14.263160041725039], [79.0721600955499, 14.263164612095503], [79.07215541006397, 14.263715640866918], [79.07243789994047, 14.26371792564255], [79.07243321494006, 14.264268954478911], [79.07271570555211, 14.264271239012071], [79.07271336331972, 14.264546753466087], [79.07384800931148, 14.264004859156826], [79.07384332763898, 14.264555888438917], [79.0735608364842, 14.264553605197241], [79.07354678821068, 14.26620669260649], [79.07382928142238, 14.266208976123604], [79.0738269402114, 14.26648449071415], [79.07438958689514, 14.26676457151259], [79.07438490559483, 14.267315600843606], [79.07551488482646, 14.267324729626948], [79.07551254547288, 14.267600244465863], [79.07579504074849, 14.2676025258715], [79.07579737975918, 14.267327010986723], [79.07636236977439, 14.267331572703], [79.07636470804944, 14.267056057719792], [79.07664720278902, 14.267058338030452], [79.07664486485685, 14.267333853059498], [79.07692735998918, 14.267336133081574], [79.0769296975785, 14.26706061800669], [79.0774946873071, 14.267065176955917], [79.07749235040353, 14.267340692122444], [79.07805734101736, 14.267345249825611], [79.07805967723516, 14.26706973456746], [79.07834217227399, 14.267072012871605], [79.07833983639905, 14.267347528175554], [79.07862233183059, 14.267349806191069], [79.07862466736267, 14.267074290841329], [79.08003714355353, 14.267085675673624], [79.08003947732144, 14.26681016008829], [79.08116945779918, 14.26681926175156], [79.08116712540273, 14.267094777519864], [79.08286209966967, 14.267108420256523], [79.08313993541304, 14.267661725031775], [79.08342243203377, 14.267663997407663], [79.08342010223113, 14.267939513521393], [79.08370259924449, 14.267941785608517], [79.08370026973503, 14.26821730176119], [79.083982767141, 14.26821957355953], [79.08397810865877, 14.268770605936014], [79.08454077636162, 14.269050664981425], [79.0845384476821, 14.26932618124415], [79.08482094660884, 14.269328452221716], [79.08481861822258, 14.26960396852336], [79.0859509428125, 14.269337532787175], [79.08594861579799, 14.269613049271335], [79.08623111529114, 14.269615318621907], [79.08622995177683, 14.269753096554979], [79.0862264618239, 14.270166351661459], [79.08650896190352, 14.270168620767558], [79.08650198209831, 14.270995170411124], [79.08621948121342, 14.270992901170006], [79.08621482722485, 14.271543934142048], [79.0856474956822, 14.27181491085208], [79.08564516787779, 14.27209042723004], [79.08620784586964, 14.272370483549631], [79.08620551865194, 14.272646000005363], [79.08592301536115, 14.272643730152847], [79.08591137681269, 14.27402131210246], [79.0861938818187, 14.274023582183046], [79.08618922673784, 14.274574615006996], [79.08675191134236, 14.274854670839876], [79.08674958436397, 14.275130187326228], [79.08646707788635, 14.275127917732434], [79.08646475051525, 14.275403434166455], [79.08674725733594, 14.275405703805848], [79.08646009562408, 14.275954467014294], [79.086742603131, 14.275956736744892], [79.08673794872747, 14.276507769657004], [79.08702045697028, 14.276510039144148], [79.08701580305448, 14.27706107212052], [79.08729831203317, 14.277063341364181], [79.08729365860515, 14.277614374404793], [79.08757616831974, 14.277616643404949], [79.08757384187446, 14.277892159960734], [79.08785635198184, 14.277894428671779], [79.08783541483012, 14.280374077781051], [79.08811792807589, 14.280376346567525], [79.08811560182086, 14.280651863147119], [79.08981068439637, 14.280665469109428], [79.08980836015118, 14.280940985955565], [79.09037338875942, 14.280945518689288], [79.09037106515117, 14.28122103561973], [79.09093609464409, 14.281225567105391], [79.09093377167282, 14.281501084120114], [79.09149880205041, 14.281505614357659], [79.09149647971613, 14.281781131456631], [79.09234402668366, 14.281787924438506], [79.09234634798814, 14.281512407203104], [79.09319389437137, 14.281519197035497], [79.09318925377255, 14.2820702317723], [79.09262422142783, 14.282065705370346], [79.09262190036763, 14.28234122263774], [79.09290441685853, 14.282343486051573], [79.09289977527628, 14.282894520657077], [79.09346480977969, 14.282899046662113], [79.09345552876786, 14.28400111615589], [79.09373804746704, 14.284003378837925], [79.09373340735098, 14.284554413635284], [79.09514600502209, 14.28456572247693], [79.09514368660662, 14.284841240092593], [79.0957087267078, 14.28484576137602], [79.09570640892962, 14.285121279075733], [79.09598892939769, 14.285123539260528], [79.09599124683253, 14.284848021515435], [79.09627376700664, 14.284850281319978], [79.09627376700945, 14.284850280984738], [79.09683880750308, 14.284854799924464], [79.09711669565321, 14.28540809457079], [79.09768173781939, 14.285412611347448], [79.09767942234598, 14.28568812935124], [79.09824446539635, 14.285692644879031], [79.09824215056035, 14.28596816296675], [79.09936992511497, 14.28625270844714], [79.09936761155387, 14.286528226702647], [79.10049539091973, 14.286812767354638], [79.10049307863365, 14.287088285777822], [79.10077560234438, 14.287090540586597], [79.10077097831119, 14.287641577503313], [79.10105350275806, 14.28764383206769], [79.10104194352984, 14.28902142446797], [79.10132446974325, 14.289023678923687], [79.10132215809324, 14.289299197428804], [79.10216973805947, 14.28930595892185], [79.1021789802423, 14.288203884318076], [79.10246150562237, 14.288206137298209], [79.10246612573141, 14.287655099865471], [79.10274865037526, 14.287657352419417], [79.10274711083323, 14.287841009739285], [79.10274172126674, 14.288483908694884], [79.10245919549398, 14.288481656004482], [79.10243840212266, 14.29096132405796], [79.10272093098682, 14.29096357715537], [79.10271862070955, 14.29123909583954], [79.10300114996647, 14.291241348647148], [79.10300345990022, 14.290965829917761], [79.1035685178747, 14.290970334437478], [79.10356620862801, 14.291245853257276], [79.10412895887755, 14.291525875430738], [79.10412665021951, 14.291801394327459], [79.10469171064888, 14.291805896438072], [79.10496962553496, 14.292359185035114], [79.1052521565597, 14.292361435343135], [79.10524754164776, 14.292912473450835], [79.10637997509323, 14.292645952462449], [79.10637536283156, 14.293196990917862], [79.10807055737601, 14.29321047850039], [79.10806825323299, 14.293485997988679], [79.10835078617254, 14.293488244791408], [79.10835308997197, 14.29321272525803], [79.10892045837433, 14.29294169813779], [79.10892276138843, 14.292666178500788], [79.10920529344449, 14.29266842416304], [79.10920299077398, 14.292943943845112], [79.10976805572045, 14.292948434254537], [79.10977726335956, 14.291846355125381], [79.10949473223604, 14.29184411026843], [79.10949703436674, 14.291568590514368], [79.1097795651467, 14.29157083532626], [79.10978416857381, 14.291019795707832], [79.10950163848094, 14.29101755098605], [79.10950394046445, 14.290742031211796], [79.10978647021379, 14.29074427588852], [79.11007360245797, 14.290195480481316], [79.1103561316184, 14.290197724397911], [79.11036073318098, 14.289646684532], [79.11064326170344, 14.289648928023519], [79.11065246286624, 14.288546848030796], [79.1103699357177, 14.288544604719414], [79.11037223622928, 14.288269084749446], [79.11065476303436, 14.288271328015789], [79.11065706315347, 14.28799580799406], [79.1112221162238, 14.28800029343181], [79.11122441560698, 14.2877247733133], [79.11178946818647, 14.287729257321208], [79.1120765911084, 14.287180458295486], [79.11264164260812, 14.28718494011373], [79.11292876273365, 14.286636139696366], [79.11321128791909, 14.2866383796782], [79.11321358465332, 14.286362859211094], [79.11349610954433, 14.28636509881303], [79.11349840588619, 14.28608957829423], [79.11378093048273, 14.286091817516294], [79.11379011398711, 14.284989735193987], [79.11492479608006, 14.284447646452989], [79.11492938454703, 14.283896604864644], [79.114929384596, 14.283896604865031], [79.1149309142824, 14.283712894745491], [79.11493167878058, 14.283621084060966], [79.11521420053145, 14.28362332120414], [79.11521649429932, 14.283347800348228], [79.1152164943238, 14.283347800348421], [79.11521678106699, 14.283313354633433], [79.11521878806724, 14.283072279485982], [79.11550130918035, 14.283074516204465], [79.11551048229181, 14.281972432507779], [79.11579300149327, 14.28197466870713], [79.11578383034237, 14.283076752588109], [79.11606635155327, 14.283078988636914], [79.11608010680744, 14.281425862512641], [79.11636262600743, 14.281428097957217], [79.1163763774423, 14.279774971321498], [79.1166588946316, 14.279777206161935], [79.11666576865954, 14.278950642618637], [79.11666576843942, 14.278950642616897], [79.1166680597088, 14.278675121422548], [79.11666805990447, 14.278675121424095], [79.1166726422477, 14.278124079014836], [79.11695515742659, 14.278126313251217], [79.11696890122457, 14.276473185592824], [79.11725141439327, 14.276475419225232], [79.11726515437368, 14.274822291055608], [79.11754766553247, 14.274824524084126], [79.11755911245743, 14.273446916866945], [79.1175591123352, 14.273446916865979], [79.11756140169591, 14.273171395403347], [79.11784391084504, 14.27317362782806], [79.11785764319207, 14.271520498636207], [79.11814015033178, 14.271522730457198], [79.11815159089653, 14.270145122388282], [79.11843409637007, 14.270147353650483], [79.11844782137894, 14.268494223476997], [79.11816531796316, 14.268491992483872], [79.11816760563676, 14.268216470809623], [79.11732009671115, 14.268209775957912], [79.11732238536469, 14.267934254411523], [79.11675738034434, 14.267929789594408], [79.11675966963487, 14.267654268131054], [79.11619466549578, 14.267649802065838], [79.1161923755194, 14.267925323439417], [79.11562737088994, 14.26792085594654], [79.11562966155215, 14.26764533466277], [79.11449965425156, 14.26763639584308], [79.11450652998626, 14.266809832489942], [79.1145065300597, 14.266809832490523], [79.11450790502676, 14.266644532614341], [79.11450882189793, 14.266534311359568], [79.11507382270723, 14.266538781078902], [79.11507153155479, 14.266814302299716], [79.11620153513168, 14.266823237904799], [79.1161992453019, 14.26709875929853], [79.11648174666122, 14.267100992408585], [79.1164840361481, 14.266825470969962], [79.11733153949045, 14.266832168158793], [79.11733382789978, 14.266556646578817], [79.11902883384562, 14.266570031657395], [79.1190402648737, 14.265192422311328], [79.11932276432115, 14.2651946517631], [79.11933533509236, 14.26367928080955], [79.11961897532697, 14.263543748905722], [79.11962811535784, 14.262441660788257], [79.11962811516253, 14.262441660786717], [79.11963268508062, 14.261890616689236], [79.11991518051192, 14.26189284493448], [79.11992888645322, 14.260239712207424], [79.12021137987685, 14.260241939849529], [79.12022508200639, 14.258588806611984], [79.12050757342259, 14.258591033651033], [79.12052127174094, 14.25693789990307], [79.12080376114994, 14.256940126339147], [79.12081745565773, 14.255286992080839], [79.12109994305982, 14.255289217914033], [79.12111135209645, 14.253911605623658], [79.12139383783442, 14.25391383089882], [79.1214075250151, 14.252260695660304], [79.12169000874658, 14.25226292033274], [79.12169457006537, 14.251711875110027], [79.12113188529243, 14.25143190307825], [79.12113340609135, 14.251248221371315], [79.121134166515, 14.251156380539658], [79.12113416649062, 14.251156380539467], [79.12113644768885, 14.250880857994359], [79.12085396576727, 14.25087863287763], [79.1208543460653, 14.250832703551676], [79.12085624723485, 14.250603110370399], [79.1208562471129, 14.250603110369438], [79.12086765384181, 14.249225497733606], [79.12058517402367, 14.249223272551529], [79.12058897671805, 14.248764038630515], [79.12058973701015, 14.24867222753942], [79.12058973696138, 14.248672227539036], [79.1205920184303, 14.248396705023303], [79.12030953968814, 14.248394479641584], [79.12031410318723, 14.247843402481307], [79.12031866625087, 14.247292389689203], [79.12031866615328, 14.247292389688434], [79.1203209477697, 14.247016867184339], [79.12003847078822, 14.247014641692608], [79.12004075277406, 14.246739092393396], [79.12004303436433, 14.24646359675235], [79.12004303431553, 14.246463596751965], [79.12004531607927, 14.246188074272162], [79.11976284017362, 14.246185848580879], [79.11976360058073, 14.246094037484259], [79.11976512218216, 14.245910326138786], [79.11976512213334, 14.2459103261384], [79.11976968605293, 14.245359281234473], [79.11948721122305, 14.245357055343678], [79.11948766750993, 14.245301964742138], [79.11948949342764, 14.245081532926271], [79.11948949323235, 14.245081532924733], [79.11949177524171, 14.244806010499468], [79.11949177558344, 14.244806010502161], [79.11950090371903, 14.24370392073864], [79.11950090327969, 14.243703920735177], [79.11950774930871, 14.242877353345587], [79.11922527760821, 14.242875127524213], [79.11923212378576, 14.242048560205248], [79.11951459445952, 14.242050785892175], [79.11952143895181, 14.241224218376683], [79.11952143917148, 14.241224218378413], [79.11952554567938, 14.240728273979991], [79.11952828344458, 14.240397650804304], [79.11981075211379, 14.240399875888539], [79.11981531398557, 14.239848830715609], [79.11981531403437, 14.239848830715992], [79.11981645439857, 14.239711076057674], [79.11981759492153, 14.23957330811966], [79.12010006261293, 14.239575532735694], [79.12010462350786, 14.239024487432935], [79.12010462355667, 14.23902448743332], [79.1201057640087, 14.238886692627808], [79.1201069039554, 14.238748964772073], [79.1203893706691, 14.238751188919945], [79.12039393063607, 14.23820014348776], [79.1209611420672, 14.237929067787363], [79.12097025848446, 14.236826976457468], [79.12068779406817, 14.23682475329058], [79.12069691107428, 14.235722662032556], [79.1209793741222, 14.235724885020323], [79.12098393164877, 14.23517383926154], [79.12155113452863, 14.234902761077953], [79.1215579682547, 14.23407619210079], [79.1218404293965, 14.234078413818944], [79.12184726165819, 14.233251844647192], [79.12212972182262, 14.233254065897446], [79.12213427573629, 14.232703019659938], [79.1224167352654, 14.232705240487075], [79.1224235647448, 14.231878670946324], [79.1229884818972, 14.23188311133134], [79.12299075760905, 14.23160758804822], [79.12327321591627, 14.231609807695614], [79.12327776651007, 14.23105876101983], [79.12299530888676, 14.231056541461884], [79.12300213543834, 14.230229971532134], [79.123567048682, 14.230234410046126], [79.12356477389733, 14.230509933452183], [79.12413196212026, 14.230238847225898], [79.12413423617244, 14.229963323723728], [79.12357159810541, 14.229683363213917], [79.12357614733423, 14.22913231635491], [79.12414105803717, 14.229136753177029], [79.1241387841309, 14.229412276699293], [79.12442123989723, 14.229414494654758], [79.12442351346161, 14.229138971087796], [79.12498842445632, 14.22914340590874], [79.1249906972883, 14.22886788224571], [79.12527315251668, 14.228870099111209], [79.12527996969528, 14.228043527947905], [79.12584487824657, 14.228047960410342], [79.1258471498585, 14.227772436586513], [79.12612960386517, 14.227774652272819], [79.1261432304654, 14.226121508921288], [79.12642568246959, 14.22612372400621], [79.1264347643365, 14.22502162812448], [79.12643476453098, 14.225021628126006], [79.12643930527025, 14.224470580145729], [79.12672175527223, 14.224472794629346], [79.12673537427392, 14.22281965025999], [79.12701782227391, 14.222821864142391], [79.12702916839802, 14.221444243427321], [79.127311614738, 14.221446456753213], [79.12732522643472, 14.219793311406477], [79.1276076707732, 14.219795524131312], [79.12762127867263, 14.218142378275918], [79.12790372100986, 14.218144590399778], [79.12791732511258, 14.216491444035793], [79.12819976544883, 14.216493655558768], [79.12821336575541, 14.214840508686267], [79.1284958040909, 14.214842719608434], [79.12849807029735, 14.214567195061672], [79.12821563230338, 14.214564984184099], [79.12821789880283, 14.214289459675243], [79.12765302364345, 14.214285037009782], [79.1276552907774, 14.214009512583445], [79.12680797942683, 14.214002876220361], [79.12681024753672, 14.213727351921202], [79.12568277054233, 14.213442974824144], [79.12568503992104, 14.213167450690191], [79.12455756770447, 14.212883068785363], [79.12455983835189, 14.212607544816724], [79.12371253372662, 14.212600898129777], [79.12371480534979, 14.212325374288534], [79.12286750218655, 14.212318724737607], [79.12286977478543, 14.212043201023825], [79.12230490693608, 14.212038766413748], [79.12230718016919, 14.21176324278274], [79.12145987978447, 14.21175658850355], [79.12146215399322, 14.2114810650001], [79.12061485507098, 14.21147440785729], [79.1206171302553, 14.211198884481458], [79.11948740040664, 14.211190003806884], [79.11948967690792, 14.210914480603531], [79.11864238105737, 14.210907816734627], [79.11864465853414, 14.21063229365903], [79.11807979556036, 14.210627849504029], [79.1180729609381, 14.211454418108273], [79.11779052850014, 14.211452195396632], [79.11779280709591, 14.21117667280239], [79.11751037504816, 14.211174449802503], [79.11751265393931, 14.210898926912966], [79.11779508564567, 14.210901149868], [79.11751721157529, 14.210347881113808], [79.11610505718954, 14.210336761791153], [79.1161073376413, 14.210061239105881], [79.11483640124914, 14.210051224422978], [79.11469746829292, 14.209774589213692], [79.11300289020383, 14.209761225582769], [79.11300517431305, 14.209485703378283], [79.11018088482476, 14.209463404466193], [79.11018317229868, 14.209187882704954], [79.10651160772477, 14.209158844915896], [79.10651389958728, 14.20888332373389], [79.10312477451413, 14.208856470208458], [79.10312707042368, 14.208580949561624], [79.10256221761537, 14.208576469402182], [79.10255762438175, 14.209127510508345], [79.10227519736867, 14.20912526983868], [79.10227290033676, 14.209400790336502], [79.10114319141093, 14.209391824146683], [79.10114089296438, 14.20966734445689], [79.10057833724326, 14.209387339053592], [79.10057373893548, 14.209938379486307], [79.10085616667745, 14.209940622289874], [79.10085386779109, 14.210216142541437], [79.10057143970778, 14.210213899692613], [79.10056224230462, 14.211315980450859], [79.10027981290494, 14.211313737087945], [79.10028671205535, 14.21048717666509], [79.0997218554521, 14.210482689211657], [79.09972645600502, 14.209931649077342], [79.09915930002968, 14.210202680452763], [79.09914549338764, 14.211855800191717], [79.0997103532079, 14.211860289430211], [79.09970805261132, 14.212135809453821], [79.10027521322519, 14.21186477733635], [79.10027751308968, 14.211589257215499], [79.10197209227442, 14.211602712668281], [79.10197439004122, 14.21132719226926], [79.10225681973614, 14.21132943363371], [79.10224992731241, 14.21215599494632], [79.10196749659323, 14.212153753446213], [79.10196519867885, 14.21242927382513], [79.10140263530245, 14.2121492694467], [79.10139803805876, 14.212700310016913], [79.0999858822787, 14.212689093736383], [79.09998128142368, 14.213240133827252], [79.1011064103606, 14.21380014830609], [79.10110411112663, 14.21407566850911], [79.10082167821407, 14.214073425359873], [79.10081707891553, 14.214624465655307], [79.10138194615578, 14.214628951801611], [79.10137734802635, 14.21517999225122], [79.10193991837394, 14.215459997551038], [79.10193532131534, 14.216011038141371], [79.10250019236435, 14.216015522074592], [79.10249789444433, 14.216291042450143], [79.10278033038415, 14.216293283962171], [79.10277803275649, 14.216568804376232], [79.10221316024295, 14.216564320928551], [79.10221086188301, 14.216839841245484], [79.10164828792615, 14.216559836148042], [79.10165288586462, 14.216008795674973], [79.1010880151108, 14.2160043097426], [79.10108341580619, 14.216555350034712], [79.10023610799537, 14.21654861836568], [79.10023380724459, 14.21682413836592], [79.09995137106458, 14.216821893764562], [79.09995827419384, 14.215995333879551], [79.10052314455386, 14.215999822477457], [79.10053004519077, 14.215173262260535], [79.10081247942009, 14.215175505923936], [79.10081477919242, 14.21489998579297], [79.10024991146605, 14.21489549822352], [79.10025221187216, 14.21461997817637], [79.09968734502574, 14.214615489364805], [79.09968504393665, 14.214891009321407], [79.09912247837634, 14.214610999220614], [79.09911787478289, 14.215162038945978], [79.09855300696455, 14.215157547287964], [79.0985507044109, 14.215433067049998], [79.09826827023414, 14.215430820675929], [79.09827287597518, 14.21487978123578], [79.09770800913557, 14.214875287669392], [79.09771491942638, 14.21404872873082], [79.097432487105, 14.21404648158387], [79.0971408382813, 14.21514631231248], [79.09685840469258, 14.21514406431788], [79.09685379543784, 14.21569510329133], [79.09657136121541, 14.215692854872863], [79.0965667510803, 14.216243893728802], [79.09628431622417, 14.216241644886443], [79.09628201074108, 14.216517164259002], [79.09571714049375, 14.216512665483963], [79.09572175277674, 14.215961626913607], [79.09543931841019, 14.215959377117041], [79.09544854374991, 14.214857300077396], [79.09573097675042, 14.214859549692457], [79.09573558844113, 14.214308511041663], [79.09460355228057, 14.214575030092762], [79.0946058594672, 14.214299510945557], [79.0940409952765, 14.214295008898631], [79.09404561086747, 14.21374397076574], [79.09376317952915, 14.213741719333393], [79.0937608714169, 14.214017238357773], [79.09347843978654, 14.214014986546873], [79.09347382273084, 14.21456602448468], [79.09319139046693, 14.214563772249782], [79.0931867725306, 14.215114810069913], [79.0929043396331, 14.21511255741099], [79.09290664896749, 14.21483703854971], [79.09262421646092, 14.214834785603069], [79.0923464038902, 14.214281494762389], [79.09178154049025, 14.214276987385162], [79.09150373060191, 14.213723695881917], [79.09065643807016, 14.213716931590982], [79.09065412620174, 14.213992450115343], [79.09121898852305, 14.213996960066734], [79.09121667728812, 14.214272478675365], [79.0917792298888, 14.214552506078036], [79.09177460853753, 14.215103543443668], [79.09149217588727, 14.21510128911893], [79.09148524246488, 14.215927844980683], [79.09120280883955, 14.215925590186348], [79.09119125043858, 14.217303182927784], [79.0914736857716, 14.217305437949506], [79.09146906274803, 14.217856475090098], [79.09175149881366, 14.217858729869546], [79.0917561211541, 14.217307692638007], [79.09232099206747, 14.217312201015368], [79.09231637109329, 14.21786323842875], [79.09203393492875, 14.217860984315763], [79.09202931307361, 14.218412021611401], [79.09174687627535, 14.218409767074254], [79.09173994209695, 14.219236322831028], [79.09145750432337, 14.219234067824225], [79.09145288060722, 14.219785104870931], [79.09258032416547, 14.22006964195741], [79.09286738356057, 14.219520858279612], [79.09399713730686, 14.219529869823674], [79.09399021073399, 14.220356426590582], [79.09568484898475, 14.220369934725607], [79.09568023512227, 14.220920973081425], [79.09596267568683, 14.220923223361478], [79.09567562106234, 14.221472011410421], [79.09595806231025, 14.22147426178122], [79.09595575554792, 14.221749780981028], [79.09680308061273, 14.221756530229568], [79.09679846899013, 14.222307568881222], [79.09567100680498, 14.222023049712593], [79.0956640850487, 14.222849607115554], [79.0965114140658, 14.222856357908464], [79.09650449494072, 14.223682915659362], [79.09593729967246, 14.223953934338097], [79.09621513026612, 14.2245072231468], [79.09564793255629, 14.224778240821077], [79.0956456248599, 14.225053759895035], [79.09592807055016, 14.225056010855678], [79.09592576314618, 14.225331529968306], [79.09564331711417, 14.22532927896229], [79.09563639358075, 14.226155836123807], [79.09450660584497, 14.226146828220918], [79.09450198717475, 14.226697865931929], [79.09478443471824, 14.226700118498606], [79.09478212565084, 14.226975637389453], [79.09421722992967, 14.226971131831844], [79.09421261027943, 14.227522169411792], [79.0939301618093, 14.227519916041977], [79.09392785156824, 14.227795434776475], [79.09449274924157, 14.22779994127346], [79.09449505879897, 14.22752442244814], [79.09505995598623, 14.22752892752043], [79.09506226481057, 14.227253408597608], [79.09590960993631, 14.227260163568888], [79.09590730213746, 14.227535682627853], [79.09618975095329, 14.22753793366339], [79.09618282828609, 14.228364490936139], [79.0964652781768, 14.22836674177429], [79.09646297086421, 14.228642260897152], [79.09618052063165, 14.22864001001364], [79.0961759051747, 14.229191048148515], [79.09730801552162, 14.228924530798903], [79.09731493438262, 14.228097973022189], [79.09759738412883, 14.228100222481045], [79.09760430152038, 14.227273664507958], [79.09788675029039, 14.227275913497348], [79.09789136095453, 14.22672487472443], [79.09845625727516, 14.226729371521548], [79.09845856184965, 14.226453852034393], [79.0987410097421, 14.226456099887471], [79.0987271836067, 14.22810921698162], [79.09815997855704, 14.228380239799895], [79.09815075721554, 14.2294823173392], [79.09871566047177, 14.229486814375631], [79.09871796519734, 14.229211294910241], [79.0990004165575, 14.22921354288288], [79.09900732941286, 14.228386984310571], [79.0992897797967, 14.228389231813813], [79.09929438743684, 14.227838192641485], [79.09957683718626, 14.227840439720659], [79.09957914059056, 14.227564920079145], [79.10070663667652, 14.227849424702557], [79.10070893871347, 14.227573904879963], [79.10127383807038, 14.227578395279533], [79.10127613937442, 14.227302875359735], [79.10184103824454, 14.227307364334933], [79.10183643695458, 14.227858404348774], [79.10240133738891, 14.227862892170993], [79.1024036373748, 14.227587372076975], [79.1029685373222, 14.22759185847485], [79.10325558514288, 14.227043060694195], [79.10382048401799, 14.227047544910455], [79.10382508022724, 14.226496504223498], [79.1041075290549, 14.226498745741075], [79.10410982674398, 14.226223225342359], [79.10467472386311, 14.226227707286826], [79.10467242685766, 14.22650322777588], [79.10523732485693, 14.226507708476882], [79.10523502848596, 14.226783229049541], [79.10608237687872, 14.226789947735579], [79.10607778604039, 14.22734098913162], [79.10579533584337, 14.227338749812798], [79.10579304000873, 14.22761427045563], [79.10607549054758, 14.227616509819581], [79.10607319500568, 14.22789203050084], [79.10663809691437, 14.22789650831855], [79.10664039177259, 14.227620987547045], [79.1072052931939, 14.227625463940592], [79.10720988139575, 14.22707442219704], [79.10749233149633, 14.227076659803398], [79.10749691881824, 14.226525617942833], [79.10777936828426, 14.22652785512554], [79.10778395472632, 14.225976813147978], [79.10834885243825, 14.225981286332704], [79.1083511449021, 14.22570576524371], [79.10891833385783, 14.225434715818704], [79.10892062554004, 14.225159194626162], [79.10976796969372, 14.225165899496348], [79.10977026030156, 14.224890378161952], [79.11005270776825, 14.224892612237205], [79.11005270810902, 14.224892612406801], [79.11005270811042, 14.22489261223991], [79.11033515596547, 14.224894846318236], [79.11033744584078, 14.224619324887072], [79.1109023410171, 14.22462379161965], [79.11090463015991, 14.224348270091742], [79.11146952487351, 14.224352732396754], [79.11146952484856, 14.224352735400672], [79.11288176242682, 14.22436389283843], [79.1128817624656, 14.224363888165668], [79.11401155337002, 14.22437281278736], [79.11401383870451, 14.224097290758015], [79.11415506266223, 14.224098404980197], [79.11429628622079, 14.224099519866797], [79.11429628622633, 14.224099519199273], [79.11514362906844, 14.224106204525226], [79.11514362906291, 14.224106205192754], [79.11536958743085, 14.224107987280954], [79.11542607677468, 14.224108432967938], [79.115423793149, 14.224383955221901], [79.11598640641162, 14.224663932198933], [79.11598184028308, 14.225214976852953], [79.11626428945961, 14.22521720380711], [79.11626314803063, 14.225354971693317], [79.11625881054894, 14.22587847346167], [79.11625744090148, 14.226043770872375], [79.115974990724, 14.226041543783737], [79.11596814072534, 14.226868110654223], [79.11568568949794, 14.226865883096874], [79.11567427014744, 14.22824349418919], [79.11539181725963, 14.228241266073853], [79.11538724849373, 14.228792310374063], [79.11425514887237, 14.229058916178717], [79.11425057707817, 14.22960996007935], [79.11368338176706, 14.22988102158114], [79.11339635303105, 14.230429834452343], [79.11283144261616, 14.230425371832789], [79.11282915478941, 14.230700893528184], [79.11254669931343, 14.2306986616731], [79.11254441109583, 14.230974183316823], [79.11197721065638, 14.231245240063078], [79.11197492165702, 14.231520761603422], [79.11169246530203, 14.23151852861269], [79.11168101786113, 14.2328961359889], [79.11196347592596, 14.232898369204595], [79.11195660789991, 14.233724933684844], [79.11167414880909, 14.233722700334168], [79.11138710947037, 14.234271509423184], [79.11110464979343, 14.234269275315228], [79.11081760830463, 14.234818083440084], [79.10997022766247, 14.234811377843261], [79.10996564355345, 14.235362420112729], [79.11052827385683, 14.235642412239134], [79.11052369082205, 14.236193454648486], [79.11024122889772, 14.236191219224404], [79.11023435295185, 14.237017782653055], [79.10995189005027, 14.237015546760176], [79.10994730515716, 14.23756658892234], [79.10909991469383, 14.237559878971151], [79.10880827545581, 14.238659725176303], [79.10796088147538, 14.238653010679522], [79.1079631765374, 14.238377489944064], [79.10626839195409, 14.238364052209922], [79.10626379767534, 14.238915093132855], [79.10598133306567, 14.238912852252144], [79.10597903551049, 14.239188372658413], [79.10541180746559, 14.239459410114733], [79.10540950912787, 14.239734930417306], [79.10484457819943, 14.239730446048682], [79.10484227912825, 14.240005966254238], [79.10371241649246, 14.239996993331017], [79.10371011600343, 14.240272513349165], [79.1028627185163, 14.240265780016479], [79.10286041695159, 14.240541299892326], [79.10257795087874, 14.240539054735313], [79.10257564892264, 14.240814574559234], [79.10200841355048, 14.241085602880165], [79.10200611081156, 14.241361122600223], [79.10172364385976, 14.241358876306144], [79.10172134072943, 14.241634395974256], [79.10087393914274, 14.241627654953422], [79.10087163493655, 14.241903174479086], [79.1003067001072, 14.24189867870559], [79.10030439516731, 14.242174198134014], [79.09889205724501, 14.242162952631949], [79.09888975054473, 14.242438471827233], [79.09747741214368, 14.242427217752866], [79.09747048661343, 14.243253774618642], [79.09662308108457, 14.243247017759895], [79.0966184617642, 14.24379805536476], [79.09605352362269, 14.243793548941545], [79.09605121320392, 14.244069067643178], [79.0937914598752, 14.244051028232521], [79.09378914666887, 14.24432654656426], [79.09350667738286, 14.244324290090082], [79.09321958021621, 14.244873069743624], [79.09293711034452, 14.244870812510808], [79.092934795963, 14.245146330686094], [79.09180723135235, 14.244861780240651], [79.09152939376547, 14.244308485422286], [79.09039720113815, 14.244574964617733], [79.09011936746484, 14.244021668616956], [79.08927196271199, 14.244014885308228], [79.08926500651533, 14.244841438100329], [79.08898253733665, 14.244839176193084], [79.08897557966718, 14.24566572878812], [79.08869310951114, 14.24566346641036], [79.08868962981119, 14.246076762321442], [79.08868847010763, 14.246214501348838], [79.08840599934132, 14.24621223854627], [79.08840367923528, 14.246487755959985], [79.08783641627689, 14.246758746577445], [79.08783409538702, 14.247034263886597], [79.08670188669832, 14.24730072323815], [79.08669956433988, 14.247576240351542], [79.08641709218422, 14.247573974983364], [79.0864194148105, 14.247298457914974], [79.08641941488503, 14.247298457915571], [79.0864228987512, 14.246885182164108], [79.08642638268971, 14.24647190667186], [79.08670885347597, 14.246474171857654], [79.08671117553662, 14.246198654716583], [79.08671117563595, 14.246198654717379], [79.08671814181822, 14.245372103256244], [79.08671814171889, 14.245372103255448], [79.08672046377976, 14.245096586089092], [79.08643799470502, 14.245094321131285], [79.08643567240262, 14.245369838085702], [79.0861532030338, 14.245367572915537], [79.08615204167566, 14.245505331195401], [79.08586841067797, 14.245640824267962], [79.08586608759029, 14.245916341284865], [79.08558361763755, 14.245914075188534], [79.08558594106755, 14.245638558217252], [79.08530347150675, 14.245636291832636], [79.08530114773444, 14.245911808758299], [79.08487744374197, 14.245908408367667], [79.08473620807861, 14.24590727472895], [79.08473853253412, 14.245631758061698], [79.0836086551849, 14.245622686512998], [79.08361098096135, 14.245347169854494], [79.08361098093644, 14.245347169860358], [79.08361330668812, 14.245071653189273], [79.08333083815963, 14.245069384558684], [79.08332851209057, 14.245344901178237], [79.08248110577644, 14.245338093146101], [79.08248343287238, 14.245062576663598], [79.08220096454272, 14.245060306697463], [79.08220561926997, 14.244509273803686], [79.081640684129, 14.244504733052581], [79.08163952012387, 14.244642490459865], [79.08107342322626, 14.244775706586918], [79.08064971890668, 14.244772299431071], [79.08051081444404, 14.244495647543912], [79.08051081441913, 14.244495647543712], [79.08051314378667, 14.244220131361265], [79.08023067683212, 14.244217859195164], [79.08024698323261, 14.242289246048642], [79.0805294477915, 14.242291517894543], [79.08053177671106, 14.242016001657928], [79.08053177673597, 14.24201600165813], [79.08053410563065, 14.241740485414994], [79.0808165695549, 14.241742756835604], [79.08081773380847, 14.241604998427142], [79.08110136168945, 14.241469511581089], [79.08110136169086, 14.241469511414001], [79.08138382537103, 14.241471782288368], [79.08138615313962, 14.241196265894605], [79.08223354345624, 14.241203075876527], [79.08223587014854, 14.240927559338914], [79.08336572323145, 14.240936634458976], [79.08365283644014, 14.240387868852334], [79.0842177620105, 14.240392403559436], [79.08450487243218, 14.239843636559332], [79.08478733465722, 14.239845902987167], [79.08478965802158, 14.239570386004953], [79.08507211995413, 14.239572652053392], [79.0850744429267, 14.239297135018823], [79.08535690456677, 14.239299400687878], [79.08535922714753, 14.23902388360097], [79.08592647173919, 14.238752896661738], [79.08593808022913, 14.237375310636669], [79.08622053962333, 14.237377574985235], [79.0865076407474, 14.23682880436064], [79.08707255841553, 14.236833331206897], [79.08706559787322, 14.237659883429544], [79.08762819819648, 14.237939926699774], [79.08762587855112, 14.238215444178328], [79.08875340339448, 14.238500009762236], [79.08875572172096, 14.238224492108172], [79.08903818263732, 14.238226753256326], [79.08904281845741, 14.237675717836972], [79.08932527873912, 14.237677978560331], [79.0893345484164, 14.236575907458906], [79.08989946639177, 14.236580427540316], [79.08990873254001, 14.23547835596728], [79.08962627489578, 14.235476096275491], [79.08963090835681, 14.234925060539728], [79.09019582232668, 14.234929579407586], [79.09019813829886, 14.234654061438599], [79.09048059501605, 14.234656320326554], [79.09048291059672, 14.234380802305353], [79.09020045422153, 14.234378543462903], [79.09020740169247, 14.233551989495536], [79.08992494639281, 14.233549730455985], [79.0899272624594, 14.233274212498948], [79.08879744312398, 14.233265173186759], [79.08879280820537, 14.233816208729898], [79.08822557924934, 14.234087204560392], [79.08822094266539, 14.234638239881058], [79.08793848634454, 14.234635978324004], [79.08765139192293, 14.235184751544873], [79.08680402135447, 14.235177963597515], [79.08681330156094, 14.23407589389448], [79.08738053173116, 14.233804901628002], [79.08738517006964, 14.233253866540442], [79.08766762458137, 14.23325612853691], [79.08766994333425, 14.23298061093749], [79.08823716984185, 14.232709616141241], [79.08825339458966, 14.23078099207246], [79.08797094305629, 14.230778731153217], [79.08797326102106, 14.230503213447811], [79.08825571221251, 14.230505474321502], [79.08826266478374, 14.229678921028341], [79.0871328644181, 14.229669876079175], [79.08713518321024, 14.22939435848363], [79.08685273358466, 14.229392096458136], [79.0868573717039, 14.228841061338073], [79.08713982064575, 14.228843323272404], [79.08714909492168, 14.227741252769407], [79.08799643794255, 14.227748036024595], [79.08798948538657, 14.228574589322033], [79.08855438303272, 14.228579110098131], [79.08855669991723, 14.228303592247924], [79.08911928087707, 14.228583629540273], [79.08912391322917, 14.228032593650992], [79.08884146496592, 14.228030334187736], [79.08884378140951, 14.227754816278566], [79.08827888571531, 14.227750296442723], [79.08828120279301, 14.227474778617927], [79.0871514133667, 14.22746573512688], [79.08715605010796, 14.226914699821691], [79.08687360355897, 14.226912438206439], [79.08716068665089, 14.22636366448965], [79.08659811385036, 14.226083623523134], [79.08660507019474, 14.225257070728127], [79.08688751464341, 14.22525933240329], [79.08660970750965, 14.2247060354979], [79.08632726379409, 14.22470377358052], [79.08632494481968, 14.224979291153392], [79.08576005685389, 14.224974766227243], [79.0857623765118, 14.224699248745583], [79.08491504596056, 14.224692458992731], [79.08491040454454, 14.225243493675613], [79.08519284869551, 14.225245757351214], [79.08547065264862, 14.225799055531947], [79.0857530975824, 14.225801318631966], [79.0857461378643, 14.22662787097629], [79.08518124599564, 14.226623344169115], [79.08517660456823, 14.227174378849297], [79.0846117115309, 14.22716985052584], [79.0846233181451, 14.225792264231378], [79.0843408734099, 14.225789999797685], [79.0843385518446, 14.226065517024358], [79.08377133954103, 14.226336504194071], [79.0837666947949, 14.226887538431244], [79.08348424884153, 14.226885272814648], [79.08319715662576, 14.227434040892266], [79.08263226360019, 14.227429507809136], [79.08262993968597, 14.227705024721534], [79.08206272152799, 14.22797600702749], [79.08205109754424, 14.229353590998278], [79.08120375149831, 14.229346785911998], [79.08091665023925, 14.229895550058501], [79.08006930273903, 14.229888740695769], [79.08006697530045, 14.230164257136286], [79.07978452589136, 14.230161986635926], [79.0797775422513, 14.23098853577992], [79.07893019124566, 14.230981721865833], [79.07892087492552, 14.232083786747944], [79.07835597176869, 14.232079242104591], [79.078351311942, 14.232630274322215], [79.07778407694467, 14.232901244168556], [79.07777941545119, 14.233452276162689], [79.07749696233738, 14.233450002444501], [79.07747598007177, 14.235929645673313], [79.07775843626365, 14.235931919803768], [79.07775144230408, 14.236758467563194], [79.07746898508601, 14.236756193295314], [79.07746432151295, 14.237307225009719], [79.07718186366061, 14.23730495031653], [79.0771748669009, 14.238131497700296], [79.07745732577952, 14.23813377253093], [79.07744239980104, 14.239897091651024], [79.07744100058196, 14.240062383177952], [79.07715853938332, 14.24006010802721], [79.07693969409787, 14.240884948489677], [79.07686907887783, 14.240884379586793], [79.07686674565909, 14.241159895266883], [79.07629948672127, 14.241430858486494], [79.07629248463823, 14.242257405155359], [79.07601002082679, 14.242255128302228], [79.07601935820651, 14.241153066247007], [79.07573689581372, 14.241150789243465], [79.07545910323006, 14.240597481021606], [79.07517780918447, 14.240457445492256], [79.07518131186534, 14.240044172622529], [79.0748988509909, 14.24004189480111], [79.07490040762076, 14.239858246948033], [79.07490352171949, 14.239490864046275], [79.07490352161955, 14.239490864045468], [79.07490819224842, 14.238939833264553], [79.07462573279243, 14.23893755529288], [79.07462806832415, 14.238662039937811], [79.07491052743799, 14.23866431786361], [79.07491519766742, 14.23811328704156], [79.07519765614698, 14.238115564541896], [79.07548478333788, 14.237566810676126], [79.0750610962077, 14.237563394810284], [79.07491986769863, 14.237562256025594], [79.07492220263723, 14.237286740758083], [79.07463974523384, 14.237284463061664], [79.07463997882063, 14.237256901367493], [79.074642080466, 14.237008947666276], [79.07464208024115, 14.237008947664462], [79.0746444152485, 14.23673343226094], [79.07464441564827, 14.236733432264163], [79.07465842569353, 14.235080339710365], [79.07465842529376, 14.23508033970714], [79.07466309530928, 14.234529308805342], [79.0743806413762, 14.23452703123405], [79.07438764645138, 14.23370048496376], [79.07410519359419, 14.233698207196506], [79.07410986407866, 14.233147176407826], [79.07382741195534, 14.233144898398757], [79.07354963153453, 14.232591589424135], [79.07298472890542, 14.232587031921696], [79.07269293005731, 14.233686813356194], [79.07241047749982, 14.233684533587326], [79.0724058027118, 14.234235563798197], [79.07183855822582, 14.234506518079383], [79.07183388176992, 14.235057548066177], [79.07211633593745, 14.235059828731956], [79.0721023074222, 14.236712918806697], [79.07181985120246, 14.236710637865269], [79.07181517394669, 14.237261667744527], [79.07237774973588, 14.237541744474097], [79.07237708189892, 14.237620441524497], [79.0723590438367, 14.239745864428315], [79.0720765838039, 14.239743583315258], [79.07207424499323, 14.24001909823025], [79.07165055336864, 14.240015675731325], [79.07150932439475, 14.240014534743935], [79.07151166388829, 14.239739020087908], [79.07094908430189, 14.23945894078766], [79.07095610438947, 14.238632396533625], [79.07067364597516, 14.238630113935711], [79.07068066663888, 14.237803569759084], [79.07039820930089, 14.237801286965379], [79.07012511493413, 14.23669694520953], [79.06984265906449, 14.23669466193238], [79.06984968175614, 14.235868118028433], [79.06928477221928, 14.235863550749116], [79.06928711370047, 14.235588036193022], [79.06900465934913, 14.235585752098892], [79.06872688922815, 14.235032438722813], [79.06844443566101, 14.23503015405344], [79.06844912032501, 14.234479125170294], [79.06788421470895, 14.234474555014781], [79.06787952867694, 14.2350255837138], [79.06759707526004, 14.235023298043536], [79.06759473182689, 14.23529881233692], [79.06702982445938, 14.235294239903396], [79.06702513607466, 14.235845268285782], [79.06674268178203, 14.23584298147644], [79.06674502634147, 14.235567467334672], [79.06618011859064, 14.23556289280718], [79.06618246378399, 14.235287378750831], [79.06561990274498, 14.235007289010046], [79.065624594249, 14.234456261048082], [79.06421233309122, 14.2344448164764], [79.06421468047793, 14.234169302715877], [79.06336732541142, 14.23416243210791], [79.06336497699873, 14.234437945730022], [79.0628000731881, 14.234433363564374], [79.06279772404122, 14.234708877087455], [79.06251527186924, 14.234706585458046], [79.06250117388112, 14.236359666178338], [79.0627836281052, 14.236361958084725], [79.06276953036104, 14.238015038839906], [79.06248707408457, 14.238012746656533], [79.06248237375053, 14.238563773428794], [79.06191510905336, 14.23883470115994], [79.06162324632402, 14.23993446071968], [79.06134078785378, 14.239932166878166], [79.06133608407929, 14.240483193186805], [79.06105362497502, 14.240480898919149], [79.06104186294826, 14.241858464342021], [79.06075940218345, 14.241856169509576], [79.06075234333748, 14.242682708543947], [79.06046988159636, 14.242680413239066], [79.06046517476322, 14.243231439135915], [79.06018271238797, 14.243229143404784], [79.06020624796393, 14.240474014113627], [79.05992378906082, 14.240471718510939], [79.05991202019072, 14.241849283009484], [79.05962955962708, 14.241846986841873], [79.05962249667478, 14.242673525321564], [79.05905521854282, 14.242944444428122], [79.05904815293341, 14.243770982549606], [79.05933061579188, 14.243773279708531], [79.05932355075626, 14.24459981790819], [79.05876097878289, 14.24431971034501], [79.05876569012527, 14.243768685056846], [79.05848322736747, 14.243766387230247], [79.05849265081709, 14.242664336758203], [79.05821018947852, 14.242662038782841], [79.05821254555727, 14.242386526194275], [79.05764762371555, 14.242381929334673], [79.05764526695239, 14.242657441830682], [79.05736280576488, 14.242655142853888], [79.05735809140306, 14.24320616773315], [79.0570756295815, 14.24320386832996], [79.05707091433375, 14.24375489308971], [79.05650363108894, 14.244025805373822], [79.0562117329832, 14.24512555368634], [79.0559292689675, 14.245123252623612], [79.05592690964707, 14.245398764774492], [79.05564444533951, 14.245396463331568], [79.05564208562637, 14.24567197542939], [79.05535962102695, 14.245669673606256], [79.05535726092113, 14.24594518565101], [79.05507479602984, 14.24594288344765], [79.05507243553129, 14.246218395439332], [79.05478997034815, 14.246216092855734], [79.05478760945687, 14.246491604794333], [79.05450514398187, 14.24648930183049], [79.05450278269784, 14.246764813716], [79.054220316931, 14.246762510371896], [79.05421795525419, 14.247038022204308], [79.05393548919547, 14.247035718479927], [79.05364829831296, 14.247584437880763], [79.05336583167053, 14.247582133395786], [79.05336346881538, 14.247857645068873], [79.0530810018811, 14.247855340203582], [79.05279380776612, 14.248404058144752], [79.05251134024815, 14.24840175251879], [79.05250897621447, 14.248677264032484], [79.05222650840462, 14.248674958026164], [79.05221941497346, 14.249501492387605], [79.05193694618701, 14.24949918590808], [79.05193221629557, 14.2500502086892], [79.0513649117984, 14.250321105830126], [79.05136254604159, 14.25059661711099], [79.05108007603714, 14.250594309443802], [79.05107534368705, 14.25114533189245], [79.05079287304831, 14.251143023798369], [79.05080470525652, 14.249765467858461], [79.05108717418322, 14.249767775720315], [79.05108954013083, 14.249492264465685], [79.0508070715465, 14.249489956650274], [79.05080943778596, 14.249214445435353], [79.0510919060279, 14.249216753204314], [79.05110136911081, 14.248114708091498], [79.0508189022383, 14.248112400508314], [79.05081653620103, 14.248387911750175], [79.0502539686449, 14.248107784340132], [79.05026106850741, 14.24728125085287], [79.04997860281355, 14.247278942407265], [79.04999753629399, 14.2450748531833], [79.04971507338902, 14.245072544775544], [79.049719806938, 14.244521522495154], [79.0494373447681, 14.244519213846491], [79.04915961736442, 14.243965882742573], [79.04859469464651, 14.243961263961976], [79.04859232662952, 14.244236774933057], [79.04830986500423, 14.244234464995507], [79.04830512813393, 14.244785486824465], [79.04802266587475, 14.244783176460052], [79.04773546522443, 14.245331887377755], [79.04717053959014, 14.245327264793557], [79.04744352352185, 14.246431619217612], [79.0471610593609, 14.246429307572459], [79.04715394865727, 14.247255839585918], [79.04658901843345, 14.247251215014682], [79.046586647413, 14.247526725579279], [79.04630418203475, 14.247524412746237], [79.04630181062129, 14.24779992325755], [79.04658427634187, 14.247802236137142], [79.04657953404767, 14.248353257232662], [79.0462970676424, 14.248350944259967], [79.04629469607697, 14.248626454751072], [79.04601222938004, 14.24862414139788], [79.0460264600667, 14.24697107862957], [79.04574399547441, 14.24696876522182], [79.04574636742048, 14.246693254783427], [79.04518381165255, 14.246413116707382], [79.04460939082941, 14.247510528735718], [79.04404446083319, 14.247505898060872], [79.04375724687166, 14.248054602399927], [79.04319231581049, 14.248049969535089], [79.04318281438397, 14.24915200943597], [79.0423354140646, 14.249145057074578], [79.04234254329178, 14.248318527578775], [79.04290985035603, 14.24804765260178], [79.04292172770904, 14.246670102807249], [79.04320419145193, 14.2466724195074], [79.04321131615171, 14.245845889409317], [79.0432113162279, 14.245845889409942], [79.04321309722302, 14.245639268908498], [79.04321369105175, 14.245570379363983], [79.04349615347624, 14.24557269554374], [79.0437881120014, 14.244472970765461], [79.04407057315834, 14.244475286091037], [79.04407769356033, 14.243648755411732], [79.04407769363648, 14.243648755412355], [79.04407888029397, 14.243511000301295], [79.04408006702776, 14.24337324517266], [79.04436252686652, 14.243375559977974], [79.04436964570947, 14.242549029078663], [79.04465210457232, 14.242551343410373], [79.04465922193236, 14.241724812310665], [79.04494167981937, 14.241727126168808], [79.04494642378825, 14.24117610530882], [79.04522888104162, 14.241178418740022], [79.04523599558831, 14.240351887259786], [79.04580327892421, 14.24008100224145], [79.04581750208763, 14.238427938498681], [79.0458175022398, 14.238427938499926], [79.04581908254129, 14.238244252875184], [79.04581987261506, 14.238152427852777], [79.04610232625723, 14.238154739770508], [79.04610943605282, 14.237328207648986], [79.04639188871944, 14.237330519093366], [79.04668381771866, 14.236230786908727], [79.04725108882865, 14.235959896823095], [79.04725819330439, 14.2351333639815], [79.04754064343737, 14.235135673718979], [79.04754774643152, 14.234309140677237], [79.04783019558917, 14.234311449941538], [79.04811737850589, 14.233762736624701], [79.04839982708083, 14.233765045128797], [79.04840219351719, 14.233489533948427], [79.04811974528423, 14.233487225490837], [79.04813394489155, 14.23183415854634], [79.0475714197885, 14.231554030100678], [79.0475737868458, 14.231278519006011], [79.04729134150004, 14.231276209919892], [79.04728897410084, 14.231551720968033], [79.0470065284638, 14.231549411501856], [79.0467193465595, 14.232098123592104], [79.04615208525225, 14.232369013647695], [79.04614734726279, 14.232920035311075], [79.04558008327075, 14.233190923639809], [79.04529289554101, 14.233739633236633], [79.04501044752313, 14.23373732106312], [79.0450080769326, 14.234012831678248], [79.04444318036498, 14.2340082062373], [79.04443606623747, 14.234834737762762], [79.04471851552186, 14.23483705078981], [79.04471614438663, 14.23511256133143], [79.04443369476024, 14.235110248257788], [79.04414175740061, 14.236209976576918], [79.0438593065076, 14.236207662649619], [79.04384507125815, 14.23786072475759], [79.0435626183636, 14.237858410216958], [79.04355549902796, 14.238684941040212], [79.0432730451579, 14.238682626026035], [79.04298584349284, 14.23923133100683], [79.04270338904007, 14.239229015231983], [79.04269864030714, 14.239780035440443], [79.04298109513934, 14.239782351306063], [79.04297872096267, 14.240057861446207], [79.04269626586454, 14.240055545534576], [79.04268676758667, 14.241157585843753], [79.04240431078976, 14.241155269408694], [79.04239956066202, 14.241706289429588], [79.04211710323156, 14.241703972567471], [79.04210997663273, 14.24253050240835], [79.0418275182265, 14.242528185072485], [79.04182039014415, 14.243354714712778], [79.04153793076212, 14.243352396903129], [79.04153317776893, 14.243903416536316], [79.04125071775323, 14.24390109829951], [79.04096350322307, 14.24444979914842], [79.04068104262451, 14.244447480150594], [79.04067747603409, 14.244860744708058], [79.04067628714616, 14.244998499449611], [79.04039382593933, 14.24499618002477], [79.04037717785775, 14.246924747033004], [79.04065964148595, 14.246927066784899], [79.04065012854781, 14.24802910511385], [79.04093259359608, 14.24803142471859], [79.0409230812144, 14.249133463126478], [79.04120554768286, 14.249135782584007], [79.04119603585785, 14.250237821070797], [79.04147850374662, 14.250240140381065], [79.04146899247849, 14.251342178946723], [79.04175146178767, 14.251344498109678], [79.04174432883057, 14.252171027103158], [79.04202679921784, 14.252173346072086], [79.04201728926722, 14.25327538482235], [79.0422997610751, 14.253277703643867], [79.04229025168199, 14.254379742472906], [79.04257272491058, 14.25438206114696], [79.0425632160752, 14.25548410005475], [79.04284569072462, 14.255486418581285], [79.04284331373141, 14.255761928338018], [79.04369073901181, 14.25576888205285], [79.04368361081056, 14.256595411702275], [79.04396608703316, 14.256597729078829], [79.04396133533044, 14.257148748904637], [79.04367885842268, 14.257146431434855], [79.04366697656512, 14.25852398064833], [79.04394945518584, 14.258526298351194], [79.04395183131622, 14.258250788475367], [79.04508174493593, 14.258260055758571], [79.04507937017598, 14.258535565820797], [79.04536184897417, 14.258537881852106], [79.0453570999871, 14.259088902086626], [79.04478976574046, 14.259359779461139], [79.04478739043506, 14.259635289449808], [79.04450491029165, 14.259632972563116], [79.04450253459291, 14.25990848249845], [79.04506749561574, 14.259913116030809], [79.04506512055158, 14.260188626052585], [79.04534760148171, 14.260190942364021], [79.04505561978787, 14.261290666072274], [79.04561820980793, 14.261570808814781], [79.04561583512495, 14.261846318889269], [79.04589831821255, 14.261848634811669], [79.04589356937991, 14.26239965503355], [79.04617605310216, 14.262401970713977], [79.04617288708599, 14.262769377591791], [79.04616893060272, 14.263228501136757], [79.04645141547994, 14.2632308166232], [79.0464502290116, 14.263368513863188], [79.04644666753678, 14.26378183696411], [79.04701163886496, 14.26378646712069], [79.04700926549022, 14.264061977374022], [79.04757423770653, 14.26406660628641], [79.04757898303434, 14.263515585586864], [79.04870892533256, 14.263524839027637], [79.04870655406499, 14.263800349566836], [79.0495540123484, 14.263807286276624], [79.0495563825877, 14.26353177559795], [79.0501237238473, 14.263260887528235], [79.05012609329995, 14.262985376743135], [79.05022025552447, 14.262986146888704], [79.05040857856852, 14.262987687503063], [79.0504085785714, 14.262987687168375], [79.05097354925738, 14.262992308020022], [79.05097591763123, 14.262716797088808], [79.05125840270877, 14.262719106799393], [79.05126077066404, 14.26244359581479], [79.05126077068934, 14.262443595814997], [79.05140438067465, 14.262169239380535], [79.05182810755515, 14.262172703056418], [79.05183047474922, 14.261897191965677], [79.0523954432017, 14.261901808768272], [79.05238597686406, 14.263003853462163], [79.05295094826042, 14.263008469298908], [79.05295331420986, 14.26273295804253], [79.05295331423513, 14.262732958042736], [79.05295449685285, 14.262595241042826], [79.05295568015934, 14.26245744677982], [79.0532381652478, 14.262459754103949], [79.05324053075351, 14.262184242787692], [79.05324053077878, 14.262184242787898], [79.05324131905815, 14.26209242865905], [79.05324289625928, 14.261908731465109], [79.0535253807128, 14.261911038362173], [79.05353011078635, 14.261360015603183], [79.05353011083689, 14.261360015603595], [79.05360309634827, 14.261085080817297], [79.05381495929912, 14.261086810637835], [79.05381968843493, 14.260535787746058], [79.05410217127596, 14.260538093742692], [79.05438938173067, 14.259989376300865], [79.0546718639873, 14.25999168153629], [79.0546789539257, 14.259165146690343], [79.05496143520483, 14.259167451452475], [79.0549637980741, 14.258891939777328], [79.05510503815634, 14.258893091881108], [79.05524627906102, 14.258894244158903], [79.05524627906246, 14.258894243991607], [79.05552876009841, 14.258896548206275], [79.05553112223195, 14.258621036431702], [79.05609608377273, 14.258625643431172], [79.05609372232443, 14.258901155298407], [79.05637620351308, 14.258903458343166], [79.05636911989363, 14.259729994043402], [79.05693644504963, 14.25945908742221], [79.05693408447803, 14.259734599408175], [79.05749668932734, 14.260014715507866], [79.05749196930286, 14.260565739631302], [79.05692700246088, 14.260561135325643], [79.05693172385604, 14.260010111387402], [79.05580179351826, 14.260000899135692], [79.05579706938171, 14.260551922703389], [79.0560795525759, 14.260554226360322], [79.05635258968381, 14.261658577108149], [79.05663507422344, 14.26166088028082], [79.05663271283025, 14.26193639216596], [79.05635022802362, 14.261934088947589]], [[79.10638228115036, 14.292370433224642], [79.10666481242089, 14.292372681857373], [79.10666250670734, 14.29264820114031], [79.10637997509323, 14.292645952462449], [79.10638228115036, 14.292370433224642]], [[79.10694503837058, 14.292650449483103], [79.10694273295145, 14.292925968804429], [79.10666020094463, 14.29292372041651], [79.10666250670734, 14.29264820114031], [79.10694503837058, 14.292650449483103]], [[79.11734526921393, 14.26517903857818], [79.11734755733026, 14.264903516957904], [79.11678484860646, 14.264623531590795], [79.11707192365178, 14.264074720443654], [79.1190494088179, 14.264090334713588], [79.1190402648737, 14.265192422311328], [79.11734526921393, 14.26517903857818]], [[79.08575541738918, 14.225525801170436], [79.08603786203079, 14.22552806389143], [79.0860401814462, 14.225252546377577], [79.08632262579566, 14.225254808719557], [79.0863179875988, 14.225805843831747], [79.0857530975824, 14.225801318631966], [79.08575541738918, 14.225525801170436]], [[79.05079050645503, 14.251418534966147], [79.05050803552442, 14.251416226491605], [79.05051040246012, 14.251140715370283], [79.05079287304831, 14.251143023798369], [79.05079050645503, 14.251418534966147]], [[79.05692464168769, 14.26083664728466], [79.05777209282736, 14.260843553378809], [79.05776737328709, 14.261394577524475], [79.05663979683334, 14.261109856490128], [79.05664451911547, 14.260558832671446], [79.05692700246088, 14.260561135325643], [79.05692464168769, 14.26083664728466]], [[79.05636203582047, 14.260556529683006], [79.0563643972286, 14.260281017809877], [79.05664688018092, 14.260283320752002], [79.05664451911547, 14.260558832671446], [79.05636203582047, 14.260556529683006]], [[79.1150073594344, 14.274528893587046], [79.11528986985772, 14.274531129415243], [79.11528757763024, 14.274806650486108], [79.11472255614352, 14.274802178740227], [79.1147248490572, 14.274526657759214], [79.11500735943301, 14.274528893754544], [79.1150073594344, 14.274528893587046]], [[79.11498672453722, 14.27700858274603], [79.11498901749906, 14.276733061773864], [79.11527153037505, 14.276735297791618], [79.11526923780534, 14.277010818809094], [79.11498672453722, 14.27700858274603]], [[79.12025476393232, 14.255007017101665], [79.12053725089434, 14.255009243558394], [79.12053496830855, 14.255284765411691], [79.12025248100532, 14.255282538742906], [79.12025476393232, 14.255007017101665]], [[79.1183207685733, 14.249756503338572], [79.1186032486862, 14.249758731282451], [79.11860096462524, 14.250034253451346], [79.11888344512937, 14.250036481106028], [79.11916135861516, 14.250589752587885], [79.11859639635695, 14.250585297769005], [79.11859868051549, 14.25030977561353], [79.1184574402544, 14.250308661597838], [79.1183184841699, 14.250032025462628], [79.11831848414548, 14.250032025462435], [79.1183207685733, 14.249756503338572]], [[79.1183276214907, 14.24892993692615], [79.11889257966187, 14.248934392210487], [79.1188880125176, 14.249485436671868], [79.1183230529279, 14.249480981207808], [79.1183276214907, 14.24892993692615]], [[79.11575557270123, 14.25249165371252], [79.11603805579944, 14.252493885111635], [79.11603576816928, 14.252769406642399], [79.11575328472719, 14.252767175365614], [79.11575557270123, 14.25249165371252]], [[79.1157418441239, 14.254144783530421], [79.1160243292773, 14.254147015198939], [79.11601975338179, 14.254698058173167], [79.11573726754327, 14.25469582641485], [79.1157418441239, 14.254144783530421]], [[79.11151374582417, 14.253009184585673], [79.11207871197202, 14.253013657252533], [79.11207641944736, 14.253289178307892], [79.11165269476899, 14.253285823743784], [79.11151145261586, 14.253284705383798], [79.11151374582417, 14.253009184585673]], [[79.10628870755393, 14.269775587558296], [79.10657121062778, 14.26977783282521], [79.10656890860079, 14.270053352447233], [79.1062864051826, 14.270051107302633], [79.10628870755393, 14.269775587558296]], [[79.10557620680756, 14.287404340322182], [79.10613895109849, 14.287684356890564], [79.10612972854238, 14.28878643413857], [79.10570593599974, 14.288783060793302], [79.10556467530286, 14.288781936204932], [79.10556928790373, 14.288230897971449], [79.10556928805137, 14.288230897972625], [79.10557620680756, 14.287404340322182]], [[79.10232213332542, 14.271121714190272], [79.10232444069517, 14.270846195105337], [79.10288944820971, 14.270850695032184], [79.10288714157521, 14.271126214207948], [79.10232213332542, 14.271121714190272]], [[79.09816202010968, 14.261858050907717], [79.09816317555091, 14.261720291834923], [79.09788068389807, 14.261718037680087], [79.09788299507659, 14.261442519258342], [79.09844797769956, 14.261447026807994], [79.09844335671073, 14.261998064161125], [79.09816202010968, 14.261858050907717]], [[79.09057303373842, 14.25725103749381], [79.09086015648717, 14.256702264315786], [79.09114264073773, 14.256704525841927], [79.0911380035109, 14.257255561061863], [79.09057303373842, 14.25725103749381]], [[79.08887116110364, 14.258064010120998], [79.08887348260382, 14.257788493233086], [79.08859099737913, 14.257786228851346], [79.0888781254611, 14.25723745876792], [79.08916061005011, 14.257239722724371], [79.08915596787807, 14.257790757280617], [79.08943845307788, 14.257793020992958], [79.08943613238417, 14.258068538307525], [79.08887116110364, 14.258064010120998]], [[79.08493962843565, 14.255277111915866], [79.08493962843848, 14.255277111581355], [79.08522210993195, 14.2552793802315], [79.08521745886178, 14.255830413605537], [79.08578474824837, 14.255559432641974], [79.08578242337362, 14.255834949416878], [79.08634506384477, 14.256115000751016], [79.08634041522443, 14.256666033613277], [79.0854929651542, 14.256659230487601], [79.08549529050921, 14.256383715116682], [79.08474200177538, 14.256377665779485], [79.08464784199658, 14.2563769094556], [79.08493497668034, 14.255828145198642], [79.08465249454858, 14.255825876457589], [79.08437466559207, 14.255272574282193], [79.08465714699186, 14.255274842931586], [79.08465714698903, 14.2552748432661], [79.08493962843565, 14.255277111915866]], [[79.06879838722698, 14.259831003241008], [79.07021081011703, 14.259842440615374], [79.0699236356702, 14.260391182006474], [79.06893493730894, 14.260383174937221], [79.06879604099696, 14.26010651715909], [79.0687960409719, 14.260106517158887], [79.06879838722698, 14.259831003241008]], [[79.07164197488544, 14.25764975420048], [79.07192445712123, 14.257652038801123], [79.07192679913176, 14.257376524316633], [79.07248942164601, 14.257656606615665], [79.07248708022026, 14.257932121233717], [79.07220459769054, 14.257929837424006], [79.07219991410471, 14.258480866451228], [79.07191743078963, 14.258478582214222], [79.07192211506072, 14.257927553278888], [79.07163963248087, 14.257925268799578], [79.07163260497134, 14.258751812054632], [79.07078515444827, 14.258744956197868], [79.07078749802938, 14.258469441924142], [79.0705050149644, 14.25846715601611], [79.07050735883809, 14.258191641781629], [79.07107232433285, 14.258196213171543], [79.07107466747125, 14.257920698838381], [79.07135714995106, 14.257922983986074], [79.07135949269681, 14.25764746960022], [79.07150073382718, 14.257648611900642], [79.07164197488402, 14.257649754367765], [79.07164197488544, 14.25764975420048]], [[79.07078046713595, 14.259295984725128], [79.07021549900017, 14.259291412298968], [79.07022018768308, 14.258740383955635], [79.07078515444827, 14.258744956197868], [79.07078046713595, 14.259295984725128]], [[79.06115483585214, 14.261697685599897], [79.06115719163591, 14.261422172967276], [79.0614396768149, 14.261424470412118], [79.06143732132348, 14.261699983090532], [79.06115483585214, 14.261697685599897]], [[79.05190856380865, 14.252805322023455], [79.05219103670275, 14.252807629227222], [79.05218867152426, 14.253083139917848], [79.05162372510165, 14.253078525083414], [79.0516260909622, 14.25280301482008], [79.05181440556407, 14.252804552950526], [79.05190856380722, 14.252805322190678], [79.05190856380865, 14.252805322023455]], [[79.052911403998, 14.251160326069211], [79.05390005285295, 14.251168394462578], [79.05389769002639, 14.251443906140882], [79.05333274710436, 14.251439296206195], [79.05333038354244, 14.251714807785001], [79.0527630758402, 14.251985707900724], [79.05276544013748, 14.251710196421444], [79.05248296851074, 14.251707890238627], [79.05262656861979, 14.251433531699005], [79.05276780438427, 14.251434684935425], [79.052911403998, 14.251160326069211]], [[79.05247114480704, 14.25308544733565], [79.05275361814607, 14.253087753750494], [79.05275125359773, 14.253363265028872], [79.05246877991479, 14.253360958734847], [79.05247114480704, 14.25308544733565]], [[79.04961088412911, 14.257195028128049], [79.04932840620813, 14.257192717341356], [79.04932959087849, 14.257054962046569], [79.04933077557591, 14.256917206547403], [79.04933077555059, 14.256917206547195], [79.0493331448931, 14.256641695746705], [79.04961562212891, 14.256644006440432], [79.04961799105294, 14.25636849558652], [79.04990046799678, 14.256370805899634], [79.05017820846282, 14.256924137765582], [79.05046068619438, 14.256926447336069], [79.05046068619295, 14.256926447503343], [79.05060192622078, 14.256927602130801], [79.05074316397364, 14.256928756906946], [79.05073606085735, 14.257755289965617], [79.04988862355896, 14.257748359823934], [79.0496073304796, 14.257608294128246], [79.04961088412911, 14.257195028128049]], [[79.12531632059397, 14.22363514739234], [79.1250338718602, 14.22363293137566], [79.12503614372002, 14.223357407578694], [79.12531859211204, 14.2233596235507], [79.12531632059397, 14.22363514739234]], [[79.11771466943595, 14.254711442040486], [79.11743218330437, 14.254709212287054], [79.11743446956511, 14.254433690411638], [79.11771695535411, 14.254435920120212], [79.11771466943595, 14.254711442040486]], [[79.11621756257176, 14.26489458796059], [79.11593506400429, 14.26489235487527], [79.11593964351876, 14.26434131206341], [79.11622214140057, 14.264343545058933], [79.11621756257176, 14.26489458796059]], [[79.1147959051221, 14.26598550401452], [79.11451340542763, 14.265983269077498], [79.11451569711912, 14.265707747926387], [79.11479819647072, 14.265709982818475], [79.1147959051221, 14.26598550401452]], [[79.1148073613762, 14.26460789796713], [79.11452486339599, 14.264605663254766], [79.11452715484293, 14.264330142070069], [79.1148096524803, 14.264332376737496], [79.1148073613762, 14.26460789796713]], [[79.10476656379554, 14.215206882228431], [79.10448412887776, 14.215204643229455], [79.10448642421049, 14.214929122510783], [79.10476885878676, 14.214931361464599], [79.10476656379554, 14.215206882228431]], [[79.10447265147708, 14.21658224672231], [79.10475508810252, 14.216584485947099], [79.10475049748146, 14.217135527387665], [79.10446806017292, 14.217133288072556], [79.10446576444713, 14.217408808737627], [79.10390318570322, 14.217128808442673], [79.10391007463511, 14.216302246678287], [79.10334520241132, 14.216297765986631], [79.10334979615298, 14.215746724957613], [79.10447953806487, 14.215755684646696], [79.10447265147708, 14.21658224672231]], [[79.1042016940091, 14.215202403897301], [79.10363912077649, 14.214922403650322], [79.10364371334357, 14.21437136246393], [79.10392614708945, 14.214373602326885], [79.10392385117197, 14.214649122968618], [79.10420628530846, 14.214651362543597], [79.1042016940091, 14.215202403897301]], [[79.10386873440895, 14.221261616359932], [79.10358629212354, 14.221259375367415], [79.10358858956221, 14.220983854931696], [79.10387103150593, 14.220986095879029], [79.10386873440895, 14.221261616359932]], [[79.10163679221893, 14.217937437213449], [79.10248410589136, 14.217944164562738], [79.10248870227242, 14.217393123885344], [79.10333601433805, 14.21739984796426], [79.10333371719685, 14.217675368441913], [79.10389859283623, 14.217679849585423], [79.10389399977267, 14.218230890701372], [79.10332682547823, 14.21850192983467], [79.10331993331717, 14.219328491167113], [79.10275505377524, 14.21932400814827], [79.10275735189467, 14.219048487801224], [79.10191003397546, 14.21904176090906], [79.1021970706904, 14.218492963006367], [79.10163449292986, 14.218212957406426], [79.10163679221893, 14.217937437213449]], [[79.103340608473, 14.216848806988848], [79.10305817175175, 14.216846566052826], [79.10306046908704, 14.216571045600263], [79.10334290546675, 14.21657328649109], [79.103340608473, 14.216848806988848]], [[79.10259540882645, 14.272226040819765], [79.10231290335413, 14.272223790462766], [79.10231751843823, 14.271672752339965], [79.10260002322451, 14.271675002606521], [79.10259540882645, 14.272226040819765]], [[79.1027872229721, 14.215466722679787], [79.10222235319081, 14.2154622395938], [79.10222924738524, 14.214635678522379], [79.10279411511748, 14.214640161337098], [79.10307195502595, 14.215193443236945], [79.10278952040306, 14.215191202238927], [79.1027872229721, 14.215466722679787]], [[79.10176404929202, 14.27029065583086], [79.10148154636839, 14.270288404786871], [79.10148385461936, 14.270012885817467], [79.1017663572, 14.270015136816216], [79.10176404929202, 14.27029065583086]], [[79.10177328062852, 14.269188579731937], [79.10149077907674, 14.269186328868917], [79.1014953951354, 14.268635290869597], [79.10177789600134, 14.26863754164213], [79.10177328062852, 14.269188579731937]], [[79.10133595600335, 14.220139355091455], [79.10218327772691, 14.22014608452598], [79.10217867967886, 14.2206971249789], [79.10189623837185, 14.220694882076902], [79.10189393893238, 14.220970402248085], [79.10132905578263, 14.220965915353705], [79.10133595600335, 14.220139355091455]], [[79.10137300301214, 14.283237788761179], [79.10109048400999, 14.283235535255827], [79.10109510577955, 14.282684498033184], [79.10137762409508, 14.282686751448027], [79.10137300301214, 14.283237788761179]], [[79.1015646123767, 14.260369717652807], [79.1012821218446, 14.260367467903212], [79.1012844286654, 14.260091948737047], [79.10156691885479, 14.260094198441395], [79.1015646123767, 14.260369717652807]], [[79.09875356796385, 14.258694092461848], [79.09931854407814, 14.258698597100048], [79.09931161701056, 14.25952515372847], [79.09874894859742, 14.259245130039643], [79.09875356796385, 14.258694092461848]], [[79.0962319903523, 14.256194139285242], [79.09594950589693, 14.256191883865077], [79.09595181848826, 14.255916365459035], [79.09623430260108, 14.25591862083383], [79.0962319903523, 14.256194139285242]], [[79.09563177764495, 14.226706874197946], [79.09534932995334, 14.226704622631617], [79.09535163828771, 14.226429103643282], [79.09563408563753, 14.226431355164234], [79.09563177764495, 14.226706874197946]], [[79.08982067213725, 14.245948031572796], [79.08953820149026, 14.24594577015123], [79.08954052012791, 14.245670252541926], [79.08982299043258, 14.245672513917965], [79.08982067213725, 14.245948031572796]], [[79.07387609514967, 14.260698682898784], [79.07359360879336, 14.260696400299784], [79.07358892763452, 14.261247429651633], [79.07302629499078, 14.26096734868646], [79.07331814487856, 14.259867573426003], [79.07388311548513, 14.259872138682814], [79.07387609514967, 14.260698682898784]], [[79.07328536986992, 14.263724777963432], [79.07300287984344, 14.263722494190807], [79.0730052215831, 14.263446979670666], [79.0732877112668, 14.263449263397371], [79.07328536986992, 14.263724777963432]], [[79.07244492706607, 14.262891382337509], [79.07301224650217, 14.262620436069852], [79.07300756327277, 14.263171465143795], [79.07244258474086, 14.263166896779254], [79.07244492706607, 14.262891382337509]], [[79.07202043855025, 14.246355939419328], [79.07202277851074, 14.246080424658988], [79.07230524641466, 14.246082706828616], [79.07230290679648, 14.246358221634896], [79.07202043855025, 14.246355939419328]], [[79.07258537509269, 14.246360503516554], [79.07258303576684, 14.246636018362036], [79.07230056712831, 14.246633736434445], [79.07230290679648, 14.246358221634896], [79.07258537509269, 14.246360503516554]], [[79.06877961598437, 14.262035114397122], [79.06793215462662, 14.26202824685688], [79.06793450223543, 14.261752733124032], [79.06765201555912, 14.261750443321416], [79.06765671131183, 14.26119941592761], [79.06822168334372, 14.261203995014382], [79.06821933617783, 14.261479508806739], [79.06850182261165, 14.261481797894753], [79.06877961598437, 14.262035114397122]], [[79.067967363497, 14.257895540157152], [79.06768488161804, 14.257893250999176], [79.06768722881779, 14.257617737211374], [79.06796971035415, 14.257620026323305], [79.067967363497, 14.257895540157152]], [[79.06570516022077, 14.258152730994645], [79.06598764209137, 14.258155022538025], [79.06598059387366, 14.258981563011599], [79.06541327793529, 14.259252492699598], [79.06570516022077, 14.258152730994645]], [[79.05813948370206, 14.250927413310205], [79.05785701214442, 14.25092511361276], [79.05785937007622, 14.2506496012724], [79.05814184129144, 14.250651900923565], [79.05813948370206, 14.250927413310205]], [[79.05502521496871, 14.25172863385903], [79.05559015918107, 14.251733239878146], [79.05530296456867, 14.252281960822119], [79.05502049180282, 14.252279657552856], [79.05502521496871, 14.25172863385903]], [[79.05241910550971, 14.25914669656177], [79.05213662468493, 14.259144388791764], [79.05213899098055, 14.258868877580468], [79.05242147146268, 14.25887118530406], [79.05241910550971, 14.25914669656177]], [[79.05157876397799, 14.258313238873566], [79.05101380473792, 14.258308621272734], [79.0510161722524, 14.258033110226945], [79.05158113080725, 14.2580377277349], [79.05157876397799, 14.258313238873566]], [[79.04872078091121, 14.262147286230508], [79.0492857489367, 14.262151910480094], [79.04899852350448, 14.262700619754511], [79.04871603883159, 14.262698307369586], [79.04872078091121, 14.262147286230508]], [[79.0490601458409, 14.25553734163461], [79.04877767007648, 14.255535030458573], [79.04878003982579, 14.255259519717166], [79.04906251524767, 14.255261830846711], [79.0490601458409, 14.25553734163461]], [[79.04793024308688, 14.255528094925756], [79.04736529201361, 14.255523469566635], [79.04736766347558, 14.2552479590578], [79.0479326138638, 14.255252584323873], [79.04793024308688, 14.255528094925756]], [[79.04651549324329, 14.25579203938456], [79.04623301759204, 14.255789725154926], [79.0462353904748, 14.255514214839014], [79.04651786578353, 14.25551652902209], [79.04651549324329, 14.25579203938456]], [[79.0466932931903, 14.235128743505689], [79.04641084320923, 14.235126432767355], [79.04641321229253, 14.234850921946316], [79.04669566193162, 14.234853232638102], [79.0466932931903, 14.235128743505689]], [[79.04557060374572, 14.234292966486395], [79.04585305254888, 14.234295278085876], [79.0461307627041, 14.234848610920924], [79.04556586367919, 14.234843987869304], [79.04557060374572, 14.234292966486395]], [[79.04552319395941, 14.23980317910386], [79.04495828282333, 14.239798553041009], [79.04496065447826, 14.239523042567244], [79.04552556493013, 14.239527668536939], [79.04552319395941, 14.23980317910386]]]]}}, {"type": "Feature", "properties": {"band": "lo", "bound": "lower", "class": "reported depth, LOW end of range", "area_km2": 32.89}, "geometry": {"type": "Polygon", "coordinates": [[[79.05663743561666, 14.261385368389357], [79.05662326725808, 14.263038439643239], [79.05690575368789, 14.263040742714212], [79.05690103118394, 14.263591766504218], [79.05718351834965, 14.263594069333491], [79.05717879632962, 14.264145093189146], [79.05746128423125, 14.264147395776686], [79.05745892348844, 14.264422907740702], [79.05802390012842, 14.264427512005359], [79.05802626018567, 14.264151999948771], [79.05887372449509, 14.264158903699396], [79.05887136546615, 14.264434415894788], [79.06028380870264, 14.264445915690347], [79.06028852328238, 14.263894890830402], [79.06000603521998, 14.26389259163243], [79.06029795183812, 14.262792841029656], [79.06142789910669, 14.262802033738854], [79.06171509659822, 14.26225330567752], [79.06228006926384, 14.26225789917296], [79.0622824237773, 14.261982386369052], [79.06284739595851, 14.261986978434985], [79.06284033432372, 14.262813517103528], [79.0634053087623, 14.262818108109268], [79.06369250180732, 14.262269377061456], [79.06425747517632, 14.262273965876812], [79.06425277079691, 14.262824992110582], [79.06538272087928, 14.262834166098715], [79.06538036998526, 14.263109679389967], [79.06622783410222, 14.263116556509125], [79.06623018396799, 14.262841043079593], [79.06679515961127, 14.262845626061974], [79.06651737066015, 14.262292307766506], [79.06736483229429, 14.262299180459284], [79.06736248389976, 14.262574694086567], [79.06792745925866, 14.262579274302372], [79.06793215462662, 14.26202824685688], [79.06764966760758, 14.262025957008222], [79.06766140686405, 14.260648388506869], [79.06822637752515, 14.260652967409468], [79.06822168334372, 14.261203995014382], [79.06935162800872, 14.26121314917669], [79.06962942334543, 14.261766464919763], [79.07047688457646, 14.261773326304793], [79.0707546833404, 14.262326641143714], [79.07244961156647, 14.262340353433817], [79.07273678339415, 14.261791608622973], [79.0730192709714, 14.261793892408452], [79.07303565965023, 14.259865290296236], [79.07331814487856, 14.259867573426003], [79.07332048557579, 14.259592058765703], [79.07388545549703, 14.259596623930696], [79.07388779545897, 14.259321109171852], [79.07445276489472, 14.259325672908117], [79.07444574691503, 14.260152217439837], [79.07416326114418, 14.26014993560114], [79.07415858155596, 14.260700965163519], [79.07444106801219, 14.260703247093995], [79.07443404928335, 14.261529791524751], [79.07386673400298, 14.26180074175917], [79.0738643935914, 14.262076256457439], [79.07358190552151, 14.262073973628915], [79.07357254200461, 14.263176032171048], [79.07470016043479, 14.263460677015981], [79.07469548101881, 14.264011706600355], [79.07441299039975, 14.26400942445352], [79.07439426799566, 14.26621354215464], [79.07495925476874, 14.26621810684809], [79.07495691492916, 14.266493621622198], [79.07523940873345, 14.266495903513203], [79.07523472959018, 14.267046933132963], [79.07551722413011, 14.2670492147813], [79.07551956338385, 14.266773699928917], [79.0763670462746, 14.266780542729853], [79.07636938444983, 14.266505027733174], [79.0766518785037, 14.266507307952159], [79.07665421628622, 14.26623179290291], [79.07721920385791, 14.266236352245992], [79.07722154090483, 14.265960837098357], [79.07750403442266, 14.265963116222482], [79.07749702416078, 14.266789661782655], [79.07777951875703, 14.266791940709828], [79.077781855218, 14.26651642548402], [79.07947682178519, 14.266530091749619], [79.07947915613919, 14.266254576242346], [79.08004181103954, 14.266534644496222], [79.08004647832634, 14.265983613291894], [79.08117645468984, 14.265992714406261], [79.08145428504687, 14.266546020510575], [79.08230177004855, 14.266552842106268], [79.08229943907332, 14.266828358064167], [79.08314692555128, 14.266835176787238], [79.08342476178669, 14.267388481287202], [79.08427225091856, 14.267395296271244], [79.08426759342032, 14.267946328779429], [79.0845500905828, 14.267948599863212], [79.08482327494542, 14.269052935913344], [79.0851057735789, 14.269055206510789], [79.08510344558525, 14.269330722864801], [79.08623344198757, 14.269339802092336], [79.08622878859477, 14.269890835145148], [79.08651128850536, 14.269893104207041], [79.08649267569213, 14.272097236513908], [79.08677517839621, 14.272099505606098], [79.08677052538252, 14.272650538706706], [79.08705302882225, 14.27265280755553], [79.087050702584, 14.272928324141333], [79.08676819880122, 14.272926055246915], [79.08675889197968, 14.274028121340425], [79.08704139713464, 14.27403039041722], [79.08703907064823, 14.274305906969364], [79.08732157619588, 14.274308175757147], [79.08732390233922, 14.274032659159419], [79.08788891289723, 14.274037195640023], [79.08788658744002, 14.274312712328909], [79.0881690931365, 14.274314980112878], [79.08788193637676, 14.274863745686481], [79.08731692376031, 14.274859208932414], [79.08731459746811, 14.275134725509947], [79.0875971040946, 14.27513699409987], [79.08759477809586, 14.275412510716256], [79.08731227112627, 14.27541024208075], [79.08730761829372, 14.275961275202157], [79.08759012594953, 14.275963543928823], [79.08758779980194, 14.27623906052501], [79.08815049043767, 14.276519113746147], [79.08814118789782, 14.277621180401201], [79.08842369776126, 14.277623448397303], [79.08841904688002, 14.278174481775556], [79.0887015574794, 14.27817674952808], [79.08840974452244, 14.27927654845127], [79.08869225649454, 14.279278816386014], [79.08868993112435, 14.279554333083665], [79.08925495590375, 14.279558868040068], [79.0892526311704, 14.279834384822077], [79.0903826826969, 14.279843450900179], [79.0903850060574, 14.279567933936072], [79.0906675187197, 14.279570199573238], [79.09066519570241, 14.279845716582855], [79.09151273501615, 14.279852511622424], [79.09151041297899, 14.280128028761796], [79.09179292652586, 14.280130293150984], [79.0917952482198, 14.27985477596613], [79.09320781498043, 14.279866092663514], [79.09320549500261, 14.280141610075674], [79.09292298120828, 14.280139347360237], [79.09291601994825, 14.280965899419984], [79.09347872981334, 14.281245942219453], [79.09347640993141, 14.281521459643395], [79.09375892554091, 14.281523721916509], [79.09375660595278, 14.281799239379152], [79.09432163800669, 14.281803763011872], [79.09431931905564, 14.282079280558634], [79.0948866702584, 14.281808285305424], [79.09487971531662, 14.282634838197982], [79.09516223254649, 14.282637098978777], [79.095159914477, 14.282912616641568], [79.09459487938011, 14.28290809465436], [79.09459256057457, 14.283183612219608], [79.0948750784416, 14.283185873426032], [79.09486580409838, 14.284287943801326], [79.09543084272734, 14.284292465572893], [79.09542852470462, 14.284567983240683], [79.09599356421795, 14.284572503763606], [79.09599124683253, 14.284848021515435], [79.09627376700664, 14.284850281319978], [79.09628303487855, 14.283748210090755], [79.09656555372871, 14.283750469378957], [79.09657018668165, 14.283199433633214], [79.09685270489454, 14.283201692495846], [79.09712595980002, 14.284306022851082], [79.09740847948501, 14.284308281225451], [79.09740616386571, 14.284583799210829], [79.0979688890885, 14.284863833115008], [79.09796657405718, 14.285139351177598], [79.09909434409852, 14.285423897428638], [79.09909203034199, 14.285699415659039], [79.09993959573158, 14.285706183425035], [79.09993728295589, 14.28598170178459], [79.10050232748226, 14.285986212044685], [79.10078022618045, 14.28653950364296], [79.10106274925364, 14.286541758026285], [79.1010581261044, 14.287092795060449], [79.1013406499137, 14.287095049199376], [79.10133371585056, 14.287921604835905], [79.1016162407394, 14.28792385877565], [79.10161392962992, 14.288199377352944], [79.10218129066489, 14.287928365650302], [79.10218591136233, 14.287377328294557], [79.10246843571208, 14.287379581139003], [79.10247536535861, 14.286553024919215], [79.10275788872735, 14.286555277293061], [79.10274634078738, 14.287932871185166], [79.10302886592247, 14.287935123450174], [79.10303117526549, 14.287659604639998], [79.10359622499647, 14.287664108074758], [79.1035892988804, 14.28849066475632], [79.10387182485005, 14.288492916106875], [79.10387413326116, 14.288217397174558], [79.10443918466116, 14.288221898780405], [79.10443687693694, 14.288497417803095], [79.1047194030542, 14.288499668148763], [79.10471709562427, 14.288775187209898], [79.10415204275205, 14.288770686093246], [79.10414973458599, 14.289046205057288], [79.1038672078802, 14.289043953951316], [79.10386951638972, 14.288768435032464], [79.10330446381272, 14.288763931905992], [79.10330215461626, 14.289039450734446], [79.10386489932148, 14.289319472863442], [79.1038602820564, 14.28987051066749], [79.10442533757808, 14.289875012815571], [79.10442072149019, 14.29042605077344], [79.10470325001182, 14.290428301435337], [79.10470094223761, 14.290703820449348], [79.10526600011544, 14.29070832085845], [79.10526830720264, 14.290432801754106], [79.10555083587181, 14.29043505141097], [79.10554852912813, 14.290710570560472], [79.10611128119517, 14.290990588192527], [79.10612050532346, 14.289888511219889], [79.10640303345309, 14.28989075978145], [79.10640072783823, 14.290166279079845], [79.1066832563605, 14.290168527351534], [79.10668556163185, 14.289893008008011], [79.10725061813676, 14.289897503456139], [79.10724600891895, 14.290448542316932], [79.10780876299881, 14.290728556115992], [79.10780185071755, 14.291555114607137], [79.10808438120303, 14.291557361429279], [79.10808207735461, 14.291832880957958], [79.10779954652558, 14.291830634090722], [79.10779263365502, 14.292657192501085], [79.10835769742356, 14.292661686171073], [79.1083600010757, 14.292386166617492], [79.10920759606593, 14.292392904474237], [79.10921680606101, 14.291290825651702], [79.10893427572273, 14.291288580214793], [79.1089388811129, 14.290737540853279], [79.10922141076415, 14.290739786200048], [79.10922601527099, 14.290188746721473], [79.1097910733466, 14.290193236229712], [79.1097979776779, 14.289366676691014], [79.11008050575877, 14.289368920807476], [79.11008740861818, 14.288542361073068], [79.10980488156773, 14.288540117091753], [79.1098117850161, 14.287713557431927], [79.1100943110362, 14.287715801278097], [79.11038143778528, 14.287167004802281], [79.1112290142263, 14.287173733056095], [79.11180325933519, 14.286076135928726], [79.11236830798961, 14.286080618056868], [79.11236601027413, 14.286356138395766], [79.11264853501822, 14.286358379002458], [79.1126508323903, 14.286082858618576], [79.1132181779749, 14.285811818256697], [79.11322736403054, 14.284709736267184], [79.11350988686121, 14.284711975599329], [79.11351447890857, 14.284160934474277], [79.11464456797384, 14.284169888094484], [79.1146468625507, 14.283894367342075], [79.114929384596, 14.283896604865031], [79.11493397291626, 14.283345563250174], [79.1152164943238, 14.283347800348421], [79.11523484290196, 14.281143633260594], [79.11551736161198, 14.281145869664654], [79.11551965462091, 14.280870348703495], [79.11523713625415, 14.280868112344354], [79.11526006708644, 14.278112902812154], [79.11497755220086, 14.27811066656746], [79.11498901749906, 14.276733061773864], [79.11470650437823, 14.276730825419104], [79.11470879763431, 14.276455304485145], [79.11499131041197, 14.276457540794977], [79.11499589609107, 14.275906498817033], [79.1147133839997, 14.27590426259706], [79.11472255614352, 14.274802178740227], [79.11444004547353, 14.274799942365332], [79.11444463193816, 14.274248900486453], [79.11472714192196, 14.274251136771476], [79.1147248490572, 14.274526657759214], [79.11500735943301, 14.274528893754544], [79.11500965195468, 14.274253372721878], [79.11557467216682, 14.274257843618813], [79.11557008844696, 14.274808885857091], [79.11500277424295, 14.2750799357997], [79.11499818885727, 14.275630977817979], [79.11528070065444, 14.275633213658368], [79.11526465266607, 14.277561860825035], [79.11554716691418, 14.277564096645177], [79.11552882616766, 14.27976826479163], [79.116091568175, 14.280048257224164], [79.11608927599926, 14.28032377829531], [79.11580675822121, 14.280321542695546], [79.11578383034237, 14.283076752588109], [79.11606635155327, 14.283078988636914], [79.11608010680744, 14.281425862512641], [79.11636262600743, 14.281428097957217], [79.1163763774423, 14.279774971321498], [79.1166588946316, 14.279777206161935], [79.11666576865954, 14.278950642618637], [79.11610073638917, 14.278946172872363], [79.11610302832051, 14.278670651767603], [79.11666805990447, 14.278675121424095], [79.1166726422477, 14.278124079014836], [79.11695515742659, 14.278126313251217], [79.11696890122457, 14.276473185592824], [79.11725141439327, 14.276475419225232], [79.11726515437368, 14.274822291055608], [79.11754766553247, 14.274824524084126], [79.11755911245743, 14.273446916866945], [79.11727660301406, 14.273444684062767], [79.11727202370444, 14.273995726880065], [79.11698951362378, 14.273993493651531], [79.11700096324682, 14.272615886782257], [79.11671845493034, 14.272613653443509], [79.11672532514704, 14.271787089375948], [79.11644281790852, 14.271784855837279], [79.11644510822606, 14.27150933451287], [79.11672761512156, 14.271511568006654], [79.11673219492403, 14.27096052524791], [79.11644968871454, 14.270958291843902], [79.11617176353295, 14.270405015499286], [79.11673677453106, 14.270409482462284], [79.11674135394266, 14.269858439649788], [79.11758886874837, 14.269865137316074], [79.11760031127808, 14.26848752949416], [79.11675280161671, 14.268480832500966], [79.11675738034434, 14.267929789594408], [79.1161923755194, 14.267925323439417], [79.11619008549417, 14.268200844806273], [79.11534257759452, 14.268194142930541], [79.11534486864855, 14.267918621698401], [79.11449736221769, 14.267911916947167], [79.11449965425156, 14.26763639584308], [79.11421715254866, 14.267634160302007], [79.11422402938551, 14.266807597084266], [79.1145065300597, 14.266809832490523], [79.11451340542763, 14.265983269077498], [79.1142309057821, 14.265981033806055], [79.11423548980189, 14.265429991586995], [79.1145179887617, 14.265432226768558], [79.11452028035538, 14.26515670560401], [79.11508298682807, 14.265436696128464], [79.11507611381079, 14.26626325985137], [79.11535861394593, 14.266265494164466], [79.11535632318524, 14.266541015436916], [79.11733382789978, 14.266556646578817], [79.11762548054621, 14.265456791694808], [79.1162129835475, 14.265445630835378], [79.11621527308407, 14.265170109401343], [79.11565027531229, 14.265165642806505], [79.1153723574833, 14.26461236638869], [79.1150898594053, 14.264610132345103], [79.11508756859511, 14.26488565361294], [79.11424007362601, 14.264878949341057], [79.11424694899532, 14.264052385921774], [79.11537693827133, 14.264061323743029], [79.11537464790176, 14.264336845069218], [79.11594193320268, 14.264065790647404], [79.11593964351876, 14.26434131206341], [79.11678713731078, 14.264348010046835], [79.11678942596622, 14.264072488496158], [79.1190494088179, 14.264090334713588], [79.11905169468197, 14.263814812797362], [79.11961897532697, 14.263543748905722], [79.11962811535784, 14.262441660788257], [79.11934561928976, 14.262439432119056], [79.11935018969807, 14.26188838810967], [79.11991518051192, 14.26189284493448], [79.11992888645322, 14.260239712207424], [79.12021137987685, 14.260241939849529], [79.12022508200639, 14.258588806611984], [79.12050757342259, 14.258591033651033], [79.12052127174094, 14.25693789990307], [79.12080376114994, 14.256940126339147], [79.12081745565773, 14.255286992080839], [79.11968750653685, 14.255278085406424], [79.11970349083674, 14.25334942972068], [79.12026846050381, 14.253353883098972], [79.12027074309508, 14.253078360741707], [79.1205532276592, 14.253080586884883], [79.1205555098592, 14.252805064476112], [79.12027302563762, 14.252802838377729], [79.12027530813138, 14.25252731600704], [79.12055779201046, 14.252529542060634], [79.12056007411299, 14.252254019638444], [79.1202775905764, 14.252251793629643], [79.12056463817177, 14.251702974773929], [79.12112732270108, 14.251982948135309], [79.121134166515, 14.251156380539658], [79.12085168425094, 14.251154155378153], [79.12085624723485, 14.250603110370399], [79.12057376570448, 14.250600884964394], [79.12058973701015, 14.24867222753942], [79.12030725792559, 14.248670002112906], [79.12031866625087, 14.247292389689203], [79.12003618892703, 14.247290164152675], [79.12004303436433, 14.24646359675235], [79.11976055811634, 14.246461371016265], [79.11976512218216, 14.245910326138786], [79.1194826466676, 14.245908100158369], [79.11948949342764, 14.245081532926271], [79.11920701898882, 14.245079306746373], [79.11920930148695, 14.244803784367075], [79.11949177558344, 14.244806010502161], [79.11950090371903, 14.24370392073864], [79.11921843099172, 14.243701694782821], [79.1192389695244, 14.241221992825931], [79.11952143917148, 14.241224218378413], [79.11953284604951, 14.239846605721372], [79.11981531403437, 14.239848830715992], [79.11982215654957, 14.239022262906886], [79.12010462355667, 14.23902448743332], [79.12011146460667, 14.238197919429474], [79.12039393063607, 14.23820014348776], [79.12040532970063, 14.236822529789979], [79.1201228653818, 14.236820305955662], [79.12012742535067, 14.236269260519213], [79.12040988898531, 14.236271484263943], [79.12041444807505, 14.235720438711096], [79.12069691107428, 14.235722662032556], [79.12071058512161, 14.234069524944443], [79.12127778531494, 14.233798447087963], [79.12128461948262, 14.23297187816468], [79.1210021598063, 14.232969655958318], [79.12100443810675, 14.23269413301526], [79.12128689744108, 14.23269635517685], [79.1212914532119, 14.232145309181087], [79.12185864778714, 14.231874229226928], [79.1218654788802, 14.231047659894358], [79.12214793630882, 14.231049880786603], [79.12215021290051, 14.230774357617598], [79.1227151272199, 14.23077879831188], [79.1227196788895, 14.230227751774807], [79.12328686711379, 14.229956667587867], [79.12329369205571, 14.229130097443559], [79.12357614733423, 14.22913231635491], [79.12357842187568, 14.228856792915362], [79.12414333189483, 14.228861229648064], [79.12443488055415, 14.227761353152522], [79.12471733431781, 14.227763570506315], [79.12500433325931, 14.227214740126875], [79.12528678643648, 14.227216956724323], [79.12500887819412, 14.22666369270035], [79.12557378322968, 14.226668125383076], [79.12557605494052, 14.226392601570424], [79.12529360274027, 14.226390385440466], [79.12529814669979, 14.22583933788441], [79.12586304978163, 14.22584376963221], [79.12586759217953, 14.225292721870709], [79.12615004310973, 14.225294937155123], [79.12615231389401, 14.225019413219675], [79.12643476453098, 14.225021628126006], [79.12643930527025, 14.224470580145729], [79.12672175527223, 14.224472794629346], [79.12673537427392, 14.22281965025999], [79.12701782227391, 14.222821864142391], [79.12702916839802, 14.221444243427321], [79.127311614738, 14.221446456753213], [79.12732522643472, 14.219793311406477], [79.1276076707732, 14.219795524131312], [79.12762127867263, 14.218142378275918], [79.12790372100986, 14.218144590399778], [79.12791732511258, 14.216491444035793], [79.12819976544883, 14.216493655558768], [79.12821336575541, 14.214840508686267], [79.1284958040909, 14.214842719608434], [79.12849807029735, 14.214567195061672], [79.12821563230338, 14.214564984184099], [79.12821789880283, 14.214289459675243], [79.12765302364345, 14.214285037009782], [79.1276552907774, 14.214009512583445], [79.12680797942683, 14.214002876220361], [79.12681024753672, 14.213727351921202], [79.12568277054233, 14.213442974824144], [79.12568503992104, 14.213167450690191], [79.12455756770447, 14.212883068785363], [79.12455983835189, 14.212607544816724], [79.12371253372662, 14.212600898129777], [79.12371480534979, 14.212325374288534], [79.12286750218655, 14.212318724737607], [79.12286977478543, 14.212043201023825], [79.12230490693608, 14.212038766413748], [79.12230718016919, 14.21176324278274], [79.12145987978447, 14.21175658850355], [79.12146215399322, 14.2114810650001], [79.12061485507098, 14.21147440785729], [79.1206171302553, 14.211198884481458], [79.11948740040664, 14.211190003806884], [79.11948967690792, 14.210914480603531], [79.11864238105737, 14.210907816734627], [79.11864465853414, 14.21063229365903], [79.11807979556036, 14.210627849504029], [79.11807523919245, 14.211178895469187], [79.11835767133778, 14.211181117802901], [79.11835539342208, 14.211456640820279], [79.11750809610821, 14.211449972685351], [79.11751721157529, 14.210347881113808], [79.11638748796906, 14.210338986321814], [79.11638520780988, 14.210614509045268], [79.11582034561685, 14.210610059561105], [79.11581578378642, 14.211161104808387], [79.11553335208033, 14.211158879476905], [79.11553563336138, 14.210883356901508], [79.11497077077856, 14.210878905329103], [79.11497305269357, 14.21060338283683], [79.11469062181683, 14.21060115659593], [79.1146929040244, 14.21032563414188], [79.11497533455973, 14.210327860337859], [79.11469746829292, 14.209774589213692], [79.11413260873437, 14.209770136002247], [79.11412347727075, 14.210872225472425], [79.11355633150568, 14.211143292830181], [79.1135494801996, 14.211969859572791], [79.11270218332801, 14.211963174180475], [79.11270446816988, 14.21168765207451], [79.1124220363186, 14.211685422989168], [79.11242432145299, 14.21140990092148], [79.11185945858004, 14.21140544184148], [79.11186174434833, 14.21112991985706], [79.11073202055539, 14.211120997880023], [79.11073659467638, 14.21056995425111], [79.11130145510936, 14.21057441572575], [79.11130831387533, 14.209747849962111], [79.11102588465852, 14.209745619526338], [79.11102817115732, 14.209470097636741], [79.11018088482476, 14.209463404466193], [79.11018317229868, 14.209187882704954], [79.1082061749601, 14.209172253966024], [79.10820159518418, 14.209723296851081], [79.10678945228513, 14.2097121230243], [79.10679174390445, 14.209436601810575], [79.10622918002392, 14.209156608908605], [79.10594216713443, 14.209705414731719], [79.10565973884904, 14.209703177968109], [79.10566203183379, 14.20942765693487], [79.10453461484975, 14.209143185871278], [79.10453690910171, 14.208867665005243], [79.10397205511926, 14.208863188085587], [79.1039674652008, 14.209414229630283], [79.10340031433381, 14.209685271869752], [79.103398018569, 14.209960792534991], [79.10368044680281, 14.209963032008114], [79.10338883501818, 14.211062875128965], [79.10367126461755, 14.21106511478283], [79.10367356023758, 14.210789594099198], [79.10452084830632, 14.210796310926835], [79.10451855371049, 14.211071831745985], [79.1048009835064, 14.211074070067559], [79.10480557196615, 14.210523028332238], [79.10565285960018, 14.21052974102763], [79.10565056641903, 14.210805262034079], [79.10593299606997, 14.210807498978218], [79.10592841024321, 14.211358541061287], [79.10564597990945, 14.21135630402688], [79.10564368658103, 14.211631825013235], [79.105078825378, 14.211627349854895], [79.10507653131764, 14.211902870744261], [79.10451166962822, 14.211898394163255], [79.10450937483589, 14.212173914955615], [79.10563909977688, 14.212182866965854], [79.10563221920242, 14.213009429844545], [79.1067573644629, 14.21356941931325], [79.10647034580774, 14.214118225046795], [79.10562304441578, 14.214111513589017], [79.10561845672787, 14.214662555421066], [79.10618332563938, 14.214667030239921], [79.10617415240647, 14.215769114184672], [79.10589171656012, 14.215766876761315], [79.10588024720681, 14.21714448131588], [79.10559780970182, 14.217142243333662], [79.10559092647597, 14.217968805850596], [79.10587336500569, 14.217971043968223], [79.10586877662614, 14.218522085702949], [79.10530160330278, 14.21879312972093], [79.10529701326217, 14.219344171234894], [79.10416725299876, 14.219335213195814], [79.10416036346993, 14.22016177487459], [79.104442804487, 14.220164015019781], [79.10444050822073, 14.220439535611138], [79.10557027414683, 14.220448493039564], [79.10556568420022, 14.220999534563402], [79.10528324196169, 14.220997295615964], [79.10528094657305, 14.221272816322685], [79.10471606156001, 14.22126833733755], [79.104718357632, 14.220992816721138], [79.10443591554085, 14.22099057677375], [79.10443361912718, 14.221266097345], [79.10415117674349, 14.221263857019128], [79.10414658308541, 14.221814898051182], [79.10329925417915, 14.221808174802527], [79.10330155205781, 14.221532654425403], [79.10273666704947, 14.221528170683357], [79.10273896556232, 14.221252650389932], [79.10245652347359, 14.221250408064128], [79.10245422461907, 14.221525928312344], [79.10188933990584, 14.221521442570337], [79.1018847406825, 14.222072482865775], [79.10075496911303, 14.222063507019907], [79.10075727011606, 14.221787987056507], [79.10047482768843, 14.221785742306947], [79.10048173142715, 14.220959182512287], [79.09991915060075, 14.220679172430359], [79.09992605579849, 14.21985261282686], [79.1004932366736, 14.21958158272045], [79.10049553757518, 14.219306062741975], [79.09993296055296, 14.219026053163029], [79.09994676873217, 14.217372933654394], [79.09938189515367, 14.217368443270932], [79.09938419702762, 14.217092923419928], [79.09627739962686, 14.217068202984013], [79.09627509399573, 14.21734372233646], [79.09571022169911, 14.21733922328922], [79.09570560892254, 14.217890261792544], [79.09514073545708, 14.2178857612309], [79.0951453495999, 14.2173347229091], [79.09542778562484, 14.217336973265772], [79.09543009228062, 14.217061454049434], [79.09514765659728, 14.217059203738149], [79.09486983549299, 14.216505914822406], [79.09430496573935, 14.216501412715374], [79.09430034984346, 14.217052450805014], [79.09486522096329, 14.21705695309365], [79.09486291362437, 14.217332472219212], [79.09401560599406, 14.21732571815023], [79.09401329758106, 14.217601237132877], [79.09373086146152, 14.217598985064694], [79.0937239349014, 14.218425541836156], [79.09344149780654, 14.218423289298475], [79.09343687916954, 14.218974327021742], [79.09428419265194, 14.218981083907556], [79.09428650097036, 14.218705564913023], [79.09456893855503, 14.21870781649637], [79.09456663057823, 14.218983335536311], [79.09484906855388, 14.218985586831804], [79.09484445313532, 14.219536624982362], [79.09540933060124, 14.219541126755123], [79.09540702350114, 14.219816645911123], [79.09625434109513, 14.219823396206825], [79.09624972879664, 14.220374434770934], [79.09709704888455, 14.22038118233921], [79.09737487924984, 14.220934469762122], [79.09765732011043, 14.220936718042326], [79.09765271083383, 14.221487757006244], [79.09793515242706, 14.221490005043785], [79.09793054363656, 14.222041044071533], [79.09849312455184, 14.222321058922356], [79.09848851683235, 14.222872098091134], [79.09905340378079, 14.222876592285976], [79.099048797231, 14.223427631609137], [79.09989613007356, 14.223434370672923], [79.09989382774994, 14.223709890460304], [79.10017627247105, 14.223712136193425], [79.10046332047246, 14.223163341830631], [79.10131065302853, 14.223170075758075], [79.10131295354506, 14.222894555730992], [79.10244272960865, 14.222903529452873], [79.10243813126017, 14.223454569862158], [79.10187324176307, 14.223450083487053], [79.10187094183158, 14.223725603591195], [79.10158849681511, 14.22372335985835], [79.10158619649268, 14.22399887991056], [79.10101900486875, 14.224269911309262], [79.10101670376437, 14.22454543125758], [79.10045181202548, 14.2245409411867], [79.10045411381336, 14.224265421328894], [79.09988922295494, 14.224260930014951], [79.09988692048357, 14.224536449782219], [79.09960447478647, 14.22453420357988], [79.09960908036349, 14.223983164129198], [79.09932663539917, 14.223980917684035], [79.09932893845551, 14.22370539799392], [79.09876404935817, 14.223700904194029], [79.09876174561833, 14.223976423793548], [79.09847930080186, 14.22397417634823], [79.09818763784847, 14.225074006538078], [79.09875253016621, 14.225078502124573], [79.09875022617996, 14.225354021690567], [79.09818533317868, 14.225349526013451], [79.0981807236912, 14.225900564944078], [79.09931281602641, 14.22563403568389], [79.09930820917465, 14.226185074963526], [79.09902576152543, 14.226182827822635], [79.09902115379298, 14.22673386698486], [79.0993036021258, 14.226736114216338], [79.09930129852748, 14.227011633832685], [79.09986619602458, 14.227016127385852], [79.09987310462088, 14.226189568244994], [79.10128534409837, 14.226200795613476], [79.10128764515629, 14.225925275660144], [79.1021349884081, 14.22593200794425], [79.10213728839145, 14.225656487848521], [79.10270218345507, 14.22566097428032], [79.10270448270563, 14.225385454087451], [79.10326707871542, 14.225665459378407], [79.10326248143392, 14.226216499924837], [79.10241513656638, 14.226209771506332], [79.10241053703733, 14.226760811754707], [79.10297543493374, 14.226765297881322], [79.10297773403924, 14.22648977767007], [79.10382508022724, 14.226496504223498], [79.10382967623987, 14.225945463509717], [79.10495946911092, 14.225954427217978], [79.10495717249638, 14.226229947758895], [79.10523962117878, 14.22623218789752], [79.10524191745151, 14.225956667311452], [79.106371711305, 14.225965624350959], [79.10636712144488, 14.226516665877474], [79.1066495707146, 14.22651890439399], [79.10664727605273, 14.226794425192308], [79.10721217542304, 14.226798901315206], [79.10721676333047, 14.226247859531432], [79.10749921240561, 14.226250097002497], [79.10750379943316, 14.225699055101709], [79.10778624787376, 14.225701292149143], [79.10779083402149, 14.225150250131358], [79.10892062554004, 14.225159194626162], [79.10892291717322, 14.224883673426923], [79.10948781254311, 14.224888143583694], [79.10949010344373, 14.224612622287639], [79.11005270810902, 14.224892612406801], [79.1100549983261, 14.22461709102067], [79.11033744584078, 14.224619324887072], [79.11033973566711, 14.224343803449207], [79.11090463015991, 14.224348270091742], [79.11090691925374, 14.224072748557138], [79.11147181325889, 14.224077213776052], [79.11146952484856, 14.224352735400672], [79.11288176242682, 14.22436389283843], [79.11288404912835, 14.224088370988895], [79.11429628622079, 14.224099519866797], [79.11429857116464, 14.223823997785813], [79.1151459129815, 14.223830682977], [79.11514362906291, 14.224106205192754], [79.11570852453531, 14.224110660409723], [79.11570624125137, 14.224386182708587], [79.11626885495345, 14.224666159063693], [79.11626200671276, 14.225492726169346], [79.11654445632877, 14.225494952835344], [79.116542173826, 14.225770475235382], [79.1162597238682, 14.2257682485245], [79.11625059200162, 14.226870337878106], [79.11596814072534, 14.226868110654223], [79.11624602577531, 14.227421382514711], [79.11596357381538, 14.227419155201048], [79.1159567230841, 14.228245721971025], [79.11567427014744, 14.22824349418919], [79.11566513378774, 14.22934558294242], [79.1153826795324, 14.229343354647469], [79.11537811037564, 14.229894398894066], [79.11481320064394, 14.229889941123918], [79.11481091530844, 14.230165463147335], [79.11452846017397, 14.230163233717029], [79.1145238886725, 14.2307142776539], [79.11395897718253, 14.230709817612901], [79.11367194776226, 14.231258630732494], [79.11338949145564, 14.231256399788188], [79.11339177869635, 14.230980878016275], [79.11282686691375, 14.230976415216873], [79.11282457898915, 14.231251936898861], [79.11225737806096, 14.231522994260574], [79.11224364508867, 14.233176123631784], [79.11252610359338, 14.233178356225238], [79.11252152622842, 14.233729399385297], [79.1122390670397, 14.233727166701886], [79.11223677794179, 14.23400268822688], [79.11195431846001, 14.234000455164852], [79.11194973943333, 14.234551498104748], [79.11166727931644, 14.234549264619094], [79.11166040938315, 14.235375828843667], [79.11222533171815, 14.235380295751275], [79.11222075288606, 14.235931338714096], [79.11193829100998, 14.235929105337153], [79.11193142136851, 14.236755669596127], [79.11136649571071, 14.2367512015712], [79.11136420504815, 14.237026722887448], [79.1110817419506, 14.237024488329416], [79.11079469606156, 14.237573295870005], [79.11051223237777, 14.237571060554506], [79.1105076486571, 14.238122102869966], [79.10994272006803, 14.23811763105767], [79.10994042744997, 14.238393152115272], [79.1096579628868, 14.238390915663475], [79.10965337681937, 14.238941957668477], [79.10937091162093, 14.238939720792834], [79.10908385883943, 14.239488525381395], [79.1082364616325, 14.23948181148024], [79.10824105131753, 14.2389307699527], [79.10795858636429, 14.238928531408275], [79.10795629120416, 14.239204052130313], [79.10682643051327, 14.23919509443466], [79.10682413393543, 14.23947061496959], [79.10738906486705, 14.23947509457516], [79.10738447293281, 14.240026135805325], [79.10710200675813, 14.240023896079215], [79.10709971037522, 14.240299416639132], [79.10653477748876, 14.24029493609535], [79.10654166854326, 14.239468374666155], [79.10625920320018, 14.23946613402895], [79.10625690588896, 14.239741654466936], [79.10569197466577, 14.239737172100957], [79.10540491230506, 14.24028597100232], [79.10455751393307, 14.240279243677783], [79.10455521442144, 14.240554763824754], [79.10342534924484, 14.24054578920497], [79.1034230483153, 14.240821309164502], [79.10285581367455, 14.241092339623878], [79.10285351196225, 14.241367859479592], [79.1022885778126, 14.241363368560489], [79.10228397287156, 14.241914408070913], [79.10171903754987, 14.241909915635656], [79.1017167343211, 14.242185435290343], [79.1008693306811, 14.242178693998033], [79.1008670263764, 14.242454213510273], [79.09888975054473, 14.242438471827233], [79.09888744379514, 14.242713991015805], [79.09804003957987, 14.24270723943675], [79.09775295522172, 14.243256026237185], [79.09747048661343, 14.243253774618642], [79.09746817800468, 14.24352929356047], [79.09718570910346, 14.243527041562738], [79.09718340010312, 14.243802560452513], [79.09690093090897, 14.24380030807557], [79.09689862151701, 14.244075826913285], [79.09633368259226, 14.244071321067088], [79.0963313724664, 14.24434683980737], [79.09576643305455, 14.244342332534941], [79.09576412219475, 14.244617851177768], [79.09519918229586, 14.244613342479054], [79.09520149384022, 14.244337823926992], [79.09407161600431, 14.244328802704562], [79.09406930309083, 14.244604321075004], [79.0937868334131, 14.24460206488928], [79.0937822067533, 14.245153101519172], [79.09406467711561, 14.245155357795737], [79.09406236405385, 14.245430876146031], [79.09265001102521, 14.245419591197054], [79.09264769620249, 14.24569510931346], [79.0920827546526, 14.245690592905628], [79.0920873856178, 14.245139556847944], [79.09152476172798, 14.244859521338388], [79.09152707777149, 14.244584003383697], [79.09124460853889, 14.244581744193027], [79.09124229215313, 14.244857262102242], [79.09067735315188, 14.244852742628273], [79.09067503603202, 14.245128260439785], [79.09011241434868, 14.24484822181876], [79.09038561357983, 14.245952553414185], [79.08982067213725, 14.245948031572796], [79.0898183537924, 14.246223549220906], [79.08869078984657, 14.245938983883057], [79.08868615036873, 14.246490018808297], [79.08840367923528, 14.246487755959985], [79.08811656710597, 14.24703652749389], [79.08698435856122, 14.247302988226787], [79.08697971447944, 14.247854022538029], [79.08613229698541, 14.247847226296702], [79.08613694312136, 14.247296192259046], [79.08641941488503, 14.247298457915571], [79.08642870519202, 14.246196389577188], [79.08671117563595, 14.246198654717379], [79.08671814181822, 14.245372103256244], [79.0861532030338, 14.245367572915537], [79.08614855759268, 14.245918607047285], [79.08586608759029, 14.245916341284865], [79.08586376445298, 14.246191858295047], [79.08501635371671, 14.24618505886746], [79.085018677881, 14.245909541994148], [79.08445373832306, 14.245905007464128], [79.0844560631223, 14.245629490675375], [79.0836086551849, 14.245622686512998], [79.08361098096135, 14.245347169854494], [79.08247877863079, 14.24561360962188], [79.08248110577644, 14.245338093146101], [79.0821986371045, 14.245335823134265], [79.08220561926997, 14.244509273803686], [79.08107342047913, 14.244775707233384], [79.08107109172151, 14.245051223494055], [79.0807886236406, 14.245048951858491], [79.08051081444404, 14.244495647543912], [79.08022834714721, 14.244493375332063], [79.08024931251927, 14.242013729857968], [79.08053177673597, 14.24201600165813], [79.08053410563065, 14.241740485414994], [79.08110136168945, 14.241469511581089], [79.08110368980022, 14.241193995233049], [79.08223587014854, 14.240927559338914], [79.08252298589576, 14.240378795432845], [79.08365283644014, 14.240387868852334], [79.08365516127246, 14.240112352066154], [79.08393762369063, 14.240114619540934], [79.0839399481311, 14.23983910270238], [79.08450719613869, 14.23956811962276], [79.08450951979552, 14.239292602679466], [79.08507676584959, 14.239021617977539], [79.08508141154644, 14.238470583874816], [79.08536387216013, 14.238472849406994], [79.08537316158963, 14.237370780938438], [79.08565562088457, 14.237373045954406], [79.08566258640921, 14.236546494395606], [79.08622750309551, 14.236551023152776], [79.08622982415368, 14.236275505861856], [79.08679706067878, 14.236004515804282], [79.08651924407984, 14.235451217644474], [79.08595433003069, 14.235446689919488], [79.08595897238449, 14.234895655368426], [79.0862414287002, 14.234897919306535], [79.08624839083272, 14.234071367292758], [79.08653084617201, 14.234073630760431], [79.086537806832, 14.233247078549425], [79.08710503504433, 14.232976086702099], [79.0871096737692, 14.232425051665414], [79.08739212720545, 14.232427313858752], [79.08741067738588, 14.230223173078844], [79.08628087488015, 14.230214123762805], [79.08629247396902, 14.228836536468936], [79.08657492281166, 14.22883879907025], [79.08658651895105, 14.227461211380593], [79.08630407181762, 14.227458949007255], [79.08630871060979, 14.2269079139756], [79.0860262642096, 14.226905651360008], [79.0860239444965, 14.227181168833592], [79.08545673071502, 14.22745215988649], [79.08545441021904, 14.227727677255423], [79.08517196294227, 14.227725413502624], [79.08516732111775, 14.228276448129105], [79.08460242534578, 14.228271919440582], [79.08459778195528, 14.228822953857678], [79.08431533346008, 14.22882068892191], [79.0843130113485, 14.229096206074747], [79.0840305625611, 14.229093940759839], [79.08375740470653, 14.227989606825043], [79.08347495738587, 14.227987341025795], [79.08347263439776, 14.228262858061797], [79.08290773922184, 14.228258325371538], [79.08289844403765, 14.229360393083027], [79.08261599515681, 14.229358126054947], [79.08261134658277, 14.229909159779043], [79.08204412255732, 14.230180141300183], [79.08203947231745, 14.23073117480121], [79.0817570218763, 14.230728906544096], [79.08146991967844, 14.231277671244785], [79.08005766504844, 14.231266322831182], [79.08005533736099, 14.231541839238117], [79.07948810675244, 14.231812813755035], [79.07948112119047, 14.23263936264086], [79.07919866880364, 14.232637091061573], [79.07919401082945, 14.233188123527006], [79.07891155780851, 14.233185851522586], [79.07862444529607, 14.233734611440038], [79.07834199169079, 14.23373233867686], [79.07831402615426, 14.237038531095878], [79.07774677941515, 14.237309499369216], [79.07773045773398, 14.239238110478619], [79.07744799743706, 14.239235835798466], [79.07743866829703, 14.240337898958478], [79.0771562066814, 14.240335623761315], [79.07715154112795, 14.240886655209366], [79.07686907887783, 14.240884379586793], [79.0768644124406, 14.241435410916312], [79.07658194955599, 14.241433134868299], [79.07657494849956, 14.242259681674676], [79.07629248463823, 14.242257405155359], [79.07629015051079, 14.242532920698205], [79.07572522225337, 14.242528366566438], [79.07573689581372, 14.241150789243465], [79.07545443347084, 14.241148511906138], [79.07545910323006, 14.240597481021606], [79.07489651555176, 14.240317410168448], [79.07490352171949, 14.239490864046275], [79.07462106157926, 14.239488585982848], [79.07463273923777, 14.238111009207515], [79.07491519766742, 14.23811328704156], [79.07520232549258, 14.237564533601228], [79.07463740995173, 14.23755997845034], [79.074642080466, 14.237008947666276], [79.07435962345461, 14.237006669682046], [79.07436195897894, 14.236731154325815], [79.07464441564827, 14.236733432264163], [79.07465842569353, 14.235080339710365], [79.07437597107642, 14.23507806204731], [79.0743806413762, 14.23452703123405], [79.07409818749301, 14.234524753329131], [79.07410052291, 14.234249237958307], [79.07325316258611, 14.234242402379524], [79.07325549897914, 14.233966887139683], [79.07268825595327, 14.234237843658917], [79.07296136180503, 14.235342183894524], [79.07267890714554, 14.235339904183732], [79.07267423244188, 14.235890934405813], [79.07239177714833, 14.23588865426952], [79.07238242577316, 14.236990714449323], [79.07209996916137, 14.23698843379563], [79.07209763085055, 14.237263948777843], [79.07238008780442, 14.237266229477468], [79.07237307359833, 14.23809277452158], [79.07265553162841, 14.238095055025308], [79.0726391657931, 14.240023660214478], [79.07207424499323, 14.24001909823025], [79.07207190613256, 14.240294613138524], [79.07178944546547, 14.240292331599829], [79.07179178466828, 14.240016816737505], [79.07122686416837, 14.240012252750745], [79.07122920400546, 14.239736737973608], [79.07066662486125, 14.239456658051836], [79.07067364597516, 14.238630113935711], [79.0703911876109, 14.238627831004075], [79.07039586878759, 14.238076801651664], [79.07011341115755, 14.238074518478278], [79.0701204335736, 14.237247974537192], [79.06955786190554, 14.236967892896768], [79.06928008910673, 14.236414579841139], [79.06899763372928, 14.236412295608984], [79.06871986288263, 14.23585898213519], [79.06843740828941, 14.235856697327751], [79.06843975079668, 14.235581182909701], [79.06787249925323, 14.235852126711915], [79.0678701560118, 14.236127641031175], [79.06702279180713, 14.236120782466894], [79.0670204474895, 14.23639629664128], [79.06673799251278, 14.236394009739811], [79.06646022753952, 14.235840694333445], [79.0656128651128, 14.235833830902571], [79.06533510355985, 14.23528051459555], [79.06448774378713, 14.23527364743755], [79.06449009098242, 14.234998133651079], [79.06364273268736, 14.234991263628766], [79.06364038446604, 14.235266777276847], [79.06307312954745, 14.235537709050607], [79.0630684314857, 14.236088736128563], [79.06363099107877, 14.236368831801933], [79.06362629408393, 14.236919859024134], [79.06390874919296, 14.236922149688155], [79.06389935596908, 14.238024204236405], [79.06418181249661, 14.238026494751278], [79.06417476807789, 14.238853035730246], [79.06360985302047, 14.238848454089991], [79.06361220189444, 14.238572940529332], [79.06332974478312, 14.238570649254765], [79.06332269698427, 14.239397189778142], [79.06304023889685, 14.239394898031406], [79.06303318961966, 14.240221438355796], [79.06275073055606, 14.240219146136855], [79.06274603010253, 14.240770172893829], [79.06217875977099, 14.241041100546072], [79.0621764087343, 14.241316613815401], [79.06245886906606, 14.241318906886542], [79.06245416752631, 14.241869933497368], [79.06188924554432, 14.24186534683661], [79.06188219080472, 14.242691886425337], [79.06159972886252, 14.242689592455712], [79.06159502476709, 14.243240618722186], [79.06131256219071, 14.24323832432636], [79.06130785720975, 14.243789350473532], [79.06074057758855, 14.244060273466669], [79.06073587093698, 14.244611299388659], [79.06045340680024, 14.244609003760283], [79.0604581141363, 14.244057977930721], [79.06017565073437, 14.244055682060928], [79.06016858862804, 14.24488222065651], [79.05988612424964, 14.244879924314189], [79.05988141524271, 14.245430949918473], [79.05959895023007, 14.245428653149819], [79.05959659530886, 14.245704165895633], [79.05902930909386, 14.245975083910793], [79.05901988596615, 14.247077134429862], [79.05817248537073, 14.247070239284646], [79.05818662592172, 14.245417164298377], [79.05790416121107, 14.245414865526456], [79.0579112318336, 14.244588328081285], [79.05762876820012, 14.244586029114334], [79.05762641103405, 14.244861541556507], [79.05734394710866, 14.24485924220941], [79.0573345165716, 14.245961291725642], [79.05676958613377, 14.245956691659474], [79.05676486919378, 14.24650771619201], [79.05619993758832, 14.24650311460504], [79.05619757835812, 14.246778626768583], [79.05591511228867, 14.246776325427925], [79.05562792628878, 14.247325047874945], [79.05506063228201, 14.247595955296738], [79.05477344304985, 14.248144676284534], [79.05364121062303, 14.248410973018968], [79.05363884795877, 14.248686484718235], [79.05335637994698, 14.248684180047727], [79.05335401688987, 14.248959691693877], [79.05278671654067, 14.249230592804839], [79.05278198880455, 14.249781615877893], [79.05221705039537, 14.24977700382795], [79.0522123210877, 14.250328026688436], [79.05192985127407, 14.250325720069657], [79.05192748620206, 14.250601231443378], [79.05136018023421, 14.250872128385122], [79.05135781437632, 14.251147639652517], [79.05107534368705, 14.25114533189245], [79.05107061113479, 14.251696354314152], [79.0507881398112, 14.251694046127188], [79.05078577311681, 14.251969557281488], [79.05022082993639, 14.251964939812565], [79.05025160192294, 14.248383295489088], [79.04940420088505, 14.24837636859288], [79.04940656863404, 14.248100857583339], [79.04968903525375, 14.248103166836207], [79.04971270653868, 14.24534805590564], [79.0483003910612, 14.245336508626485], [79.04829802244895, 14.245612019517399], [79.04801555916298, 14.245609709013454], [79.04801082110204, 14.24616073068205], [79.04772835718212, 14.246158419751199], [79.0477212486842, 14.246984952064025], [79.04743878378801, 14.246982640659718], [79.04743404385164, 14.247533662074876], [79.04715157832145, 14.247531350243595], [79.04714920793498, 14.247806860894544], [79.04686674211311, 14.247804548682804], [79.04685725869146, 14.24890659103308], [79.04657479155084, 14.248904278301236], [79.04657242022644, 14.249179788825417], [79.04600748541246, 14.24917516226676], [79.04600985742158, 14.24889965183569], [79.04572739043296, 14.248897338101989], [79.04574162347765, 14.247244275653483], [79.04545915859374, 14.247241961865262], [79.0454615309328, 14.24696645148017], [79.04489660200164, 14.246961822995157], [79.04489185590357, 14.247512843572268], [79.04432455199621, 14.24778372375052], [79.04431743026274, 14.248610254265884], [79.04375249762926, 14.248605622550333], [79.04375487227584, 14.248330112478497], [79.04347240637753, 14.248327796166427], [79.04346290611747, 14.249429836226863], [79.04261550461874, 14.249422884727437], [79.04261312839975, 14.2496983945858], [79.04176572633072, 14.249691439940753], [79.04177285791671, 14.248864910765317], [79.04205532419519, 14.248867229174325], [79.04206007764725, 14.248316209597023], [79.04234254329178, 14.248318527578775], [79.04234967206209, 14.247491998022332], [79.0426321367304, 14.247494315530213], [79.0426392640169, 14.246667785773198], [79.04292172770904, 14.246670102807249], [79.04292885351187, 14.245843572849685], [79.0432113162279, 14.245845889409942], [79.04321606582485, 14.245294869311287], [79.04349852790708, 14.245297185444421], [79.04350565089518, 14.244470655106046], [79.0437881120014, 14.244472970765461], [79.04379523350623, 14.243646440226614], [79.04407769363648, 14.243648755412355], [79.04408718689731, 14.242546714413157], [79.04436964570947, 14.242549029078663], [79.04437913679014, 14.241446987785306], [79.04494642378825, 14.24117610530882], [79.04496065447826, 14.239523042567244], [79.04552793585016, 14.239252157963287], [79.04553504830623, 14.238425626201938], [79.0458175022398, 14.238427938499926], [79.04582698343687, 14.23732589587094], [79.04610943605282, 14.237328207648986], [79.04611417566326, 14.236777186200978], [79.04639662764579, 14.236779497552249], [79.04640136636954, 14.23622847598421], [79.04668381771866, 14.236230786908727], [79.04668855555578, 14.235679765220668], [79.04697100627149, 14.235682075718461], [79.04697337477208, 14.235406564817797], [79.04584357358107, 14.235397321011042], [79.04584594339902, 14.235121810289845], [79.04528104379146, 14.235117186477869], [79.04528341424273, 14.234841675843082], [79.04471851552186, 14.23483705078981], [79.04499622321977, 14.235390384652929], [79.0447137732007, 14.235388071866318], [79.04470903067674, 14.235939092915903], [79.04442658002435, 14.235936779702476], [79.0441346410302, 14.237036507801022], [79.04385218911109, 14.237034193733898], [79.04384981654417, 14.237309704081861], [79.04441234918363, 14.237589842410094], [79.04440760516444, 14.238140863258774], [79.04412515182639, 14.238138549338911], [79.04412040692023, 14.238689570067455], [79.04383795294873, 14.238687255720688], [79.04355075255057, 14.239235961555384], [79.04298584349284, 14.23923133100683], [79.04296685008013, 14.24143541205215], [79.04239956066202, 14.241706289429588], [79.0423924350897, 14.24253281941042], [79.04210997663273, 14.24253050240835], [79.0421004737902, 14.243632542101897], [79.04181801401516, 14.243630224579404], [79.04153080119615, 14.244178926342803], [79.04096350322307, 14.24444979914842], [79.04096112586426, 14.24472530884809], [79.04067866492345, 14.244722989803577], [79.0406739093689, 14.245274009089332], [79.0403914477944, 14.24527168961759], [79.04037717785775, 14.246924747033004], [79.04065964148595, 14.246927066784899], [79.04065012854781, 14.24802910511385], [79.04093259359608, 14.24803142471859], [79.0409230812144, 14.249133463126478], [79.04120554768286, 14.249135782584007], [79.04119603585785, 14.250237821070797], [79.04147850374662, 14.250240140381065], [79.04146899247849, 14.251342178946723], [79.04175146178767, 14.251344498109678], [79.04174432883057, 14.252171027103158], [79.04202679921784, 14.252173346072086], [79.04201728926722, 14.25327538482235], [79.0422997610751, 14.253277703643867], [79.04229500648009, 14.253828723071868], [79.04257747902368, 14.253831041652624], [79.0425798560041, 14.253555531895346], [79.04427469027658, 14.253569436084653], [79.04426994037487, 14.25412045615197], [79.04370499404446, 14.254115822572013], [79.04370261833253, 14.25439133250233], [79.04257272491058, 14.25438206114696], [79.0425632160752, 14.25548410005475], [79.0431281654248, 14.25548873677371], [79.04313291857393, 14.254937717146742], [79.04398034092381, 14.254944669439622], [79.04396846280842, 14.256322219155814], [79.04425093873921, 14.256324536151618], [79.0442485633065, 14.256600046121244], [79.04481351600533, 14.256604679203656], [79.04480876635803, 14.257155699309079], [79.04424381228891, 14.257151066040272], [79.04423906106844, 14.257702085932335], [79.04536422346763, 14.25826237174392], [79.04535472549414, 14.259364412138712], [79.04507224559195, 14.25936209596703], [79.0450698706292, 14.259637606002288], [79.04535235087403, 14.259639922220554], [79.04534760148171, 14.260190942364021], [79.04563008246254, 14.260193258341221], [79.04533810208872, 14.26129298257004], [79.04562058444023, 14.261295298733554], [79.04589831821255, 14.261848634811669], [79.04618080135084, 14.261850950399797], [79.04617130485369, 14.26295299100285], [79.04645378941355, 14.26295530644294], [79.04644904154638, 14.26350632679713], [79.04757898303434, 14.263515585586864], [79.04786621297269, 14.26296687862896], [79.04814869783645, 14.262969192063276], [79.04815581308816, 14.262142660643814], [79.04843829697437, 14.262144973604299], [79.04844066828097, 14.261869463071156], [79.04928811921518, 14.26187639980746], [79.04929048944305, 14.261600889128083], [79.04985545630011, 14.261605511854633], [79.04985782579199, 14.261330001075555], [79.0501403089537, 14.261332311890962], [79.05013320135441, 14.262158844347379], [79.0498507171646, 14.262156533392565], [79.04984834752096, 14.26243204415142], [79.04928337860764, 14.262427421145988], [79.04927863779771, 14.262978442457555], [79.04871366771586, 14.262973817929012], [79.04899141103368, 14.263527151552054], [79.0495563825877, 14.26353177559795], [79.0495587527764, 14.263256264912535], [79.04984123828658, 14.263258576387539], [79.04984360808196, 14.262983065648905], [79.05040857856852, 14.262987687503063], [79.05041094762785, 14.262712176664756], [79.05097591763123, 14.262716797088808], [79.05097828595454, 14.262441286150855], [79.05126077068934, 14.262443595814997], [79.05154799059878, 14.261894883062965], [79.05267792750372, 14.26190411666816], [79.05267082885443, 14.262730650337915], [79.05295331423513, 14.262732958042736], [79.05295804603304, 14.262181935510165], [79.05324053077878, 14.262184242787898], [79.05324762706879, 14.26135770879931], [79.05353011083689, 14.261360015603595], [79.05382205292712, 14.260260276290062], [79.05410453542548, 14.260262582240323], [79.05439647269704, 14.259162841594003], [79.0546789539257, 14.259165146690343], [79.05468131713761, 14.258889635061553], [79.05524627906102, 14.258894244158903], [79.0552486415372, 14.258618732430673], [79.05637856461875, 14.258627946429614], [79.05637620351308, 14.258903458343166], [79.05694116604161, 14.258908063430072], [79.05693644504963, 14.25945908742221], [79.0575014091503, 14.259463691357485], [79.05749668932734, 14.260014715507866], [79.05777917213858, 14.26001701706675], [79.05776501351664, 14.26167008963393], [79.05663743561666, 14.261385368389357]], [[79.10275788872735, 14.286555277293061], [79.10276712619317, 14.28545320205821], [79.10304964823756, 14.28545545391628], [79.10304041214532, 14.286557529331992], [79.10275788872735, 14.286555277293061]], [[79.12643930527025, 14.224470580145729], [79.12615685531685, 14.224468365328692], [79.12615458462973, 14.224743889277532], [79.12502478393483, 14.224735026496564], [79.12502705598908, 14.224459502726383], [79.12474460627863, 14.224457286242266], [79.12503614372002, 14.223357407578694], [79.12588348904185, 14.223364054494546], [79.12588575982785, 14.223088530556884], [79.1261682080239, 14.223090745484068], [79.12616593757964, 14.223366269466382], [79.12644838616599, 14.22336848410483], [79.12644384581526, 14.22391953213867], [79.1261613965454, 14.223917317410928], [79.12643930527025, 14.224470580145729]], [[79.12502478393483, 14.224735026496564], [79.12502251183197, 14.225010550260055], [79.12445761109255, 14.225006116779669], [79.12445988387898, 14.224730593105548], [79.12502478393483, 14.224735026496564]], [[79.12502251183197, 14.225010550260055], [79.12558741276581, 14.225014982406723], [79.12558286978147, 14.225566030092295], [79.12530041860666, 14.225563814096338], [79.12502251183197, 14.225010550260055]], [[79.11638520780988, 14.210614509045268], [79.11666763897964, 14.210616733287742], [79.11666307919764, 14.211167778804327], [79.11638064734508, 14.211165554472101], [79.11638520780988, 14.210614509045268]], [[79.09960447478647, 14.22453420357988], [79.09959986901242, 14.225085243003738], [79.09931742268107, 14.225082996377429], [79.09932202913866, 14.224531957044142], [79.09960447478647, 14.22453420357988]], [[79.10285351196225, 14.241367859479592], [79.10341844630868, 14.241372349063443], [79.10341384410536, 14.241923388935536], [79.10285121020077, 14.241643379328586], [79.10285351196225, 14.241367859479592]], [[79.12000423775119, 14.251147477889251], [79.11972175568211, 14.251145251391494], [79.11972403856832, 14.250869729070148], [79.12000652029495, 14.250871955523106], [79.12000423775119, 14.251147477889251]], [[79.1183184841699, 14.250032025462628], [79.11803600376335, 14.250029797139877], [79.1180382885092, 14.249754275060665], [79.11888572884787, 14.249760958892303], [79.11888344512937, 14.250036481106028], [79.11944612320158, 14.250316457709946], [79.11944384007042, 14.250591979999896], [79.11859639635695, 14.250585297769005], [79.1183184841699, 14.250032025462628]], [[79.119122532269, 14.255273630064233], [79.11884004520823, 14.255271401891891], [79.1188423298537, 14.254995879805664], [79.11912481657188, 14.254998107933176], [79.119122532269, 14.255273630064233]], [[79.11915222440155, 14.251691841837081], [79.1188697417938, 14.25168961424748], [79.11887202580503, 14.251414092074015], [79.11915450807028, 14.251416319618786], [79.11915222440155, 14.251691841837081]], [[79.1188880125176, 14.249485436671868], [79.1183230529279, 14.249480981207808], [79.11832990569893, 14.248654414775258], [79.11889486323409, 14.248658869970312], [79.1188880125176, 14.249485436671868]], [[79.11772838421265, 14.253058310418156], [79.11829335251167, 14.253062768384376], [79.11828878248485, 14.253613812464732], [79.11857126739262, 14.253616041036357], [79.11856898264855, 14.253891563111306], [79.1180040121967, 14.253887105544248], [79.11800629762587, 14.253611583558982], [79.1177238128157, 14.253609354319112], [79.11772838421265, 14.253058310418156]], [[79.11802686429192, 14.251131885389617], [79.11774438256433, 14.251129656553426], [79.11774666784787, 14.250854134545905], [79.11802914923298, 14.250856363337247], [79.11802686429192, 14.251131885389617]], [[79.11715427037939, 14.254155938531662], [79.11771924122345, 14.254160398193221], [79.11771695535411, 14.254435920120212], [79.11799944119194, 14.254438149494641], [79.11799486999195, 14.254989193418185], [79.11742989699482, 14.254984734155755], [79.11743218330437, 14.254709212287054], [79.11714969722162, 14.254706982199474], [79.11715427037939, 14.254155938531662]], [[79.11664417882713, 14.247538953580097], [79.11636170179527, 14.247536723657108], [79.11636398815612, 14.247261201786719], [79.11664646484562, 14.247263431664827], [79.11664417882713, 14.247538953580097]], [[79.11664939868018, 14.212820915193447], [79.11636696477899, 14.212818690591954], [79.11636924532873, 14.212543167922048], [79.11665167888846, 14.212545392478667], [79.11664939868018, 14.212820915193447]], [[79.11631825165746, 14.252771637919546], [79.11575328472719, 14.252767175365614], [79.11575557270123, 14.25249165371252], [79.11632053894647, 14.252496116176658], [79.11631825165746, 14.252771637919546]], [[79.1157441323423, 14.253869261910886], [79.11630681447953, 14.25414924653332], [79.1163022392664, 14.254700289931849], [79.11545478175087, 14.254693594656896], [79.11545935901938, 14.25414255152777], [79.1157418441239, 14.254144783530421], [79.1157441323423, 14.253869261910886]], [[79.11549228066956, 14.216118284689308], [79.11492740511066, 14.216113831410379], [79.11492968795396, 14.215838309045306], [79.11605943790099, 14.215847214090733], [79.11633731318985, 14.216400484691535], [79.11548999846052, 14.216393807137504], [79.11549228066956, 14.216118284689308]], [[79.11548999846052, 14.216393807137504], [79.11548543389586, 14.216944852013805], [79.11576787277326, 14.21694707828816], [79.11576559075924, 14.217222600761168], [79.11520071237015, 14.217218147789424], [79.11520756031508, 14.216391580619735], [79.11548999846052, 14.216393807137504]], [[79.11496620680197, 14.211429950293576], [79.11552878937172, 14.21170992460762], [79.11552422646774, 14.212260969711556], [79.11580665953954, 14.212263195222631], [79.11579981584163, 14.213089762963024], [79.11467007975007, 14.213080858381161], [79.11467692754542, 14.21225429117967], [79.11495936047068, 14.212256517690076], [79.11496620680197, 14.211429950293576]], [[79.1152180667477, 14.249180930629203], [79.11493558790575, 14.249178698766844], [79.11494016458897, 14.248627655548924], [79.11522264274609, 14.248629887321448], [79.1152180667477, 14.249180930629203]], [[79.1141712957178, 14.273144580208161], [79.11388878720412, 14.273142343433683], [79.11389108085349, 14.272866822547165], [79.1141735890241, 14.272869059276694], [79.1141712957178, 14.273144580208161]], [[79.11349341896143, 14.252749311785932], [79.11405838510946, 14.252753779685444], [79.11405380490444, 14.253304822432419], [79.11377132112092, 14.253302588559817], [79.11349341896143, 14.252749311785932]], [[79.1132109359608, 14.252747077335034], [79.1129284530091, 14.252744842550035], [79.11293074440829, 14.252469321346307], [79.11321322701747, 14.252471556086338], [79.1132109359608, 14.252747077335034]], [[79.11179393600644, 14.25328694209652], [79.1112289692715, 14.253282468671443], [79.11123355632695, 14.252731426824019], [79.11236119511938, 14.253015893084807], [79.11235661070617, 14.25356693527879], [79.1117916430903, 14.253562463100172], [79.11179393600644, 14.25328694209652]], [[79.11236119511938, 14.253015893084807], [79.11236348725254, 14.252740371977746], [79.11264597010634, 14.25274260743094], [79.11264367831569, 14.253018128582982], [79.11236119511938, 14.253015893084807]], [[79.1107373940227, 14.24446132401023], [79.11045492178384, 14.244459087569153], [79.11045950775826, 14.243908045562286], [79.11074197931255, 14.243910281913315], [79.1107373940227, 14.24446132401023]], [[79.10748542777195, 14.261794485875738], [79.10720293449366, 14.261792242920441], [79.10720753418336, 14.261241202751085], [79.10749002677616, 14.261243445616172], [79.10748542777195, 14.261794485875738]], [[79.10719603459086, 14.262618803124083], [79.10691354033337, 14.262616559699135], [79.10691814100319, 14.26206551966032], [79.10720063457515, 14.262067762995043], [79.10719603459086, 14.262618803124083]], [[79.10690893946713, 14.263167599711082], [79.10662644457318, 14.263165355861563], [79.10662874537364, 14.26288983590407], [79.1069112399248, 14.26289207970847], [79.10690893946713, 14.263167599711082]], [[79.10430888264095, 14.270035380751962], [79.10431118741303, 14.269759861323712], [79.1048761929218, 14.269764356206124], [79.10487849695879, 14.269488836680807], [79.10544350197829, 14.269493330134878], [79.105438895227, 14.270044369359427], [79.10430888264095, 14.270035380751962]], [[79.105438895227, 14.270044369359427], [79.10572139849639, 14.270046615675009], [79.10572370155364, 14.269771096020948], [79.10628870755393, 14.269775587558296], [79.10629100987613, 14.269500067807238], [79.10685371375072, 14.269780077757616], [79.10685141206532, 14.2700555975922], [79.1062864051826, 14.270051107302633], [79.10599929623895, 14.270599901034311], [79.1051517843729, 14.270593161816672], [79.105438895227, 14.270044369359427]], [[79.1056276108473, 14.247451739112378], [79.10675751182403, 14.24746070756362], [79.10618336600139, 14.248558304939067], [79.10562071243966, 14.248278299551485], [79.1056276108473, 14.247451739112378]], [[79.10596065330111, 14.241392535667044], [79.10624312099037, 14.241394776953934], [79.1062408233354, 14.241670297344944], [79.10595835530394, 14.241668056012928], [79.10596065330111, 14.241392535667044]], [[79.10624312099037, 14.241394776953934], [79.10624541859623, 14.241119256556207], [79.10652788599238, 14.241121497464153], [79.10652558872873, 14.241397017907003], [79.10624312099037, 14.241394776953934]], [[79.10528676213006, 14.288228648677006], [79.10556928805137, 14.288230897972625], [79.10557620680756, 14.287404340322182], [79.10614125673702, 14.287408837637676], [79.10612742290363, 14.28906195341973], [79.10584489585361, 14.289059704658602], [79.10584720195884, 14.288784185423562], [79.10528214869322, 14.288779686986672], [79.10528676213006, 14.288228648677006]], [[79.10514717654242, 14.271144200897117], [79.10486467199938, 14.27114195373186], [79.1048669762822, 14.27086643424016], [79.10571448902976, 14.27087317459685], [79.10570988247296, 14.271424213844458], [79.10599238750645, 14.271426460051238], [79.10599008449735, 14.271701979710102], [79.10486006328627, 14.271692992695089], [79.10514717654242, 14.271144200897117]], [[79.10401946397711, 14.270859690872674], [79.10458447213132, 14.27086418678553], [79.10457525333308, 14.271966264531308], [79.10429274785936, 14.27196401656144], [79.10400563136855, 14.272512806908843], [79.10372312530714, 14.272510558179478], [79.10372773705947, 14.271959519618028], [79.10401024243482, 14.271961768257018], [79.10401946397711, 14.270859690872674]], [[79.10431349213594, 14.26948434188874], [79.10346598527052, 14.269477597191893], [79.10346829097308, 14.269202077885762], [79.10431579680966, 14.269208822447041], [79.10431349213594, 14.26948434188874]], [[79.10324803375589, 14.261760806443503], [79.10381301898565, 14.261765301380512], [79.10409090424756, 14.262318587496834], [79.1035259175484, 14.262314093047687], [79.10324803375589, 14.261760806443503]], [[79.103671000167, 14.244956352630837], [79.1033885284707, 14.24495410775213], [79.103393131756, 14.244403068027708], [79.1036756027677, 14.244405312816026], [79.103671000167, 14.244956352630837]], [[79.10175712527256, 14.27111721283444], [79.10119211741667, 14.27111271014047], [79.10119442615837, 14.270837191236494], [79.10091192264731, 14.270834939432959], [79.10091884960583, 14.270008382816444], [79.10120135208795, 14.270010634484212], [79.10121289431875, 14.268633039762586], [79.10206039691647, 14.26863979208019], [79.10205808959763, 14.26891531117369], [79.10262078557932, 14.269195330314059], [79.10261847884789, 14.269470849484561], [79.10233597680545, 14.269468599579787], [79.10232905528697, 14.270295156915289], [79.10261155835829, 14.270297406955729], [79.10261386523739, 14.270021887805397], [79.10317887084176, 14.2700263867923], [79.1031765646486, 14.270301906033053], [79.10289406147885, 14.270299656661651], [79.10288714157521, 14.271126214207948], [79.10316964577392, 14.271128463714982], [79.10316733938394, 14.27140398292884], [79.10288483484223, 14.271401733376598], [79.10288022122863, 14.271952771693723], [79.10316272645636, 14.271955021336383], [79.10316041991875, 14.272230540530071], [79.10259310155358, 14.272501559916298], [79.10258848686014, 14.27305259808919], [79.10230598035871, 14.273050347596518], [79.10230367259511, 14.273325866627653], [79.10202116579987, 14.273323615755169], [79.1020280899721, 14.272497058777281], [79.10231059573823, 14.272499309514076], [79.10231290335413, 14.272223790462766], [79.10203039793103, 14.2722215397712], [79.10175250901337, 14.27166825080321], [79.10147000437479, 14.271665999533], [79.10175712527256, 14.27111721283444]], [[79.10313504475717, 14.275261251216746], [79.10257002611742, 14.275256750511733], [79.10257464159845, 14.274705712446455], [79.1031396588658, 14.274710212970609], [79.10313504475717, 14.275261251216746]], [[79.10296554121481, 14.261758558473531], [79.10268304872294, 14.261756310169252], [79.10268535407626, 14.261480790810529], [79.1029678462254, 14.261483039069596], [79.10296554121481, 14.261758558473531]], [[79.09960564932248, 14.258149811041335], [79.10017062436191, 14.25815431349301], [79.10016600861928, 14.258705351550605], [79.09960103220922, 14.258700848917798], [79.09960564932248, 14.258149811041335]], [[79.09960103220922, 14.258700848917798], [79.09959641489881, 14.259251886767386], [79.09987890376453, 14.259254138341479], [79.09987659537808, 14.259529657301474], [79.10044157394273, 14.259534159537468], [79.10071944843436, 14.260087448325551], [79.10100193852526, 14.260089698698431], [79.1010042456395, 14.259814179570801], [79.10156922528364, 14.259818679223265], [79.10184710295805, 14.260371967068123], [79.1015646123767, 14.260369717652807], [79.10156230584937, 14.260645236857494], [79.10099732414899, 14.260640736933537], [79.10099963136176, 14.260365217819347], [79.10043465054382, 14.26036071664879], [79.10015677654272, 14.259807427585153], [79.09902681843693, 14.259798420257988], [79.09902912790075, 14.25952290144059], [79.09874663884023, 14.259520648818453], [79.09874894859742, 14.259245130039643], [79.09818628170294, 14.25896510518835], [79.09818859204682, 14.258689586486724], [79.09960103220922, 14.258700848917798]], [[79.10184710295805, 14.260371967068123], [79.10212959358863, 14.260374216149165], [79.10212728774671, 14.260649735444327], [79.10184479677343, 14.26064748631805], [79.10184710295805, 14.260371967068123]], [[79.1008125875133, 14.282682244283523], [79.10137762409508, 14.282686751448027], [79.1016509014702, 14.28379107930842], [79.10108586204333, 14.283786572451547], [79.1008125875133, 14.282682244283523]], [[79.10184018425647, 14.261198524797749], [79.10127520108672, 14.261194025361382], [79.10127750805526, 14.26091850621538], [79.10184249053957, 14.260923005561258], [79.10184018425647, 14.261198524797749]], [[79.1014020112286, 14.246040462354152], [79.10111953855672, 14.246038214623267], [79.10112184315929, 14.245762695153052], [79.10140431548886, 14.245764942838687], [79.1014020112286, 14.246040462354152]], [[79.10098578734636, 14.26201833240368], [79.10070329485639, 14.262016081713986], [79.10070560265817, 14.261740562678657], [79.1009880948054, 14.261742813323094], [79.10098578734636, 14.26201833240368]], [[79.0976005038144, 14.261440264981873], [79.09731801260158, 14.261438010371107], [79.09732032441764, 14.261162491865974], [79.09845028819406, 14.261171508121937], [79.09844335671073, 14.261998064161125], [79.09816086466441, 14.261995810462611], [79.09816317555091, 14.261720291834923], [79.09759819229176, 14.261715783525624], [79.0976005038144, 14.261440264981873]], [[79.09649366547981, 14.25867606053982], [79.0967761531176, 14.258678315699878], [79.09677846512545, 14.258402797218228], [79.09734343986379, 14.25840730644496], [79.09734112854125, 14.258682825017306], [79.0976236163271, 14.258685079174677], [79.0976189942193, 14.259236116389891], [79.0967715289538, 14.259229352643015], [79.09649366547981, 14.25867606053982]], [[79.09538916363798, 14.255636335384962], [79.09539147681572, 14.255360817056241], [79.09567396014458, 14.25536307300859], [79.09567164730942, 14.255638591382693], [79.09538916363798, 14.255636335384962]], [[79.09567164730942, 14.255638591382693], [79.09651909862006, 14.255645357370963], [79.0967969594112, 14.256198649123071], [79.09651447485706, 14.256196394371242], [79.09651216290152, 14.2564719128613], [79.09594719325617, 14.2564674022644], [79.09595181848826, 14.255916365459035], [79.09566933442485, 14.255914109750078], [79.09567164730942, 14.255638591382693]], [[79.09359466084439, 14.267470062440957], [79.09331216278132, 14.267467802150469], [79.09331448048364, 14.267192284428765], [79.09359697820382, 14.267194544673814], [79.09359466084439, 14.267470062440957]], [[79.09339325293514, 14.257824677889236], [79.09311076691824, 14.25782241885476], [79.09311539949677, 14.257271383024795], [79.09339788482842, 14.257273641968393], [79.09339325293514, 14.257824677889236]], [[79.09293922241652, 14.278210725651874], [79.09265671107407, 14.278208462919869], [79.09265903139193, 14.277932945551486], [79.0929415423912, 14.277935208238038], [79.09293922241652, 14.278210725651874]], [[79.09302734667303, 14.26774105919508], [79.09274484836601, 14.267738798190258], [79.09274716680356, 14.267463280566172], [79.09302966476771, 14.26746554152554], [79.09302734667303, 14.26774105919508]], [[79.09237419978112, 14.278206199853157], [79.09209168853768, 14.27820393645175], [79.09209400954187, 14.277928419174295], [79.09237652044216, 14.27793068253024], [79.09237419978112, 14.278206199853157]], [[79.09219608472458, 14.265805652303841], [79.09191358896611, 14.265803390613971], [79.09191590808587, 14.265527873079186], [79.09219840350151, 14.265530134723587], [79.09219608472458, 14.265805652303841]], [[79.09198777625038, 14.256986826165251], [79.09227026104153, 14.25698908640015], [79.09226099177295, 14.258091157514645], [79.09169601949912, 14.258086636346906], [79.09169833757575, 14.257811118669308], [79.09198082334528, 14.257813379374806], [79.09198777625038, 14.256986826165251]], [[79.09113568489758, 14.257531078662335], [79.09057071439028, 14.257526555002896], [79.09057767228613, 14.256700002455467], [79.09114264073773, 14.256704525841927], [79.09113568489758, 14.257531078662335]], [[79.08803299437362, 14.25695514778742], [79.0888804468154, 14.256961941525253], [79.08888276812011, 14.256686424275857], [79.08775283300068, 14.256677365472617], [79.08775747820218, 14.25612633131811], [79.08803996122248, 14.25612859642905], [79.08804228340625, 14.255853079296148], [79.08832476613354, 14.255855344027365], [79.08832244429236, 14.256130861205829], [79.08973486038535, 14.256142180077298], [79.08973254020754, 14.256417697476737], [79.08945005654722, 14.256415434325241], [79.08943613238417, 14.258068538307525], [79.0885886755335, 14.258061746028297], [79.08859099737913, 14.257786228851346], [79.08802602707847, 14.257781699085271], [79.08803299437362, 14.25695514778742]], [[79.0874703493448, 14.256675099936368], [79.08690538218184, 14.256670567861354], [79.0869100294389, 14.256119533980334], [79.08747499523147, 14.25612406587301], [79.0874703493448, 14.256675099936368]], [[79.08436768582916, 14.2560991239224], [79.0840852034542, 14.256096854467398], [79.08437699208034, 14.254997057722006], [79.08465947313472, 14.254999326660265], [79.08465714698903, 14.2552748432661], [79.08493962843565, 14.255277111915866], [79.0849419542388, 14.255001595264392], [79.08635436050402, 14.255012933273065], [79.08635203641366, 14.255288450152637], [79.08691699995234, 14.255292983108374], [79.08691467649747, 14.255568500072416], [79.08634971227366, 14.255563967025486], [79.08662289867479, 14.256668301322588], [79.08492799867487, 14.256654695072363], [79.08493032472636, 14.256379178454512], [79.08436535914218, 14.256374640455688], [79.08436768582916, 14.2560991239224]], [[79.08095925283293, 14.258275996099634], [79.08067676831385, 14.258273722268878], [79.08068143124216, 14.257722690477813], [79.08096391507597, 14.257724964217095], [79.08095925283293, 14.258275996099634]], [[79.07729162912135, 14.257695379539364], [79.07700914593526, 14.25769310145558], [79.07701148177877, 14.257417586145129], [79.07729396462224, 14.257419864183092], [79.07729162912135, 14.257695379539364]], [[79.07559439314656, 14.257957221098312], [79.07474694360825, 14.257950379691364], [79.07446913843266, 14.257397068765233], [79.07390183418154, 14.257668020477428], [79.07390885286843, 14.256841476039366], [79.07419133447767, 14.256843757661542], [79.07419367359746, 14.2565682427895], [79.07504111769711, 14.256575085513374], [79.07559673075303, 14.257681706023803], [79.07672899898515, 14.257415307772982], [79.07672432656304, 14.257966338295498], [79.07587687642582, 14.257959500898904], [79.07587220174838, 14.258510531119446], [79.07502475000453, 14.258503690439904], [79.0750270883961, 14.258228175470586], [79.07559205549015, 14.258232736166091], [79.07559439314656, 14.257957221098312]], [[79.07599601326055, 14.243908221183393], [79.07656094504007, 14.243912775105928], [79.07655861095559, 14.244188290654275], [79.07627614469864, 14.244186013814097], [79.07627381022202, 14.244461529309882], [79.07655627682124, 14.244463806195897], [79.07654693978506, 14.245565868295161], [79.07626447181671, 14.245563591225794], [79.07626914111914, 14.245012560281287], [79.07598667388525, 14.245010282969714], [79.07599601326055, 14.243908221183393]], [[79.07371992454053, 14.245818597625604], [79.07456732827463, 14.24582543698482], [79.07456499144487, 14.246100952165095], [79.07428252314126, 14.246098672666701], [79.07428018591926, 14.246374187794368], [79.07343278028115, 14.246367347158063], [79.07371992454053, 14.245818597625604]], [[79.07419601266731, 14.25629272791073], [79.07363105086911, 14.256288164515805], [79.07363339057414, 14.256012649722104], [79.07419835168722, 14.256017213025226], [79.07419601266731, 14.25629272791073]], [[79.0725783569652, 14.24718704803283], [79.07201341836883, 14.247182483659989], [79.07174031065682, 14.246078142155454], [79.07258771436855, 14.246084988664345], [79.07258537509269, 14.246360503516554], [79.07314797319383, 14.246640581215466], [79.0731432957615, 14.247191611069953], [79.07286082633836, 14.247189329718356], [79.07285848720493, 14.24746484458959], [79.07342342678584, 14.24746940705068], [79.07342108828712, 14.24774492200702], [79.07257367796365, 14.247738077676717], [79.0725783569652, 14.24718704803283]], [[79.07342342678584, 14.24746940705068], [79.07342576523462, 14.247193892087616], [79.07370823475767, 14.247196172771345], [79.07370589665125, 14.247471687780319], [79.07342342678584, 14.24746940705068]], [[79.06879604099696, 14.26010651715909], [79.0685135562265, 14.260104228635479], [79.06852059579427, 14.259277686999118], [79.06880307953672, 14.25927997538465], [79.06880073340689, 14.259555489316199], [79.06964818596272, 14.259562352605494], [79.06965287611636, 14.259011324459603], [79.06908790906635, 14.25900674945167], [79.06909025475335, 14.258731235460642], [79.06965522111808, 14.258735810376558], [79.06994239354353, 14.258187069054923], [79.07050735883809, 14.258191641781629], [79.07050970266175, 14.257916127540415], [79.07107466747125, 14.257920698838381], [79.07107701055963, 14.257645184498488], [79.07164197488402, 14.257649754367765], [79.07164431723716, 14.257374239929224], [79.07249176307099, 14.257381092088917], [79.07248005594455, 14.25875866490348], [79.07191508857906, 14.258754096671794], [79.07190806164736, 14.25958064000412], [79.07162557701169, 14.259578355249102], [79.07163026236815, 14.259027326459519], [79.07106529461744, 14.259022756130634], [79.07106295127892, 14.259298270436869], [79.07078046713595, 14.259295984725128], [79.07077343579218, 14.260122527465526], [79.0702084656004, 14.26011795476348], [79.07020377641695, 14.260668983039494], [79.06907383389257, 14.260659833256451], [79.06879604099696, 14.26010651715909]], [[79.07202511842124, 14.245804909891927], [79.07174265090963, 14.245802627434342], [79.0717473312652, 14.245251597971928], [79.07202979809222, 14.245253880337625], [79.07202511842124, 14.245804909891927]], [[79.07144145728697, 14.248004461855844], [79.07115898713674, 14.248002178362787], [79.07116132842427, 14.247726663780666], [79.07144379823212, 14.247728947227763], [79.07144145728697, 14.248004461855844]], [[79.07002910703612, 14.247993041051066], [79.06974663713608, 14.24799075588826], [79.06974898013534, 14.24771524153604], [79.07003144969306, 14.247717526652849], [79.07002910703612, 14.247993041051066]], [[79.06909963700058, 14.25762917942921], [79.06853467357716, 14.257624603544624], [79.068537019699, 14.25734908961198], [79.06910198243719, 14.257353665404526], [79.06909963700058, 14.25762917942921]], [[79.06399380671762, 14.260067566800862], [79.0645611260739, 14.259796640982561], [79.06457053105215, 14.258694588007247], [79.0648530134073, 14.258696880979638], [79.06485536418373, 14.258421367672854], [79.06542032835934, 14.258425952522801], [79.06542502839113, 14.257874925704604], [79.06598999139696, 14.257879509033366], [79.06599234065237, 14.257603995521977], [79.06825219194062, 14.257622315101056], [79.06824749886145, 14.25817334285409], [79.06768253436817, 14.25816876478024], [79.06767314486753, 14.25927081983718], [79.06710582964784, 14.259541753713403], [79.0671011331259, 14.260092781003792], [79.06681864865614, 14.260090490474727], [79.06653146614335, 14.260639226690598], [79.06540152622502, 14.260630059526255], [79.06541092769359, 14.259528006078401], [79.06484596077685, 14.259523420859582], [79.0648365565669, 14.260625473938562], [79.06427158710954, 14.260620887013859], [79.06399380671762, 14.260067566800862]], [[79.06549785322092, 14.249334006579168], [79.06550020160627, 14.249058492951303], [79.06578267212419, 14.249060783307682], [79.06578032408122, 14.249336296981642], [79.06549785322092, 14.249334006579168]], [[79.06578032408122, 14.249336296981642], [79.0669078613004, 14.249620969103297], [79.06691020802396, 14.249345455251756], [79.06719267913498, 14.249347743984336], [79.067195025466, 14.249072230080003], [79.06691255469737, 14.249069941393483], [79.06719971797773, 14.248521202251151], [79.06748218811174, 14.248523490511591], [79.06747749628478, 14.249074518432549], [79.06775996715365, 14.249076806451123], [79.06775762150737, 14.24935232044756], [79.06719033275381, 14.249623257881941], [79.06718563984111, 14.250174285656962], [79.06633822357684, 14.250167418042667], [79.06634057108548, 14.249891904296723], [79.06577562784481, 14.249887324309372], [79.06578032408122, 14.249336296981642]], [[79.06087470650724, 14.261419875188167], [79.06115719163591, 14.261422172967276], [79.06115954736941, 14.261146660327922], [79.06172451709223, 14.26115125479094], [79.06172216204415, 14.261426767522687], [79.0614396768149, 14.261424470412118], [79.06143261034082, 14.26225100842837], [79.0611501241337, 14.262248710844927], [79.06115483585214, 14.261697685599897], [79.06087235038075, 14.26169538777458], [79.06087470650724, 14.261419875188167]], [[79.06038748297105, 14.25232336254741], [79.06010500929852, 14.252321065290944], [79.06010736474248, 14.252045552614216], [79.06038983807255, 14.25204784982446], [79.06038748297105, 14.25232336254741]], [[79.05757689891134, 14.25064730128723], [79.05842431255702, 14.250654200240726], [79.05842195531008, 14.250929712673635], [79.05785465416227, 14.251200625946387], [79.05757689891134, 14.25064730128723]], [[79.05106114542377, 14.25279839907673], [79.05190856380722, 14.252805322190678], [79.05191329470905, 14.252254299544266], [79.05219576691967, 14.252256606487974], [79.05219813195234, 14.251981095108244], [79.05163318826654, 14.25197648097964], [79.0516355539336, 14.251700969686018], [79.0519180254088, 14.251703276870913], [79.0519203906829, 14.251427765524136], [79.05276780438427, 14.251434684935425], [79.0530550033763, 14.250885967652787], [79.05418488648091, 14.25089518715111], [79.0541777990285, 14.251721722325138], [79.05502521496871, 14.25172863385903], [79.055027576476, 14.25145312200201], [79.05587499184284, 14.25146003039063], [79.05587735227239, 14.251184518387866], [79.0570095977737, 14.250918212516366], [79.05700252059422, 14.251744749080434], [79.0561551035951, 14.25173784456115], [79.05586791025168, 14.252286566358517], [79.05473565708633, 14.252552865740013], [79.05444845924048, 14.253101585224309], [79.0538835120071, 14.253096976069278], [79.05388823821542, 14.252545952786754], [79.05332329255381, 14.252541342481011], [79.05361049205071, 14.251992624584197], [79.05304554785988, 14.251988013795916], [79.05304318385456, 14.252263525314861], [79.05248060387102, 14.2519834016715], [79.0524735096488, 14.252809935929715], [79.05275598264535, 14.252812242298155], [79.0530337273283, 14.253365571323284], [79.05246877991479, 14.253360958734847], [79.05247114480704, 14.25308544733565], [79.05105877886966, 14.253073910250535], [79.05106114542377, 14.25279839907673]], [[79.0507336930508, 14.2580308009717], [79.04988625574934, 14.258023871200889], [79.0498886245837, 14.257748360334192], [79.04932603678976, 14.257468228128573], [79.04933077557591, 14.256917206547403], [79.0490482980481, 14.256914895473038], [79.04905066770787, 14.256639384718829], [79.04820323645579, 14.256632449630349], [79.04820560709264, 14.256356939008906], [79.04877293042607, 14.256086051921173], [79.04849519436267, 14.255532718948416], [79.04792787225935, 14.255803605520901], [79.0479231304524, 14.256354626690975], [79.04764065386281, 14.256352314038908], [79.04764302513415, 14.256076803503763], [79.04707807279198, 14.256072177290285], [79.04708044469777, 14.255796666841462], [79.04594816871547, 14.256062920853797], [79.04595054199144, 14.255787410591175], [79.04566806644155, 14.255785095693302], [79.04567281352655, 14.255234075240988], [79.0468003411429, 14.255518842871053], [79.0468098294271, 14.254416801167578], [79.04737477755765, 14.25442142749086], [79.04765250971317, 14.254974761295788], [79.04793498459007, 14.254977073715251], [79.04793735526572, 14.254701563099887], [79.04906488460384, 14.254986320052074], [79.04934262165591, 14.255539652476537], [79.04962509752151, 14.255541962984346], [79.04990283652766, 14.256095294992502], [79.05018531317953, 14.256097604925008], [79.0501805767523, 14.256648626825461], [79.05046305413985, 14.25665093651676], [79.05046068619295, 14.256926447503343], [79.05102564180488, 14.256931065976397], [79.05101853971635, 14.257757599174417], [79.05186597659662, 14.257764524795776], [79.0518636101605, 14.258040035987607], [79.0524262032171, 14.258320162768413], [79.05242383736514, 14.258595674039602], [79.05298879779568, 14.258600288391378], [79.05298643257848, 14.25887579974864], [79.05270395199533, 14.258873492693448], [79.05269922072415, 14.259424515294956], [79.05213425833882, 14.259419899996328], [79.05213662468493, 14.259144388791764], [79.05128918251378, 14.259137463476502], [79.0512915498373, 14.258861952404487], [79.05072895728604, 14.25858182296364], [79.0507336930508, 14.2580308009717]], [[79.04967246234513, 14.250031744086892], [79.04910752436314, 14.25002712459648], [79.04910989275801, 14.249751613673839], [79.04967483005524, 14.249756233071285], [79.04967246234513, 14.250031744086892]], [[79.04705909572218, 14.258276260638235], [79.0473415746086, 14.25827857428432], [79.04733920258954, 14.25855408471902], [79.04705672336051, 14.258551771026399], [79.04705435094822, 14.258827281407823], [79.04648939195688, 14.258822652926929], [79.04649651109753, 14.257996122041709], [79.04706146803318, 14.258000750243331], [79.04705909572218, 14.258276260638235]], [[79.04624725412862, 14.254136663158338], [79.04596478058316, 14.25413434887395], [79.0459671535044, 14.25385883856416], [79.04624962670736, 14.253861152801983], [79.04624725412862, 14.254136663158338]], [[79.04497725464356, 14.2375944690624], [79.04525970744956, 14.237596781888035], [79.04525496548275, 14.238147803016243], [79.04469005855319, 14.238143176844954], [79.04497725464356, 14.2375944690624]], [[79.0448301381736, 14.254676108622354], [79.04454766419659, 14.254673792574382], [79.04454528941072, 14.25494930263105], [79.0442628151419, 14.254946986202388], [79.04426756534794, 14.254395966175512], [79.04483251256623, 14.254400598512351], [79.0448301381736, 14.254676108622354]], [[79.04382608808535, 14.240064807191189], [79.04354363245405, 14.240062492277636], [79.0435483792358, 14.239511471802865], [79.04383083418287, 14.239513786623187], [79.04382608808535, 14.240064807191189]]]}}]}