{
"type": "FeatureCollection",
"name": "derna_rivers",
"crs": { "type": "name", "properties": { "name": "urn:ogc:def:crs:OGC:1.3:CRS84" } },
"features": [
{ "type": "Feature", "properties": { "element": "way", "id": 224899242, "name": "وادي درنة", "waterway": "river" }, "geometry": { "type": "LineString", "coordinates": [ [ 22.5828047, 32.6645668 ], [ 22.5832125, 32.6647023 ], [ 22.584157, 32.6652805 ], [ 22.5846614, 32.6659491 ], [ 22.5852838, 32.6671326 ], [ 22.5857624, 32.6681462 ], [ 22.5858624, 32.6685027 ], [ 22.586078, 32.6689304 ], [ 22.5864536, 32.6698881 ], [ 22.5868829, 32.6702946 ], [ 22.5876878, 32.6706108 ], [ 22.5886, 32.6706289 ], [ 22.5896947, 32.6705566 ], [ 22.5915821, 32.6703107 ], [ 22.5924742, 32.6703107 ], [ 22.5930194, 32.6702944 ], [ 22.593714, 32.6705962 ], [ 22.5948008, 32.6712186 ], [ 22.595361, 32.6717845 ], [ 22.5954506, 32.6724069 ], [ 22.595361, 32.6728596 ], [ 22.5948314, 32.6739423 ], [ 22.5946552, 32.6743025 ], [ 22.5944871, 32.6746232 ], [ 22.5946103, 32.6750759 ], [ 22.5949353, 32.6754908 ], [ 22.5950982, 32.675616 ], [ 22.5954506, 32.6758869 ], [ 22.5956051, 32.6767674 ], [ 22.5956269, 32.677631 ], [ 22.5958204, 32.6781974 ], [ 22.5966606, 32.6791404 ], [ 22.5986997, 32.6804324 ], [ 22.600582, 32.6815546 ], [ 22.6015265, 32.6820926 ], [ 22.6016912, 32.6821864 ], [ 22.603058, 32.6827522 ], [ 22.6040888, 32.6832897 ], [ 22.6041672, 32.6837329 ], [ 22.6044361, 32.6845439 ], [ 22.6047946, 32.6852888 ], [ 22.6059374, 32.6867315 ], [ 22.6062959, 32.6878159 ], [ 22.6067889, 32.6887494 ], [ 22.6072931, 32.6901732 ], [ 22.6074051, 32.6906164 ], [ 22.6072146, 32.6913425 ], [ 22.6071138, 32.6918611 ], [ 22.6071026, 32.6926154 ], [ 22.6075283, 32.6935111 ], [ 22.6081782, 32.6945388 ], [ 22.6089736, 32.695642 ], [ 22.6093322, 32.6962831 ], [ 22.6096907, 32.6969054 ], [ 22.6097131, 32.6974994 ], [ 22.6097019, 32.6979803 ], [ 22.6104637, 32.6991682 ], [ 22.6107774, 32.6994511 ], [ 22.6109679, 32.7002148 ], [ 22.6112032, 32.7012047 ], [ 22.6111248, 32.7019024 ], [ 22.6106206, 32.7027037 ], [ 22.610587, 32.7031374 ], [ 22.6105646, 32.7037691 ], [ 22.6107774, 32.7043065 ], [ 22.6109903, 32.7053246 ], [ 22.611073, 32.7059117 ], [ 22.6111649, 32.7065603 ], [ 22.6114891, 32.7069499 ], [ 22.6118469, 32.7071346 ], [ 22.612258, 32.7073299 ], [ 22.6125456, 32.7076908 ], [ 22.612679, 32.7081445 ], [ 22.6126792, 32.708743 ], [ 22.6124484, 32.7092684 ], [ 22.6122256, 32.7100595 ], [ 22.6118459, 32.7109122 ], [ 22.6116395, 32.7121258 ], [ 22.6117774, 32.7128685 ], [ 22.6117423, 32.7133619 ], [ 22.6118501, 32.7140305 ], [ 22.6117889, 32.715211 ], [ 22.6117686, 32.7157056 ], [ 22.6126784, 32.7165258 ], [ 22.6130518, 32.7170109 ], [ 22.6135558, 32.7175851 ], [ 22.6140278, 32.7180022 ], [ 22.6145084, 32.7184757 ], [ 22.6154769, 32.7191502 ], [ 22.6156578, 32.7192184 ], [ 22.6159272, 32.7193484 ], [ 22.6163505, 32.719624 ], [ 22.6169031, 32.7200275 ], [ 22.6173012, 32.7204589 ], [ 22.6178046, 32.721141 ], [ 22.6182381, 32.7216523 ], [ 22.6187258, 32.7224885 ], [ 22.6190128, 32.7230388 ], [ 22.6191702, 32.7234334 ], [ 22.6192846, 32.7242983 ], [ 22.6195198, 32.7254928 ], [ 22.6196707, 32.7268828 ], [ 22.6196846, 32.7282635 ], [ 22.619693, 32.7284477 ], [ 22.6197168, 32.7289659 ], [ 22.6197225, 32.72909 ], [ 22.6200648, 32.7301235 ], [ 22.6204173, 32.7313207 ], [ 22.6208059, 32.7328211 ], [ 22.6210102, 32.7335327 ], [ 22.6212513, 32.7345793 ], [ 22.6221216, 32.7360015 ], [ 22.6237156, 32.7383401 ], [ 22.6254275, 32.7412487 ], [ 22.6264808, 32.7434264 ], [ 22.6274237, 32.744446 ], [ 22.6278706, 32.7452519 ], [ 22.6280943, 32.7455446 ], [ 22.6281399, 32.7458199 ], [ 22.627926, 32.7466143 ], [ 22.6279582, 32.7467886 ], [ 22.628046, 32.746932 ], [ 22.6280854, 32.7476505 ], [ 22.6285023, 32.7484997 ], [ 22.6287193, 32.7489591 ], [ 22.6292449, 32.7500722 ], [ 22.629641, 32.75102 ], [ 22.6300898, 32.7518114 ], [ 22.6306936, 32.752499 ], [ 22.6310535, 32.752824 ] ] } },
{ "type": "Feature", "properties": { "element": "way", "id": 532926394, "name": "وادي الخبطة", "waterway": "river" }, "geometry": { "type": "LineString", "coordinates": [ [ 22.6248921, 32.5853178 ], [ 22.6250145, 32.5854537 ], [ 22.6251341, 32.5861123 ], [ 22.6251874, 32.5867672 ], [ 22.6251767, 32.5873005 ], [ 22.6251093, 32.5880382 ], [ 22.6250012, 32.588777 ], [ 22.6250898, 32.5891842 ], [ 22.6255075, 32.5893921 ], [ 22.6259793, 32.5893635 ], [ 22.6269457, 32.5888942 ], [ 22.6279619, 32.5884091 ], [ 22.6292273, 32.5881034 ], [ 22.6305357, 32.5877759 ], [ 22.6314779, 32.587703 ], [ 22.6323599, 32.587791 ], [ 22.6331852, 32.587563 ], [ 22.6338874, 32.5871115 ], [ 22.6348803, 32.5864847 ], [ 22.6359134, 32.5861499 ], [ 22.6377295, 32.5858259 ], [ 22.6389103, 32.5856254 ], [ 22.6414338, 32.5849153 ], [ 22.6435568, 32.5843873 ], [ 22.6446965, 32.5843558 ], [ 22.6460873, 32.5844955 ], [ 22.6473895, 32.5846439 ], [ 22.6488662, 32.584623 ], [ 22.6499289, 32.5844823 ], [ 22.6501535, 32.5844525 ], [ 22.651583, 32.5843621 ], [ 22.6530203, 32.5844122 ], [ 22.654587, 32.58461 ], [ 22.6565047, 32.5848893 ], [ 22.6573298, 32.5848806 ], [ 22.6576556, 32.584842 ], [ 22.6583042, 32.5847652 ], [ 22.6592269, 32.5846748 ], [ 22.6609006, 32.5842409 ], [ 22.6612414, 32.584193 ], [ 22.6619306, 32.5840962 ], [ 22.6627245, 32.584042 ], [ 22.6636636, 32.5840792 ], [ 22.6645484, 32.5841143 ], [ 22.665514, 32.5841866 ], [ 22.6662007, 32.5843313 ], [ 22.6671019, 32.5846206 ], [ 22.6677671, 32.5850183 ], [ 22.6686039, 32.5854523 ], [ 22.6691189, 32.5859223 ], [ 22.6694622, 32.5864105 ], [ 22.669591, 32.5867178 ], [ 22.6696983, 32.5871337 ], [ 22.6700352, 32.5877258 ], [ 22.670282, 32.5881145 ], [ 22.6705824, 32.5884218 ], [ 22.6708184, 32.5885032 ], [ 22.6712905, 32.5885936 ], [ 22.6718055, 32.5886026 ], [ 22.6721917, 32.5885936 ], [ 22.6727067, 32.588458 ], [ 22.673329, 32.5881778 ], [ 22.6739021, 32.5879102 ], [ 22.6743835, 32.5876285 ], [ 22.6748515, 32.5874144 ], [ 22.6751858, 32.5873806 ], [ 22.6754533, 32.5873919 ], [ 22.6757341, 32.5874595 ], [ 22.6761085, 32.5877412 ], [ 22.6765364, 32.5879778 ], [ 22.6769509, 32.5883383 ], [ 22.677312, 32.5887327 ], [ 22.6774725, 32.5891157 ], [ 22.6775527, 32.5896227 ], [ 22.6775527, 32.589803 ], [ 22.6775527, 32.5901185 ], [ 22.6774858, 32.5905128 ], [ 22.6774858, 32.5908395 ], [ 22.6776463, 32.5912902 ], [ 22.6779806, 32.591876 ], [ 22.6785155, 32.5925971 ], [ 22.6790637, 32.5931153 ], [ 22.6791841, 32.5932393 ], [ 22.6793847, 32.5935209 ], [ 22.6795719, 32.5937688 ], [ 22.6797725, 32.594073 ], [ 22.6799196, 32.5943434 ], [ 22.6799463, 32.5945574 ], [ 22.6800399, 32.5949405 ], [ 22.68008, 32.5952559 ], [ 22.679973, 32.5954812 ], [ 22.6797992, 32.5958079 ], [ 22.679398, 32.5962248 ], [ 22.6790102, 32.5965289 ], [ 22.6785422, 32.5968669 ], [ 22.6781544, 32.5970922 ], [ 22.677887, 32.5973401 ], [ 22.6776864, 32.5975992 ], [ 22.6775928, 32.5979034 ], [ 22.6776329, 32.5980724 ], [ 22.6780341, 32.5983765 ], [ 22.6782748, 32.5985568 ], [ 22.6786759, 32.5987032 ], [ 22.6790102, 32.598737 ], [ 22.6792911, 32.598737 ], [ 22.6797725, 32.5985906 ], [ 22.6801068, 32.5986018 ], [ 22.6803876, 32.5986694 ], [ 22.6807353, 32.5988497 ], [ 22.6810294, 32.5991538 ], [ 22.6813771, 32.5995256 ], [ 22.681444, 32.5998861 ], [ 22.6814841, 32.6002579 ], [ 22.6814707, 32.6005282 ], [ 22.6814306, 32.6009225 ], [ 22.681337, 32.6014069 ], [ 22.681123, 32.6021054 ], [ 22.6807353, 32.6030629 ], [ 22.6804143, 32.6037388 ], [ 22.6802806, 32.6041669 ], [ 22.6804009, 32.6045273 ], [ 22.6805748, 32.6047752 ], [ 22.6808155, 32.6050117 ], [ 22.6810161, 32.6051131 ], [ 22.6815242, 32.6052933 ], [ 22.6818318, 32.6053609 ], [ 22.6826475, 32.6055412 ], [ 22.6833428, 32.6057101 ], [ 22.6837841, 32.6058566 ], [ 22.6844794, 32.6061269 ], [ 22.6848405, 32.606386 ], [ 22.6851347, 32.6068253 ], [ 22.685255, 32.6071295 ], [ 22.6852283, 32.6075125 ], [ 22.6849997, 32.6080936 ], [ 22.6847877, 32.608561 ], [ 22.6843907, 32.6092931 ], [ 22.6837577, 32.6108385 ], [ 22.682835, 32.6130888 ], [ 22.6826848, 32.6136943 ], [ 22.6826848, 32.6140106 ], [ 22.6828457, 32.6144624 ], [ 22.6831247, 32.6149775 ], [ 22.683407, 32.6154286 ], [ 22.6834358, 32.6154746 ], [ 22.6838864, 32.6159897 ], [ 22.6841439, 32.6163241 ], [ 22.6843478, 32.6165229 ], [ 22.6845302, 32.6167578 ], [ 22.6846804, 32.617056 ], [ 22.6847555, 32.6173 ], [ 22.6850559, 32.6178874 ], [ 22.6852168, 32.6183031 ], [ 22.6856996, 32.6190803 ], [ 22.6862682, 32.6197942 ], [ 22.6863755, 32.6200924 ], [ 22.6864292, 32.6204267 ], [ 22.686279, 32.6208153 ], [ 22.6860537, 32.6212309 ], [ 22.6859356, 32.6214749 ], [ 22.6859356, 32.621746 ], [ 22.6859464, 32.6220984 ], [ 22.6860751, 32.6226316 ], [ 22.6862897, 32.623228 ], [ 22.6865365, 32.623725 ], [ 22.6866652, 32.6239599 ], [ 22.6869656, 32.6242491 ], [ 22.6871909, 32.6243304 ], [ 22.6874699, 32.624484 ], [ 22.687899, 32.6248003 ], [ 22.6882316, 32.6251346 ], [ 22.6884569, 32.625496 ], [ 22.6886608, 32.6258123 ], [ 22.6887359, 32.6260382 ], [ 22.6887466, 32.6262641 ], [ 22.6887788, 32.6265261 ], [ 22.6889183, 32.626761 ], [ 22.6890685, 32.6268424 ], [ 22.6892938, 32.6269418 ], [ 22.6898946, 32.6271586 ], [ 22.6908494, 32.6274116 ], [ 22.6913001, 32.6274478 ], [ 22.6918365, 32.6274297 ], [ 22.6924159, 32.6272942 ], [ 22.6932742, 32.6271225 ], [ 22.6940145, 32.6269779 ], [ 22.6943578, 32.6268243 ], [ 22.6945831, 32.6266345 ], [ 22.6946582, 32.6264538 ], [ 22.6947655, 32.6262641 ], [ 22.6951303, 32.6258484 ], [ 22.6954628, 32.6256406 ], [ 22.6957633, 32.6255593 ], [ 22.6963855, 32.6254057 ], [ 22.6966967, 32.6254057 ], [ 22.6969756, 32.6254599 ], [ 22.6971795, 32.6256135 ], [ 22.6971795, 32.6257581 ], [ 22.6971795, 32.6258846 ], [ 22.6972546, 32.6260563 ], [ 22.6974155, 32.6261918 ], [ 22.6975764, 32.6263815 ], [ 22.6977481, 32.6266345 ], [ 22.697909, 32.6268966 ], [ 22.698188, 32.6274658 ], [ 22.6984884, 32.6281435 ], [ 22.6987888, 32.6285411 ], [ 22.699057, 32.6287308 ], [ 22.6992609, 32.6288393 ], [ 22.6994862, 32.6288483 ], [ 22.6997007, 32.6288393 ], [ 22.6999582, 32.6287308 ], [ 22.7003981, 32.6284056 ], [ 22.7007629, 32.6279899 ], [ 22.7009989, 32.6277098 ], [ 22.7011384, 32.6273484 ], [ 22.7011169, 32.6270683 ], [ 22.7010848, 32.6268604 ], [ 22.7009882, 32.6265623 ], [ 22.7008165, 32.6262189 ], [ 22.7006771, 32.6256496 ], [ 22.7005376, 32.6253334 ], [ 22.7004625, 32.624999 ], [ 22.7004732, 32.6247189 ], [ 22.7004732, 32.6245111 ], [ 22.7005269, 32.6242129 ], [ 22.7006985, 32.623978 ], [ 22.7008487, 32.6238515 ], [ 22.7012457, 32.623725 ], [ 22.7015783, 32.6236527 ], [ 22.7018143, 32.6235623 ], [ 22.7020289, 32.6234991 ], [ 22.7023186, 32.6234991 ], [ 22.7025332, 32.6235352 ], [ 22.7029087, 32.6236707 ], [ 22.7033271, 32.623987 ], [ 22.7039064, 32.6243756 ], [ 22.7042927, 32.6245924 ], [ 22.7045824, 32.624737 ], [ 22.7050008, 32.6250442 ], [ 22.7053763, 32.6252701 ], [ 22.7056231, 32.6254599 ], [ 22.7057411, 32.6256587 ], [ 22.7057411, 32.6258032 ], [ 22.7056338, 32.6261376 ], [ 22.7053978, 32.6266707 ], [ 22.7051188, 32.627258 ], [ 22.7047111, 32.6284056 ], [ 22.7044643, 32.6291645 ], [ 22.7043034, 32.6297157 ], [ 22.7041961, 32.6301856 ], [ 22.7042283, 32.6310078 ], [ 22.7044272, 32.6312163 ], [ 22.706809, 32.6321108 ], [ 22.7090835, 32.6332131 ], [ 22.7124524, 32.634207 ], [ 22.71346, 32.6345986 ], [ 22.714405, 32.6349659 ], [ 22.7155048, 32.6361427 ] ] } },
{ "type": "Feature", "properties": { "element": "way", "id": 1207020857, "name": null, "waterway": "river" }, "geometry": { "type": "LineString", "coordinates": [ [ 22.6047361, 32.7374356 ], [ 22.6052836, 32.7380543 ], [ 22.6053908, 32.7382348 ], [ 22.6059702, 32.7386319 ], [ 22.6065066, 32.7387944 ], [ 22.606571, 32.7389568 ], [ 22.60685, 32.7393539 ], [ 22.6071718, 32.7396968 ], [ 22.607322, 32.7399675 ], [ 22.6071075, 32.74013 ], [ 22.6069572, 32.7401841 ], [ 22.6068929, 32.7404729 ], [ 22.6070002, 32.7406353 ], [ 22.607601, 32.7407797 ], [ 22.6081374, 32.7410685 ], [ 22.6081803, 32.7415017 ], [ 22.6083091, 32.7418987 ], [ 22.60842, 32.7420543 ], [ 22.6085022, 32.7421695 ], [ 22.6086095, 32.7426207 ], [ 22.6087597, 32.7429455 ], [ 22.6088026, 32.7434148 ], [ 22.6091245, 32.7436494 ], [ 22.6092961, 32.7436494 ], [ 22.6100686, 32.7434328 ], [ 22.6104334, 32.7436855 ], [ 22.6107338, 32.7441006 ], [ 22.6110127, 32.744245 ], [ 22.6113346, 32.744263 ], [ 22.6114634, 32.7439923 ], [ 22.6116779, 32.7436494 ], [ 22.6121071, 32.7435231 ], [ 22.6125792, 32.7435772 ], [ 22.6128152, 32.743505 ], [ 22.6130941, 32.7433065 ], [ 22.6134589, 32.7429997 ], [ 22.6135654, 32.7430313 ], [ 22.6138237, 32.743108 ], [ 22.6141241, 32.7432523 ], [ 22.6145962, 32.7435592 ], [ 22.615079, 32.7437396 ], [ 22.6152706, 32.7438481 ], [ 22.6154277, 32.7440735 ], [ 22.6154116, 32.7447323 ], [ 22.6156261, 32.7452376 ], [ 22.616184, 32.7459776 ], [ 22.6163986, 32.7463205 ], [ 22.6166561, 32.7465009 ], [ 22.6174071, 32.7467717 ], [ 22.6185873, 32.746898 ], [ 22.6194027, 32.7467356 ], [ 22.620261, 32.7467536 ], [ 22.6206258, 32.7469702 ], [ 22.6216772, 32.7470063 ], [ 22.6218489, 32.7469702 ], [ 22.6229861, 32.7464107 ], [ 22.6237801, 32.746158 ], [ 22.6247671, 32.7458422 ], [ 22.6256684, 32.7454812 ], [ 22.6262516, 32.7452649 ], [ 22.626827, 32.7453053 ], [ 22.6269436, 32.7453867 ], [ 22.6269972, 32.7455491 ], [ 22.6271528, 32.7458786 ], [ 22.6276248, 32.7463252 ], [ 22.627926, 32.7466143 ] ] } },
{ "type": "Feature", "properties": { "element": "way", "id": 1207020858, "name": null, "waterway": "river" }, "geometry": { "type": "LineString", "coordinates": [ [ 22.670944, 32.728939 ], [ 22.6698497, 32.728939 ], [ 22.6696351, 32.7291737 ], [ 22.6684335, 32.7291737 ], [ 22.6678756, 32.7293181 ], [ 22.6670602, 32.7293542 ], [ 22.6661804, 32.7296069 ], [ 22.6658371, 32.7298777 ], [ 22.6656654, 32.7302387 ], [ 22.6651934, 32.7304012 ], [ 22.6647857, 32.7301485 ], [ 22.6646784, 32.7299138 ], [ 22.6642921, 32.7297333 ], [ 22.6637986, 32.7299318 ], [ 22.6634338, 32.7301485 ], [ 22.6630476, 32.7304734 ], [ 22.6626828, 32.7304734 ], [ 22.6624039, 32.7300763 ], [ 22.6622537, 32.7299138 ], [ 22.6620391, 32.7297152 ], [ 22.661567, 32.7296972 ], [ 22.6612452, 32.7300221 ], [ 22.6611808, 32.7303109 ], [ 22.6611808, 32.7305636 ], [ 22.6613095, 32.7309607 ], [ 22.6613524, 32.7311412 ], [ 22.6611379, 32.731412 ], [ 22.6605585, 32.7315023 ], [ 22.6598719, 32.731412 ], [ 22.6591638, 32.7316467 ], [ 22.6583484, 32.7318452 ], [ 22.6571897, 32.7320257 ], [ 22.6569965, 32.7320979 ], [ 22.6566532, 32.7318452 ], [ 22.656503, 32.7313759 ], [ 22.6562026, 32.7315023 ], [ 22.6558378, 32.7317189 ], [ 22.6558378, 32.7321521 ], [ 22.6557091, 32.7322965 ], [ 22.6554087, 32.7323145 ], [ 22.6551083, 32.7323145 ], [ 22.6544431, 32.7318994 ], [ 22.6544216, 32.7317369 ], [ 22.6540998, 32.7318272 ], [ 22.653735, 32.7320077 ], [ 22.6533702, 32.7321521 ], [ 22.6529625, 32.732477 ], [ 22.6523831, 32.7324048 ], [ 22.65219, 32.7322604 ], [ 22.6515892, 32.7319716 ], [ 22.6512673, 32.7323326 ], [ 22.6511601, 32.7326214 ], [ 22.6508596, 32.7329463 ], [ 22.6505592, 32.7331087 ], [ 22.6502803, 32.7331448 ], [ 22.6500657, 32.7331448 ], [ 22.6497224, 32.7327477 ], [ 22.6495078, 32.7324229 ], [ 22.6494005, 32.7322604 ], [ 22.648907, 32.7322784 ], [ 22.6487139, 32.7326033 ], [ 22.6486495, 32.7328741 ], [ 22.6484349, 32.7330907 ], [ 22.6482204, 32.7330907 ], [ 22.6479199, 32.7327658 ], [ 22.6477483, 32.7326033 ], [ 22.6473406, 32.7324589 ], [ 22.6468041, 32.7325131 ], [ 22.6465681, 32.7327297 ], [ 22.646139, 32.7333073 ], [ 22.6460317, 32.7337946 ], [ 22.6457527, 32.7339029 ], [ 22.6454309, 32.733939 ], [ 22.6450232, 32.7337405 ], [ 22.64483, 32.733578 ], [ 22.6444867, 32.7333253 ], [ 22.6442292, 32.7332531 ], [ 22.6439503, 32.7334336 ], [ 22.643843, 32.7338488 ], [ 22.6441434, 32.7342278 ], [ 22.6442292, 32.7344264 ], [ 22.6439771, 32.7347694 ], [ 22.6437142, 32.7348957 ], [ 22.6431993, 32.7349318 ], [ 22.6426682, 32.7348055 ], [ 22.6423838, 32.7345392 ], [ 22.64198, 32.7346161 ], [ 22.6417279, 32.7346251 ], [ 22.6415256, 32.7345753 ], [ 22.6409891, 32.7347332 ], [ 22.6405814, 32.7347152 ], [ 22.6399806, 32.7344625 ], [ 22.6397017, 32.734467 ], [ 22.6394173, 32.7345663 ], [ 22.6391492, 32.7348686 ], [ 22.6392081, 32.7355274 ], [ 22.6393154, 32.7358343 ], [ 22.6393193, 32.7360691 ], [ 22.6392188, 32.7362946 ], [ 22.6389667, 32.7364975 ], [ 22.6386073, 32.7365201 ], [ 22.6382962, 32.7363938 ], [ 22.6379421, 32.7358343 ], [ 22.6376847, 32.7355455 ], [ 22.6371375, 32.7354282 ], [ 22.6364616, 32.7354643 ], [ 22.6358286, 32.735708 ], [ 22.6352385, 32.7359245 ], [ 22.6346483, 32.7361321 ], [ 22.6340154, 32.7362494 ], [ 22.6333716, 32.7363216 ], [ 22.6328137, 32.7365743 ], [ 22.6325348, 32.7371519 ], [ 22.6320842, 32.7378197 ], [ 22.6320842, 32.7382168 ], [ 22.6319769, 32.7387402 ], [ 22.6317409, 32.7391012 ], [ 22.6313975, 32.7394622 ], [ 22.6308826, 32.7396426 ], [ 22.6307109, 32.7404548 ], [ 22.6307324, 32.7415739 ], [ 22.6308611, 32.7421695 ], [ 22.6304105, 32.7430899 ], [ 22.6298097, 32.7436855 ], [ 22.6294018, 32.7442474 ], [ 22.6290545, 32.7444877 ], [ 22.6288211, 32.7447652 ], [ 22.6283812, 32.7449344 ], [ 22.6281131, 32.7450573 ], [ 22.6278706, 32.7452519 ] ] } },
{ "type": "Feature", "properties": { "element": "way", "id": 1207020859, "name": "وادي درنة", "waterway": "river" }, "geometry": { "type": "LineString", "coordinates": [ [ 22.6359652, 32.7555656 ], [ 22.6361131, 32.7556722 ], [ 22.6362767, 32.7559655 ], [ 22.6363172, 32.7561549 ], [ 22.636326, 32.7565914 ], [ 22.6363801, 32.7568162 ], [ 22.6367599, 32.7574648 ], [ 22.6383163, 32.7585453 ], [ 22.6386769, 32.758847 ], [ 22.6389289, 32.7591959 ], [ 22.6396184, 32.760223 ], [ 22.6404835, 32.7613713 ], [ 22.6419194, 32.7627968 ], [ 22.6428045, 32.763696 ], [ 22.6431602, 32.7639005 ], [ 22.6437404, 32.7644109 ], [ 22.6447425, 32.7649734 ], [ 22.6456757, 32.7654401 ], [ 22.6468498, 32.7658748 ], [ 22.6495027, 32.766616 ], [ 22.650221, 32.7667961 ], [ 22.650818, 32.7672273 ] ] } },
{ "type": "Feature", "properties": { "element": "way", "id": 1207020860, "name": null, "waterway": "river" }, "geometry": { "type": "LineString", "coordinates": [ [ 22.6310535, 32.752824 ], [ 22.6324399, 32.7537101 ] ] } },
{ "type": "Feature", "properties": { "element": "way", "id": 1207024125, "name": null, "waterway": "stream" }, "geometry": { "type": "LineString", "coordinates": [ [ 22.6434657, 32.7528706 ], [ 22.6438304, 32.75306 ], [ 22.6440128, 32.7532225 ], [ 22.6441094, 32.7535473 ], [ 22.6441952, 32.753836 ], [ 22.6443213, 32.7542398 ], [ 22.6443857, 32.7545714 ], [ 22.6444581, 32.7550158 ], [ 22.644678, 32.7552842 ], [ 22.6449945, 32.7558301 ], [ 22.6451501, 32.7560827 ], [ 22.6452896, 32.7564436 ], [ 22.6461224, 32.7569816 ], [ 22.6466221, 32.7571724 ], [ 22.647328, 32.7576797 ], [ 22.6475855, 32.7578602 ], [ 22.6477249, 32.7580072 ] ] } },
{ "type": "Feature", "properties": { "element": "way", "id": 1207024126, "name": null, "waterway": "stream" }, "geometry": { "type": "LineString", "coordinates": [ [ 22.6481432, 32.7579445 ], [ 22.6485377, 32.7577158 ], [ 22.649045, 32.7577801 ] ] } },
{ "type": "Feature", "properties": { "element": "way", "id": 1207024127, "name": null, "waterway": "stream" }, "geometry": { "type": "LineString", "coordinates": [ [ 22.6477249, 32.7580072 ], [ 22.6478553, 32.7581093 ], [ 22.6481432, 32.7579445 ] ] } },
{ "type": "Feature", "properties": { "element": "way", "id": 1207180873, "name": "وادي درنة", "waterway": "river" }, "geometry": { "type": "LineString", "coordinates": [ [ 22.6324399, 32.7537101 ], [ 22.6330485, 32.7540169 ], [ 22.6345338, 32.7547727 ], [ 22.6355349, 32.755308 ], [ 22.6359652, 32.7555656 ] ] } },
{ "type": "Feature", "properties": { "element": "way", "id": 1207185803, "name": null, "waterway": "river" }, "geometry": { "type": "LineString", "coordinates": [ [ 22.3689634, 32.6695407 ], [ 22.3702508, 32.6702271 ], [ 22.3708248, 32.6705477 ], [ 22.3712218, 32.6706832 ], [ 22.3716509, 32.6707645 ], [ 22.372874, 32.6708457 ], [ 22.3733032, 32.6708277 ], [ 22.3752022, 32.6706742 ], [ 22.3760927, 32.6706109 ], [ 22.3773587, 32.6706019 ], [ 22.3784423, 32.6707012 ], [ 22.3794186, 32.670638 ], [ 22.3803091, 32.6705477 ], [ 22.3822939, 32.6701774 ], [ 22.3837745, 32.6698523 ], [ 22.3842466, 32.6697891 ], [ 22.3850191, 32.6698974 ], [ 22.3856628, 32.6701232 ], [ 22.3871755, 32.6707283 ], [ 22.3879051, 32.6711077 ], [ 22.3883772, 32.671198 ], [ 22.3889351, 32.671216 ], [ 22.389375, 32.6710896 ], [ 22.3899007, 32.6708187 ], [ 22.3903727, 32.6704393 ], [ 22.3907053, 32.6698974 ], [ 22.3912418, 32.6689762 ], [ 22.3914456, 32.6683079 ], [ 22.3923361, 32.6665919 ], [ 22.3933768, 32.6650384 ], [ 22.3947072, 32.6632139 ], [ 22.3963165, 32.6608926 ], [ 22.397443, 32.6597726 ], [ 22.3980117, 32.6594745 ], [ 22.3986447, 32.659339 ], [ 22.3992991, 32.6592939 ], [ 22.3997712, 32.6594023 ], [ 22.4004257, 32.6596371 ], [ 22.4032473, 32.6609829 ], [ 22.4045348, 32.6615746 ], [ 22.4052215, 32.6617462 ], [ 22.4057794, 32.6618139 ], [ 22.4060261, 32.6617868 ], [ 22.4065196, 32.6616287 ], [ 22.4068844, 32.6615475 ], [ 22.4072492, 32.6615113 ], [ 22.407791, 32.6615384 ], [ 22.4086332, 32.6615429 ], [ 22.4095344, 32.6614075 ], [ 22.4107736, 32.6610823 ], [ 22.4110633, 32.6609694 ], [ 22.4114495, 32.660712 ], [ 22.4118304, 32.6603597 ], [ 22.4128336, 32.6590816 ], [ 22.4133432, 32.6582235 ], [ 22.4136382, 32.6574106 ], [ 22.4143302, 32.6552111 ], [ 22.4147916, 32.6543078 ], [ 22.4154568, 32.6525463 ], [ 22.4154997, 32.6521398 ], [ 22.4154893, 32.6517709 ], [ 22.4154675, 32.6509926 ], [ 22.4153495, 32.6493033 ], [ 22.4150813, 32.6457892 ], [ 22.4149203, 32.644407 ], [ 22.4144053, 32.6427447 ], [ 22.413708, 32.640179 ], [ 22.4135792, 32.6396188 ], [ 22.4135256, 32.6390406 ], [ 22.4136007, 32.6385437 ], [ 22.4137401, 32.6382727 ], [ 22.414062, 32.6380197 ], [ 22.4143839, 32.6376673 ], [ 22.4146843, 32.6371614 ], [ 22.4153387, 32.6360862 ], [ 22.4160254, 32.6353002 ], [ 22.4168622, 32.6346768 ], [ 22.4178278, 32.6341256 ], [ 22.4190938, 32.633701 ], [ 22.4200058, 32.6334751 ], [ 22.4209714, 32.6331679 ], [ 22.4219692, 32.6327704 ], [ 22.423718, 32.6317223 ], [ 22.4250483, 32.6310717 ], [ 22.426132, 32.6307916 ], [ 22.4272263, 32.630638 ], [ 22.428664, 32.6305206 ], [ 22.4311209, 32.6303218 ], [ 22.4358094, 32.6301592 ], [ 22.4393821, 32.6301411 ], [ 22.4401653, 32.6300327 ], [ 22.4438774, 32.6299513 ], [ 22.4448645, 32.6299604 ], [ 22.4455619, 32.6300778 ], [ 22.4473536, 32.6305838 ], [ 22.4482763, 32.6307013 ], [ 22.4491346, 32.630629 ], [ 22.4498534, 32.6304483 ], [ 22.4504757, 32.6301411 ], [ 22.4510658, 32.6297616 ], [ 22.4515271, 32.629364 ], [ 22.4518382, 32.6289574 ], [ 22.4520528, 32.6284966 ], [ 22.4522567, 32.6277286 ], [ 22.4523747, 32.6268521 ], [ 22.4526107, 32.6256232 ], [ 22.4527717, 32.6250269 ], [ 22.4530506, 32.6246202 ], [ 22.4534583, 32.624304 ], [ 22.4541664, 32.6238522 ], [ 22.4562263, 32.6228401 ], [ 22.4567735, 32.6227226 ], [ 22.4575245, 32.6226504 ], [ 22.4581575, 32.62256 ], [ 22.4584687, 32.6225058 ], [ 22.458694, 32.6224154 ], [ 22.4588764, 32.6222889 ], [ 22.4593055, 32.6218823 ], [ 22.4608934, 32.6197858 ], [ 22.4622667, 32.6175447 ], [ 22.4631464, 32.6161079 ], [ 22.4637151, 32.6155928 ], [ 22.4643052, 32.6152674 ], [ 22.4647987, 32.6151138 ], [ 22.4650776, 32.6149421 ], [ 22.4656784, 32.6143728 ], [ 22.4669981, 32.6132431 ], [ 22.467674, 32.612493 ], [ 22.4682748, 32.6115441 ], [ 22.4688434, 32.6102608 ], [ 22.4691653, 32.6094113 ], [ 22.4694443, 32.6091311 ], [ 22.470062, 32.6087272 ], [ 22.4701631, 32.6086611 ], [ 22.4715364, 32.6080104 ], [ 22.4724483, 32.6077755 ], [ 22.4731457, 32.6077393 ], [ 22.4739718, 32.6078658 ], [ 22.4768895, 32.6085391 ], [ 22.4772227, 32.608616 ], [ 22.4780848, 32.6088522 ], [ 22.4794328, 32.6092215 ], [ 22.4803662, 32.6095378 ], [ 22.4806881, 32.6097908 ], [ 22.4808276, 32.6100168 ], [ 22.4809134, 32.6103783 ], [ 22.481761, 32.6126286 ], [ 22.4819112, 32.6128455 ], [ 22.4822652, 32.6131437 ], [ 22.4826729, 32.6133335 ], [ 22.4829841, 32.6134329 ], [ 22.4833381, 32.613451 ], [ 22.4837243, 32.6134239 ], [ 22.4843359, 32.6132702 ], [ 22.4855161, 32.6128003 ], [ 22.4860954, 32.612493 ], [ 22.4866962, 32.6121044 ], [ 22.4871039, 32.6119508 ], [ 22.4875224, 32.6118785 ], [ 22.4880159, 32.6119056 ], [ 22.4911487, 32.6122038 ], [ 22.4923503, 32.6124027 ], [ 22.4930799, 32.6126647 ], [ 22.4936378, 32.6128997 ], [ 22.4940348, 32.6129991 ], [ 22.4951291, 32.6132973 ], [ 22.4962342, 32.6134419 ], [ 22.4989378, 32.6138848 ], [ 22.499882, 32.6141197 ], [ 22.5007939, 32.6144089 ], [ 22.5016844, 32.6147794 ], [ 22.5030148, 32.6155205 ], [ 22.5033581, 32.6157825 ], [ 22.5036049, 32.6160536 ], [ 22.5040555, 32.6168579 ], [ 22.5047958, 32.6185568 ], [ 22.5049996, 32.6189047 ], [ 22.5053805, 32.6194289 ], [ 22.5056916, 32.6197723 ], [ 22.506153, 32.6202105 ], [ 22.5067645, 32.620703 ], [ 22.5071454, 32.620947 ], [ 22.5075424, 32.6211051 ], [ 22.5080949, 32.621191 ], [ 22.5093502, 32.6212768 ], [ 22.5098598, 32.6213039 ], [ 22.510525, 32.6212588 ], [ 22.5111633, 32.6211639 ], [ 22.5118178, 32.6210193 ], [ 22.5123811, 32.6209018 ], [ 22.5128424, 32.6208837 ], [ 22.5132394, 32.6209244 ], [ 22.5137597, 32.6210464 ], [ 22.5148594, 32.6213943 ], [ 22.5162435, 32.6219636 ], [ 22.5169569, 32.6223612 ], [ 22.5191402, 32.6238341 ], [ 22.521168, 32.6251579 ], [ 22.5220638, 32.6258085 ], [ 22.522552, 32.6262603 ], [ 22.5239199, 32.6278009 ], [ 22.524671, 32.6287496 ], [ 22.5256205, 32.6298836 ], [ 22.5265646, 32.6309317 ], [ 22.527101, 32.6315913 ], [ 22.5281793, 32.6334751 ], [ 22.5293487, 32.6352957 ], [ 22.5304216, 32.6371885 ], [ 22.5306898, 32.6377893 ], [ 22.5309688, 32.6385482 ], [ 22.5310969, 32.6388295 ], [ 22.5312424, 32.639149 ], [ 22.5314033, 32.6394517 ], [ 22.531532, 32.6396459 ], [ 22.5316554, 32.6397634 ], [ 22.5318754, 32.6399215 ], [ 22.5323474, 32.6402512 ], [ 22.5349116, 32.6416877 ], [ 22.5350874, 32.6417659 ], [ 22.5352871, 32.6418548 ], [ 22.5358826, 32.6420671 ], [ 22.5380659, 32.6426769 ], [ 22.5413382, 32.6434494 ], [ 22.5430655, 32.6438695 ], [ 22.5437146, 32.6439779 ], [ 22.5445461, 32.6440321 ], [ 22.5452059, 32.644023 ], [ 22.5475609, 32.6440095 ], [ 22.549181, 32.6440727 ], [ 22.5501358, 32.6441857 ], [ 22.5509834, 32.6443347 ], [ 22.5515413, 32.6444657 ], [ 22.5519866, 32.6446328 ], [ 22.5522119, 32.6448045 ], [ 22.5527161, 32.6452471 ], [ 22.5533223, 32.6459066 ], [ 22.5537032, 32.6465029 ], [ 22.5542664, 32.6476231 ], [ 22.554658, 32.6483548 ], [ 22.5548565, 32.6485535 ], [ 22.5551355, 32.6487297 ], [ 22.5554627, 32.6488561 ], [ 22.5560313, 32.64896 ], [ 22.5578982, 32.6493846 ], [ 22.5595558, 32.6496556 ], [ 22.5606089, 32.6497736 ], [ 22.561208, 32.6498408 ], [ 22.5623828, 32.6500124 ], [ 22.5627047, 32.6501163 ], [ 22.5631392, 32.650288 ], [ 22.5644374, 32.6510468 ], [ 22.5647968, 32.651232 ], [ 22.5652742, 32.6514397 ], [ 22.56558, 32.6516565 ], [ 22.5662667, 32.6522256 ], [ 22.5664314, 32.6523808 ], [ 22.5670338, 32.6529483 ], [ 22.5674146, 32.6531922 ], [ 22.5681281, 32.6535716 ], [ 22.5687128, 32.6537974 ], [ 22.5693566, 32.6540097 ], [ 22.5697589, 32.6541135 ], [ 22.5705743, 32.6542897 ], [ 22.5710946, 32.6544433 ], [ 22.5717115, 32.6546917 ], [ 22.572484, 32.655071 ], [ 22.5744474, 32.6561234 ], [ 22.5752306, 32.6566563 ], [ 22.5757992, 32.6571802 ], [ 22.5767541, 32.6583229 ], [ 22.5770545, 32.6587338 ], [ 22.5770846, 32.6587867 ], [ 22.5772941, 32.6593097 ], [ 22.5775709, 32.660001 ], [ 22.5775963, 32.6600887 ], [ 22.5778725, 32.6607774 ], [ 22.5780818, 32.6611703 ], [ 22.5782454, 32.661561 ], [ 22.5788677, 32.6622113 ], [ 22.579329, 32.6625771 ], [ 22.5807077, 32.6634623 ], [ 22.5814873, 32.6638613 ], [ 22.5821722, 32.6642119 ], [ 22.5828047, 32.6645668 ] ] } },
{ "type": "Feature", "properties": { "element": "way", "id": 1207190535, "name": "وادي درنة", "waterway": "stream" }, "geometry": { "type": "LineString", "coordinates": [ [ 22.5234532, 32.6600797 ], [ 22.5241184, 32.6599352 ], [ 22.5248694, 32.6596281 ], [ 22.5256634, 32.6595197 ], [ 22.526586, 32.6595197 ], [ 22.5271225, 32.6593752 ], [ 22.5276375, 32.6588332 ], [ 22.5280452, 32.6583274 ], [ 22.5292039, 32.6580383 ], [ 22.5299334, 32.6582551 ], [ 22.5304699, 32.6588151 ], [ 22.5312423, 32.6588513 ], [ 22.5321865, 32.6585803 ], [ 22.5330019, 32.6580925 ], [ 22.5338281, 32.6578767 ], [ 22.5342464, 32.6577674 ], [ 22.5351262, 32.6578577 ], [ 22.5363064, 32.6582732 ], [ 22.5370145, 32.6583274 ], [ 22.5383663, 32.658219 ], [ 22.5395036, 32.6591223 ], [ 22.5398469, 32.6592848 ], [ 22.5405764, 32.6595919 ], [ 22.5410056, 32.6597726 ], [ 22.5413704, 32.6602784 ], [ 22.5415849, 32.6610552 ], [ 22.5420785, 32.6617597 ], [ 22.5427651, 32.6617959 ], [ 22.5434088, 32.6619946 ], [ 22.544117, 32.6619404 ], [ 22.5446105, 32.6616513 ], [ 22.5452542, 32.6616333 ], [ 22.5461983, 32.6617055 ], [ 22.5472069, 32.6619404 ], [ 22.5473785, 32.662121 ], [ 22.5476146, 32.6630242 ], [ 22.5484514, 32.6636746 ], [ 22.5492239, 32.6641804 ], [ 22.5494599, 32.6649029 ], [ 22.5507474, 32.6662216 ], [ 22.5516701, 32.6669261 ], [ 22.5523138, 32.6669622 ], [ 22.5532579, 32.6670886 ], [ 22.5544596, 32.6674318 ], [ 22.5551891, 32.6678292 ], [ 22.5557899, 32.6683892 ], [ 22.5561762, 32.6689491 ], [ 22.5564551, 32.6695272 ], [ 22.556777, 32.6703581 ], [ 22.557249, 32.6707374 ], [ 22.5577855, 32.6707013 ], [ 22.5584936, 32.6704484 ], [ 22.5590515, 32.6704664 ], [ 22.5595236, 32.6708277 ], [ 22.5599742, 32.6713876 ], [ 22.5605321, 32.672056 ], [ 22.5614118, 32.6720018 ], [ 22.5621843, 32.6718211 ], [ 22.562871, 32.6717128 ], [ 22.5633001, 32.6719837 ], [ 22.5633859, 32.6724353 ], [ 22.5639851, 32.6725127 ], [ 22.5643214, 32.6720277 ], [ 22.5657389, 32.6709954 ], [ 22.5659931, 32.671221 ], [ 22.5658893, 32.6718566 ], [ 22.5659981, 32.6722406 ], [ 22.5665091, 32.6722802 ], [ 22.5677448, 32.6719113 ], [ 22.5685023, 32.6716058 ], [ 22.5689466, 32.6716264 ], [ 22.5691775, 32.672039 ], [ 22.5696892, 32.6719476 ], [ 22.570246, 32.6717535 ], [ 22.5708702, 32.6714475 ], [ 22.5713063, 32.670991 ], [ 22.5713757, 32.6705329 ], [ 22.5710555, 32.6701948 ], [ 22.5710689, 32.6698113 ], [ 22.5716753, 32.6695093 ], [ 22.571834, 32.6694785 ], [ 22.572561, 32.6693373 ], [ 22.5727613, 32.6690871 ], [ 22.5725051, 32.6687178 ], [ 22.5725566, 32.6684168 ], [ 22.5727384, 32.6679322 ], [ 22.573256, 32.6678173 ], [ 22.5740045, 32.6677379 ], [ 22.5744338, 32.6677921 ], [ 22.5747665, 32.6677921 ], [ 22.5749275, 32.6675211 ], [ 22.5749167, 32.6671507 ], [ 22.5754748, 32.6671236 ], [ 22.5758182, 32.6671959 ], [ 22.5762904, 32.6674488 ], [ 22.5766553, 32.6675572 ], [ 22.5770953, 32.6672591 ], [ 22.5772134, 32.6669519 ], [ 22.577149, 32.6666538 ], [ 22.5773851, 32.6662201 ], [ 22.5782222, 32.666175 ], [ 22.5788983, 32.6664099 ], [ 22.5794471, 32.6664939 ], [ 22.579682, 32.6664123 ], [ 22.5802827, 32.6661659 ], [ 22.5807657, 32.6662021 ], [ 22.5812808, 32.6658136 ], [ 22.5818925, 32.6649553 ], [ 22.5822359, 32.6646662 ], [ 22.582573, 32.6646073 ], [ 22.5828047, 32.6645668 ] ] } },
{ "type": "Feature", "properties": { "element": "way", "id": 1207472764, "name": null, "waterway": "river" }, "geometry": { "type": "LineString", "coordinates": [ [ 22.4621701, 32.6578396 ], [ 22.4633288, 32.6577674 ], [ 22.464745, 32.6566654 ], [ 22.4659896, 32.6557982 ], [ 22.4675017, 32.6549582 ], [ 22.468071, 32.654642 ], [ 22.4684787, 32.6533232 ], [ 22.4678135, 32.6520224 ], [ 22.4684787, 32.6500712 ], [ 22.4695945, 32.6487523 ], [ 22.4710536, 32.6478489 ], [ 22.4717617, 32.6480476 ], [ 22.4732852, 32.6487703 ], [ 22.4752164, 32.6505409 ], [ 22.4758601, 32.650848 ], [ 22.4773192, 32.650017 ], [ 22.4777698, 32.6499266 ], [ 22.4796581, 32.6501615 ], [ 22.4818039, 32.6513358 ], [ 22.4831557, 32.6514262 ], [ 22.4840784, 32.6517333 ], [ 22.4839067, 32.6526728 ], [ 22.4840784, 32.6536484 ], [ 22.48425, 32.6554188 ], [ 22.4848723, 32.6565931 ], [ 22.4853015, 32.6569544 ], [ 22.4867606, 32.6574061 ], [ 22.4883055, 32.6580383 ], [ 22.4897647, 32.6595378 ], [ 22.4925971, 32.6606939 ], [ 22.4934983, 32.6612178 ], [ 22.4958372, 32.6615068 ], [ 22.4967599, 32.6622836 ], [ 22.4979186, 32.6636023 ], [ 22.4986052, 32.6652823 ], [ 22.4994206, 32.6667996 ], [ 22.4998391, 32.6683079 ], [ 22.5000054, 32.6687459 ], [ 22.5002575, 32.669351 ], [ 22.5008637, 32.6695407 ], [ 22.501443, 32.6691298 ], [ 22.5020505, 32.6686624 ], [ 22.5028217, 32.6682627 ], [ 22.5040126, 32.668055 ], [ 22.5049782, 32.6681724 ], [ 22.5055146, 32.6684524 ], [ 22.5059652, 32.6688046 ], [ 22.5065124, 32.669491 ], [ 22.5069845, 32.6705026 ], [ 22.5073814, 32.6710625 ], [ 22.5077999, 32.6713876 ], [ 22.508862, 32.6715683 ], [ 22.5092161, 32.6717128 ], [ 22.5099027, 32.6722185 ], [ 22.5105142, 32.6734738 ], [ 22.5106323, 32.6756684 ], [ 22.5102353, 32.6768695 ], [ 22.510128, 32.6774926 ], [ 22.5109541, 32.6781518 ], [ 22.5115228, 32.6784679 ], [ 22.5121236, 32.6786756 ], [ 22.5126278, 32.6788562 ], [ 22.5132286, 32.6795245 ], [ 22.5136363, 32.6807617 ], [ 22.5140655, 32.6811951 ], [ 22.5142586, 32.6815744 ], [ 22.5151598, 32.6819266 ], [ 22.5155568, 32.682351 ], [ 22.5159109, 32.6831637 ], [ 22.5162542, 32.6836423 ], [ 22.5164795, 32.6837416 ], [ 22.5173807, 32.6834527 ], [ 22.5180888, 32.6829109 ], [ 22.5181103, 32.6828025 ], [ 22.5181639, 32.682649 ], [ 22.5187969, 32.682342 ], [ 22.5191295, 32.6826129 ], [ 22.5195479, 32.6830192 ], [ 22.5198805, 32.6835068 ], [ 22.5203633, 32.6841751 ], [ 22.5209534, 32.685051 ], [ 22.5211036, 32.6853851 ], [ 22.5214791, 32.6856018 ], [ 22.5223911, 32.6855476 ], [ 22.523936, 32.6857192 ], [ 22.5241077, 32.6860262 ], [ 22.5241854, 32.6870984 ], [ 22.5242989, 32.6875188 ], [ 22.524555, 32.6877519 ], [ 22.5253, 32.6880975 ], [ 22.5261998, 32.6884913 ], [ 22.5269956, 32.688926 ], [ 22.5271976, 32.6897103 ], [ 22.5271225, 32.6902882 ], [ 22.5266504, 32.6910467 ], [ 22.5264358, 32.6915252 ], [ 22.5263822, 32.6919406 ], [ 22.5266719, 32.6922205 ], [ 22.5271118, 32.6923649 ], [ 22.5276589, 32.6924372 ], [ 22.5279379, 32.692392 ], [ 22.528528, 32.6922024 ], [ 22.5294185, 32.692067 ], [ 22.530148, 32.6923378 ], [ 22.5308561, 32.6929609 ], [ 22.5312531, 32.6937644 ], [ 22.5317575, 32.6944245 ], [ 22.5321543, 32.6945409 ], [ 22.5329912, 32.6942881 ], [ 22.5333238, 32.6941166 ], [ 22.5339675, 32.6936019 ], [ 22.5343645, 32.6931685 ], [ 22.5349009, 32.6925726 ], [ 22.5354159, 32.6922927 ], [ 22.5358665, 32.6920941 ], [ 22.5362849, 32.6924101 ], [ 22.5364673, 32.6928976 ], [ 22.5365324, 32.6931342 ], [ 22.5365746, 32.6932272 ], [ 22.5366712, 32.6934665 ], [ 22.5367784, 32.6935387 ], [ 22.5371754, 32.6938999 ], [ 22.537744, 32.6944416 ], [ 22.5377762, 32.6950466 ], [ 22.5375187, 32.6964731 ], [ 22.5375187, 32.6969607 ], [ 22.5376904, 32.6976288 ], [ 22.5381445, 32.6983334 ], [ 22.5384521, 32.6985317 ], [ 22.5387633, 32.69864 ], [ 22.5391577, 32.6985953 ], [ 22.5398512, 32.698278 ], [ 22.5406851, 32.6979502 ], [ 22.5413277, 32.6980527 ], [ 22.5415959, 32.6980947 ], [ 22.5421237, 32.6983066 ], [ 22.5422759, 32.6986833 ], [ 22.5423478, 32.6992278 ], [ 22.5421836, 32.6996747 ], [ 22.5416279, 32.7000575 ], [ 22.5414991, 32.7001839 ], [ 22.5406837, 32.7004367 ], [ 22.5398683, 32.7005631 ], [ 22.5394714, 32.7005992 ], [ 22.5387525, 32.7006714 ], [ 22.5386453, 32.7008068 ], [ 22.5387303, 32.7012283 ], [ 22.5389886, 32.7016013 ], [ 22.5395572, 32.7020076 ], [ 22.540276, 32.7020437 ], [ 22.5407696, 32.7019354 ], [ 22.5415635, 32.7018541 ], [ 22.5418746, 32.7020437 ], [ 22.5421645, 32.70235 ], [ 22.5422378, 32.7028142 ], [ 22.5418721, 32.7037182 ], [ 22.5417327, 32.7040682 ], [ 22.541947, 32.7044181 ], [ 22.5423038, 32.7046167 ], [ 22.5430119, 32.7048695 ], [ 22.5442407, 32.7051209 ], [ 22.5446249, 32.705277 ], [ 22.544735, 32.7055789 ], [ 22.5444689, 32.7058477 ], [ 22.5440729, 32.7062015 ], [ 22.5433981, 32.7065306 ], [ 22.5429947, 32.7070031 ], [ 22.543038, 32.7073209 ], [ 22.5433443, 32.7077701 ], [ 22.5447695, 32.7084435 ], [ 22.5453518, 32.7084981 ], [ 22.5456576, 32.7084066 ], [ 22.5459945, 32.7081737 ], [ 22.5462734, 32.7077222 ], [ 22.5465653, 32.7071679 ], [ 22.5467755, 32.7069558 ], [ 22.547003, 32.7068737 ], [ 22.5480652, 32.7069549 ], [ 22.5498032, 32.7071987 ], [ 22.550447, 32.7073341 ], [ 22.5512838, 32.707957 ], [ 22.5511336, 32.7083452 ], [ 22.5509512, 32.708607 ], [ 22.5499534, 32.7096181 ], [ 22.5497925, 32.7099701 ], [ 22.5499213, 32.7103357 ], [ 22.5505489, 32.7106968 ], [ 22.5510156, 32.7107781 ], [ 22.5517988, 32.7107555 ], [ 22.5523889, 32.7107194 ], [ 22.5537085, 32.7105389 ], [ 22.5548324, 32.7105343 ], [ 22.5554144, 32.7105931 ], [ 22.5563291, 32.7108187 ], [ 22.5570693, 32.711085 ], [ 22.5572652, 32.7115251 ], [ 22.5571552, 32.7118524 ], [ 22.5569701, 32.7121119 ], [ 22.5566161, 32.7123579 ], [ 22.5555163, 32.7128385 ], [ 22.5552267, 32.7130417 ], [ 22.5550013, 32.7134524 ], [ 22.554996, 32.713915 ], [ 22.555216, 32.7142468 ], [ 22.5558275, 32.7144973 ], [ 22.5564498, 32.7146011 ], [ 22.557359, 32.7145311 ], [ 22.5582254, 32.7144657 ], [ 22.5587538, 32.7144386 ], [ 22.5590863, 32.7144769 ], [ 22.5594833, 32.7146304 ], [ 22.5598213, 32.714926 ], [ 22.559824, 32.7152239 ], [ 22.5595477, 32.7156798 ], [ 22.5592339, 32.7161763 ], [ 22.5587404, 32.7167856 ], [ 22.5585607, 32.7169323 ], [ 22.5583622, 32.7170405 ], [ 22.5580403, 32.7169955 ], [ 22.557807, 32.7169255 ], [ 22.5572678, 32.7167675 ], [ 22.5568306, 32.7166344 ], [ 22.5563478, 32.7168668 ], [ 22.5562137, 32.7170722 ], [ 22.5563263, 32.7175484 ], [ 22.5565598, 32.717941 ], [ 22.5571659, 32.7183946 ], [ 22.5575817, 32.7187173 ], [ 22.5587565, 32.7191122 ], [ 22.5596389, 32.7193807 ], [ 22.5604784, 32.7196899 ], [ 22.5608567, 32.719656 ], [ 22.5612885, 32.7195365 ], [ 22.5614628, 32.7192025 ], [ 22.5616265, 32.7185412 ], [ 22.5617337, 32.7180042 ], [ 22.5620368, 32.7174355 ], [ 22.562474, 32.7172459 ], [ 22.5629085, 32.7172933 ], [ 22.5632357, 32.7175348 ], [ 22.5638607, 32.7179997 ], [ 22.5640163, 32.7185932 ], [ 22.5640163, 32.7192837 ], [ 22.5639894, 32.7200103 ], [ 22.5641129, 32.7208633 ], [ 22.564145, 32.7211702 ], [ 22.564389, 32.7216328 ], [ 22.5650221, 32.7220187 ], [ 22.5655532, 32.7221992 ], [ 22.5661835, 32.7222466 ], [ 22.5668944, 32.7223241 ], [ 22.5675783, 32.7223775 ], [ 22.5684044, 32.7224655 ], [ 22.5689434, 32.7223504 ], [ 22.5696113, 32.7223504 ], [ 22.5700743, 32.7224181 ], [ 22.5702605, 32.7226212 ], [ 22.5703908, 32.7228405 ], [ 22.5707333, 32.7234446 ], [ 22.5713038, 32.7247558 ], [ 22.5717802, 32.7256332 ], [ 22.5724647, 32.7266008 ], [ 22.5727114, 32.7274581 ], [ 22.5726267, 32.7278481 ], [ 22.5724818, 32.7282741 ], [ 22.5716708, 32.7292832 ], [ 22.5714283, 32.7296495 ], [ 22.5713811, 32.7299691 ], [ 22.5716278, 32.7301324 ], [ 22.5720205, 32.7301766 ], [ 22.5732779, 32.7298914 ], [ 22.5743455, 32.7295395 ], [ 22.5749436, 32.7293115 ], [ 22.5754747, 32.7290318 ], [ 22.5760058, 32.7286911 ], [ 22.5762418, 32.7284293 ], [ 22.576349, 32.728154 ], [ 22.5766415, 32.7274681 ], [ 22.5767595, 32.7272401 ], [ 22.5770652, 32.7271613 ], [ 22.5775426, 32.7274996 ], [ 22.5776863, 32.7281019 ], [ 22.5776768, 32.7285579 ], [ 22.577776, 32.7290882 ], [ 22.5781059, 32.7292574 ], [ 22.5791221, 32.7294105 ], [ 22.579608, 32.7294695 ], [ 22.5810161, 32.7298147 ], [ 22.5814252, 32.7301577 ], [ 22.5815177, 32.7305999 ], [ 22.5814373, 32.7308843 ], [ 22.5809276, 32.7318657 ], [ 22.5809115, 32.7324275 ], [ 22.5810564, 32.7329149 ], [ 22.5812495, 32.7332127 ], [ 22.5818503, 32.7335015 ], [ 22.5824082, 32.7335286 ], [ 22.5836098, 32.7335828 ], [ 22.5852191, 32.7337317 ], [ 22.5874615, 32.7338355 ], [ 22.5888669, 32.734016 ], [ 22.5895869, 32.734192 ], [ 22.5899854, 32.7345484 ], [ 22.5902215, 32.7350223 ], [ 22.5899613, 32.7360466 ], [ 22.5900257, 32.7372198 ], [ 22.5904333, 32.7383388 ], [ 22.5907552, 32.7387088 ], [ 22.5912166, 32.7392142 ], [ 22.5915921, 32.7397918 ], [ 22.5916779, 32.7401618 ], [ 22.5914848, 32.7405318 ], [ 22.5907552, 32.7411364 ], [ 22.5901222, 32.7417139 ], [ 22.5892103, 32.7423005 ], [ 22.5885236, 32.7431037 ], [ 22.5883734, 32.7442046 ], [ 22.5878799, 32.7463342 ], [ 22.5879979, 32.7469839 ], [ 22.5884807, 32.7476156 ], [ 22.5887382, 32.7479404 ], [ 22.5895643, 32.7488247 ], [ 22.5902188, 32.7497451 ], [ 22.5904655, 32.7501241 ], [ 22.5903475, 32.7506384 ], [ 22.5897682, 32.7510806 ], [ 22.589457, 32.7513964 ], [ 22.5884378, 32.7522175 ], [ 22.587719, 32.7521634 ], [ 22.5873864, 32.7524431 ], [ 22.5866139, 32.7525784 ], [ 22.5858092, 32.7533273 ], [ 22.585541, 32.7541845 ], [ 22.5852299, 32.7549064 ], [ 22.5848651, 32.7557996 ], [ 22.584672, 32.7563861 ], [ 22.5844037, 32.7561515 ], [ 22.5839317, 32.7563771 ], [ 22.5835776, 32.756765 ], [ 22.5831592, 32.7570357 ], [ 22.5826549, 32.7571981 ], [ 22.5815284, 32.7573966 ], [ 22.5808996, 32.7576329 ], [ 22.5803145, 32.7579301 ], [ 22.5799976, 32.7582991 ], [ 22.5798392, 32.7589141 ], [ 22.5797295, 32.7597854 ], [ 22.5792907, 32.7605233 ], [ 22.5789007, 32.7610973 ], [ 22.5781572, 32.7617123 ], [ 22.5775965, 32.762071 ], [ 22.576914, 32.7623887 ], [ 22.5764265, 32.7626347 ], [ 22.575488, 32.7637109 ], [ 22.5751833, 32.7640901 ], [ 22.5749013, 32.7646005 ], [ 22.5749761, 32.7650638 ], [ 22.575293, 32.7653713 ], [ 22.5756586, 32.7655967 ], [ 22.5761096, 32.7656275 ], [ 22.5766215, 32.7655762 ], [ 22.5771334, 32.765484 ], [ 22.5775722, 32.765607 ], [ 22.5778037, 32.7657915 ], [ 22.5778525, 32.7661809 ], [ 22.5775356, 32.7665806 ], [ 22.5770237, 32.7668266 ], [ 22.576268, 32.7670521 ], [ 22.5755367, 32.7672468 ], [ 22.5750135, 32.7673679 ], [ 22.5747775, 32.7675634 ] ] } },
{ "type": "Feature", "properties": { "element": "way", "id": 1207476334, "name": null, "waterway": "stream" }, "geometry": { "type": "LineString", "coordinates": [ [ 22.6822976, 32.7477643 ], [ 22.6820875, 32.7479116 ], [ 22.6821342, 32.7480511 ], [ 22.6820945, 32.7481709 ], [ 22.6820268, 32.7482298 ], [ 22.6818708, 32.7484752 ], [ 22.6817437, 32.7485598 ], [ 22.681725, 32.7485782 ], [ 22.6816261, 32.7486756 ], [ 22.681488, 32.7487352 ], [ 22.681258, 32.7489078 ], [ 22.6809925, 32.7492055 ], [ 22.6809465, 32.7495537 ], [ 22.6810421, 32.7498663 ], [ 22.6811909, 32.750131 ], [ 22.6813143, 32.7504318 ], [ 22.6813576, 32.7505391 ] ] } },
{ "type": "Feature", "properties": { "element": "way", "id": 1207478010, "name": null, "waterway": "stream" }, "geometry": { "type": "LineString", "coordinates": [ [ 22.6538526, 32.7415744 ], [ 22.6537739, 32.7416436 ], [ 22.6537596, 32.7418181 ], [ 22.6536344, 32.7420076 ], [ 22.6534735, 32.7421911 ], [ 22.6532303, 32.7421249 ], [ 22.6530622, 32.7420256 ] ] } },
{ "type": "Feature", "properties": { "element": "way", "id": 1207479107, "name": null, "waterway": "stream" }, "geometry": { "type": "LineString", "coordinates": [ [ 22.6589477, 32.7373303 ], [ 22.6589692, 32.737495 ], [ 22.6589584, 32.7377522 ], [ 22.6589584, 32.7379959 ], [ 22.659055, 32.7382576 ], [ 22.6590764, 32.738578 ], [ 22.659055, 32.7390111 ], [ 22.6590201, 32.7396248 ], [ 22.6589075, 32.7396789 ], [ 22.6587009, 32.7397444 ], [ 22.65854, 32.7398504 ], [ 22.6583898, 32.7399632 ], [ 22.6582959, 32.7402091 ], [ 22.6581994, 32.7404032 ], [ 22.6581055, 32.7405205 ], [ 22.6578614, 32.7406039 ], [ 22.6577219, 32.7406039 ], [ 22.6574913, 32.7405453 ], [ 22.6572847, 32.7405137 ], [ 22.657097, 32.7405363 ], [ 22.6568931, 32.7405882 ], [ 22.656692, 32.7406175 ], [ 22.6565015, 32.740622 ], [ 22.656405, 32.7406536 ], [ 22.6562709, 32.7407551 ], [ 22.6560858, 32.7408905 ], [ 22.6558739, 32.7409988 ], [ 22.6555896, 32.7410597 ], [ 22.6553976, 32.741045 ], [ 22.6552652, 32.741051 ], [ 22.6552044, 32.741051 ], [ 22.6551722, 32.7410691 ], [ 22.6551222, 32.741048 ], [ 22.654972, 32.7411292 ], [ 22.6548897, 32.7411834 ], [ 22.6548075, 32.7412285 ], [ 22.6547359, 32.7412556 ], [ 22.6546787, 32.7412706 ], [ 22.6546, 32.7412917 ], [ 22.6545571, 32.7413248 ], [ 22.654457, 32.7413338 ], [ 22.654389, 32.7413699 ], [ 22.6543318, 32.7413789 ], [ 22.6542353, 32.741412 ], [ 22.6541351, 32.7414661 ], [ 22.6540386, 32.7414932 ], [ 22.6539313, 32.7415113 ], [ 22.6538526, 32.7415744 ] ] } },
{ "type": "Feature", "properties": { "element": "way", "id": 1207658329, "name": null, "waterway": "stream" }, "geometry": { "type": "LineString", "coordinates": [ [ 22.6694547, 32.7516309 ], [ 22.6694942, 32.7518301 ], [ 22.6693461, 32.7520087 ], [ 22.6692202, 32.752356 ], [ 22.6692184, 32.7525831 ], [ 22.6692131, 32.7527606 ], [ 22.6691719, 32.7528929 ], [ 22.6691791, 32.7529922 ], [ 22.6692578, 32.7530959 ], [ 22.6693056, 32.7531682 ], [ 22.6694401, 32.753438 ] ] } },
{ "type": "Feature", "properties": { "element": "way", "id": 1207784299, "name": null, "waterway": "river" }, "geometry": { "type": "LineString", "coordinates": [ [ 22.4378156, 32.7036598 ], [ 22.4379015, 32.7045626 ], [ 22.4376225, 32.7057723 ], [ 22.4377084, 32.7066931 ], [ 22.4383306, 32.7073612 ], [ 22.4401545, 32.7076501 ], [ 22.4412918, 32.7080292 ], [ 22.4423218, 32.7083181 ], [ 22.4430728, 32.7087153 ], [ 22.4436307, 32.7094195 ], [ 22.4448967, 32.7097264 ], [ 22.4452615, 32.7094014 ], [ 22.4457121, 32.7086251 ], [ 22.4457121, 32.7082459 ], [ 22.445991, 32.7072709 ], [ 22.4476003, 32.7071445 ], [ 22.4488878, 32.7077042 ], [ 22.4491238, 32.7083181 ], [ 22.4493384, 32.7088056 ], [ 22.4497461, 32.7086251 ], [ 22.4502826, 32.7086612 ], [ 22.4509692, 32.7090945 ], [ 22.4513984, 32.7097806 ], [ 22.4522567, 32.7102139 ], [ 22.4537587, 32.7106833 ], [ 22.4549818, 32.7104847 ], [ 22.4554539, 32.7097264 ], [ 22.4557757, 32.7084445 ], [ 22.4561834, 32.7078667 ], [ 22.4574709, 32.7078848 ], [ 22.4592089, 32.7075417 ], [ 22.4604964, 32.7071084 ], [ 22.4619555, 32.7063681 ], [ 22.4633074, 32.7059167 ], [ 22.4640798, 32.7049237 ], [ 22.4647021, 32.7047792 ], [ 22.4658179, 32.7051584 ], [ 22.4666977, 32.7053751 ], [ 22.4677706, 32.7051404 ], [ 22.4688005, 32.7047973 ], [ 22.469294, 32.7042737 ], [ 22.4698519, 32.7035153 ], [ 22.4713111, 32.7034431 ], [ 22.4712252, 32.70375 ], [ 22.4714827, 32.7045806 ], [ 22.4723625, 32.7044542 ], [ 22.4726629, 32.7032625 ], [ 22.473135, 32.7031903 ], [ 22.4743366, 32.7034431 ], [ 22.4747658, 32.7037139 ], [ 22.4759245, 32.7034431 ], [ 22.4765682, 32.7033709 ], [ 22.4775767, 32.7035875 ], [ 22.4779629, 32.7043098 ], [ 22.4783492, 32.7055556 ], [ 22.4801087, 32.7064223 ], [ 22.4820614, 32.7060251 ], [ 22.4833274, 32.7055917 ], [ 22.4847436, 32.7056279 ], [ 22.485795, 32.7049237 ], [ 22.4868893, 32.7046709 ], [ 22.4876404, 32.7048334 ], [ 22.4883699, 32.7051042 ], [ 22.4898076, 32.7054834 ], [ 22.490859, 32.7055737 ], [ 22.4909448, 32.7053751 ], [ 22.4907732, 32.7044542 ], [ 22.4909234, 32.7040028 ], [ 22.4914598, 32.7040931 ], [ 22.4928331, 32.704689 ], [ 22.4936914, 32.7047792 ], [ 22.4939275, 32.7042376 ], [ 22.4939917, 32.7036716 ], [ 22.4952791, 32.7022993 ], [ 22.4975537, 32.7021549 ], [ 22.4999569, 32.7052064 ], [ 22.5025962, 32.70443 ], [ 22.502446, 32.7013062 ], [ 22.5032828, 32.7009451 ], [ 22.5059865, 32.7036355 ], [ 22.5098918, 32.7033105 ], [ 22.5104363, 32.7033579 ], [ 22.5109593, 32.7035498 ], [ 22.5113201, 32.7038883 ], [ 22.5115092, 32.7044165 ], [ 22.511764, 32.7049897 ], [ 22.5120629, 32.7052063 ], [ 22.512394, 32.7055221 ], [ 22.5127932, 32.7061719 ], [ 22.5128101, 32.7063078 ], [ 22.5128883, 32.706593 ], [ 22.5128485, 32.7072122 ], [ 22.5127886, 32.7073866 ], [ 22.5126512, 32.7075125 ], [ 22.5124087, 32.70787 ], [ 22.5119751, 32.7084572 ], [ 22.5116567, 32.7092192 ], [ 22.5116273, 32.7097121 ], [ 22.5116716, 32.7100172 ], [ 22.5116622, 32.7102794 ], [ 22.511622, 32.7105005 ], [ 22.5115094, 32.7109428 ], [ 22.5114744, 32.7112272 ], [ 22.5113779, 32.7115341 ], [ 22.5112653, 32.7120419 ], [ 22.5112224, 32.7123985 ], [ 22.5111955, 32.7127821 ], [ 22.5112653, 32.7131613 ], [ 22.5114208, 32.713748 ], [ 22.5115603, 32.7143258 ], [ 22.5116676, 32.7147139 ], [ 22.5118285, 32.7150931 ], [ 22.5120002, 32.7154632 ], [ 22.512188, 32.7158017 ], [ 22.5124347, 32.716068 ], [ 22.5126386, 32.7162665 ], [ 22.5129873, 32.7164516 ], [ 22.5135666, 32.7166321 ], [ 22.5139743, 32.7166727 ], [ 22.5143123, 32.7167269 ], [ 22.5146341, 32.7167404 ], [ 22.5149399, 32.7167856 ], [ 22.515353, 32.7168939 ], [ 22.5157177, 32.7170654 ], [ 22.5158679, 32.7171737 ], [ 22.5160289, 32.7174129 ], [ 22.5161362, 32.7175664 ], [ 22.5161737, 32.7178146 ], [ 22.5161469, 32.7180583 ], [ 22.5161147, 32.7184239 ], [ 22.5160772, 32.7189565 ], [ 22.5160074, 32.7195297 ], [ 22.5159484, 32.7199674 ], [ 22.5158669, 32.7201708 ] ] } },
{ "type": "Feature", "properties": { "element": "way", "id": 1207784300, "name": null, "waterway": "river" }, "geometry": { "type": "LineString", "coordinates": [ [ 22.3826051, 32.6915433 ], [ 22.3829698, 32.6915433 ], [ 22.3832702, 32.6915433 ], [ 22.384386, 32.6917961 ], [ 22.3850727, 32.6922114 ], [ 22.3857593, 32.6930602 ], [ 22.3858452, 32.6939992 ], [ 22.3856091, 32.6947396 ], [ 22.3852443, 32.6953174 ], [ 22.3843646, 32.6956786 ], [ 22.3829913, 32.6962023 ], [ 22.3820686, 32.6962384 ], [ 22.3815107, 32.6965454 ], [ 22.3814034, 32.6970871 ], [ 22.3816609, 32.6977733 ], [ 22.3822617, 32.6981164 ], [ 22.3835492, 32.6981344 ], [ 22.384665, 32.6980441 ], [ 22.3855984, 32.6977552 ], [ 22.3861027, 32.6972857 ], [ 22.386961, 32.6965905 ], [ 22.3883343, 32.6956334 ], [ 22.389611, 32.6943694 ], [ 22.3900938, 32.6934394 ], [ 22.392025, 32.6919767 ], [ 22.3935056, 32.6913808 ], [ 22.3947286, 32.6915252 ], [ 22.3955226, 32.6928074 ], [ 22.3959946, 32.6946493 ], [ 22.3965955, 32.6962926 ], [ 22.3974752, 32.6974121 ], [ 22.3986125, 32.6978455 ], [ 22.4005866, 32.6974302 ], [ 22.4014449, 32.696437 ], [ 22.4023676, 32.6950646 ], [ 22.4030757, 32.6931324 ], [ 22.4035477, 32.6925907 ], [ 22.4050712, 32.6922476 ], [ 22.4089551, 32.6918142 ], [ 22.411015, 32.6913266 ], [ 22.4121523, 32.6913266 ], [ 22.4127102, 32.6918864 ], [ 22.4127316, 32.692988 ], [ 22.4124312, 32.6938006 ], [ 22.4129891, 32.6947757 ], [ 22.4142551, 32.6953355 ], [ 22.4161005, 32.6958953 ], [ 22.417109, 32.6968162 ], [ 22.4170661, 32.6976649 ], [ 22.4161649, 32.6981886 ], [ 22.4152851, 32.6993081 ], [ 22.4151993, 32.7019805 ], [ 22.4150276, 32.7029195 ], [ 22.4154138, 32.7038042 ], [ 22.4165725, 32.7047792 ], [ 22.4176454, 32.7054834 ], [ 22.4179029, 32.7060792 ], [ 22.4192548, 32.7096 ], [ 22.4211216, 32.7109722 ], [ 22.4233532, 32.7131568 ], [ 22.4241257, 32.7143844 ], [ 22.4242866, 32.7148177 ], [ 22.4246299, 32.71591 ], [ 22.4248016, 32.716912 ], [ 22.42419, 32.7176612 ], [ 22.4237502, 32.7184014 ], [ 22.4236536, 32.7193762 ], [ 22.4237502, 32.7198095 ], [ 22.4245548, 32.7205767 ], [ 22.4258208, 32.7204774 ], [ 22.4265504, 32.7208385 ], [ 22.4269688, 32.7214523 ], [ 22.4271727, 32.7220661 ], [ 22.4269688, 32.7224632 ], [ 22.4266148, 32.7228017 ], [ 22.4263358, 32.7234922 ], [ 22.4261749, 32.7248551 ], [ 22.4275052, 32.7255501 ], [ 22.4293399, 32.7254418 ], [ 22.4305737, 32.7245482 ], [ 22.4318504, 32.7235554 ], [ 22.4324191, 32.7234019 ], [ 22.4334812, 32.7236547 ], [ 22.4344307, 32.7246701 ], [ 22.4353802, 32.7257803 ], [ 22.4359006, 32.7261323 ], [ 22.4363994, 32.7263354 ], [ 22.437408, 32.7259608 ], [ 22.439205, 32.7250537 ], [ 22.4407446, 32.7245392 ], [ 22.44259, 32.7245934 ], [ 22.4431458, 32.7248308 ], [ 22.4432895, 32.7254725 ], [ 22.4426973, 32.7264617 ], [ 22.4419999, 32.7281766 ], [ 22.4419999, 32.7299998 ], [ 22.4423861, 32.7307534 ], [ 22.4434268, 32.7312452 ], [ 22.4446446, 32.7315025 ], [ 22.4463377, 32.7317736 ], [ 22.4471551, 32.7317868 ], [ 22.4479544, 32.73171 ], [ 22.4483997, 32.7316333 ], [ 22.4488234, 32.7310693 ], [ 22.449038, 32.7298147 ], [ 22.4496603, 32.7286053 ], [ 22.4505615, 32.7274004 ], [ 22.4512052, 32.7270484 ], [ 22.4521172, 32.7272379 ], [ 22.4541449, 32.7290476 ], [ 22.4550569, 32.7301893 ], [ 22.455824, 32.7313851 ], [ 22.4568057, 32.7324185 ], [ 22.4570954, 32.7324727 ], [ 22.4606895, 32.7319582 ], [ 22.4618804, 32.7318544 ], [ 22.4631035, 32.7319221 ], [ 22.4661827, 32.7329871 ], [ 22.4668479, 32.7331496 ], [ 22.4677491, 32.7330142 ], [ 22.4691653, 32.732608 ], [ 22.4702489, 32.7324546 ], [ 22.471, 32.7328156 ], [ 22.4711287, 32.7331947 ], [ 22.4703509, 32.7338761 ], [ 22.4696159, 32.734395 ], [ 22.4688327, 32.7352885 ], [ 22.4688971, 32.7360827 ], [ 22.4697769, 32.7371115 ], [ 22.4711394, 32.7379869 ], [ 22.4725556, 32.7383749 ], [ 22.4736671, 32.7383921 ], [ 22.4751793, 32.7383767 ], [ 22.4765663, 32.7380717 ], [ 22.477963, 32.7375377 ], [ 22.4792962, 32.7370037 ], [ 22.480312, 32.7370749 ], [ 22.4815183, 32.7375733 ], [ 22.4825129, 32.7381963 ], [ 22.4831478, 32.7388549 ], [ 22.4839519, 32.7393889 ], [ 22.4848196, 32.7398518 ], [ 22.4856026, 32.7400832 ], [ 22.4878458, 32.7401544 ], [ 22.490872, 32.7399942 ], [ 22.4927343, 32.7397984 ], [ 22.4937289, 32.7394245 ], [ 22.4938347, 32.7390151 ], [ 22.4935173, 32.7382853 ], [ 22.4927766, 32.7372351 ], [ 22.4918878, 32.7365052 ], [ 22.4914222, 32.7358288 ], [ 22.4913709, 32.735231 ], [ 22.4916889, 32.7345492 ], [ 22.4919565, 32.7341936 ], [ 22.4924917, 32.7337173 ], [ 22.4929571, 32.7335672 ], [ 22.4934962, 32.7334955 ], [ 22.4941051, 32.7335477 ], [ 22.4953539, 32.733701 ], [ 22.4966415, 32.7338445 ], [ 22.4975296, 32.7338706 ], [ 22.4981307, 32.7337891 ], [ 22.4988735, 32.7335376 ], [ 22.4992704, 32.7333571 ], [ 22.4994689, 32.7332443 ], [ 22.499721, 32.7330909 ], [ 22.4999893, 32.7328878 ], [ 22.5001931, 32.7327163 ], [ 22.5003862, 32.7325268 ], [ 22.5005954, 32.7322561 ], [ 22.500751, 32.7320214 ], [ 22.5009629, 32.7316784 ], [ 22.5011346, 32.7313535 ], [ 22.501266, 32.7310647 ], [ 22.5014269, 32.7307398 ], [ 22.5015154, 32.7305751 ], [ 22.5015959, 32.730345 ], [ 22.5016898, 32.7301306 ], [ 22.5018051, 32.7298779 ], [ 22.5019339, 32.7295823 ], [ 22.5020868, 32.7293319 ], [ 22.5025588, 32.728515 ], [ 22.5027359, 32.7282939 ], [ 22.5033045, 32.7276915 ], [ 22.5035405, 32.727432 ], [ 22.5039831, 32.7270416 ], [ 22.5044149, 32.7267009 ], [ 22.5047797, 32.726394 ], [ 22.5051498, 32.7261323 ], [ 22.5057077, 32.7258028 ], [ 22.5062871, 32.7253967 ], [ 22.5070596, 32.7248461 ], [ 22.5072741, 32.7246836 ], [ 22.5075853, 32.7243813 ], [ 22.5078964, 32.724106 ], [ 22.5081593, 32.7237901 ], [ 22.508288, 32.7235915 ], [ 22.5083846, 32.7233297 ], [ 22.508508, 32.7228874 ], [ 22.5086099, 32.7223865 ], [ 22.5086474, 32.7220706 ], [ 22.5086474, 32.7218449 ], [ 22.5086421, 32.7214929 ], [ 22.5086367, 32.7212763 ], [ 22.5086313, 32.7208159 ], [ 22.508567, 32.7203195 ], [ 22.5083631, 32.7191957 ], [ 22.5082987, 32.7187308 ], [ 22.5082451, 32.7183652 ], [ 22.5082076, 32.7178237 ], [ 22.5082236, 32.7176431 ], [ 22.5082719, 32.717449 ], [ 22.5083846, 32.7173046 ], [ 22.5085831, 32.717106 ], [ 22.5087601, 32.7169706 ], [ 22.5089532, 32.7168713 ], [ 22.5091892, 32.7167585 ], [ 22.5094897, 32.7166502 ], [ 22.5098705, 32.7165419 ], [ 22.5104606, 32.7163974 ], [ 22.5107986, 32.7163613 ], [ 22.5111741, 32.7164065 ], [ 22.5116301, 32.7165419 ], [ 22.512027, 32.7166682 ], [ 22.5123703, 32.7168713 ], [ 22.51266, 32.7171151 ], [ 22.5130302, 32.717449 ], [ 22.5141245, 32.718636 ], [ 22.514559, 32.7191821 ], [ 22.5147682, 32.7193943 ], [ 22.5150955, 32.7197192 ], [ 22.5153798, 32.7198772 ], [ 22.5156587, 32.7200848 ], [ 22.5158669, 32.7201708 ], [ 22.5160718, 32.7203104 ], [ 22.5162381, 32.7204549 ], [ 22.5164795, 32.7207347 ], [ 22.5167638, 32.7209197 ], [ 22.5172466, 32.7210958 ], [ 22.5177562, 32.7211815 ], [ 22.51818, 32.7212312 ], [ 22.5185287, 32.7212763 ], [ 22.5187808, 32.7212582 ], [ 22.5190812, 32.7211951 ], [ 22.5194299, 32.7211048 ], [ 22.5197518, 32.7209423 ], [ 22.519961, 32.7208159 ], [ 22.5202131, 32.7206083 ], [ 22.5203741, 32.7204052 ], [ 22.5205564, 32.7201344 ], [ 22.5206852, 32.7198952 ], [ 22.5208461, 32.7196786 ], [ 22.5210178, 32.7195297 ], [ 22.5212055, 32.7194213 ], [ 22.5214469, 32.7192363 ], [ 22.5216132, 32.7190648 ], [ 22.5217903, 32.7188662 ], [ 22.5218439, 32.7188346 ], [ 22.5219941, 32.7187805 ], [ 22.522316, 32.7187173 ], [ 22.5228095, 32.7186225 ], [ 22.5232172, 32.7185909 ], [ 22.5235712, 32.7186225 ], [ 22.523877, 32.7186541 ], [ 22.5242698, 32.7190291 ], [ 22.5246083, 32.7200274 ], [ 22.5246978, 32.7203736 ], [ 22.5246797, 32.7206623 ], [ 22.5247568, 32.7211048 ], [ 22.5249359, 32.7215433 ], [ 22.5251967, 32.7217908 ], [ 22.5256559, 32.7219004 ], [ 22.5259691, 32.7219668 ], [ 22.5264139, 32.7219853 ], [ 22.5272931, 32.7217561 ], [ 22.5279541, 32.7214251 ], [ 22.529257, 32.7206798 ], [ 22.5296025, 32.7202869 ], [ 22.5299022, 32.7193221 ], [ 22.530017, 32.7185774 ], [ 22.530029, 32.7178895 ], [ 22.53013, 32.716855 ], [ 22.5305567, 32.7162192 ], [ 22.5313009, 32.7160327 ], [ 22.5319344, 32.7160273 ], [ 22.5325781, 32.7161492 ], [ 22.5338991, 32.7167053 ], [ 22.5360082, 32.717954 ], [ 22.5370949, 32.7180674 ], [ 22.5378683, 32.7179994 ], [ 22.5392747, 32.7176334 ], [ 22.5403491, 32.7176683 ], [ 22.5413755, 32.7177941 ], [ 22.5417046, 32.7180313 ], [ 22.5418027, 32.7184021 ], [ 22.5413337, 32.7213382 ], [ 22.5413643, 32.7216614 ], [ 22.5415681, 32.7218631 ], [ 22.5421911, 32.7220931 ], [ 22.5430947, 32.7222504 ], [ 22.5443664, 32.7221673 ], [ 22.5454925, 32.7222226 ], [ 22.5457692, 32.722382 ], [ 22.5467244, 32.7232884 ], [ 22.5474912, 32.7240969 ], [ 22.5479171, 32.7247345 ], [ 22.5481993, 32.7253425 ], [ 22.5484242, 32.726047 ], [ 22.5483441, 32.7269581 ], [ 22.5481234, 32.7278964 ], [ 22.5483666, 32.728994 ], [ 22.5504738, 32.7306631 ], [ 22.55292, 32.7323689 ], [ 22.555173, 32.7342235 ], [ 22.5571744, 32.735775 ], [ 22.5580108, 32.736403 ], [ 22.5588023, 32.737067 ], [ 22.560296, 32.7383435 ], [ 22.5646147, 32.745737 ], [ 22.5650703, 32.7467247 ], [ 22.5651983, 32.7475643 ], [ 22.5650713, 32.7484811 ], [ 22.564823, 32.7491836 ], [ 22.563978, 32.7497897 ], [ 22.5632786, 32.7504061 ], [ 22.5630239, 32.7511901 ], [ 22.5632547, 32.752311 ], [ 22.5630576, 32.7528378 ], [ 22.5630425, 32.7533647 ], [ 22.5638055, 32.7569155 ], [ 22.5637335, 32.7576165 ], [ 22.563488, 32.7582917 ], [ 22.5629153, 32.7590241 ], [ 22.5622708, 32.7595152 ], [ 22.5615344, 32.75962 ], [ 22.5606877, 32.7595981 ], [ 22.5593723, 32.7598645 ], [ 22.5589281, 32.7601891 ], [ 22.5583863, 32.7604733 ], [ 22.5572283, 32.7605826 ], [ 22.5565141, 32.7605184 ], [ 22.5557566, 32.7603992 ], [ 22.5550228, 32.7594989 ], [ 22.554413, 32.7585553 ], [ 22.5538419, 32.7578951 ], [ 22.5533513, 32.7575131 ], [ 22.5527405, 32.7574198 ], [ 22.5519584, 32.7577966 ], [ 22.5511053, 32.7608423 ], [ 22.5496518, 32.7642037 ], [ 22.5484231, 32.7666721 ], [ 22.5481437, 32.7677024 ], [ 22.5474644, 32.7695493 ], [ 22.5467777, 32.770695 ], [ 22.545164, 32.7727134 ], [ 22.5440127, 32.7734555 ], [ 22.5428831, 32.7743485 ], [ 22.5416376, 32.7745285 ], [ 22.540703, 32.774481 ], [ 22.5398244, 32.7743033 ], [ 22.5387249, 32.77459 ], [ 22.5381732, 32.7747635 ], [ 22.5380337, 32.7754581 ], [ 22.5377387, 32.7763602 ], [ 22.5376743, 32.7768292 ], [ 22.5376528, 32.7772036 ], [ 22.5377226, 32.7779252 ], [ 22.5377601, 32.7783041 ], [ 22.5377387, 32.778719 ], [ 22.5377119, 32.7793505 ], [ 22.5378352, 32.7798646 ], [ 22.5379479, 32.7802029 ], [ 22.538318, 32.7809922 ], [ 22.5385916, 32.7814071 ], [ 22.5388598, 32.7821287 ], [ 22.5388545, 32.782715 ], [ 22.5388759, 32.7831074 ], [ 22.5390315, 32.7837072 ], [ 22.5390422, 32.7842574 ], [ 22.5389349, 32.7845731 ], [ 22.5386131, 32.7847851 ], [ 22.538597, 32.7851008 ], [ 22.5386828, 32.7855518 ], [ 22.5387311, 32.78589 ], [ 22.538774, 32.7864537 ], [ 22.5388759, 32.7868641 ], [ 22.5390315, 32.7871979 ], [ 22.5395465, 32.7877977 ], [ 22.5399703, 32.7878563 ], [ 22.5411924, 32.7885269 ], [ 22.5417978, 32.7888077 ], [ 22.542376, 32.7890766 ], [ 22.5431485, 32.78949 ], [ 22.5435329, 32.7899545 ], [ 22.544785, 32.7904038 ], [ 22.5455755, 32.7904736 ], [ 22.5459225, 32.790833 ], [ 22.5468751, 32.791781 ], [ 22.5469994, 32.792063 ], [ 22.5470155, 32.7925136 ], [ 22.5471716, 32.7930875 ], [ 22.5474358, 32.7932633 ], [ 22.5477219, 32.793473 ], [ 22.5483602, 32.7937842 ], [ 22.5492936, 32.794305 ], [ 22.5496477, 32.7944583 ], [ 22.5507259, 32.7950671 ], [ 22.5517881, 32.7956714 ], [ 22.5529039, 32.7962621 ], [ 22.5539929, 32.7966589 ], [ 22.5552911, 32.7970377 ], [ 22.5569433, 32.7976465 ], [ 22.557984, 32.7979531 ], [ 22.5584386, 32.7980782 ], [ 22.558558, 32.7981109 ], [ 22.5588128, 32.7982124 ], [ 22.559014, 32.7983848 ], [ 22.5592098, 32.7986024 ], [ 22.559588, 32.7988933 ], [ 22.5601432, 32.7991458 ], [ 22.5607467, 32.7993893 ], [ 22.5609183, 32.7995944 ], [ 22.5609827, 32.7997387 ], [ 22.5610229, 32.7998729 ] ] } },
{ "type": "Feature", "properties": { "element": "way", "id": 1207854602, "name": null, "waterway": "river" }, "geometry": { "type": "LineString", "coordinates": [ [ 22.5601432, 32.7991458 ], [ 22.5600734, 32.7994704 ], [ 22.5600091, 32.7998086 ], [ 22.5600453, 32.8000217 ] ] } },
{ "type": "Feature", "properties": { "element": "way", "id": 1207947512, "name": null, "waterway": "river" }, "geometry": { "type": "LineString", "coordinates": [ [ 22.5747775, 32.7675634 ], [ 22.5745198, 32.7679412 ], [ 22.5744367, 32.7683629 ], [ 22.5745654, 32.7687644 ], [ 22.5749195, 32.7691613 ], [ 22.5754452, 32.7695357 ], [ 22.5756061, 32.7698109 ], [ 22.5760835, 32.7702732 ], [ 22.5764188, 32.7706611 ], [ 22.5769097, 32.7711596 ], [ 22.5772771, 32.7715227 ], [ 22.5777063, 32.7719579 ], [ 22.577894, 32.7723075 ], [ 22.5780281, 32.7726481 ], [ 22.5780791, 32.772939 ], [ 22.5785645, 32.773336 ], [ 22.5788408, 32.7737012 ], [ 22.579093, 32.7740959 ], [ 22.5794175, 32.7746372 ], [ 22.5796026, 32.7748198 ], [ 22.5797716, 32.7748357 ], [ 22.5799245, 32.7749935 ], [ 22.5800988, 32.7750431 ], [ 22.5804019, 32.7749326 ], [ 22.5805306, 32.7749281 ], [ 22.5809276, 32.7748988 ], [ 22.581245, 32.774967 ] ] } },
{ "type": "Feature", "properties": { "element": "way", "id": 1207947514, "name": null, "waterway": "river" }, "geometry": { "type": "LineString", "coordinates": [ [ 22.43891, 32.7797519 ], [ 22.4396288, 32.7798691 ], [ 22.4411845, 32.7796978 ], [ 22.442354, 32.7800676 ], [ 22.4431157, 32.7805186 ], [ 22.4435449, 32.7801127 ], [ 22.4441671, 32.7797789 ], [ 22.4445104, 32.7795444 ], [ 22.4454546, 32.7797789 ], [ 22.4456048, 32.7799593 ], [ 22.4468171, 32.7790934 ], [ 22.4473536, 32.7787867 ], [ 22.4482012, 32.778498 ], [ 22.4493384, 32.7788949 ], [ 22.449789, 32.7791746 ], [ 22.4502182, 32.7790393 ], [ 22.4512803, 32.7783898 ], [ 22.4526644, 32.7783357 ], [ 22.4540269, 32.7786424 ], [ 22.4550891, 32.778931 ], [ 22.4567306, 32.7788047 ], [ 22.4571597, 32.7788047 ], [ 22.4580717, 32.7789761 ], [ 22.460314, 32.7788589 ], [ 22.4621057, 32.7785431 ], [ 22.4633503, 32.7781011 ], [ 22.4639404, 32.7776501 ], [ 22.4643695, 32.7767661 ], [ 22.4644875, 32.7754942 ], [ 22.4643588, 32.7748266 ], [ 22.4644232, 32.774123 ], [ 22.4645305, 32.7738524 ], [ 22.4649596, 32.7735637 ], [ 22.4660003, 32.7740328 ], [ 22.4666655, 32.7747815 ], [ 22.4670625, 32.7750792 ], [ 22.4684358, 32.775007 ], [ 22.469337, 32.773708 ], [ 22.4701095, 32.773248 ], [ 22.4712145, 32.7735998 ], [ 22.4719655, 32.773672 ], [ 22.4723089, 32.772842 ], [ 22.4721801, 32.7722196 ], [ 22.4733817, 32.7711731 ], [ 22.4738753, 32.7706589 ], [ 22.4745941, 32.7700274 ], [ 22.4754631, 32.7693959 ], [ 22.476064, 32.7693688 ], [ 22.4769115, 32.7699011 ], [ 22.4774909, 32.770271 ], [ 22.4793577, 32.7704694 ], [ 22.480613, 32.7703161 ], [ 22.4820936, 32.7700454 ], [ 22.4825549, 32.7693598 ], [ 22.4830699, 32.7683765 ], [ 22.4838638, 32.767763 ], [ 22.4842179, 32.7679164 ], [ 22.4847221, 32.7684487 ], [ 22.4852693, 32.7687464 ], [ 22.4857521, 32.7687554 ], [ 22.4867499, 32.768187 ], [ 22.4874794, 32.767321 ], [ 22.4882948, 32.7668789 ], [ 22.4889493, 32.7671315 ], [ 22.4895823, 32.767736 ], [ 22.4898291, 32.7679074 ], [ 22.4903226, 32.7679525 ], [ 22.4919212, 32.7675916 ], [ 22.4925327, 32.7673661 ], [ 22.4932086, 32.7670774 ], [ 22.4940133, 32.7671586 ], [ 22.4953222, 32.7678081 ], [ 22.4964809, 32.7680788 ], [ 22.4974787, 32.7676457 ], [ 22.4990022, 32.767348 ], [ 22.4996996, 32.7675916 ], [ 22.4998927, 32.7683043 ], [ 22.4999142, 32.7687103 ], [ 22.5011694, 32.7691614 ], [ 22.501781, 32.7696575 ], [ 22.5017488, 32.7698289 ], [ 22.5015342, 32.7708032 ], [ 22.5021994, 32.7711641 ], [ 22.5025213, 32.7708303 ], [ 22.5032937, 32.7699191 ], [ 22.5048816, 32.7700184 ], [ 22.5055039, 32.7705236 ], [ 22.5056755, 32.7707401 ], [ 22.5059545, 32.7713535 ], [ 22.5061798, 32.7722466 ], [ 22.5068557, 32.7724722 ], [ 22.5074351, 32.7725263 ], [ 22.508347, 32.7730675 ], [ 22.5089693, 32.7738253 ], [ 22.5087118, 32.7756295 ], [ 22.5089478, 32.776279 ], [ 22.5092697, 32.777172 ], [ 22.5093984, 32.7779117 ], [ 22.5094414, 32.7789942 ], [ 22.5093555, 32.779355 ], [ 22.5102782, 32.7799954 ], [ 22.5118339, 32.7797248 ], [ 22.5123167, 32.7793279 ], [ 22.5129068, 32.7787506 ], [ 22.5133145, 32.7782004 ], [ 22.5140118, 32.7777854 ], [ 22.5155997, 32.7779658 ], [ 22.5160074, 32.7784349 ], [ 22.5165439, 32.7791746 ], [ 22.5173378, 32.7795985 ], [ 22.5187111, 32.7800405 ], [ 22.520256, 32.7805998 ], [ 22.5208783, 32.7805637 ], [ 22.5218868, 32.7796707 ], [ 22.522316, 32.7791926 ], [ 22.5228953, 32.7787416 ], [ 22.5244188, 32.7786694 ], [ 22.5266826, 32.7786694 ], [ 22.5277555, 32.7783718 ], [ 22.5283778, 32.7778576 ], [ 22.5292146, 32.7769194 ], [ 22.5300836, 32.7761797 ], [ 22.5309527, 32.7757107 ], [ 22.5321972, 32.7761617 ], [ 22.5336885, 32.7766488 ], [ 22.534107, 32.7764594 ], [ 22.5344717, 32.7759903 ], [ 22.5341582, 32.7750016 ], [ 22.5340426, 32.7746372 ], [ 22.534858, 32.7736088 ], [ 22.5352871, 32.7729864 ], [ 22.5361562, 32.7726526 ], [ 22.5372076, 32.7727338 ], [ 22.5383019, 32.7736629 ], [ 22.5382161, 32.7742764 ], [ 22.5381732, 32.7747635 ] ] } },
{ "type": "Feature", "properties": { "element": "way", "id": 1207947515, "name": null, "waterway": "river" }, "geometry": { "type": "LineString", "coordinates": [ [ 22.5418639, 32.6213762 ], [ 22.5431514, 32.6212678 ], [ 22.5443959, 32.6211413 ], [ 22.5460052, 32.621069 ], [ 22.5470137, 32.6202015 ], [ 22.5487411, 32.6196412 ], [ 22.5490951, 32.6194424 ], [ 22.549653, 32.6192436 ], [ 22.5505543, 32.6191804 ], [ 22.5514448, 32.6193972 ], [ 22.551595, 32.6194605 ], [ 22.5527108, 32.6196503 ], [ 22.5534189, 32.6194695 ], [ 22.5546312, 32.6193249 ], [ 22.5559187, 32.6191804 ], [ 22.5563478, 32.619099 ], [ 22.5577211, 32.6189273 ], [ 22.5591373, 32.6185568 ], [ 22.5605106, 32.6185117 ], [ 22.5611114, 32.6189273 ], [ 22.5621521, 32.619587 ], [ 22.5635791, 32.6204093 ], [ 22.5640404, 32.6207346 ], [ 22.5647485, 32.6211413 ], [ 22.5660467, 32.6214756 ], [ 22.5670445, 32.621557 ], [ 22.5677311, 32.6216925 ], [ 22.5691366, 32.6219997 ], [ 22.5698447, 32.622325 ], [ 22.5706601, 32.6229847 ], [ 22.5722909, 32.6242407 ], [ 22.5727951, 32.6247016 ], [ 22.5738466, 32.6252618 ], [ 22.5748873, 32.6258672 ], [ 22.5755954, 32.6263642 ], [ 22.5762606, 32.626581 ], [ 22.5769472, 32.6266714 ], [ 22.5777626, 32.6266624 ], [ 22.5786638, 32.6265359 ], [ 22.5797474, 32.6260118 ], [ 22.5800371, 32.6259485 ], [ 22.5806486, 32.6258491 ], [ 22.581464, 32.6257859 ], [ 22.5821507, 32.6258039 ], [ 22.5835669, 32.6261563 ], [ 22.5850153, 32.6272678 ], [ 22.5854659, 32.6276292 ], [ 22.5859272, 32.6279725 ], [ 22.5867212, 32.6282978 ], [ 22.5877511, 32.628605 ], [ 22.5906265, 32.6299242 ], [ 22.5911307, 32.6302766 ], [ 22.5915921, 32.6306651 ], [ 22.5922573, 32.6309723 ], [ 22.5929761, 32.6311169 ], [ 22.5935769, 32.6309723 ], [ 22.5940275, 32.6307916 ], [ 22.5942314, 32.6305477 ], [ 22.5944352, 32.6302495 ], [ 22.5951218, 32.6298248 ], [ 22.596066, 32.6294002 ], [ 22.5967204, 32.6290026 ], [ 22.5976002, 32.6284243 ], [ 22.5980186, 32.6282526 ], [ 22.5983083, 32.627837 ], [ 22.5987267, 32.6270057 ], [ 22.5994134, 32.6264907 ], [ 22.6001966, 32.6264455 ], [ 22.6004863, 32.6267798 ], [ 22.6010656, 32.6274214 ], [ 22.6014197, 32.628099 ], [ 22.6022458, 32.6281894 ], [ 22.6028252, 32.628352 ], [ 22.6034689, 32.6282978 ], [ 22.6042628, 32.6279183 ], [ 22.605207, 32.6274665 ], [ 22.6061618, 32.627593 ], [ 22.6068163, 32.6279635 ], [ 22.6074171, 32.6281171 ], [ 22.6079965, 32.6281713 ], [ 22.6086402, 32.6282798 ], [ 22.6095843, 32.6283701 ], [ 22.6104319, 32.6281713 ], [ 22.6108181, 32.6281171 ], [ 22.6118159, 32.6280268 ], [ 22.6128137, 32.6280358 ], [ 22.6135754, 32.6283791 ], [ 22.6140904, 32.6290749 ], [ 22.6143908, 32.6298971 ], [ 22.6147234, 32.6305206 ], [ 22.6152384, 32.6313428 ], [ 22.6155817, 32.632662 ], [ 22.6156568, 32.6342431 ], [ 22.6159143, 32.6366916 ], [ 22.6164293, 32.6385979 ], [ 22.6165044, 32.6389232 ], [ 22.6166224, 32.6391852 ], [ 22.6166439, 32.6395646 ], [ 22.6165795, 32.6400705 ], [ 22.6164615, 32.6405403 ], [ 22.6159787, 32.6412902 ], [ 22.6149595, 32.641778 ], [ 22.6144338, 32.6421575 ], [ 22.6139402, 32.6427537 ], [ 22.613908, 32.643359 ], [ 22.6141977, 32.6439192 ], [ 22.6144552, 32.6440637 ], [ 22.614938, 32.6442534 ], [ 22.6155817, 32.6445786 ], [ 22.6165044, 32.6450845 ], [ 22.6175988, 32.6451749 ], [ 22.6183498, 32.6451387 ], [ 22.6195407, 32.6449581 ], [ 22.6206994, 32.6450123 ], [ 22.6212466, 32.6450484 ], [ 22.6219439, 32.6451839 ], [ 22.6225555, 32.6456175 ], [ 22.6226842, 32.6460963 ], [ 22.6224911, 32.6467287 ], [ 22.622062, 32.6471533 ], [ 22.6211393, 32.6477947 ], [ 22.6195943, 32.6485716 ], [ 22.6189506, 32.6491136 ], [ 22.6181352, 32.6495021 ], [ 22.6172984, 32.6499086 ], [ 22.616837, 32.6501434 ], [ 22.6166868, 32.6507758 ], [ 22.6168155, 32.6514804 ], [ 22.6176309, 32.6521669 ], [ 22.6183176, 32.6525824 ], [ 22.6200986, 32.6531244 ], [ 22.6203131, 32.6536484 ], [ 22.6203561, 32.6544071 ], [ 22.6198625, 32.6550575 ], [ 22.6190901, 32.6552743 ], [ 22.618677, 32.6552653 ], [ 22.618221, 32.6547414 ], [ 22.6174969, 32.6540232 ], [ 22.6169604, 32.6539962 ], [ 22.6162791, 32.6541361 ], [ 22.6150989, 32.654642 ], [ 22.6148414, 32.6553014 ], [ 22.6150024, 32.6556717 ], [ 22.6158661, 32.6559021 ], [ 22.6167404, 32.655902 ], [ 22.6180333, 32.6558027 ], [ 22.6185536, 32.6558885 ], [ 22.6193261, 32.6570809 ], [ 22.6195621, 32.6583274 ], [ 22.6190042, 32.6585442 ], [ 22.6170087, 32.6580925 ], [ 22.6147127, 32.6575867 ], [ 22.6124811, 32.6573699 ], [ 22.6118803, 32.6577312 ], [ 22.6121378, 32.6586345 ], [ 22.6134467, 32.6602423 ], [ 22.6140475, 32.6606397 ], [ 22.6145196, 32.6610191 ], [ 22.6149916, 32.6616333 ], [ 22.6143694, 32.6619042 ], [ 22.6134252, 32.662663 ], [ 22.6132965, 32.6634217 ], [ 22.6139402, 32.6644694 ], [ 22.6142835, 32.6650474 ], [ 22.614423, 32.6664112 ], [ 22.6143801, 32.6667725 ], [ 22.6142406, 32.6673325 ], [ 22.61379, 32.6680821 ], [ 22.6133448, 32.6683711 ], [ 22.6129854, 32.6684659 ], [ 22.6124597, 32.6684208 ], [ 22.6116013, 32.6683666 ], [ 22.6109791, 32.6685698 ], [ 22.6107484, 32.6690259 ], [ 22.6105821, 32.6697394 ], [ 22.6103997, 32.6702316 ], [ 22.6100457, 32.6707238 ], [ 22.6093376, 32.6710173 ], [ 22.6088118, 32.6712251 ], [ 22.6072883, 32.6721282 ], [ 22.6065159, 32.673808 ], [ 22.6056576, 32.6756864 ], [ 22.605679, 32.676716 ], [ 22.6062798, 32.6777274 ], [ 22.6073742, 32.6785763 ], [ 22.609005, 32.6791723 ], [ 22.6107108, 32.6805088 ], [ 22.6123631, 32.6818272 ], [ 22.613318, 32.6826219 ], [ 22.6141119, 32.6830824 ], [ 22.6147234, 32.6835791 ], [ 22.6148736, 32.6839945 ], [ 22.6148629, 32.6845272 ], [ 22.6147771, 32.6849336 ], [ 22.6149487, 32.6854212 ], [ 22.6153672, 32.6855386 ], [ 22.6156032, 32.6854664 ], [ 22.6160753, 32.6854122 ], [ 22.6165473, 32.6855567 ], [ 22.6169443, 32.6862249 ], [ 22.6168048, 32.6866764 ], [ 22.6163328, 32.6873265 ], [ 22.6164937, 32.6879676 ], [ 22.6169014, 32.6885997 ], [ 22.6174271, 32.6894846 ], [ 22.6176417, 32.6898096 ], [ 22.6180065, 32.690243 ], [ 22.6184571, 32.6904417 ], [ 22.6188004, 32.6904146 ], [ 22.6193476, 32.6903785 ], [ 22.6199484, 32.6903243 ], [ 22.6204848, 32.6903785 ], [ 22.6207745, 32.6905952 ], [ 22.6205921, 32.6913807 ], [ 22.6205814, 32.6920941 ], [ 22.6208281, 32.693313 ], [ 22.6211071, 32.6941256 ], [ 22.6213217, 32.6946312 ], [ 22.6211929, 32.694884 ], [ 22.6206887, 32.6951098 ], [ 22.6197123, 32.695173 ], [ 22.6185, 32.6950646 ], [ 22.6182318, 32.6952091 ], [ 22.6177168, 32.6953987 ], [ 22.6166761, 32.6953265 ], [ 22.6157534, 32.695191 ], [ 22.615056, 32.6951549 ], [ 22.6146376, 32.6954348 ], [ 22.6146161, 32.6956786 ], [ 22.6147342, 32.6964912 ], [ 22.6148736, 32.6975205 ], [ 22.6150882, 32.6980983 ], [ 22.6153028, 32.698649 ], [ 22.615968, 32.6993262 ], [ 22.6164186, 32.6995609 ], [ 22.6167941, 32.6997234 ], [ 22.616955, 32.6999221 ], [ 22.616955, 32.7003915 ], [ 22.616955, 32.7007346 ], [ 22.6169765, 32.7011499 ], [ 22.617234, 32.7013305 ], [ 22.6182532, 32.7015472 ], [ 22.6190793, 32.7019444 ], [ 22.6194978, 32.7024951 ], [ 22.6201844, 32.7032625 ], [ 22.620753, 32.7042917 ], [ 22.6209462, 32.704707 ], [ 22.6214182, 32.7051674 ], [ 22.6217937, 32.7055466 ], [ 22.6222122, 32.705989 ], [ 22.6214397, 32.7065397 ], [ 22.6207638, 32.706973 ], [ 22.6201951, 32.707298 ], [ 22.6196694, 32.7078938 ], [ 22.6192617, 32.7084264 ], [ 22.6186287, 32.7091035 ], [ 22.6184678, 32.7094014 ], [ 22.6184893, 32.7099792 ], [ 22.6186824, 32.7105569 ], [ 22.6189291, 32.7111347 ], [ 22.618847, 32.7113111 ], [ 22.6185429, 32.7119652 ], [ 22.6181459, 32.7126422 ], [ 22.617706, 32.7129762 ], [ 22.6170087, 32.7134456 ], [ 22.6166238, 32.713948 ], [ 22.616483, 32.7141317 ], [ 22.6159889, 32.7150149 ], [ 22.6159055, 32.7155832 ], [ 22.6154423, 32.7164335 ], [ 22.6152787, 32.716684 ], [ 22.6150158, 32.7168916 ], [ 22.6149273, 32.7172098 ], [ 22.6149098, 32.717386 ], [ 22.6150415, 32.7177354 ], [ 22.6150863, 32.7180299 ], [ 22.6151598, 32.7181915 ], [ 22.6151225, 32.7183531 ], [ 22.6151901, 32.718548 ], [ 22.6154798, 32.7189339 ], [ 22.6154769, 32.7191502 ] ] } },
{ "type": "Feature", "properties": { "element": "way", "id": 1207947516, "name": null, "waterway": "river" }, "geometry": { "type": "LineString", "coordinates": [ [ 22.6756954, 32.72657 ], [ 22.6763606, 32.7273462 ], [ 22.6770365, 32.7282037 ], [ 22.6778948, 32.7290701 ], [ 22.6788926, 32.7296117 ], [ 22.6798153, 32.7301442 ], [ 22.6804697, 32.7306947 ], [ 22.680695, 32.731146 ], [ 22.6811242, 32.7316785 ], [ 22.6816392, 32.7321568 ], [ 22.6817465, 32.732581 ], [ 22.6815748, 32.733655 ], [ 22.6814675, 32.7341965 ], [ 22.6816928, 32.7349184 ], [ 22.6817894, 32.7351621 ], [ 22.6814783, 32.7357758 ], [ 22.6817787, 32.7365249 ], [ 22.6823151, 32.7371385 ], [ 22.6825726, 32.7378605 ], [ 22.6829803, 32.7385103 ], [ 22.6832163, 32.7386547 ], [ 22.6842194, 32.7388412 ], [ 22.6844638, 32.7390003 ], [ 22.6844072, 32.7392052 ], [ 22.6841176, 32.7395887 ], [ 22.6841068, 32.7397601 ] ] } },
{ "type": "Feature", "properties": { "element": "way", "id": 1207966321, "name": null, "waterway": "stream" }, "geometry": { "type": "LineString", "coordinates": [ [ 22.5485933, 32.6949995 ], [ 22.5497829, 32.6951119 ], [ 22.5511666, 32.695214 ], [ 22.552407, 32.6948355 ], [ 22.5539728, 32.6944064 ], [ 22.554956, 32.6938855 ], [ 22.555223, 32.6930887 ], [ 22.5558421, 32.6923634 ], [ 22.5565218, 32.6923634 ], [ 22.556886, 32.6925881 ], [ 22.5575293, 32.6934156 ], [ 22.5575664, 32.6936137 ], [ 22.5576725, 32.6941804 ], [ 22.5582218, 32.6950978 ], [ 22.5586939, 32.6954084 ], [ 22.5615349, 32.6957623 ], [ 22.5625219, 32.696304 ], [ 22.5631485, 32.6972214 ], [ 22.5633974, 32.6978714 ], [ 22.5635433, 32.6981892 ], [ 22.5648481, 32.6999631 ], [ 22.5657579, 32.7008948 ], [ 22.5660046, 32.7015678 ], [ 22.5659036, 32.7017925 ], [ 22.5656365, 32.7019261 ], [ 22.5647055, 32.7018411 ], [ 22.5636517, 32.7017743 ], [ 22.5633341, 32.7018836 ], [ 22.5631465, 32.7021508 ], [ 22.5632259, 32.7029221 ], [ 22.5634929, 32.7034627 ], [ 22.5639188, 32.7036995 ], [ 22.5661508, 32.7043139 ], [ 22.5666315, 32.7047689 ], [ 22.5667345, 32.7050073 ], [ 22.5662624, 32.7055345 ], [ 22.565653, 32.7057873 ], [ 22.5649406, 32.7056862 ], [ 22.5641596, 32.7055489 ], [ 22.5635931, 32.7054695 ], [ 22.5633699, 32.7058378 ], [ 22.5634406, 32.7063504 ], [ 22.5636122, 32.7066682 ], [ 22.5641873, 32.7070148 ], [ 22.5665477, 32.7069354 ], [ 22.5671056, 32.7070943 ], [ 22.5672429, 32.7073109 ], [ 22.5672429, 32.7075059 ], [ 22.5669167, 32.7077298 ], [ 22.566376, 32.7081993 ], [ 22.5662043, 32.708842 ], [ 22.566125, 32.7095377 ], [ 22.5661611, 32.7097685 ], [ 22.5663992, 32.7101997 ], [ 22.5666879, 32.7110499 ], [ 22.5667226, 32.7113242 ], [ 22.5669189, 32.7116511 ], [ 22.5670713, 32.7117982 ], [ 22.5672293, 32.7118515 ], [ 22.5675829, 32.7117847 ], [ 22.5680376, 32.7113718 ], [ 22.5686728, 32.710224 ], [ 22.5691491, 32.7100357 ], [ 22.5696327, 32.7101815 ], [ 22.5700402, 32.7107341 ], [ 22.5702389, 32.7112442 ], [ 22.5699575, 32.7117579 ], [ 22.5697991, 32.7123217 ], [ 22.5697121, 32.7128839 ], [ 22.5699575, 32.7133758 ], [ 22.5705575, 32.7145121 ], [ 22.5706187, 32.7151476 ], [ 22.5700778, 32.7161782 ], [ 22.5696491, 32.7166677 ], [ 22.5691795, 32.7167192 ], [ 22.5688835, 32.7166076 ], [ 22.5686641, 32.7163843 ], [ 22.5682252, 32.7162082 ], [ 22.5680006, 32.7162812 ], [ 22.5676223, 32.7164526 ], [ 22.5676405, 32.7168304 ], [ 22.5674949, 32.7175096 ], [ 22.5670457, 32.7181938 ], [ 22.5669229, 32.7185459 ], [ 22.5669879, 32.7189771 ], [ 22.5673271, 32.7191775 ], [ 22.5679406, 32.7189649 ], [ 22.5684747, 32.7187767 ], [ 22.5691531, 32.7187828 ], [ 22.5694779, 32.7189953 ], [ 22.5695212, 32.7195539 ], [ 22.5693769, 32.7200822 ], [ 22.568951, 32.7205316 ], [ 22.5689294, 32.7207623 ], [ 22.569247, 32.7212117 ], [ 22.5693985, 32.7214849 ], [ 22.5694635, 32.721995 ], [ 22.5696113, 32.7223504 ] ] } },
{ "type": "Feature", "properties": { "element": "way", "id": 1207969097, "name": null, "waterway": "stream" }, "geometry": { "type": "LineString", "coordinates": [ [ 22.5328846, 32.7124333 ], [ 22.5333944, 32.7130256 ], [ 22.5339163, 32.7132605 ], [ 22.5340013, 32.7138631 ], [ 22.5340256, 32.7145984 ], [ 22.5339406, 32.7149865 ], [ 22.5342562, 32.715344 ], [ 22.5356521, 32.7158342 ], [ 22.5362226, 32.7158342 ], [ 22.5368174, 32.7159465 ], [ 22.5371937, 32.7161916 ], [ 22.5375214, 32.7168146 ], [ 22.5378124, 32.717108 ], [ 22.5378427, 32.7173429 ], [ 22.5378245, 32.7178638 ], [ 22.5378683, 32.7179994 ] ] } },
{ "type": "Feature", "properties": { "element": "way", "id": 1207971981, "name": null, "waterway": "stream" }, "geometry": { "type": "LineString", "coordinates": [ [ 22.5557781, 32.6849165 ], [ 22.555948, 32.6852025 ], [ 22.5563122, 32.6855397 ], [ 22.5571619, 32.6855703 ], [ 22.5582664, 32.6855805 ], [ 22.5591283, 32.685744 ], [ 22.5597473, 32.6861629 ], [ 22.5601722, 32.6871845 ], [ 22.5604635, 32.6885534 ], [ 22.5602571, 32.6887884 ], [ 22.5594924, 32.6889518 ], [ 22.5589583, 32.6893298 ], [ 22.5586791, 32.689718 ], [ 22.5588855, 32.6905761 ], [ 22.5593916, 32.6912664 ], [ 22.5596223, 32.6918232 ], [ 22.5596223, 32.6922216 ], [ 22.5595272, 32.6925544 ], [ 22.5581868, 32.6932281 ], [ 22.5576969, 32.6934472 ], [ 22.5575664, 32.6936137 ] ] } },
{ "type": "Feature", "properties": { "element": "way", "id": 1208071112, "name": null, "waterway": "river" }, "geometry": { "type": "LineString", "coordinates": [ [ 22.6019025, 32.6325174 ], [ 22.6017523, 32.6326348 ], [ 22.60113, 32.6330143 ], [ 22.6007545, 32.6334661 ], [ 22.6003146, 32.6341347 ], [ 22.6002288, 32.6346858 ], [ 22.6003897, 32.635255 ], [ 22.6006043, 32.6355441 ], [ 22.6010013, 32.6359146 ], [ 22.6014304, 32.6363754 ], [ 22.6017308, 32.6368994 ], [ 22.6020312, 32.6377215 ], [ 22.6020205, 32.6384443 ], [ 22.6019239, 32.638896 ], [ 22.6018381, 32.6393839 ], [ 22.6016128, 32.6399441 ], [ 22.6016128, 32.6405494 ], [ 22.6019239, 32.6410463 ], [ 22.602396, 32.6415793 ], [ 22.6024818, 32.641778 ], [ 22.6025355, 32.6421033 ], [ 22.6026535, 32.6424918 ], [ 22.6029003, 32.6427899 ], [ 22.603265, 32.6429796 ], [ 22.6037264, 32.6432416 ], [ 22.603941, 32.6435759 ], [ 22.6041663, 32.6439463 ], [ 22.6042414, 32.6443709 ], [ 22.6042306, 32.6448226 ], [ 22.6040053, 32.6456446 ], [ 22.6036835, 32.6468823 ], [ 22.6035011, 32.6472075 ], [ 22.6034367, 32.6477495 ], [ 22.6032436, 32.6486348 ], [ 22.6032221, 32.6490233 ], [ 22.603265, 32.6493756 ], [ 22.6034796, 32.6497098 ], [ 22.6037693, 32.6498724 ], [ 22.6042521, 32.6498905 ], [ 22.6046812, 32.6499266 ], [ 22.605046, 32.6499628 ], [ 22.6054966, 32.650017 ], [ 22.6057434, 32.6502789 ], [ 22.6060545, 32.650848 ], [ 22.6058292, 32.65139 ], [ 22.6053142, 32.6517785 ], [ 22.6048314, 32.6519772 ], [ 22.6043379, 32.6521398 ], [ 22.6038229, 32.6523476 ], [ 22.6034689, 32.6526366 ], [ 22.603308, 32.6529257 ], [ 22.6032436, 32.6533232 ], [ 22.6032527, 32.6534661 ], [ 22.6032758, 32.653829 ], [ 22.6043272, 32.6541813 ], [ 22.6055181, 32.6544884 ], [ 22.6065588, 32.6547684 ], [ 22.6072562, 32.6550846 ], [ 22.6081681, 32.6555995 ], [ 22.6089406, 32.6566834 ], [ 22.608946, 32.6573022 ], [ 22.6083827, 32.6574919 ], [ 22.6078516, 32.6575551 ], [ 22.6076381, 32.6577665 ], [ 22.6071811, 32.658219 ], [ 22.6073796, 32.6586796 ], [ 22.6084202, 32.6592984 ], [ 22.6089942, 32.6595016 ], [ 22.6101851, 32.6593977 ], [ 22.6109523, 32.6594745 ], [ 22.611199, 32.6598268 ], [ 22.611596, 32.660581 ], [ 22.6119876, 32.660861 ], [ 22.6127171, 32.6607752 ], [ 22.6132697, 32.6606081 ], [ 22.6140475, 32.6606397 ] ] } },
{ "type": "Feature", "properties": { "element": "way", "id": 1208071119, "name": null, "waterway": "river" }, "geometry": { "type": "LineString", "coordinates": [ [ 22.5867104, 32.698017 ], [ 22.5875151, 32.6987574 ], [ 22.5882554, 32.6994887 ], [ 22.5883627, 32.6998137 ], [ 22.5883305, 32.70022 ], [ 22.588191, 32.7007256 ], [ 22.5882983, 32.7010777 ], [ 22.5890171, 32.7014659 ], [ 22.5892532, 32.7017729 ], [ 22.5894248, 32.7025764 ], [ 22.5896287, 32.703082 ], [ 22.5900793, 32.7038042 ], [ 22.5903475, 32.7045987 ], [ 22.590605, 32.7053119 ], [ 22.5907874, 32.7056459 ], [ 22.5911736, 32.7058445 ], [ 22.591753, 32.7065126 ], [ 22.5922036, 32.7072619 ], [ 22.5926971, 32.7082278 ], [ 22.5928044, 32.7087424 ], [ 22.5925255, 32.7091667 ], [ 22.5921339, 32.7092028 ], [ 22.591415, 32.7091216 ], [ 22.5909269, 32.7092118 ], [ 22.5903475, 32.7093472 ], [ 22.5896019, 32.7096452 ], [ 22.5890869, 32.7098302 ], [ 22.5889796, 32.7101326 ], [ 22.589103, 32.7103087 ], [ 22.5893122, 32.7105298 ], [ 22.589516, 32.7107465 ], [ 22.5893819, 32.7108819 ], [ 22.5890332, 32.7109767 ], [ 22.5885129, 32.7111979 ], [ 22.588293, 32.7113152 ], [ 22.5880891, 32.7114912 ], [ 22.5879925, 32.7117756 ], [ 22.5880569, 32.7119697 ], [ 22.5886792, 32.7121909 ], [ 22.5893712, 32.7124075 ], [ 22.5894785, 32.7125519 ], [ 22.5894248, 32.7127009 ], [ 22.5890171, 32.7131026 ], [ 22.5887114, 32.7133283 ], [ 22.5886685, 32.7135133 ], [ 22.5887275, 32.7136352 ], [ 22.5890869, 32.7138699 ], [ 22.5898191, 32.7143393 ], [ 22.5898942, 32.714565 ], [ 22.5898272, 32.7147681 ], [ 22.5896931, 32.7148538 ], [ 22.5891942, 32.7151066 ], [ 22.5887865, 32.7151788 ], [ 22.5885183, 32.7151923 ], [ 22.5879657, 32.7152239 ], [ 22.5877511, 32.715409 ], [ 22.5877833, 32.7156121 ], [ 22.5878745, 32.7157656 ], [ 22.5882018, 32.7159596 ], [ 22.5884968, 32.7161537 ], [ 22.5887972, 32.7165328 ], [ 22.5891137, 32.7167404 ], [ 22.5895965, 32.7170338 ], [ 22.5895482, 32.7172685 ], [ 22.5892961, 32.7173768 ], [ 22.588985, 32.7174355 ], [ 22.5884539, 32.7175032 ], [ 22.5880516, 32.7176115 ], [ 22.5879604, 32.7179681 ], [ 22.5880837, 32.7182569 ], [ 22.5882125, 32.7185683 ], [ 22.5884056, 32.7188888 ], [ 22.5885343, 32.719304 ], [ 22.5884914, 32.7195342 ], [ 22.5883359, 32.7197192 ], [ 22.5880462, 32.7198456 ], [ 22.5877082, 32.7199494 ], [ 22.5872737, 32.7200261 ], [ 22.5867748, 32.7200848 ], [ 22.5863725, 32.7201886 ], [ 22.5863135, 32.720342 ], [ 22.5863081, 32.7207663 ], [ 22.5864583, 32.7215425 ], [ 22.5864637, 32.7219036 ], [ 22.5863457, 32.7225129 ], [ 22.5863457, 32.7230996 ], [ 22.5863671, 32.7242188 ], [ 22.5864798, 32.7247152 ], [ 22.5866461, 32.7248732 ], [ 22.5869465, 32.7250311 ], [ 22.5872952, 32.7252613 ], [ 22.5873703, 32.7255591 ], [ 22.5873113, 32.725699 ], [ 22.5871611, 32.7259157 ], [ 22.5869626, 32.7262812 ], [ 22.5866407, 32.7265745 ], [ 22.5864959, 32.726913 ], [ 22.5867265, 32.7271116 ], [ 22.58744, 32.7274997 ], [ 22.5884485, 32.727969 ], [ 22.5890922, 32.728682 ], [ 22.588985, 32.7294311 ], [ 22.5888857, 32.7302276 ], [ 22.5886983, 32.7306412 ], [ 22.5889096, 32.7310727 ], [ 22.589163, 32.7314217 ], [ 22.5894666, 32.7321117 ], [ 22.589451, 32.7329677 ], [ 22.5894651, 32.733707 ], [ 22.5895213, 32.7339583 ], [ 22.5895869, 32.734192 ] ] } },
{ "type": "Feature", "properties": { "element": "way", "id": 1208071120, "name": null, "waterway": "river" }, "geometry": { "type": "LineString", "coordinates": [ [ 22.5731063, 32.7525243 ], [ 22.5733208, 32.7530115 ], [ 22.5735783, 32.7536071 ], [ 22.5742435, 32.7541665 ], [ 22.5748282, 32.7547237 ], [ 22.5748068, 32.7554567 ], [ 22.5745439, 32.7568553 ], [ 22.5742435, 32.757523 ], [ 22.5736427, 32.7584613 ], [ 22.573235, 32.7592553 ], [ 22.5733638, 32.7602297 ], [ 22.5735783, 32.7610597 ], [ 22.5744152, 32.7615109 ], [ 22.5750804, 32.7617093 ], [ 22.5758528, 32.7620522 ], [ 22.5761103, 32.7622868 ], [ 22.5764265, 32.7626347 ] ] } },
{ "type": "Feature", "properties": { "element": "way", "id": 1208071121, "name": null, "waterway": "river" }, "geometry": { "type": "LineString", "coordinates": [ [ 22.5523996, 32.7446738 ], [ 22.5528073, 32.744376 ], [ 22.5531131, 32.7440873 ], [ 22.5535369, 32.7441369 ], [ 22.5540143, 32.7440376 ], [ 22.554186, 32.7438346 ], [ 22.5544327, 32.7435503 ], [ 22.5547707, 32.7436722 ], [ 22.5551945, 32.7438346 ], [ 22.5555539, 32.7436902 ], [ 22.5558382, 32.7435323 ], [ 22.556026, 32.7437263 ], [ 22.557013, 32.7438887 ], [ 22.5573993, 32.7438391 ], [ 22.5578177, 32.7436316 ], [ 22.5583166, 32.7436586 ], [ 22.5587082, 32.7438391 ], [ 22.5595665, 32.7442632 ], [ 22.5602585, 32.744561 ], [ 22.5609934, 32.7453461 ], [ 22.5623667, 32.7454454 ], [ 22.5631928, 32.7458785 ], [ 22.5637507, 32.7462846 ], [ 22.5639385, 32.7464876 ], [ 22.5640941, 32.7469433 ], [ 22.5644159, 32.7471193 ], [ 22.5649416, 32.747223 ], [ 22.5651983, 32.7475643 ] ] } },
{ "type": "Feature", "properties": { "element": "way", "id": 1208071122, "name": null, "waterway": "river" }, "geometry": { "type": "LineString", "coordinates": [ [ 22.5322401, 32.7400264 ], [ 22.5324654, 32.7403513 ], [ 22.5335061, 32.7410913 ], [ 22.5342035, 32.7420749 ], [ 22.5353086, 32.7425983 ], [ 22.5365102, 32.7433293 ], [ 22.5374865, 32.743609 ], [ 22.5384521, 32.7436541 ], [ 22.5389242, 32.7439519 ], [ 22.5397074, 32.744349 ], [ 22.5406194, 32.7444573 ], [ 22.5417137, 32.7445024 ], [ 22.5429153, 32.7442136 ], [ 22.5432426, 32.7439113 ], [ 22.5433606, 32.7434691 ], [ 22.5434786, 32.7431939 ], [ 22.5436342, 32.7431578 ], [ 22.5439078, 32.7433112 ], [ 22.5443155, 32.7439384 ], [ 22.5444837, 32.7441584 ], [ 22.5445569, 32.7442542 ], [ 22.5449699, 32.7448317 ], [ 22.5449914, 32.7452559 ], [ 22.5448894, 32.7456213 ], [ 22.5445193, 32.7460996 ], [ 22.5439185, 32.7466636 ], [ 22.5435591, 32.7470742 ], [ 22.5435644, 32.7473133 ], [ 22.5437093, 32.7476607 ], [ 22.5436395, 32.7479404 ], [ 22.5432962, 32.7482833 ], [ 22.5431943, 32.7484999 ], [ 22.5432533, 32.7487119 ], [ 22.5435269, 32.7490413 ], [ 22.5435913, 32.7492939 ], [ 22.5436897, 32.7495759 ], [ 22.5437361, 32.749709 ], [ 22.5434571, 32.7501015 ], [ 22.5428832, 32.7504895 ], [ 22.5422877, 32.7507693 ], [ 22.5422502, 32.751049 ], [ 22.5425774, 32.7512701 ], [ 22.543146, 32.7514731 ], [ 22.5441652, 32.7520731 ], [ 22.5445998, 32.7525243 ], [ 22.5454044, 32.7528672 ], [ 22.5453615, 32.753377 ], [ 22.5454098, 32.7540492 ], [ 22.5457102, 32.7546402 ], [ 22.5461179, 32.7552041 ], [ 22.5461769, 32.7559034 ], [ 22.5461662, 32.7565259 ], [ 22.5458658, 32.7569906 ], [ 22.545957, 32.7576899 ], [ 22.5460482, 32.7586237 ], [ 22.5459462, 32.7593139 ], [ 22.5460696, 32.7600673 ], [ 22.5463647, 32.7607846 ], [ 22.5467187, 32.761777 ], [ 22.5469279, 32.7623138 ], [ 22.5474, 32.7632431 ], [ 22.5475341, 32.7636671 ], [ 22.5476146, 32.7647001 ], [ 22.5477272, 32.7652685 ], [ 22.5480062, 32.7659993 ], [ 22.5482798, 32.766297 ], [ 22.5484231, 32.7666721 ] ] } },
{ "type": "Feature", "properties": { "element": "way", "id": 1208071123, "name": null, "waterway": "river" }, "geometry": { "type": "LineString", "coordinates": [ [ 22.5408393, 32.7684938 ], [ 22.5411612, 32.7689448 ], [ 22.5414401, 32.7693688 ], [ 22.5418317, 32.7699643 ], [ 22.5420195, 32.770483 ], [ 22.5426686, 32.7711505 ], [ 22.5428402, 32.7715881 ], [ 22.5429529, 32.7718452 ], [ 22.5433338, 32.7720572 ], [ 22.54372, 32.7723864 ], [ 22.5438702, 32.7727834 ], [ 22.5440127, 32.7734555 ] ] } },
{ "type": "Feature", "properties": { "element": "way", "id": 1208435423, "name": null, "waterway": "stream" }, "geometry": { "type": "LineString", "coordinates": [ [ 22.5922626, 32.747408 ], [ 22.5922733, 32.7479494 ], [ 22.5922733, 32.7482111 ], [ 22.5921178, 32.7484954 ], [ 22.5919568, 32.7486623 ], [ 22.5917852, 32.7488247 ] ] } },
{ "type": "Feature", "properties": { "element": "way", "id": 1208435424, "name": null, "waterway": "stream" }, "geometry": { "type": "LineString", "coordinates": [ [ 22.5969672, 32.7462034 ], [ 22.596699, 32.7466094 ], [ 22.5966024, 32.7468576 ], [ 22.5965005, 32.7470381 ], [ 22.5963825, 32.7471463 ] ] } },
{ "type": "Feature", "properties": { "element": "way", "id": 1208435425, "name": null, "waterway": "stream" }, "geometry": { "type": "LineString", "coordinates": [ [ 22.5968814, 32.7474486 ], [ 22.59664, 32.7472682 ], [ 22.5963825, 32.7471463 ], [ 22.5960499, 32.7472682 ], [ 22.595787, 32.7473088 ], [ 22.5954974, 32.7473268 ], [ 22.5953257, 32.7473584 ] ] } },
{ "type": "Feature", "properties": { "element": "way", "id": 1208435426, "name": null, "waterway": "stream" }, "geometry": { "type": "LineString", "coordinates": [ [ 22.5948912, 32.7513603 ], [ 22.594623, 32.7513603 ], [ 22.5942099, 32.7512249 ], [ 22.5939524, 32.7511212 ] ] } },
{ "type": "Feature", "properties": { "element": "way", "id": 1208435427, "name": null, "waterway": "stream" }, "geometry": { "type": "LineString", "coordinates": [ [ 22.5953257, 32.7473584 ], [ 22.5949448, 32.7474306 ], [ 22.594462, 32.7475885 ], [ 22.5942582, 32.7477148 ], [ 22.5933033, 32.7482653 ], [ 22.5931317, 32.7484457 ], [ 22.5928312, 32.7486082 ], [ 22.592386, 32.7487706 ] ] } },
{ "type": "Feature", "properties": { "element": "way", "id": 1208435428, "name": null, "waterway": "stream" }, "geometry": { "type": "LineString", "coordinates": [ [ 22.5940061, 32.7538416 ], [ 22.5937968, 32.7536522 ], [ 22.5935823, 32.7535258 ], [ 22.5935447, 32.7532822 ], [ 22.5936788, 32.7529799 ], [ 22.5937378, 32.7527905 ], [ 22.5937861, 32.7524566 ], [ 22.5938451, 32.7521949 ], [ 22.5940329, 32.7518791 ], [ 22.5941563, 32.7516039 ], [ 22.5940704, 32.7513828 ], [ 22.5939524, 32.7511212 ], [ 22.5937432, 32.7509046 ], [ 22.593475, 32.7505347 ], [ 22.593314, 32.7503136 ], [ 22.5930995, 32.749903 ], [ 22.5929439, 32.7494564 ], [ 22.5927079, 32.7490909 ], [ 22.5925362, 32.7488834 ], [ 22.592386, 32.7487706 ], [ 22.5921339, 32.748748 ], [ 22.5917852, 32.7488247 ], [ 22.5914794, 32.748942 ], [ 22.5907874, 32.7491992 ], [ 22.590428, 32.7494113 ], [ 22.5902724, 32.7495421 ], [ 22.5902188, 32.7497451 ] ] } },
{ "type": "Feature", "properties": { "element": "way", "id": 1208436644, "name": null, "waterway": "stream" }, "geometry": { "type": "LineString", "coordinates": [ [ 22.6100188, 32.7383884 ], [ 22.6105821, 32.7385464 ], [ 22.6109844, 32.7388397 ], [ 22.6110649, 32.7390202 ], [ 22.6113009, 32.7391826 ], [ 22.6116335, 32.739327 ], [ 22.6121217, 32.739336 ] ] } },
{ "type": "Feature", "properties": { "element": "way", "id": 1208436645, "name": null, "waterway": "stream" }, "geometry": { "type": "LineString", "coordinates": [ [ 22.6131141, 32.7378831 ], [ 22.6130497, 32.7383298 ], [ 22.6128298, 32.7386276 ], [ 22.6126903, 32.7388307 ], [ 22.6124328, 32.738975 ], [ 22.6122719, 32.7391871 ], [ 22.6121217, 32.739336 ] ] } },
{ "type": "Feature", "properties": { "element": "way", "id": 1208436646, "name": null, "waterway": "stream" }, "geometry": { "type": "LineString", "coordinates": [ [ 22.6121217, 32.739336 ], [ 22.6122612, 32.7396022 ], [ 22.6123685, 32.739882 ], [ 22.6124006, 32.7403693 ], [ 22.6125401, 32.7405994 ], [ 22.612626, 32.7408611 ], [ 22.6126635, 32.7411996 ], [ 22.6128727, 32.7414477 ], [ 22.6130015, 32.7419486 ], [ 22.6130176, 32.7422103 ], [ 22.6132643, 32.7425893 ], [ 22.6134306, 32.7427292 ], [ 22.6134574, 32.74286 ], [ 22.6135654, 32.7430313 ] ] } },
{ "type": "Feature", "properties": { "element": "way", "id": 1208453957, "name": null, "waterway": "river" }, "geometry": { "type": "LineString", "coordinates": [ [ 22.7082038, 32.6681815 ], [ 22.7090943, 32.6676486 ], [ 22.7107143, 32.6666912 ], [ 22.7122056, 32.6663028 ], [ 22.7134824, 32.6659506 ], [ 22.7149093, 32.6650926 ], [ 22.7157569, 32.6642887 ], [ 22.7164221, 32.6639907 ], [ 22.7171194, 32.664081 ], [ 22.7175379, 32.664352 ], [ 22.7178812, 32.6645507 ], [ 22.7186537, 32.6651016 ], [ 22.7194261, 32.6649029 ], [ 22.7195549, 32.6644603 ], [ 22.7196407, 32.6635029 ], [ 22.7196944, 32.662392 ], [ 22.7199733, 32.6620126 ], [ 22.7209389, 32.6612178 ], [ 22.7226448, 32.6605765 ], [ 22.7241897, 32.6606397 ], [ 22.7253485, 32.6605674 ], [ 22.7270651, 32.6605223 ], [ 22.728771, 32.6605223 ], [ 22.730273, 32.6605403 ], [ 22.7314532, 32.6603236 ], [ 22.7326977, 32.6600255 ], [ 22.733202, 32.6596371 ], [ 22.7337277, 32.6591945 ], [ 22.7344036, 32.658508 ], [ 22.7341783, 32.6576319 ], [ 22.7332878, 32.6562769 ], [ 22.7321935, 32.6550304 ], [ 22.7314424, 32.6542355 ], [ 22.731303, 32.6531696 ], [ 22.7327514, 32.6525463 ], [ 22.7343392, 32.6525011 ], [ 22.7358091, 32.6520314 ], [ 22.7368712, 32.6516339 ], [ 22.7387273, 32.6509474 ], [ 22.7405405, 32.6506945 ], [ 22.7415275, 32.6504957 ], [ 22.7427721, 32.6503964 ], [ 22.7436626, 32.6501073 ], [ 22.7443063, 32.6498363 ], [ 22.7447033, 32.6494027 ], [ 22.7451539, 32.6482644 ], [ 22.745111, 32.6471172 ], [ 22.7448857, 32.6460512 ], [ 22.7448213, 32.6452923 ], [ 22.7453148, 32.6443618 ], [ 22.7460551, 32.6440547 ] ] } },
{ "type": "Feature", "properties": { "element": "way", "id": 1208463175, "name": null, "waterway": "stream" }, "geometry": { "type": "LineString", "coordinates": [ [ 22.59949, 32.7362133 ], [ 22.6000908, 32.7362427 ], [ 22.6008913, 32.7363782 ], [ 22.6016143, 32.7365506 ], [ 22.6029447, 32.7366645 ], [ 22.6035026, 32.7369533 ], [ 22.6045969, 32.7372782 ], [ 22.6047361, 32.7374356 ] ] } },
{ "type": "Feature", "properties": { "element": "way", "id": 1208463176, "name": null, "waterway": "stream" }, "geometry": { "type": "LineString", "coordinates": [ [ 22.6048261, 32.7311144 ], [ 22.6046008, 32.7313942 ], [ 22.6043326, 32.7316649 ], [ 22.6041502, 32.731859 ], [ 22.6039034, 32.7320981 ], [ 22.603544, 32.7322606 ], [ 22.6034635, 32.7323283 ] ] } },
{ "type": "Feature", "properties": { "element": "way", "id": 1208463177, "name": null, "waterway": "stream" }, "geometry": { "type": "LineString", "coordinates": [ [ 22.6032436, 32.7320936 ], [ 22.6033455, 32.732238 ], [ 22.6034635, 32.7323283 ] ] } },
{ "type": "Feature", "properties": { "element": "way", "id": 1208463178, "name": null, "waterway": "stream" }, "geometry": { "type": "LineString", "coordinates": [ [ 22.6034635, 32.7323283 ], [ 22.6033401, 32.7325765 ], [ 22.6033455, 32.7329104 ], [ 22.6032436, 32.7331315 ], [ 22.6030451, 32.7333797 ], [ 22.6027232, 32.7334925 ], [ 22.6025569, 32.7335692 ] ] } },
{ "type": "Feature", "properties": { "element": "way", "id": 1208463179, "name": null, "waterway": "stream" }, "geometry": { "type": "LineString", "coordinates": [ [ 22.6000947, 32.7321207 ], [ 22.6001805, 32.7323824 ], [ 22.6007438, 32.7325945 ], [ 22.6008993, 32.7329961 ], [ 22.6013714, 32.7331225 ], [ 22.6016772, 32.7330773 ], [ 22.602058, 32.7331947 ], [ 22.6023585, 32.7334203 ], [ 22.6025569, 32.7335692 ] ] } },
{ "type": "Feature", "properties": { "element": "way", "id": 1208463180, "name": null, "waterway": "river" }, "geometry": { "type": "LineString", "coordinates": [ [ 22.6025569, 32.7335692 ], [ 22.6025677, 32.7339934 ], [ 22.6027125, 32.7343634 ], [ 22.602793, 32.7346657 ], [ 22.6028842, 32.7349771 ], [ 22.6029754, 32.7351531 ], [ 22.6032168, 32.7353065 ], [ 22.6034743, 32.7355457 ], [ 22.6039785, 32.7358164 ], [ 22.6043057, 32.7359067 ], [ 22.6046115, 32.7360059 ], [ 22.60481, 32.7361368 ], [ 22.6049656, 32.7363624 ], [ 22.6050353, 32.7365519 ], [ 22.6049495, 32.7368543 ], [ 22.60481, 32.7370934 ], [ 22.6047081, 32.7372107 ], [ 22.6047361, 32.7374356 ] ] } },
{ "type": "Feature", "properties": { "element": "way", "id": 1208613702, "name": null, "waterway": "river" }, "geometry": { "type": "LineString", "coordinates": [ [ 22.6531474, 32.7599004 ], [ 22.6534948, 32.7598575 ], [ 22.6539937, 32.7597831 ], [ 22.6543665, 32.7597019 ], [ 22.6547179, 32.7595756 ], [ 22.6552141, 32.7594335 ], [ 22.6553504, 32.7594274 ] ] } },
{ "type": "Feature", "properties": { "element": "way", "id": 1208613704, "name": null, "waterway": "river" }, "geometry": { "type": "LineString", "coordinates": [ [ 22.646395, 32.7495128 ], [ 22.6465505, 32.7497293 ], [ 22.6466766, 32.7498692 ], [ 22.6467597, 32.7499346 ], [ 22.6469475, 32.7499955 ], [ 22.6470494, 32.7500722 ], [ 22.6470897, 32.7501647 ], [ 22.6470923, 32.7503339 ], [ 22.6470414, 32.7505256 ], [ 22.6470092, 32.7507851 ], [ 22.6470441, 32.7509948 ], [ 22.6471326, 32.7512249 ], [ 22.6473901, 32.7515047 ], [ 22.6475751, 32.7516355 ], [ 22.6477307, 32.7517821 ], [ 22.6478997, 32.7520618 ], [ 22.6479426, 32.7522446 ], [ 22.6478863, 32.7524521 ], [ 22.6478568, 32.7526416 ], [ 22.6478031, 32.7528333 ], [ 22.6477924, 32.7530318 ], [ 22.6479024, 32.7532303 ], [ 22.6480767, 32.7533567 ], [ 22.6482913, 32.7535123 ], [ 22.648353, 32.7537582 ], [ 22.6483691, 32.7539838 ], [ 22.6484442, 32.7542138 ], [ 22.6484093, 32.7544033 ], [ 22.6484334, 32.7545635 ], [ 22.6485595, 32.7548094 ], [ 22.6485434, 32.754965 ], [ 22.6484469, 32.7552244 ], [ 22.6482913, 32.7555582 ], [ 22.6482055, 32.7558312 ], [ 22.6482806, 32.7561064 ], [ 22.6483557, 32.7562485 ], [ 22.6483986, 32.7563658 ], [ 22.6485622, 32.7567628 ], [ 22.648648, 32.7569049 ], [ 22.6487607, 32.7571079 ], [ 22.6488814, 32.7572455 ], [ 22.648935, 32.7573199 ], [ 22.6489726, 32.7575861 ], [ 22.649045, 32.7577801 ], [ 22.649281, 32.7580372 ], [ 22.6494151, 32.7581838 ], [ 22.6494929, 32.7582538 ] ] } },
{ "type": "Feature", "properties": { "element": "way", "id": 1208613709, "name": null, "waterway": "stream" }, "geometry": { "type": "LineString", "coordinates": [ [ 22.6639849, 32.7375131 ], [ 22.6637113, 32.7376529 ], [ 22.6635611, 32.7377612 ], [ 22.6630783, 32.737865 ], [ 22.6626223, 32.7379914 ], [ 22.6620805, 32.7380906 ], [ 22.6614743, 32.7381854 ], [ 22.6609915, 32.7383253 ], [ 22.6607609, 32.7386186 ], [ 22.6606268, 32.7389209 ], [ 22.6604229, 32.7392864 ], [ 22.6601493, 32.7394985 ], [ 22.6600099, 32.7396519 ], [ 22.659924, 32.7397872 ], [ 22.6597148, 32.7398594 ], [ 22.6595378, 32.7397963 ], [ 22.6593071, 32.7397241 ], [ 22.6590818, 32.7396744 ], [ 22.6590201, 32.7396248 ] ] } },
{ "type": "Feature", "properties": { "element": "way", "id": 1208613710, "name": null, "waterway": "stream" }, "geometry": { "type": "LineString", "coordinates": [ [ 22.6313263, 32.74739 ], [ 22.6306987, 32.7476472 ], [ 22.6301837, 32.7479494 ], [ 22.6296794, 32.7481705 ], [ 22.6295614, 32.7482292 ], [ 22.6291966, 32.7483826 ], [ 22.6289928, 32.7486037 ], [ 22.6288104, 32.7488653 ], [ 22.6287193, 32.7489591 ] ] } },
{ "type": "Feature", "properties": { "element": "way", "id": 1208830486, "name": null, "waterway": "river" }, "geometry": { "type": "LineString", "coordinates": [ [ 22.6245618, 32.7316108 ], [ 22.6236713, 32.7319357 ], [ 22.6226681, 32.7322064 ], [ 22.6222175, 32.7322967 ], [ 22.6215792, 32.7325088 ], [ 22.6214316, 32.7325607 ], [ 22.6212117, 32.7325877 ], [ 22.6210896, 32.7327253 ], [ 22.6209931, 32.7327355 ], [ 22.6208059, 32.7328211 ] ] } },
{ "type": "Feature", "properties": { "element": "way", "id": 1208830487, "name": null, "waterway": "river" }, "geometry": { "type": "LineString", "coordinates": [ [ 22.6230973, 32.7264346 ], [ 22.6224536, 32.7266738 ], [ 22.6219279, 32.7268769 ], [ 22.6215631, 32.7271612 ], [ 22.6208603, 32.7276802 ], [ 22.6203453, 32.7279916 ], [ 22.6199886, 32.7281969 ], [ 22.619774, 32.7283458 ], [ 22.619693, 32.7284477 ] ] } },
{ "type": "Feature", "properties": { "element": "way", "id": 1208830488, "name": null, "waterway": "river" }, "geometry": { "type": "LineString", "coordinates": [ [ 22.6560858, 32.7025199 ], [ 22.6556674, 32.7024003 ], [ 22.6552758, 32.7022401 ], [ 22.6549405, 32.7021882 ], [ 22.6547581, 32.7022288 ], [ 22.6545516, 32.7023371 ], [ 22.6543102, 32.7026215 ], [ 22.654219, 32.702872 ], [ 22.6541653, 32.7030729 ], [ 22.6543638, 32.7031542 ], [ 22.6545623, 32.7032851 ], [ 22.6546374, 32.703425 ], [ 22.6545864, 32.7036123 ], [ 22.6544148, 32.7037816 ], [ 22.6542699, 32.7038335 ], [ 22.6540259, 32.7039261 ], [ 22.6536477, 32.7041585 ], [ 22.6533955, 32.7042511 ], [ 22.6530093, 32.7043233 ], [ 22.6528189, 32.7044136 ], [ 22.6527518, 32.7045603 ], [ 22.6526391, 32.7049327 ], [ 22.6525855, 32.7051223 ], [ 22.6525506, 32.7053164 ], [ 22.6525855, 32.7055285 ], [ 22.6525292, 32.7056459 ], [ 22.6524165, 32.7057836 ], [ 22.6523226, 32.7058851 ] ] } },
{ "type": "Feature", "properties": { "element": "way", "id": 1208830489, "name": null, "waterway": "river" }, "geometry": { "type": "LineString", "coordinates": [ [ 22.6564828, 32.706341 ], [ 22.6561904, 32.7064765 ], [ 22.6560402, 32.7065464 ], [ 22.6558605, 32.7066028 ], [ 22.655772, 32.7066232 ], [ 22.655603, 32.7066006 ], [ 22.6554608, 32.7065171 ], [ 22.6553106, 32.7064742 ], [ 22.6550585, 32.7065284 ], [ 22.6547071, 32.7065396 ], [ 22.6543853, 32.7065216 ], [ 22.6540956, 32.7063884 ], [ 22.653704, 32.706262 ], [ 22.6532131, 32.7062192 ], [ 22.6529154, 32.7062011 ], [ 22.6526687, 32.7061943 ], [ 22.6524541, 32.7061515 ], [ 22.6524058, 32.7060296 ], [ 22.6523226, 32.7058851 ] ] } },
{ "type": "Feature", "properties": { "element": "way", "id": 1208830490, "name": null, "waterway": "stream" }, "geometry": { "type": "LineString", "coordinates": [ [ 22.6559812, 32.7107104 ], [ 22.656303, 32.710417 ], [ 22.6564264, 32.7101868 ], [ 22.6561958, 32.7099792 ], [ 22.6560456, 32.709749 ], [ 22.6559973, 32.7094917 ], [ 22.656008, 32.7092841 ], [ 22.6559973, 32.709099 ], [ 22.6559114, 32.7089139 ], [ 22.6559329, 32.7086476 ], [ 22.656185, 32.7084625 ], [ 22.6563406, 32.7083632 ], [ 22.6561689, 32.7081556 ], [ 22.6560134, 32.7080157 ], [ 22.6559544, 32.7078848 ], [ 22.6560026, 32.707799 ], [ 22.656126, 32.7075417 ], [ 22.6560187, 32.7073973 ], [ 22.6557291, 32.7072122 ], [ 22.6554984, 32.7070903 ], [ 22.6554501, 32.706824 ], [ 22.6554608, 32.7065171 ] ] } },
{ "type": "Feature", "properties": { "element": "way", "id": 1208830491, "name": null, "waterway": "river" }, "geometry": { "type": "LineString", "coordinates": [ [ 22.6209623, 32.7160228 ], [ 22.6206082, 32.7160183 ], [ 22.6204097, 32.7161808 ], [ 22.6201898, 32.7161131 ], [ 22.6200557, 32.7159777 ], [ 22.6199055, 32.7158694 ], [ 22.6196104, 32.7158378 ], [ 22.6194066, 32.715734 ], [ 22.6192027, 32.7154993 ], [ 22.6190847, 32.7153232 ], [ 22.6189882, 32.7151833 ], [ 22.618795, 32.7151021 ], [ 22.6185483, 32.7150163 ], [ 22.6183873, 32.7149441 ], [ 22.6180279, 32.7147455 ], [ 22.6177329, 32.7146146 ], [ 22.61747, 32.7145469 ], [ 22.6172769, 32.7145108 ], [ 22.6169389, 32.7143483 ], [ 22.6168638, 32.7142039 ], [ 22.6168048, 32.7140865 ], [ 22.6167566, 32.7140053 ], [ 22.6166238, 32.713948 ] ] } },
{ "type": "Feature", "properties": { "element": "way", "id": 1208830492, "name": null, "waterway": "river" }, "geometry": { "type": "LineString", "coordinates": [ [ 22.630358, 32.7042105 ], [ 22.6304975, 32.7043978 ], [ 22.630645, 32.7045987 ], [ 22.6307067, 32.7047724 ], [ 22.6307577, 32.7048605 ], [ 22.6309025, 32.7050749 ], [ 22.6308328, 32.70526 ], [ 22.6307121, 32.7053954 ], [ 22.6305324, 32.7054518 ], [ 22.6302561, 32.7055127 ], [ 22.6299986, 32.7055353 ], [ 22.6296902, 32.7055827 ], [ 22.6294407, 32.7057497 ], [ 22.629438, 32.7059348 ], [ 22.6294702, 32.7060183 ], [ 22.6295185, 32.7061537 ], [ 22.6295695, 32.706314 ], [ 22.6295319, 32.7067202 ], [ 22.6294997, 32.7068105 ], [ 22.6294659, 32.7068676 ] ] } },
{ "type": "Feature", "properties": { "element": "way", "id": 1208830493, "name": null, "waterway": "river" }, "geometry": { "type": "LineString", "coordinates": [ [ 22.6523226, 32.7058851 ], [ 22.6520598, 32.7057768 ], [ 22.6517808, 32.7058355 ], [ 22.651239, 32.7060296 ], [ 22.6506329, 32.7063546 ], [ 22.650193, 32.706648 ], [ 22.6498389, 32.7067789 ], [ 22.6496458, 32.7068285 ], [ 22.6493561, 32.7067428 ], [ 22.6489431, 32.7066299 ], [ 22.6485836, 32.7065171 ], [ 22.6482993, 32.7064087 ], [ 22.6480526, 32.706332 ], [ 22.6481062, 32.7059935 ], [ 22.6481116, 32.7057858 ], [ 22.6480365, 32.7056143 ], [ 22.6476985, 32.7054247 ], [ 22.6475644, 32.705208 ], [ 22.6475429, 32.7049914 ], [ 22.6476073, 32.7048244 ], [ 22.6475859, 32.704698 ], [ 22.6474839, 32.7043955 ], [ 22.6472908, 32.7041653 ], [ 22.6471245, 32.7040434 ], [ 22.6469636, 32.7040164 ], [ 22.6464701, 32.7040164 ], [ 22.6460838, 32.7040389 ], [ 22.6458317, 32.704048 ], [ 22.645365, 32.703917 ], [ 22.6451236, 32.7038087 ], [ 22.644968, 32.7036778 ], [ 22.64485, 32.7033302 ], [ 22.6447427, 32.7030639 ], [ 22.6446354, 32.7027885 ], [ 22.644555, 32.7026712 ], [ 22.6443994, 32.7026486 ], [ 22.6441526, 32.7027615 ], [ 22.6439702, 32.7029736 ], [ 22.6438522, 32.7031 ], [ 22.6437288, 32.7032264 ], [ 22.6434874, 32.703425 ], [ 22.6431227, 32.7036733 ], [ 22.6426452, 32.7038584 ], [ 22.6421195, 32.7039938 ], [ 22.6416367, 32.7039441 ], [ 22.6414114, 32.7037049 ], [ 22.6414061, 32.7034611 ], [ 22.641288, 32.7031993 ], [ 22.6410413, 32.702942 ], [ 22.640698, 32.702793 ], [ 22.6402473, 32.7026892 ], [ 22.6398772, 32.702775 ], [ 22.6395607, 32.7030639 ], [ 22.6392281, 32.7033663 ], [ 22.6389384, 32.7036913 ], [ 22.6388258, 32.7038493 ], [ 22.638461, 32.7041337 ], [ 22.6382089, 32.7044407 ], [ 22.6378816, 32.7048153 ], [ 22.6376563, 32.7051042 ], [ 22.6372647, 32.7052035 ], [ 22.6370019, 32.7052171 ], [ 22.6368302, 32.7053074 ], [ 22.6366907, 32.7054383 ], [ 22.6367927, 32.7056188 ], [ 22.6369375, 32.7058129 ], [ 22.6369697, 32.7059664 ], [ 22.636857, 32.7061876 ], [ 22.6367712, 32.7063004 ], [ 22.6364869, 32.7064042 ], [ 22.6362026, 32.7064268 ], [ 22.6358592, 32.7060634 ], [ 22.6355025, 32.7059032 ], [ 22.6352021, 32.7058107 ], [ 22.6345369, 32.7055827 ], [ 22.6340407, 32.7055917 ], [ 22.6335418, 32.7057429 ], [ 22.6334318, 32.7060454 ], [ 22.6333299, 32.7062034 ], [ 22.633169, 32.7063523 ], [ 22.6328149, 32.7064877 ], [ 22.6323134, 32.7066232 ], [ 22.6316294, 32.7067653 ], [ 22.6312083, 32.7067857 ], [ 22.6308033, 32.7068173 ], [ 22.6305485, 32.7068466 ], [ 22.6299798, 32.7068353 ], [ 22.6295641, 32.7068443 ], [ 22.6294659, 32.7068676 ], [ 22.6291832, 32.7069346 ], [ 22.6289311, 32.7071423 ], [ 22.628628, 32.7075101 ], [ 22.6284751, 32.7078261 ], [ 22.6283893, 32.7080969 ], [ 22.628113, 32.7085528 ], [ 22.6279092, 32.7086205 ], [ 22.6272547, 32.7083903 ], [ 22.6267451, 32.7082685 ], [ 22.6260316, 32.7082775 ], [ 22.6253343, 32.7085664 ], [ 22.62483, 32.7088236 ], [ 22.6245886, 32.7091622 ], [ 22.6244384, 32.7094375 ], [ 22.6240683, 32.7098889 ], [ 22.6237035, 32.7102816 ], [ 22.6235264, 32.7103764 ], [ 22.6229525, 32.7102951 ], [ 22.6223785, 32.7101913 ], [ 22.6216274, 32.7103403 ], [ 22.6211554, 32.7106201 ], [ 22.6207584, 32.7109406 ], [ 22.6204526, 32.7110263 ], [ 22.620002, 32.7109631 ], [ 22.6195836, 32.7109135 ], [ 22.619133, 32.7111031 ], [ 22.618847, 32.7113111 ] ] } },
{ "type": "Feature", "properties": { "element": "way", "id": 1208830494, "name": null, "waterway": "stream" }, "geometry": { "type": "LineString", "coordinates": [ [ 22.5496638, 32.7843251 ], [ 22.549814, 32.7844965 ], [ 22.5500983, 32.784758 ], [ 22.5504577, 32.7848347 ], [ 22.550742, 32.7848121 ], [ 22.5509942, 32.7847084 ], [ 22.5512731, 32.7847625 ], [ 22.5514448, 32.784952 ], [ 22.5515199, 32.7851594 ], [ 22.5517183, 32.7857728 ], [ 22.5517559, 32.7860118 ], [ 22.5519168, 32.7862102 ], [ 22.5519758, 32.7863049 ], [ 22.5521421, 32.7865079 ], [ 22.5522709, 32.7866747 ], [ 22.5523728, 32.7872024 ], [ 22.5523996, 32.7874188 ], [ 22.5524157, 32.7876804 ], [ 22.5524908, 32.7878969 ], [ 22.5527537, 32.7880592 ], [ 22.5530648, 32.7882351 ], [ 22.5534296, 32.7885643 ], [ 22.5537193, 32.788862 ], [ 22.5537997, 32.7890469 ], [ 22.5538695, 32.7893129 ], [ 22.5539929, 32.7895114 ], [ 22.5540304, 32.7897414 ], [ 22.554127, 32.7899804 ] ] } },
{ "type": "Feature", "properties": { "element": "way", "id": 1209112907, "name": null, "waterway": "stream" }, "geometry": { "type": "LineString", "coordinates": [ [ 22.5579786, 32.6306652 ], [ 22.5584078, 32.6305748 ], [ 22.5590944, 32.6300327 ], [ 22.559545, 32.6290749 ], [ 22.5598669, 32.6284785 ], [ 22.5602531, 32.6283521 ], [ 22.5609398, 32.6278461 ], [ 22.5612187, 32.627087 ], [ 22.5617981, 32.6268883 ], [ 22.5630212, 32.6265449 ], [ 22.5643086, 32.6265088 ], [ 22.5657892, 32.6265449 ], [ 22.5672698, 32.6266895 ], [ 22.5678062, 32.627828 ], [ 22.5683212, 32.6284424 ], [ 22.5687289, 32.6292014 ], [ 22.5690079, 32.6303579 ], [ 22.5705957, 32.6307736 ], [ 22.5710892, 32.6310808 ], [ 22.5716901, 32.6315868 ], [ 22.5729561, 32.6323638 ], [ 22.5736427, 32.6331589 ], [ 22.5741792, 32.6336649 ], [ 22.5753808, 32.6341528 ], [ 22.5757026, 32.6346407 ], [ 22.5758958, 32.6353635 ], [ 22.5755954, 32.6357068 ], [ 22.5753164, 32.6362669 ], [ 22.5754452, 32.6369175 ], [ 22.5756812, 32.6376764 ], [ 22.575767, 32.6385798 ], [ 22.5756168, 32.6392665 ], [ 22.5753379, 32.6402061 ], [ 22.5749731, 32.6408204 ], [ 22.5748443, 32.6413083 ], [ 22.5749422, 32.6415365 ], [ 22.5751233, 32.6419587 ], [ 22.5754452, 32.6430248 ], [ 22.5758314, 32.6436391 ], [ 22.576282, 32.6439643 ], [ 22.5766682, 32.6447232 ], [ 22.5764537, 32.645464 ], [ 22.576518, 32.6464396 ], [ 22.577312, 32.6474333 ], [ 22.5772047, 32.6496556 ], [ 22.5775909, 32.6510558 ], [ 22.5770759, 32.6522482 ], [ 22.5763249, 32.653287 ], [ 22.5765663, 32.6548588 ], [ 22.5767406, 32.6552269 ], [ 22.576915, 32.655595 ], [ 22.5770169, 32.6566157 ], [ 22.5773334, 32.6575506 ], [ 22.5767541, 32.6583229 ] ] } },
{ "type": "Feature", "properties": { "element": "way", "id": 1209707873, "name": null, "waterway": "river" }, "geometry": { "type": "LineString", "coordinates": [ [ 22.6496136, 32.7584004 ], [ 22.6497665, 32.7585538 ], [ 22.6499221, 32.7587004 ] ] } },
{ "type": "Feature", "properties": { "element": "way", "id": 1209707874, "name": null, "waterway": "river" }, "geometry": { "type": "LineString", "coordinates": [ [ 22.6494929, 32.7582538 ], [ 22.6496136, 32.7584004 ] ] } },
{ "type": "Feature", "properties": { "element": "way", "id": 1209746843, "name": null, "waterway": "stream" }, "geometry": { "type": "LineString", "coordinates": [ [ 22.6105533, 32.7296364 ], [ 22.6110048, 32.7296168 ], [ 22.6114793, 32.7294792 ], [ 22.6119743, 32.7293363 ], [ 22.6123698, 32.7291649 ], [ 22.6126321, 32.7291569 ], [ 22.6130112, 32.7292894 ], [ 22.6135467, 32.7292978 ], [ 22.6142477, 32.729496 ], [ 22.6145028, 32.7296753 ], [ 22.6149298, 32.7293821 ], [ 22.6150014, 32.7290645 ], [ 22.6149776, 32.7288173 ], [ 22.6153044, 32.7285283 ], [ 22.6156719, 32.7282908 ], [ 22.6161102, 32.7279796 ], [ 22.6166675, 32.7278763 ], [ 22.6172786, 32.7278067 ], [ 22.6177121, 32.7279795 ], [ 22.6183414, 32.7281662 ], [ 22.619011, 32.7284256 ], [ 22.6197168, 32.7289659 ] ] } },
{ "type": "Feature", "properties": { "element": "way", "id": 1210048243, "name": null, "waterway": "river" }, "geometry": { "type": "LineString", "coordinates": [ [ 22.6841552, 32.7398888 ], [ 22.6841846, 32.7402881 ], [ 22.6844636, 32.7404799 ], [ 22.6851188, 32.7409127 ], [ 22.6855984, 32.7411741 ], [ 22.685983, 32.7415005 ], [ 22.6862524, 32.7416925 ], [ 22.68651, 32.7419465 ], [ 22.6866953, 32.742219 ], [ 22.6866388, 32.742684 ], [ 22.6864028, 32.7431172 ], [ 22.6859707, 32.7434841 ], [ 22.6856491, 32.7440102 ], [ 22.6858534, 32.7443519 ], [ 22.6861488, 32.7446238 ], [ 22.686159, 32.7451447 ], [ 22.6860138, 32.7455253 ], [ 22.6855767, 32.7461808 ], [ 22.685735, 32.7464786 ], [ 22.6857939, 32.7466523 ], [ 22.6858288, 32.7468588 ], [ 22.6859616, 32.7470313 ], [ 22.6861131, 32.7472354 ], [ 22.6861936, 32.7472975 ], [ 22.686278, 32.7473776 ], [ 22.6863465, 32.7474249 ], [ 22.6865517, 32.7475941 ], [ 22.6866429, 32.7476765 ] ] } },
{ "type": "Feature", "properties": { "element": "way", "id": 1210048244, "name": null, "waterway": "river" }, "geometry": { "type": "LineString", "coordinates": [ [ 22.6841068, 32.7397601 ], [ 22.6841552, 32.7398888 ] ] } },
{ "type": "Feature", "properties": { "element": "way", "id": 1210048245, "name": null, "waterway": "river" }, "geometry": { "type": "LineString", "coordinates": [ [ 22.5850582, 32.758732 ], [ 22.5811958, 32.7617454 ], [ 22.580477, 32.7624311 ], [ 22.5794148, 32.7630897 ], [ 22.5790715, 32.7640912 ], [ 22.5794041, 32.7650294 ], [ 22.5792861, 32.7663466 ], [ 22.57846, 32.767357 ], [ 22.5779235, 32.767736 ], [ 22.5778484, 32.7684035 ], [ 22.5784385, 32.7704604 ], [ 22.5791895, 32.7714257 ], [ 22.5801766, 32.7718317 ], [ 22.5793183, 32.7729864 ], [ 22.579565, 32.7744297 ], [ 22.5807238, 32.7748717 ], [ 22.5813838, 32.7749441 ], [ 22.5817832, 32.7748943 ], [ 22.5822419, 32.7747139 ], [ 22.5829232, 32.7746507 ], [ 22.5839263, 32.7751198 ], [ 22.5847793, 32.7758595 ], [ 22.5849509, 32.7765451 ], [ 22.5849402, 32.7775013 ], [ 22.5849134, 32.7785251 ], [ 22.5847042, 32.779355 ], [ 22.5844735, 32.7797474 ], [ 22.5843555, 32.7805231 ], [ 22.5843769, 32.7814432 ], [ 22.584554, 32.7817183 ], [ 22.5847793, 32.7817499 ], [ 22.585144, 32.7820926 ], [ 22.5855678, 32.7826203 ], [ 22.5859004, 32.7831164 ], [ 22.586233, 32.7834727 ], [ 22.586402, 32.7835562 ], [ 22.5864422, 32.7837501 ], [ 22.5865428, 32.7838808 ] ] } },
{ "type": "Feature", "properties": { "element": "way", "id": 1210048246, "name": null, "waterway": "river" }, "geometry": { "type": "LineString", "coordinates": [ [ 22.581245, 32.774967 ], [ 22.5813838, 32.7749441 ] ] } },
{ "type": "Feature", "properties": { "element": "way", "id": 1210284488, "name": null, "waterway": "stream" }, "geometry": { "type": "LineString", "coordinates": [ [ 22.6920766, 32.6814808 ], [ 22.6930004, 32.6812985 ], [ 22.6942562, 32.6811892 ], [ 22.6953966, 32.6811892 ], [ 22.6959596, 32.6811892 ], [ 22.6968401, 32.6813714 ], [ 22.6976773, 32.6815415 ], [ 22.6980093, 32.6816509 ], [ 22.6990796, 32.6814113 ], [ 22.6993662, 32.6813471 ], [ 22.6998714, 32.6811649 ], [ 22.7009541, 32.680691 ], [ 22.7014304, 32.6799742 ], [ 22.701517, 32.6793667 ], [ 22.7017624, 32.6783461 ], [ 22.7018346, 32.6779087 ], [ 22.7021089, 32.6769488 ], [ 22.7021233, 32.6765114 ], [ 22.7018635, 32.6762563 ], [ 22.7015315, 32.6760497 ], [ 22.7009829, 32.6755637 ], [ 22.7007808, 32.6751263 ], [ 22.7007664, 32.6746159 ], [ 22.7013294, 32.6741664 ], [ 22.7017913, 32.6738505 ], [ 22.7025852, 32.6732308 ], [ 22.7031482, 32.6726597 ], [ 22.7038555, 32.6719428 ], [ 22.7043896, 32.6715782 ], [ 22.7047071, 32.6710679 ], [ 22.7053423, 32.6703267 ], [ 22.7061506, 32.6692331 ], [ 22.7065981, 32.6687106 ], [ 22.707392, 32.6683703 ], [ 22.7082038, 32.6681815 ] ] } },
{ "type": "Feature", "properties": { "element": "way", "id": 1210371858, "name": null, "waterway": "stream" }, "geometry": { "type": "LineString", "coordinates": [ [ 22.7207854, 32.5880003 ], [ 22.7212145, 32.5884631 ], [ 22.7212832, 32.5886946 ], [ 22.7215321, 32.5893165 ], [ 22.7217982, 32.5896347 ], [ 22.7220557, 32.5902638 ], [ 22.7219269, 32.590676 ], [ 22.7220986, 32.591081 ], [ 22.7221587, 32.5912835 ], [ 22.721884, 32.591486 ], [ 22.7213948, 32.5918548 ], [ 22.7210085, 32.5920573 ], [ 22.7206309, 32.5924984 ], [ 22.7203734, 32.5929973 ], [ 22.7200043, 32.5933878 ], [ 22.720073, 32.5939591 ], [ 22.7200129, 32.5943279 ], [ 22.7194808, 32.5950944 ], [ 22.719146, 32.595644 ], [ 22.7188027, 32.5960706 ], [ 22.7187169, 32.596396 ], [ 22.7186568, 32.5966997 ], [ 22.718528, 32.5971336 ], [ 22.7183907, 32.5977049 ], [ 22.7183993, 32.598117 ], [ 22.7182791, 32.5984713 ], [ 22.7179701, 32.598898 ], [ 22.7176611, 32.5992884 ], [ 22.7174809, 32.5995704 ], [ 22.7174723, 32.6002212 ], [ 22.7176097, 32.6007708 ], [ 22.7177041, 32.6012335 ], [ 22.7179959, 32.6015444 ], [ 22.7181847, 32.6018554 ], [ 22.7182791, 32.6023977 ], [ 22.718468, 32.6029616 ], [ 22.7188456, 32.6036702 ], [ 22.7190602, 32.6039956 ], [ 22.7193091, 32.6042198 ], [ 22.7195666, 32.6041981 ], [ 22.7199442, 32.6040968 ], [ 22.7201932, 32.6041764 ], [ 22.7203991, 32.6043138 ], [ 22.7205794, 32.6046681 ], [ 22.720794, 32.6052465 ], [ 22.7208884, 32.6055357 ], [ 22.7207768, 32.6057526 ], [ 22.7205193, 32.6061286 ], [ 22.7202618, 32.6063383 ], [ 22.7201073, 32.6064829 ], [ 22.7201073, 32.6068516 ], [ 22.7199442, 32.6074517 ], [ 22.7197812, 32.6082904 ], [ 22.7196438, 32.6085435 ], [ 22.719455, 32.6088688 ], [ 22.7193648, 32.6093783 ], [ 22.7193091, 32.6096931 ], [ 22.719249, 32.609975 ], [ 22.7187855, 32.6104667 ], [ 22.718425, 32.6106908 ], [ 22.7180302, 32.6110451 ], [ 22.7178156, 32.611262 ], [ 22.7177727, 32.6115512 ], [ 22.7175496, 32.6119271 ], [ 22.7172835, 32.6121874 ], [ 22.7166655, 32.6125344 ], [ 22.7158072, 32.6130333 ], [ 22.7157643, 32.6133514 ], [ 22.7156184, 32.6140021 ], [ 22.7154639, 32.6146166 ], [ 22.7153695, 32.6152094 ], [ 22.7151549, 32.6155275 ], [ 22.7147858, 32.6157516 ], [ 22.7144167, 32.6160987 ], [ 22.7141507, 32.6164818 ], [ 22.7140305, 32.6172337 ], [ 22.7143309, 32.6178626 ], [ 22.7147086, 32.6186362 ], [ 22.7151721, 32.6193157 ], [ 22.7153952, 32.6199158 ], [ 22.7157385, 32.6205303 ], [ 22.715833, 32.6210001 ], [ 22.7159102, 32.6215929 ], [ 22.7161076, 32.6220845 ], [ 22.7163565, 32.6226917 ], [ 22.7169402, 32.6237399 ], [ 22.7172148, 32.6244773 ], [ 22.7175582, 32.6251423 ], [ 22.7179959, 32.6257134 ], [ 22.7184165, 32.6261327 ], [ 22.7188885, 32.6266387 ], [ 22.71997, 32.6273905 ], [ 22.7205966, 32.6279615 ], [ 22.7212317, 32.628323 ], [ 22.7219012, 32.6290097 ], [ 22.7223046, 32.6294145 ], [ 22.7226651, 32.6301445 ], [ 22.7233337, 32.6310441 ] ] } },
{ "type": "Feature", "properties": { "element": "way", "id": 1210423415, "name": null, "waterway": "stream" }, "geometry": { "type": "LineString", "coordinates": [ [ 22.5253951, 32.7601034 ], [ 22.526232, 32.7602838 ], [ 22.5264466, 32.7605184 ], [ 22.5264439, 32.7607823 ], [ 22.5260684, 32.7610214 ], [ 22.5259021, 32.7612289 ], [ 22.5259933, 32.7617161 ], [ 22.5263715, 32.7619529 ], [ 22.5269374, 32.7619056 ], [ 22.527895, 32.7618988 ], [ 22.5288391, 32.7623138 ], [ 22.529, 32.7627108 ], [ 22.5290429, 32.7630536 ], [ 22.5295257, 32.763216 ], [ 22.53003, 32.7632341 ], [ 22.5301051, 32.763631 ], [ 22.5298047, 32.7639017 ], [ 22.5296867, 32.7642355 ], [ 22.5301802, 32.7644069 ], [ 22.5305557, 32.7645242 ], [ 22.5306201, 32.764867 ], [ 22.5304162, 32.7651918 ], [ 22.5300836, 32.7655708 ], [ 22.5300944, 32.7659497 ], [ 22.5304162, 32.7662925 ], [ 22.5307864, 32.766694 ], [ 22.530942, 32.7673345 ], [ 22.531516, 32.7681284 ], [ 22.5322026, 32.7689178 ], [ 22.5321704, 32.7699462 ], [ 22.5324386, 32.770483 ], [ 22.5330234, 32.770704 ], [ 22.5339889, 32.7716332 ], [ 22.5348365, 32.7726436 ], [ 22.5352871, 32.7729864 ] ] } },
{ "type": "Feature", "properties": { "element": "way", "id": 1210423416, "name": null, "waterway": "stream" }, "geometry": { "type": "LineString", "coordinates": [ [ 22.529633, 32.7548883 ], [ 22.5300407, 32.755168 ], [ 22.5302017, 32.755547 ], [ 22.5300944, 32.7559485 ], [ 22.5302553, 32.7562913 ], [ 22.5305664, 32.7565801 ], [ 22.5311136, 32.7566838 ], [ 22.5315964, 32.7568372 ], [ 22.531929, 32.7573831 ], [ 22.532385, 32.7574959 ], [ 22.532621, 32.7576854 ], [ 22.5329, 32.7581229 ], [ 22.5333559, 32.7585921 ], [ 22.5333667, 32.7588899 ], [ 22.5333613, 32.7591605 ], [ 22.5335813, 32.7594312 ], [ 22.5340372, 32.759553 ], [ 22.5348097, 32.760577 ], [ 22.5347024, 32.7615424 ], [ 22.534976, 32.7623138 ], [ 22.5351959, 32.7628912 ], [ 22.5353569, 32.7636897 ] ] } },
{ "type": "Feature", "properties": { "element": "way", "id": 1210423417, "name": null, "waterway": "stream" }, "geometry": { "type": "LineString", "coordinates": [ [ 22.5357002, 32.7498714 ], [ 22.5362849, 32.7508685 ], [ 22.536698, 32.7511708 ], [ 22.5370949, 32.7511122 ], [ 22.5376099, 32.7509994 ], [ 22.5380981, 32.7509678 ], [ 22.5386077, 32.7511347 ], [ 22.5390422, 32.7514731 ], [ 22.5392085, 32.7518566 ], [ 22.5392353, 32.7522401 ], [ 22.5394714, 32.7525107 ], [ 22.5403136, 32.7526822 ], [ 22.5407159, 32.752619 ], [ 22.5409198, 32.7522852 ], [ 22.5411504, 32.7519919 ], [ 22.5416064, 32.7519468 ], [ 22.5419283, 32.7524882 ], [ 22.5419068, 32.7529935 ], [ 22.5418854, 32.7534988 ], [ 22.5425505, 32.7541665 ], [ 22.5436449, 32.754744 ], [ 22.5443744, 32.7553575 ], [ 22.5450182, 32.7561154 ], [ 22.5453186, 32.7565305 ], [ 22.5458658, 32.7569906 ] ] } },
{ "type": "Feature", "properties": { "element": "way", "id": 1210423418, "name": null, "waterway": "stream" }, "geometry": { "type": "LineString", "coordinates": [ [ 22.5385487, 32.7485179 ], [ 22.5398576, 32.7489872 ], [ 22.5404213, 32.7491892 ], [ 22.5411343, 32.7494022 ], [ 22.5424862, 32.7494113 ], [ 22.5436897, 32.7495759 ] ] } },
{ "type": "Feature", "properties": { "element": "way", "id": 1210423827, "name": null, "waterway": "stream" }, "geometry": { "type": "LineString", "coordinates": [ [ 22.51899, 32.7650881 ], [ 22.5204706, 32.7657241 ], [ 22.5210661, 32.7658865 ], [ 22.5216401, 32.7664955 ], [ 22.5228202, 32.7670007 ], [ 22.5234854, 32.7670097 ], [ 22.5241452, 32.7669736 ], [ 22.5246388, 32.7670864 ], [ 22.5252289, 32.7670413 ], [ 22.5258882, 32.767024 ] ] } },
{ "type": "Feature", "properties": { "element": "way", "id": 1210423828, "name": null, "waterway": "stream" }, "geometry": { "type": "LineString", "coordinates": [ [ 22.5180352, 32.7601214 ], [ 22.5188506, 32.7602207 ], [ 22.5205457, 32.7602026 ], [ 22.5217152, 32.7606176 ], [ 22.5219726, 32.7607349 ], [ 22.5221336, 32.761159 ], [ 22.5225413, 32.7613485 ], [ 22.5227344, 32.7615921 ], [ 22.5227559, 32.7620251 ], [ 22.522831, 32.7622868 ], [ 22.5233674, 32.7625574 ], [ 22.5236356, 32.7629273 ], [ 22.5242901, 32.7630807 ], [ 22.524451, 32.7633604 ], [ 22.5249284, 32.7637213 ], [ 22.5253683, 32.7638566 ], [ 22.5255722, 32.7642671 ], [ 22.5257653, 32.7644971 ], [ 22.5260121, 32.7646911 ], [ 22.5260282, 32.7649437 ], [ 22.525776, 32.7656249 ], [ 22.5259262, 32.7661572 ], [ 22.5259691, 32.7664549 ], [ 22.5258028, 32.7667932 ], [ 22.5258882, 32.767024 ], [ 22.5259262, 32.767127 ], [ 22.5264412, 32.7674879 ], [ 22.5269133, 32.7680923 ], [ 22.5270259, 32.7686742 ], [ 22.5267792, 32.7692651 ], [ 22.5268221, 32.7696485 ], [ 22.5271332, 32.7701447 ], [ 22.5271976, 32.7706544 ], [ 22.5271547, 32.7710017 ] ] } },
{ "type": "Feature", "properties": { "element": "way", "id": 1210423829, "name": null, "waterway": "stream" }, "geometry": { "type": "LineString", "coordinates": [ [ 22.5114262, 32.7603064 ], [ 22.5115067, 32.7609289 ], [ 22.5118393, 32.761786 ], [ 22.5124884, 32.7626837 ], [ 22.5134647, 32.763613 ], [ 22.5137114, 32.7643257 ], [ 22.5143981, 32.7654174 ], [ 22.5150418, 32.7657602 ], [ 22.5152242, 32.7663647 ], [ 22.5158143, 32.766924 ], [ 22.5168014, 32.7678217 ], [ 22.5167423, 32.7685569 ], [ 22.5169945, 32.769229 ], [ 22.5175953, 32.7696485 ], [ 22.517944, 32.7699462 ], [ 22.5179064, 32.7704334 ], [ 22.5183248, 32.7704694 ], [ 22.5189257, 32.770262 ], [ 22.5194299, 32.7700996 ], [ 22.5197732, 32.7701988 ], [ 22.5199449, 32.7704694 ], [ 22.5202882, 32.7707852 ], [ 22.5208247, 32.7710197 ], [ 22.5214898, 32.7709746 ], [ 22.5225735, 32.7708123 ], [ 22.5229919, 32.7707942 ], [ 22.523421, 32.7709205 ], [ 22.5238824, 32.7712633 ], [ 22.524451, 32.7712994 ], [ 22.5249016, 32.771128 ], [ 22.5254381, 32.7712272 ], [ 22.5265968, 32.7710829 ], [ 22.5271547, 32.7710017 ], [ 22.528528, 32.7715791 ], [ 22.5293648, 32.7730134 ], [ 22.5301587, 32.7738614 ], [ 22.5313389, 32.7742944 ], [ 22.5330663, 32.7747094 ], [ 22.5341582, 32.7750016 ] ] } },
{ "type": "Feature", "properties": { "element": "way", "id": 1210423830, "name": null, "waterway": "river" }, "geometry": { "type": "LineString", "coordinates": [ [ 22.5353569, 32.7636897 ], [ 22.5357968, 32.7644475 ], [ 22.5364834, 32.7650339 ], [ 22.5368535, 32.7655753 ], [ 22.5371593, 32.7658414 ], [ 22.5377494, 32.7659903 ], [ 22.538259, 32.7663872 ], [ 22.5383287, 32.7668067 ], [ 22.5384521, 32.767118 ], [ 22.5386774, 32.7672759 ], [ 22.5389671, 32.7676322 ], [ 22.539686, 32.7677901 ], [ 22.5408393, 32.7684938 ] ] } },
{ "type": "Feature", "properties": { "element": "way", "id": 1210423831, "name": null, "waterway": "stream" }, "geometry": { "type": "LineString", "coordinates": [ [ 22.5361669, 32.757956 ], [ 22.536596, 32.7585515 ], [ 22.5376797, 32.7589124 ], [ 22.5382376, 32.7592733 ], [ 22.5387311, 32.7606537 ], [ 22.5398362, 32.7612763 ], [ 22.5402653, 32.7616733 ], [ 22.5401795, 32.7618402 ], [ 22.5402009, 32.7621356 ], [ 22.5404692, 32.7626995 ], [ 22.5401768, 32.7628326 ], [ 22.5400293, 32.7630288 ], [ 22.5400615, 32.7633694 ], [ 22.5400346, 32.7635453 ], [ 22.5398683, 32.7637799 ], [ 22.5398844, 32.7640145 ], [ 22.5399756, 32.7642355 ], [ 22.5399113, 32.7643934 ], [ 22.5396967, 32.7645919 ], [ 22.5396484, 32.7650069 ], [ 22.5397718, 32.7655121 ], [ 22.5399971, 32.7657602 ], [ 22.5403887, 32.7658775 ], [ 22.5405067, 32.7659767 ], [ 22.5404021, 32.7664865 ], [ 22.5405657, 32.7673119 ], [ 22.540614, 32.7678262 ], [ 22.5408393, 32.7684938 ] ] } },
{ "type": "Feature", "properties": { "element": "way", "id": 1211106723, "name": null, "waterway": "stream" }, "geometry": { "type": "LineString", "coordinates": [ [ 22.5964093, 32.6107579 ], [ 22.5963128, 32.6110335 ], [ 22.5962377, 32.6112142 ], [ 22.5960928, 32.6113724 ], [ 22.5960231, 32.6115757 ], [ 22.5960231, 32.6117203 ], [ 22.5962323, 32.6119327 ], [ 22.5965005, 32.6120999 ], [ 22.5966614, 32.61224 ], [ 22.5969833, 32.6125518 ], [ 22.597155, 32.6128003 ], [ 22.5975841, 32.613573 ], [ 22.5980133, 32.6141694 ], [ 22.5983942, 32.614671 ], [ 22.5986034, 32.6149105 ], [ 22.5993919, 32.6159949 ], [ 22.5998694, 32.6168715 ], [ 22.6001, 32.6175266 ], [ 22.6004058, 32.6188189 ], [ 22.6007277, 32.6195915 ], [ 22.6009369, 32.620075 ], [ 22.6010871, 32.6209244 ], [ 22.6011139, 32.6213672 ], [ 22.6010442, 32.6219094 ], [ 22.6011461, 32.6222844 ], [ 22.6013714, 32.6224606 ], [ 22.6017362, 32.6225781 ], [ 22.6021814, 32.6228537 ], [ 22.6023209, 32.6230705 ], [ 22.6024121, 32.6234501 ], [ 22.6023424, 32.6239922 ], [ 22.6022297, 32.6245118 ], [ 22.6017469, 32.6248642 ], [ 22.6012158, 32.6251895 ], [ 22.6009047, 32.6253838 ], [ 22.6005989, 32.6257136 ], [ 22.6003253, 32.6261383 ], [ 22.6001966, 32.6264455 ] ] } },
{ "type": "Feature", "properties": { "element": "way", "id": 1211106725, "name": ".", "waterway": "stream" }, "geometry": { "type": "LineString", "coordinates": [ [ 22.5768184, 32.6162796 ], [ 22.5775051, 32.6177978 ], [ 22.5782775, 32.6189545 ], [ 22.5794363, 32.6197135 ], [ 22.5809383, 32.6201834 ], [ 22.5822258, 32.6207618 ], [ 22.5830841, 32.6212678 ], [ 22.5841569, 32.6214124 ], [ 22.5853586, 32.6213763 ], [ 22.5864744, 32.6205088 ], [ 22.5878048, 32.6202919 ], [ 22.5886631, 32.6204365 ], [ 22.589221, 32.6206172 ], [ 22.5903368, 32.6211232 ], [ 22.591238, 32.621304 ], [ 22.5920534, 32.6213763 ], [ 22.5929117, 32.6214847 ], [ 22.5938558, 32.6217739 ], [ 22.5944137, 32.6222799 ], [ 22.5947141, 32.6228221 ], [ 22.5951433, 32.6235088 ], [ 22.5957012, 32.6241233 ], [ 22.5963878, 32.6242679 ], [ 22.5974178, 32.6244124 ], [ 22.5980615, 32.6248462 ], [ 22.5988769, 32.6252708 ], [ 22.599585, 32.6258582 ], [ 22.5999069, 32.6262196 ], [ 22.6001966, 32.6264455 ] ] } },
{ "type": "Feature", "properties": { "element": "way", "id": 1212842554, "name": null, "waterway": "stream" }, "geometry": { "type": "LineString", "coordinates": [ [ 22.6423072, 32.716244 ], [ 22.6428651, 32.7147997 ], [ 22.6426935, 32.7137526 ], [ 22.6425647, 32.7129221 ], [ 22.642951, 32.7124888 ], [ 22.6435518, 32.7123444 ], [ 22.6433801, 32.7118027 ], [ 22.6429939, 32.71155 ], [ 22.6426935, 32.7111528 ], [ 22.6430154, 32.7107555 ], [ 22.6431012, 32.7103042 ], [ 22.6431012, 32.7098347 ], [ 22.6425648, 32.7098528 ], [ 22.6423073, 32.7094375 ], [ 22.6425648, 32.7090945 ], [ 22.6429081, 32.7086973 ], [ 22.6433158, 32.7084084 ], [ 22.6433587, 32.7080473 ], [ 22.6430583, 32.7075959 ], [ 22.6423716, 32.7076681 ], [ 22.6423931, 32.7072709 ], [ 22.6426291, 32.7069459 ], [ 22.6426291, 32.7063862 ], [ 22.6424145, 32.706007 ], [ 22.6421356, 32.705664 ], [ 22.6420069, 32.7053029 ], [ 22.6421356, 32.7050681 ], [ 22.6422429, 32.7048695 ], [ 22.6422, 32.7044903 ], [ 22.6420283, 32.7042014 ], [ 22.6421195, 32.7039938 ] ] } },
{ "type": "Feature", "properties": { "element": "way", "id": 1212842555, "name": null, "waterway": "stream" }, "geometry": { "type": "LineString", "coordinates": [ [ 22.6369857, 32.6921212 ], [ 22.6365566, 32.6932769 ], [ 22.635355, 32.6942159 ], [ 22.6352691, 32.6946132 ], [ 22.6347971, 32.6953716 ], [ 22.6342821, 32.6960939 ], [ 22.6344108, 32.6971052 ], [ 22.6355266, 32.6978997 ], [ 22.6360416, 32.6977552 ], [ 22.6366853, 32.698008 ], [ 22.637372, 32.6982608 ], [ 22.6377582, 32.6990192 ], [ 22.6385307, 32.6993804 ], [ 22.6394748, 32.6996332 ], [ 22.6396894, 32.7000665 ], [ 22.6396894, 32.7011138 ], [ 22.6400756, 32.7019805 ], [ 22.6402473, 32.7026892 ] ] } },
{ "type": "Feature", "properties": { "element": "way", "id": 1212842556, "name": null, "waterway": "stream" }, "geometry": { "type": "LineString", "coordinates": [ [ 22.6454615, 32.6891415 ], [ 22.6453972, 32.6901708 ], [ 22.6455688, 32.6908029 ], [ 22.6455903, 32.6913266 ], [ 22.6456976, 32.691778 ], [ 22.6459336, 32.6922656 ], [ 22.6461267, 32.692699 ], [ 22.6462555, 32.6932769 ], [ 22.6462769, 32.6936381 ], [ 22.6462555, 32.6940895 ], [ 22.6463628, 32.6945951 ], [ 22.6463842, 32.6947938 ], [ 22.6460624, 32.6951188 ], [ 22.6462126, 32.6955161 ], [ 22.6463842, 32.6959856 ], [ 22.646234, 32.6962564 ], [ 22.6458049, 32.6961481 ], [ 22.6453972, 32.6962745 ], [ 22.6451826, 32.6967079 ], [ 22.6450109, 32.6971954 ], [ 22.6453328, 32.6974482 ], [ 22.6455903, 32.6976469 ], [ 22.645998, 32.6977372 ], [ 22.6458692, 32.6981705 ], [ 22.6458049, 32.698622 ], [ 22.6460838, 32.6989109 ], [ 22.646513, 32.6991637 ], [ 22.6467705, 32.6993984 ], [ 22.6468563, 32.6997957 ], [ 22.646749, 32.7000665 ], [ 22.6468563, 32.7003013 ], [ 22.6472425, 32.700536 ] ] } },
{ "type": "Feature", "properties": { "element": "way", "id": 1212842557, "name": null, "waterway": "stream" }, "geometry": { "type": "LineString", "coordinates": [ [ 22.6481223, 32.6895388 ], [ 22.6485944, 32.6903153 ], [ 22.6487875, 32.6908932 ], [ 22.649045, 32.6913988 ], [ 22.6493668, 32.6920309 ], [ 22.649517, 32.6923379 ], [ 22.6498818, 32.6927713 ], [ 22.650311, 32.6931866 ], [ 22.650547, 32.6936381 ], [ 22.6504397, 32.6941617 ], [ 22.6500106, 32.6943423 ], [ 22.6496029, 32.694541 ], [ 22.6491737, 32.6949382 ], [ 22.6489162, 32.6953897 ], [ 22.6488304, 32.6958772 ], [ 22.6489591, 32.6962384 ], [ 22.6489162, 32.6965454 ], [ 22.6487446, 32.6969607 ], [ 22.6482725, 32.6975746 ], [ 22.6481437, 32.6977552 ], [ 22.647779, 32.6983692 ], [ 22.6480794, 32.6987484 ], [ 22.6481867, 32.6989289 ], [ 22.6481223, 32.6993623 ], [ 22.6478648, 32.699597 ], [ 22.6476931, 32.699886 ], [ 22.6476931, 32.7004638 ], [ 22.6472425, 32.700536 ], [ 22.646985, 32.7006082 ], [ 22.6468348, 32.7009874 ], [ 22.6465559, 32.7017458 ], [ 22.6454401, 32.7021791 ], [ 22.6448607, 32.7024319 ], [ 22.644555, 32.7026712 ] ] } },
{ "type": "Feature", "properties": { "element": "way", "id": 1212842558, "name": null, "waterway": "stream" }, "geometry": { "type": "LineString", "coordinates": [ [ 22.6249695, 32.6827483 ], [ 22.6255274, 32.6833443 ], [ 22.6262569, 32.6839042 ], [ 22.6267934, 32.6841028 ], [ 22.6279092, 32.6844821 ], [ 22.6284241, 32.684753 ], [ 22.6286816, 32.6849697 ], [ 22.6291752, 32.6856921 ], [ 22.6296901, 32.6861436 ], [ 22.6296687, 32.6866493 ], [ 22.630012, 32.6871369 ], [ 22.6301622, 32.6873536 ], [ 22.6302695, 32.6878412 ], [ 22.6303124, 32.6883649 ], [ 22.6305055, 32.6887261 ], [ 22.6308489, 32.6891053 ], [ 22.6313638, 32.6893401 ], [ 22.6317072, 32.6896832 ], [ 22.6320934, 32.6901528 ], [ 22.6324221, 32.6908774 ] ] } },
{ "type": "Feature", "properties": { "element": "way", "id": 1212842559, "name": null, "waterway": "stream" }, "geometry": { "type": "LineString", "coordinates": [ [ 22.6335954, 32.6878593 ], [ 22.6338529, 32.6889428 ], [ 22.6339387, 32.6894124 ], [ 22.6334238, 32.6901708 ], [ 22.6327371, 32.6905681 ], [ 22.6324221, 32.6908774 ], [ 22.6322221, 32.6910738 ], [ 22.6320934, 32.6916155 ], [ 22.6321363, 32.6923018 ], [ 22.632308, 32.6928796 ], [ 22.6323509, 32.6932408 ], [ 22.6320934, 32.6937464 ], [ 22.6324367, 32.6943965 ], [ 22.6320505, 32.6951911 ], [ 22.631278, 32.6953716 ], [ 22.6306772, 32.6958773 ], [ 22.6303553, 32.6966718 ], [ 22.6304841, 32.697358 ], [ 22.6305914, 32.6979358 ], [ 22.6308274, 32.6982789 ], [ 22.6308274, 32.69864 ], [ 22.6308274, 32.6989831 ], [ 22.6307845, 32.6995068 ], [ 22.6306557, 32.699886 ], [ 22.6301837, 32.7001387 ], [ 22.6295399, 32.7003554 ], [ 22.6293683, 32.7004818 ], [ 22.6292181, 32.7009694 ], [ 22.6293254, 32.7015111 ], [ 22.6297331, 32.7018902 ], [ 22.6300335, 32.7021069 ], [ 22.6304412, 32.7023236 ], [ 22.6306343, 32.7026667 ], [ 22.6303124, 32.7029556 ], [ 22.6300549, 32.7034611 ], [ 22.6301408, 32.7038223 ], [ 22.630358, 32.7042105 ] ] } },
{ "type": "Feature", "properties": { "element": "way", "id": 1212843210, "name": null, "waterway": "stream" }, "geometry": { "type": "LineString", "coordinates": [ [ 22.6329088, 32.72101 ], [ 22.6326513, 32.722021 ], [ 22.632265, 32.7225986 ], [ 22.6316213, 32.7233207 ], [ 22.6311492, 32.7239706 ], [ 22.6306772, 32.7245483 ], [ 22.6300335, 32.7251981 ], [ 22.6296043, 32.7255592 ], [ 22.6284456, 32.725487 ], [ 22.6273298, 32.7253425 ], [ 22.6260423, 32.7253786 ], [ 22.6249265, 32.7260646 ], [ 22.6240682, 32.726209 ], [ 22.6230973, 32.7264346 ], [ 22.6224536, 32.7266738 ] ] } },
{ "type": "Feature", "properties": { "element": "way", "id": 1212843211, "name": null, "waterway": "stream" }, "geometry": { "type": "LineString", "coordinates": [ [ 22.6559544, 32.7197824 ], [ 22.6555574, 32.7202789 ], [ 22.6551604, 32.7206219 ], [ 22.6548493, 32.7209558 ], [ 22.6547205, 32.7212266 ], [ 22.6547634, 32.7214342 ], [ 22.6547742, 32.7216599 ], [ 22.6547527, 32.7221473 ], [ 22.6545274, 32.7224542 ], [ 22.6540446, 32.7227069 ], [ 22.6534867, 32.7229958 ], [ 22.65324, 32.7231582 ], [ 22.6532078, 32.7235373 ], [ 22.6532185, 32.7238803 ], [ 22.6527357, 32.7245663 ], [ 22.6524675, 32.7250627 ], [ 22.6521671, 32.7255501 ], [ 22.6519632, 32.7257758 ], [ 22.6521992, 32.7259924 ], [ 22.6523709, 32.7262451 ], [ 22.6520276, 32.7266422 ], [ 22.651577, 32.7268769 ], [ 22.6512766, 32.7272379 ], [ 22.6512766, 32.7277975 ], [ 22.6512551, 32.7280141 ], [ 22.6505685, 32.7281405 ], [ 22.6501822, 32.7284654 ], [ 22.6502466, 32.729007 ], [ 22.6503324, 32.7296748 ], [ 22.6504183, 32.7303427 ], [ 22.6504183, 32.7310647 ], [ 22.6502251, 32.731877 ], [ 22.6495078, 32.7324229 ] ] } },
{ "type": "Feature", "properties": { "element": "way", "id": 1212843212, "name": null, "waterway": "stream" }, "geometry": { "type": "LineString", "coordinates": [ [ 22.643423, 32.7235374 ], [ 22.6421785, 32.7238623 ], [ 22.6413631, 32.7242233 ], [ 22.6399469, 32.724801 ], [ 22.6386165, 32.7250537 ], [ 22.6384449, 32.7257758 ], [ 22.6379299, 32.7264256 ], [ 22.6373291, 32.7269311 ], [ 22.6370287, 32.7277253 ], [ 22.6367282, 32.7284835 ], [ 22.6370287, 32.7291333 ], [ 22.6373291, 32.7296027 ], [ 22.6373291, 32.7303247 ], [ 22.6372432, 32.7311911 ], [ 22.6375866, 32.7319492 ], [ 22.6382196, 32.7323373 ], [ 22.6382947, 32.7327163 ], [ 22.6387667, 32.7328428 ], [ 22.6389921, 32.7329961 ], [ 22.6390564, 32.7333752 ], [ 22.6394173, 32.7345663 ] ] } },
{ "type": "Feature", "properties": { "element": "way", "id": 1212843867, "name": null, "waterway": "stream" }, "geometry": { "type": "LineString", "coordinates": [ [ 22.5989413, 32.7111708 ], [ 22.5992203, 32.7119652 ], [ 22.5993919, 32.7124888 ], [ 22.5992203, 32.7131026 ], [ 22.5990486, 32.7134456 ], [ 22.5988984, 32.7139873 ], [ 22.5990057, 32.7144747 ], [ 22.5989628, 32.7148719 ], [ 22.598319, 32.7155038 ], [ 22.5976968, 32.7160815 ], [ 22.5975895, 32.7165148 ], [ 22.5977182, 32.7172369 ], [ 22.5978684, 32.7174897 ], [ 22.5977826, 32.7182299 ], [ 22.5976968, 32.7184465 ], [ 22.5977826, 32.7188617 ], [ 22.5972032, 32.719295 ], [ 22.5972461, 32.7197644 ], [ 22.5968599, 32.7202157 ], [ 22.5966239, 32.7206309 ], [ 22.5966882, 32.7210281 ], [ 22.5966453, 32.7215877 ], [ 22.5962162, 32.7219307 ], [ 22.5951218, 32.7223278 ], [ 22.5943708, 32.7226708 ], [ 22.5939417, 32.7229597 ], [ 22.5936198, 32.7233388 ], [ 22.5925684, 32.7244219 ], [ 22.5918817, 32.7247829 ], [ 22.5911951, 32.7254689 ], [ 22.5908088, 32.7271657 ], [ 22.5903582, 32.7281225 ], [ 22.5901007, 32.7284654 ], [ 22.5896287, 32.728682 ], [ 22.5890922, 32.728682 ] ] } },
{ "type": "Feature", "properties": { "element": "way", "id": 1212849023, "name": null, "waterway": "stream" }, "geometry": { "type": "LineString", "coordinates": [ [ 22.6008296, 32.6539193 ], [ 22.5999337, 32.6542716 ], [ 22.5993705, 32.6542219 ], [ 22.599113, 32.6539916 ], [ 22.598834, 32.6539735 ], [ 22.5979113, 32.6543529 ], [ 22.5976538, 32.6545697 ], [ 22.5974178, 32.6550394 ], [ 22.5973105, 32.6554911 ], [ 22.5971389, 32.6557079 ], [ 22.5967741, 32.6557982 ], [ 22.5963235, 32.6561595 ], [ 22.5961947, 32.6564666 ], [ 22.5958085, 32.656846 ], [ 22.5954437, 32.6570267 ], [ 22.5950146, 32.657388 ], [ 22.5946927, 32.6578216 ], [ 22.5941133, 32.6578577 ], [ 22.5934267, 32.6577132 ], [ 22.5929761, 32.6578216 ], [ 22.5927615, 32.6581106 ], [ 22.5924396, 32.6581467 ], [ 22.591989, 32.6581829 ], [ 22.5913453, 32.6583816 ], [ 22.5905943, 32.6586526 ], [ 22.5901866, 32.6588693 ], [ 22.5894999, 32.6588874 ], [ 22.5891566, 32.6589055 ], [ 22.5890498, 32.6590439 ], [ 22.5888777, 32.6592668 ], [ 22.5886255, 32.6598076 ], [ 22.5884405, 32.6599431 ], [ 22.5882836, 32.6600018 ], [ 22.5879764, 32.6599171 ], [ 22.5877565, 32.6598381 ], [ 22.5876546, 32.6596642 ], [ 22.5875071, 32.6595885 ], [ 22.5873542, 32.6595919 ], [ 22.5872429, 32.6596314 ], [ 22.5871825, 32.6598087 ], [ 22.587204, 32.6600255 ], [ 22.587204, 32.6603055 ], [ 22.5870645, 32.6603868 ], [ 22.5868606, 32.6602784 ], [ 22.5867748, 32.6602061 ], [ 22.5864744, 32.6600255 ], [ 22.586174, 32.65989 ], [ 22.5858199, 32.65989 ], [ 22.5857019, 32.6600436 ], [ 22.5857341, 32.6602332 ], [ 22.5857475, 32.6603349 ], [ 22.5858226, 32.6604162 ], [ 22.5859165, 32.6605584 ], [ 22.5859058, 32.6606758 ], [ 22.5858092, 32.6608158 ], [ 22.5856751, 32.660861 ], [ 22.5854954, 32.6608881 ], [ 22.5850689, 32.6607933 ], [ 22.5848436, 32.6608204 ], [ 22.5846934, 32.66101 ], [ 22.5844359, 32.6614075 ], [ 22.5844037, 32.6619584 ], [ 22.5838566, 32.6623468 ], [ 22.5833201, 32.6625817 ], [ 22.5830626, 32.662672 ], [ 22.5824404, 32.6628436 ], [ 22.5821679, 32.6629305 ], [ 22.5820058, 32.6630333 ], [ 22.5819576, 32.6632184 ], [ 22.5820327, 32.6633945 ], [ 22.5822043, 32.6634307 ], [ 22.5823116, 32.6636023 ], [ 22.5822365, 32.6638733 ], [ 22.5821722, 32.6642119 ] ] } },
{ "type": "Feature", "properties": { "element": "way", "id": 1212849024, "name": null, "waterway": "stream" }, "geometry": { "type": "LineString", "coordinates": [ [ 22.5498676, 32.6539374 ], [ 22.551155, 32.6549853 ], [ 22.5512194, 32.6553466 ], [ 22.5516057, 32.6555634 ], [ 22.5520134, 32.6557259 ], [ 22.5525498, 32.6563583 ], [ 22.5528931, 32.6568822 ], [ 22.5533867, 32.6574603 ], [ 22.5540519, 32.657677 ], [ 22.5545025, 32.6579841 ], [ 22.5549316, 32.6583996 ], [ 22.5555753, 32.65849 ], [ 22.556262, 32.6584538 ], [ 22.5570559, 32.6587971 ], [ 22.5579357, 32.6586345 ], [ 22.5585151, 32.6586164 ], [ 22.5587082, 32.6595016 ], [ 22.55903, 32.6601339 ], [ 22.5601029, 32.6613623 ], [ 22.5608539, 32.6620126 ], [ 22.5628495, 32.6633855 ], [ 22.5634289, 32.6641081 ], [ 22.563858, 32.664939 ], [ 22.5642228, 32.6653003 ], [ 22.564373, 32.6656255 ], [ 22.5648236, 32.6659506 ], [ 22.5656175, 32.6665467 ], [ 22.5661969, 32.667197 ], [ 22.56639, 32.6676486 ], [ 22.5667763, 32.668064 ], [ 22.5673556, 32.6681182 ], [ 22.5677204, 32.668335 ], [ 22.5682568, 32.6684073 ], [ 22.5682568, 32.6686963 ], [ 22.5680852, 32.668913 ], [ 22.5681066, 32.6692382 ], [ 22.5686431, 32.6692923 ], [ 22.5693083, 32.6693465 ], [ 22.5698018, 32.6691117 ], [ 22.5701666, 32.6691298 ], [ 22.5707245, 32.669473 ], [ 22.5709498, 32.6695181 ], [ 22.5712985, 32.6695317 ], [ 22.5715291, 32.6695091 ], [ 22.571834, 32.6694785 ] ] } },
{ "type": "Feature", "properties": { "element": "way", "id": 1214309554, "name": null, "waterway": "stream" }, "geometry": { "type": "LineString", "coordinates": [ [ 22.5882018, 32.6569183 ], [ 22.5882125, 32.6576951 ], [ 22.588352, 32.6581106 ], [ 22.5886309, 32.6585713 ], [ 22.5887918, 32.65877 ], [ 22.5890498, 32.6590439 ] ] } },
{ "type": "Feature", "properties": { "element": "way", "id": 1214309556, "name": null, "waterway": "stream" }, "geometry": { "type": "LineString", "coordinates": [ [ 22.5965059, 32.6487161 ], [ 22.5966668, 32.6488968 ], [ 22.5968921, 32.6491136 ], [ 22.5971389, 32.6492672 ], [ 22.5977933, 32.6495382 ], [ 22.5983405, 32.6498905 ], [ 22.5987053, 32.6502609 ], [ 22.5988769, 32.6506583 ], [ 22.5988072, 32.6508616 ], [ 22.598952, 32.6511687 ], [ 22.5992578, 32.6512726 ], [ 22.599864, 32.6512726 ], [ 22.6003575, 32.6513268 ], [ 22.6006472, 32.6515075 ], [ 22.600733, 32.6517198 ], [ 22.6007599, 32.6520359 ], [ 22.600776, 32.6522527 ], [ 22.6009905, 32.6525508 ], [ 22.6016343, 32.653147 ], [ 22.6020366, 32.6534135 ], [ 22.6025784, 32.6534135 ], [ 22.6032527, 32.6534661 ] ] } },
{ "type": "Feature", "properties": { "element": "way", "id": 1214346508, "name": null, "waterway": "stream" }, "geometry": { "type": "LineString", "coordinates": [ [ 22.5448036, 32.7337362 ], [ 22.5456404, 32.7342235 ], [ 22.5459194, 32.7349275 ], [ 22.5463056, 32.7359383 ], [ 22.5464988, 32.7366422 ], [ 22.5467133, 32.73731 ], [ 22.5469494, 32.7378876 ], [ 22.5468421, 32.7386818 ], [ 22.5466704, 32.7393676 ], [ 22.5464773, 32.7399271 ], [ 22.5464988, 32.7403964 ], [ 22.5468421, 32.7408657 ], [ 22.5467992, 32.7412808 ], [ 22.546606, 32.7415876 ], [ 22.5465631, 32.7421291 ], [ 22.5467562, 32.7425261 ], [ 22.5467133, 32.7428871 ], [ 22.54637, 32.7430134 ], [ 22.5460267, 32.743212 ], [ 22.5458121, 32.7435188 ], [ 22.5456834, 32.7437895 ], [ 22.545383, 32.7438978 ], [ 22.5444837, 32.7441584 ] ] } },
{ "type": "Feature", "properties": { "element": "way", "id": 1214346509, "name": null, "waterway": "stream" }, "geometry": { "type": "LineString", "coordinates": [ [ 22.5998425, 32.741001 ], [ 22.6008725, 32.7408025 ], [ 22.6013768, 32.7409559 ], [ 22.601999, 32.7411725 ], [ 22.6023853, 32.7412988 ], [ 22.602911, 32.7415244 ], [ 22.6034152, 32.7415695 ], [ 22.6041233, 32.7416598 ], [ 22.6044345, 32.7417681 ], [ 22.6049065, 32.7419847 ], [ 22.6052499, 32.7420749 ], [ 22.6057219, 32.74249 ], [ 22.6060438, 32.7426615 ], [ 22.6067197, 32.7427517 ], [ 22.6072776, 32.7425261 ], [ 22.6075888, 32.7423366 ], [ 22.6080823, 32.7421922 ], [ 22.60842, 32.7420543 ] ] } },
{ "type": "Feature", "properties": { "element": "way", "id": 1214346510, "name": null, "waterway": "stream" }, "geometry": { "type": "LineString", "coordinates": [ [ 22.5785243, 32.7402701 ], [ 22.5784063, 32.7406852 ], [ 22.5784707, 32.7413349 ], [ 22.5783956, 32.7418583 ], [ 22.5782132, 32.7422554 ], [ 22.5780201, 32.7426073 ], [ 22.577666, 32.7430044 ], [ 22.5772262, 32.7431939 ], [ 22.5768292, 32.7434827 ], [ 22.5767112, 32.7437534 ], [ 22.5767219, 32.7440512 ], [ 22.5768936, 32.744358 ], [ 22.5769043, 32.7446919 ], [ 22.5767004, 32.7451521 ], [ 22.5764215, 32.7458379 ], [ 22.5762498, 32.7462891 ], [ 22.5763357, 32.7467583 ], [ 22.5766897, 32.7472817 ], [ 22.577033, 32.7478141 ], [ 22.5772583, 32.7482653 ], [ 22.5773656, 32.7486804 ], [ 22.5773871, 32.7491676 ], [ 22.5770652, 32.7497902 ], [ 22.5768614, 32.7499256 ], [ 22.5766039, 32.7502414 ], [ 22.5764537, 32.7506384 ], [ 22.5761962, 32.7508189 ], [ 22.5758421, 32.7508821 ], [ 22.5753915, 32.7511437 ], [ 22.5751018, 32.7513964 ], [ 22.5747049, 32.7515498 ], [ 22.5741362, 32.7515408 ], [ 22.5737607, 32.75164 ], [ 22.5734925, 32.7518927 ], [ 22.573396, 32.7521904 ], [ 22.5731063, 32.7525243 ] ] } },
{ "type": "Feature", "properties": { "element": "way", "id": 1214346511, "name": null, "waterway": "stream" }, "geometry": { "type": "LineString", "coordinates": [ [ 22.5729775, 32.742869 ], [ 22.5734603, 32.7431127 ], [ 22.5736534, 32.7434105 ], [ 22.5737178, 32.7437083 ], [ 22.5736534, 32.7441234 ], [ 22.5735569, 32.7444482 ], [ 22.5735569, 32.7448543 ], [ 22.5735891, 32.7452604 ], [ 22.5735891, 32.7455762 ], [ 22.5734281, 32.7461537 ], [ 22.5732028, 32.7465327 ], [ 22.5727415, 32.7471103 ], [ 22.5722802, 32.7477058 ], [ 22.5720227, 32.7479675 ], [ 22.5717759, 32.7483194 ], [ 22.5716793, 32.7485901 ], [ 22.5715399, 32.7487345 ], [ 22.5715399, 32.7490413 ], [ 22.5717974, 32.7493661 ], [ 22.5719261, 32.7495917 ], [ 22.5720227, 32.7499256 ] ] } },
{ "type": "Feature", "properties": { "element": "way", "id": 1214346512, "name": null, "waterway": "stream" }, "geometry": { "type": "LineString", "coordinates": [ [ 22.5672376, 32.7379778 ], [ 22.5684392, 32.7385193 ], [ 22.568922, 32.7387178 ], [ 22.5697052, 32.7390698 ], [ 22.5698233, 32.7394849 ], [ 22.569716, 32.7400174 ], [ 22.5695979, 32.740622 ], [ 22.5693726, 32.7410642 ], [ 22.5689971, 32.7414522 ], [ 22.5683749, 32.7418132 ], [ 22.5682139, 32.7422644 ], [ 22.5683105, 32.7426615 ], [ 22.5685465, 32.7428781 ], [ 22.5690186, 32.7429141 ], [ 22.5694156, 32.742842 ], [ 22.5698662, 32.7429141 ], [ 22.5700593, 32.7430856 ], [ 22.5706065, 32.7433293 ], [ 22.5706601, 32.7436902 ], [ 22.5706279, 32.7440782 ], [ 22.5702846, 32.744358 ], [ 22.5694477, 32.744376 ], [ 22.5682461, 32.7444753 ], [ 22.5678062, 32.7445836 ], [ 22.56742, 32.7448904 ], [ 22.567774, 32.7452423 ], [ 22.5681174, 32.7454499 ], [ 22.5685036, 32.7456665 ], [ 22.5688898, 32.7460906 ], [ 22.5691581, 32.7464515 ], [ 22.5694692, 32.7466952 ], [ 22.5699305, 32.7467583 ], [ 22.5705314, 32.7472637 ], [ 22.5709069, 32.7476517 ], [ 22.5709498, 32.7479855 ], [ 22.5705528, 32.7483555 ], [ 22.5699305, 32.7484909 ], [ 22.5695872, 32.7487886 ], [ 22.5695443, 32.7491676 ], [ 22.5693726, 32.7495015 ], [ 22.5690293, 32.7500068 ], [ 22.5687289, 32.7505121 ], [ 22.568804, 32.750855 ], [ 22.5693726, 32.7509813 ], [ 22.5700271, 32.7510084 ], [ 22.5705635, 32.750846 ], [ 22.5709176, 32.750485 ], [ 22.5711107, 32.7502324 ], [ 22.571497, 32.7500609 ], [ 22.5720227, 32.7499256 ], [ 22.5725162, 32.7503587 ], [ 22.5728702, 32.7507828 ], [ 22.5729346, 32.751649 ], [ 22.5729239, 32.7519829 ], [ 22.5731063, 32.7525243 ] ] } },
{ "type": "Feature", "properties": { "element": "way", "id": 1216507357, "name": null, "waterway": "stream" }, "geometry": { "type": "LineString", "coordinates": [ [ 22.6125026, 32.6461325 ], [ 22.6130175, 32.6466745 ], [ 22.6134252, 32.6471262 ], [ 22.6133179, 32.6474876 ], [ 22.6131463, 32.6479934 ], [ 22.6131463, 32.6482464 ], [ 22.6130605, 32.6486619 ], [ 22.6125026, 32.6492762 ], [ 22.612009, 32.6496556 ], [ 22.6116872, 32.6501976 ], [ 22.6111722, 32.6506493 ], [ 22.6107216, 32.6510468 ], [ 22.6103997, 32.6511913 ], [ 22.6103139, 32.6514804 ], [ 22.610271, 32.6520043 ], [ 22.6099705, 32.6522753 ], [ 22.6096058, 32.652456 ], [ 22.6087689, 32.6532148 ], [ 22.6085758, 32.6538652 ], [ 22.6083183, 32.6544433 ], [ 22.6080608, 32.6547323 ], [ 22.6072562, 32.6550846 ] ] } },
{ "type": "Feature", "properties": { "element": "way", "id": 1216507358, "name": null, "waterway": "stream" }, "geometry": { "type": "LineString", "coordinates": [ [ 22.6013338, 32.660721 ], [ 22.6015377, 32.6603145 ], [ 22.6015484, 32.65989 ], [ 22.601527, 32.6595648 ], [ 22.6017415, 32.659321 ], [ 22.6020098, 32.6591674 ], [ 22.6024389, 32.6590771 ], [ 22.6027715, 32.6589597 ], [ 22.6029432, 32.6588513 ], [ 22.6031363, 32.6588242 ], [ 22.6033401, 32.6588513 ], [ 22.6035762, 32.658779 ], [ 22.6039946, 32.6587519 ], [ 22.6042521, 32.6587519 ], [ 22.6046276, 32.6587609 ], [ 22.6048851, 32.6587248 ], [ 22.6051533, 32.6585984 ], [ 22.6055395, 32.6585261 ], [ 22.6059687, 32.65849 ], [ 22.606312, 32.6583816 ], [ 22.6066232, 32.6581738 ], [ 22.6068914, 32.6580293 ], [ 22.6071489, 32.6578577 ], [ 22.6076381, 32.6577665 ] ] } },
{ "type": "Feature", "properties": { "element": "way", "id": 1216507359, "name": null, "waterway": "stream" }, "geometry": { "type": "LineString", "coordinates": [ [ 22.5716042, 32.6616604 ], [ 22.57213, 32.6618139 ], [ 22.5726664, 32.6620397 ], [ 22.5731921, 32.6624462 ], [ 22.5735354, 32.6628436 ], [ 22.5739539, 32.6630694 ], [ 22.5744688, 32.6633223 ], [ 22.5747263, 32.6636384 ], [ 22.5749731, 32.6639094 ], [ 22.5752091, 32.6639816 ], [ 22.5754881, 32.6641894 ], [ 22.5757563, 32.6645055 ], [ 22.5757992, 32.6648397 ], [ 22.5759172, 32.6651016 ], [ 22.5762391, 32.6651829 ], [ 22.5765288, 32.6653364 ], [ 22.5767326, 32.6655984 ], [ 22.576518, 32.6658151 ], [ 22.5766361, 32.6659687 ], [ 22.5769365, 32.6660229 ], [ 22.5772047, 32.6660319 ], [ 22.5773851, 32.6662201 ] ] } },
{ "type": "Feature", "properties": { "element": "way", "id": 1216507360, "name": null, "waterway": "stream" }, "geometry": { "type": "LineString", "coordinates": [ [ 22.5686431, 32.6366103 ], [ 22.5688147, 32.6372969 ], [ 22.5695014, 32.6378932 ], [ 22.5703382, 32.6384534 ], [ 22.5708747, 32.6387425 ], [ 22.5714326, 32.63914 ], [ 22.5718617, 32.6398989 ], [ 22.5723982, 32.6404048 ], [ 22.5730419, 32.6407843 ], [ 22.5736213, 32.6411276 ], [ 22.5740719, 32.6414347 ], [ 22.5749422, 32.6415365 ] ] } },
{ "type": "Feature", "properties": { "element": "way", "id": 1216507361, "name": null, "waterway": "stream" }, "geometry": { "type": "LineString", "coordinates": [ [ 22.5893712, 32.6425008 ], [ 22.5886202, 32.6426995 ], [ 22.5881052, 32.643079 ], [ 22.5877833, 32.6434765 ], [ 22.5871181, 32.6439101 ], [ 22.5865388, 32.6441811 ], [ 22.5866031, 32.6449039 ], [ 22.5866461, 32.6456266 ], [ 22.5867104, 32.6461867 ], [ 22.5864744, 32.6466203 ], [ 22.5865602, 32.6471443 ], [ 22.5867963, 32.6476863 ], [ 22.5868392, 32.6483729 ], [ 22.5867748, 32.6488245 ], [ 22.5867533, 32.6494388 ], [ 22.5866675, 32.650035 ], [ 22.5870108, 32.6505048 ], [ 22.5873756, 32.6507035 ], [ 22.5876546, 32.6512094 ], [ 22.5879979, 32.6513539 ], [ 22.5886416, 32.651372 ], [ 22.5891351, 32.6517875 ], [ 22.5895214, 32.6523656 ], [ 22.5897789, 32.653016 ], [ 22.5901437, 32.6533593 ], [ 22.5904441, 32.6539013 ], [ 22.5909591, 32.6539735 ], [ 22.5913453, 32.6542084 ], [ 22.5913667, 32.6544794 ], [ 22.5910878, 32.654931 ], [ 22.5912165, 32.6552743 ], [ 22.5916242, 32.6555272 ], [ 22.5918817, 32.6557982 ], [ 22.5916457, 32.6563763 ], [ 22.5913024, 32.656828 ], [ 22.5914526, 32.6574422 ], [ 22.5917744, 32.6577674 ], [ 22.591989, 32.6581829 ] ] } },
{ "type": "Feature", "properties": { "element": "way", "id": 1216507362, "name": null, "waterway": "stream" }, "geometry": { "type": "LineString", "coordinates": [ [ 22.584672, 32.6423562 ], [ 22.5853371, 32.6430067 ], [ 22.5857878, 32.6431874 ], [ 22.5860452, 32.6435668 ], [ 22.5862384, 32.643874 ], [ 22.5865388, 32.6441811 ] ] } },
{ "type": "Feature", "properties": { "element": "way", "id": 1216507364, "name": null, "waterway": "stream" }, "geometry": { "type": "LineString", "coordinates": [ [ 22.5812173, 32.6418865 ], [ 22.5811744, 32.6425731 ], [ 22.5810456, 32.6430067 ], [ 22.5808096, 32.6434042 ], [ 22.5806594, 32.6435488 ], [ 22.5806379, 32.6439282 ], [ 22.5806379, 32.6445244 ], [ 22.5808096, 32.6447413 ], [ 22.5811744, 32.6449942 ], [ 22.5812387, 32.6455362 ], [ 22.5813675, 32.646277 ], [ 22.5815391, 32.6469275 ], [ 22.5816035, 32.6472707 ], [ 22.5817537, 32.6480476 ], [ 22.581861, 32.6486439 ], [ 22.5819683, 32.6488968 ], [ 22.5829983, 32.6499628 ], [ 22.5835562, 32.6505951 ], [ 22.5838566, 32.6514262 ], [ 22.5840497, 32.6518778 ], [ 22.5842213, 32.6523114 ], [ 22.5842213, 32.6527992 ], [ 22.5843501, 32.6532328 ], [ 22.5848865, 32.6538832 ], [ 22.5854659, 32.6542626 ], [ 22.5854659, 32.6546601 ], [ 22.5852942, 32.655184 ], [ 22.5849938, 32.6554911 ], [ 22.5846505, 32.655744 ], [ 22.5848436, 32.6561776 ], [ 22.5851226, 32.6563221 ], [ 22.5849724, 32.656828 ], [ 22.5848651, 32.6572615 ], [ 22.5852084, 32.6575144 ], [ 22.5846934, 32.657659 ], [ 22.5842857, 32.6578938 ], [ 22.5846934, 32.6580745 ], [ 22.5850367, 32.6583455 ], [ 22.5846934, 32.65849 ], [ 22.5842643, 32.6586706 ], [ 22.5843394, 32.6592848 ], [ 22.5838995, 32.6595558 ], [ 22.5836956, 32.6597816 ], [ 22.5836527, 32.6600887 ], [ 22.583363, 32.6603326 ], [ 22.5830305, 32.6603326 ], [ 22.5825906, 32.6602603 ], [ 22.5823867, 32.6602784 ], [ 22.5822043, 32.6603642 ], [ 22.5822365, 32.6605449 ], [ 22.5824726, 32.6607571 ], [ 22.5826281, 32.6610236 ], [ 22.5827783, 32.6612675 ], [ 22.5827971, 32.6615362 ], [ 22.5826684, 32.6617416 ], [ 22.5825557, 32.6618523 ], [ 22.582435, 32.6619742 ], [ 22.5821641, 32.6622113 ], [ 22.5819844, 32.6624755 ], [ 22.581971, 32.6628842 ], [ 22.5819817, 32.6629904 ], [ 22.5820058, 32.6630333 ] ] } },
{ "type": "Feature", "properties": { "element": "way", "id": 1253820885, "name": null, "waterway": "river" }, "geometry": { "type": "LineString", "coordinates": [ [ 22.5307184, 32.653871 ], [ 22.5314542, 32.6549531 ], [ 22.5316498, 32.6560745 ], [ 22.5326464, 32.6570704 ], [ 22.5338281, 32.6578767 ] ] } },
{ "type": "Feature", "properties": { "element": "way", "id": 1257633212, "name": null, "waterway": "river" }, "geometry": { "type": "LineString", "coordinates": [ [ 22.5842818, 32.694504 ], [ 22.5846468, 32.6949943 ], [ 22.5851803, 32.695337 ], [ 22.5852997, 32.6959986 ], [ 22.5856085, 32.6964712 ], [ 22.585763, 32.6970029 ], [ 22.586142, 32.6973041 ], [ 22.5863386, 32.6975523 ], [ 22.5867104, 32.698017 ] ] } },
{ "type": "Feature", "properties": { "element": "way", "id": 1549366649, "name": "وادي الخبطة", "waterway": "river" }, "geometry": { "type": "LineString", "coordinates": [ [ 22.715761, 32.6364037 ], [ 22.7167225, 32.6375138 ], [ 22.7193188, 32.6392845 ], [ 22.7218079, 32.6413263 ], [ 22.7233529, 32.6424647 ], [ 22.7244258, 32.6425369 ], [ 22.7248335, 32.6420852 ], [ 22.7247262, 32.640965 ], [ 22.7251339, 32.6398447 ], [ 22.7253029, 32.6396861 ], [ 22.7258849, 32.63914 ], [ 22.7274728, 32.6381643 ], [ 22.7291035, 32.6378029 ], [ 22.7316999, 32.6377306 ], [ 22.7343607, 32.6377848 ], [ 22.7363562, 32.6382365 ], [ 22.7374291, 32.6395014 ], [ 22.7380514, 32.6413263 ], [ 22.738738, 32.6436391 ], [ 22.7394891, 32.6441992 ], [ 22.7405834, 32.6439643 ], [ 22.7414846, 32.6425189 ], [ 22.7432227, 32.6411999 ], [ 22.745347, 32.6399531 ], [ 22.7461624, 32.6403687 ], [ 22.7462911, 32.6415432 ], [ 22.7457547, 32.6431151 ], [ 22.7460551, 32.6440547 ], [ 22.7479005, 32.6447593 ], [ 22.7493596, 32.6458795 ], [ 22.7507543, 32.6469636 ], [ 22.7530288, 32.6475418 ], [ 22.7555823, 32.6480838 ], [ 22.7573848, 32.6490233 ], [ 22.7590799, 32.65083 ], [ 22.760539, 32.6526728 ], [ 22.7617836, 32.6533051 ], [ 22.7631998, 32.6533593 ], [ 22.7651739, 32.6528715 ], [ 22.7672308, 32.6528225 ], [ 22.7691221, 32.653269 ], [ 22.77192, 32.6538831 ], [ 22.7753877, 32.6537568 ], [ 22.7776193, 32.6530341 ], [ 22.7784347, 32.6522934 ], [ 22.7808809, 32.6502699 ], [ 22.7821255, 32.6484271 ], [ 22.7830052, 32.6464938 ], [ 22.7846145, 32.6436752 ], [ 22.7866101, 32.642031 ], [ 22.7888846, 32.6418323 ], [ 22.7908802, 32.6424647 ], [ 22.7925968, 32.644416 ], [ 22.7945924, 32.6455724 ], [ 22.7959227, 32.6453736 ], [ 22.7962223, 32.6450892 ], [ 22.7971029, 32.6442534 ], [ 22.798841, 32.6427357 ], [ 22.8005361, 32.6425008 ], [ 22.8019523, 32.6431874 ], [ 22.803669, 32.6450665 ], [ 22.8041271, 32.6455328 ], [ 22.8051066, 32.64653 ], [ 22.8069305, 32.6472527 ], [ 22.8112221, 32.6488426 ], [ 22.8144192, 32.6498182 ], [ 22.815535, 32.6498363 ], [ 22.8162646, 32.6488787 ], [ 22.8168654, 32.6465661 ], [ 22.81811, 32.6458434 ], [ 22.8198695, 32.6455905 ], [ 22.8219294, 32.645193 ], [ 22.8235817, 32.6442173 ], [ 22.8254485, 32.6437656 ], [ 22.8263497, 32.6446329 ], [ 22.8260278, 32.6461325 ], [ 22.8263497, 32.6478489 ], [ 22.8272509, 32.6498002 ], [ 22.8284097, 32.6507758 ], [ 22.8301048, 32.6511371 ], [ 22.8319073, 32.6503422 ], [ 22.8336024, 32.6488426 ], [ 22.8356838, 32.6476863 ], [ 22.8372073, 32.6473792 ], [ 22.8396106, 32.6472707 ], [ 22.8426361, 32.6463132 ], [ 22.8441596, 32.6453917 ], [ 22.8466916, 32.6447593 ], [ 22.8491378, 32.6453014 ], [ 22.8516483, 32.6456266 ], [ 22.8549528, 32.644669 ], [ 22.8573561, 32.6436391 ], [ 22.859416, 32.6438017 ], [ 22.8601241, 32.6453736 ], [ 22.8602863, 32.6460708 ], [ 22.8605318, 32.6471262 ], [ 22.8618192, 32.6493304 ], [ 22.8642654, 32.6507577 ], [ 22.8680205, 32.6520404 ], [ 22.8737068, 32.6529799 ], [ 22.8755522, 32.6531606 ], [ 22.8769254, 32.6527631 ], [ 22.8774404, 32.6514804 ], [ 22.8779554, 32.6488787 ], [ 22.8787082, 32.6474238 ], [ 22.879831, 32.6468272 ], [ 22.8810752, 32.6463838 ], [ 22.8823122, 32.6460957 ], [ 22.8836705, 32.6460529 ], [ 22.88481, 32.6461119 ], [ 22.8857552, 32.6464775 ], [ 22.8865487, 32.6468022 ], [ 22.8872694, 32.6472496 ], [ 22.8877375, 32.6485937 ], [ 22.8874744, 32.6503486 ], [ 22.8873487, 32.6520304 ], [ 22.8881975, 32.6526058 ], [ 22.8893178, 32.6529341 ], [ 22.8908723, 32.6531002 ], [ 22.8923054, 32.6535933 ], [ 22.8936672, 32.6542696 ], [ 22.8950886, 32.6542852 ], [ 22.8964441, 32.653214 ], [ 22.8972485, 32.650375 ], [ 22.8978681, 32.6488968 ], [ 22.8984786, 32.6481897 ], [ 22.8995018, 32.6478301 ], [ 22.901001, 32.647885 ], [ 22.9018511, 32.648282 ], [ 22.9022884, 32.6488426 ], [ 22.9030823, 32.6502699 ], [ 22.9034705, 32.6517121 ], [ 22.9042785, 32.6527489 ], [ 22.9056209, 32.6534573 ], [ 22.906865, 32.6533949 ], [ 22.9070438, 32.6533573 ], [ 22.9077172, 32.6531786 ], [ 22.908597, 32.6531425 ], [ 22.9102707, 32.6537387 ], [ 22.9124272, 32.6553014 ], [ 22.9130494, 32.6556717 ], [ 22.9153561, 32.6567738 ], [ 22.9174805, 32.6577583 ], [ 22.9180813, 32.6587067 ], [ 22.9185104, 32.660161 ], [ 22.9189289, 32.6614165 ], [ 22.9193258, 32.6618952 ], [ 22.9215681, 32.6620217 ], [ 22.923553, 32.6623558 ], [ 22.9245829, 32.6628978 ], [ 22.9253125, 32.6643429 ], [ 22.9260448, 32.6658467 ] ] } },
{ "type": "Feature", "properties": { "element": "way", "id": 1549366650, "name": "وادي الخبطة", "waterway": "river" }, "geometry": { "type": "LineString", "coordinates": [ [ 22.7155048, 32.6361427 ], [ 22.715761, 32.6364037 ] ] } }
]
}
