{
"type": "FeatureCollection",
"name": "ivanovo_rivers",
"crs": { "type": "name", "properties": { "name": "urn:ogc:def:crs:OGC:1.3:CRS84" } },
"features": [
{ "type": "Feature", "properties": { "element": "way", "id": 103194851, "name": "Харманлийска река", "waterway": "river" }, "geometry": { "type": "LineString", "coordinates": [ [ 25.4355061, 41.8654542 ], [ 25.4364288, 41.8653982 ], [ 25.4372013, 41.8652864 ], [ 25.4380166, 41.8652624 ], [ 25.4381883, 41.8651785 ], [ 25.4383975, 41.8651345 ], [ 25.4389554, 41.8652504 ], [ 25.4397064, 41.8654661 ], [ 25.4402107, 41.8657178 ], [ 25.4404843, 41.8659855 ], [ 25.4408222, 41.8661892 ], [ 25.441069, 41.8662531 ], [ 25.4412621, 41.8662092 ], [ 25.4414767, 41.8662292 ], [ 25.4417288, 41.8662092 ], [ 25.4426247, 41.865582 ], [ 25.4428822, 41.8653742 ], [ 25.4430163, 41.8651186 ], [ 25.4434776, 41.8650267 ], [ 25.4440195, 41.8649328 ], [ 25.4445666, 41.8648189 ], [ 25.445264, 41.864771 ], [ 25.4463422, 41.8648189 ], [ 25.4512024, 41.8650347 ], [ 25.4522484, 41.8650786 ], [ 25.453214, 41.8651106 ], [ 25.4535949, 41.8651186 ], [ 25.4552418, 41.8648948 ], [ 25.4582566, 41.8645113 ], [ 25.4598284, 41.8643196 ], [ 25.4607993, 41.8640839 ], [ 25.4634976, 41.8634287 ], [ 25.4642057, 41.8632569 ], [ 25.4653966, 41.8629852 ], [ 25.4679608, 41.86235 ], [ 25.4694897, 41.8619505 ], [ 25.4698706, 41.8618865 ], [ 25.4701602, 41.8619105 ], [ 25.4703158, 41.8618985 ], [ 25.4713029, 41.8613432 ], [ 25.4722041, 41.8612393 ], [ 25.4726869, 41.8611235 ], [ 25.4733574, 41.8611195 ], [ 25.4737866, 41.8612313 ], [ 25.4741299, 41.8611834 ], [ 25.4748648, 41.860716 ], [ 25.4751974, 41.860704 ], [ 25.4755676, 41.8606241 ], [ 25.475927, 41.8601606 ], [ 25.4761416, 41.8601286 ], [ 25.4765868, 41.8602685 ], [ 25.4768228, 41.8604762 ], [ 25.4771501, 41.8605082 ], [ 25.4780246, 41.8603661 ], [ 25.478628, 41.8605634 ], [ 25.4791725, 41.8607716 ], [ 25.4792903, 41.8609032 ], [ 25.4801291, 41.8610237 ], [ 25.4810563, 41.8614293 ], [ 25.4818216, 41.8616047 ], [ 25.4824544, 41.8619883 ], [ 25.4826899, 41.8622623 ], [ 25.4834405, 41.8621527 ], [ 25.4841911, 41.8618568 ], [ 25.484765, 41.8620321 ], [ 25.4852801, 41.8619225 ], [ 25.4859866, 41.86178 ], [ 25.4864428, 41.8613635 ], [ 25.4869284, 41.861221 ], [ 25.4876496, 41.8612758 ], [ 25.4878617, 41.8613179 ], [ 25.4880911, 41.8613635 ], [ 25.48893, 41.8609032 ], [ 25.4891655, 41.8607224 ], [ 25.4894009, 41.8605415 ], [ 25.4907696, 41.8601469 ], [ 25.4916821, 41.8597742 ], [ 25.4923885, 41.8598619 ], [ 25.4934481, 41.8600263 ], [ 25.4941251, 41.8599386 ], [ 25.4945372, 41.8596536 ], [ 25.4954349, 41.8595988 ], [ 25.4960972, 41.8598619 ], [ 25.4972157, 41.8599934 ], [ 25.4981429, 41.8599167 ], [ 25.4984412, 41.8593239 ], [ 25.4986159, 41.8586685 ], [ 25.4992236, 41.8581711 ], [ 25.4996777, 41.8579224 ], [ 25.5002386, 41.8577682 ], [ 25.500686, 41.8575544 ], [ 25.5010663, 41.8574514 ], [ 25.5013004, 41.8575494 ], [ 25.5017345, 41.8579175 ], [ 25.5022354, 41.8582159 ], [ 25.5029633, 41.8584546 ], [ 25.5038982, 41.8586287 ], [ 25.5047263, 41.8588326 ], [ 25.5054007, 41.8590813 ], [ 25.5064091, 41.8593002 ], [ 25.5073307, 41.8592753 ], [ 25.5080052, 41.8591957 ], [ 25.5093619, 41.8588873 ], [ 25.5095008, 41.8588557 ], [ 25.509668, 41.8588177 ], [ 25.5100153, 41.8585989 ], [ 25.5102223, 41.8582557 ], [ 25.5104226, 41.857813 ], [ 25.5108767, 41.8575693 ], [ 25.5113041, 41.8572808 ], [ 25.5117382, 41.8569525 ], [ 25.5122056, 41.8565297 ], [ 25.5127399, 41.8561468 ], [ 25.5129781, 41.8559886 ], [ 25.5132942, 41.8557787 ], [ 25.5138484, 41.8556195 ], [ 25.5147767, 41.8553211 ], [ 25.5157316, 41.8550127 ], [ 25.5164061, 41.8553708 ], [ 25.5173277, 41.8557787 ], [ 25.5180022, 41.8560075 ], [ 25.5190306, 41.8557389 ], [ 25.5203595, 41.8555499 ], [ 25.5220357, 41.8551022 ], [ 25.5234782, 41.8550226 ], [ 25.5238254, 41.8548237 ], [ 25.5241259, 41.8543561 ], [ 25.5244799, 41.8536 ], [ 25.5245333, 41.8530927 ], [ 25.5240725, 41.8525157 ], [ 25.5238855, 41.8518441 ], [ 25.5240159, 41.8514511 ], [ 25.5247002, 41.850865 ], [ 25.5256239, 41.8507291 ], [ 25.5274142, 41.8507546 ], [ 25.5288967, 41.8507121 ], [ 25.5308239, 41.8506527 ], [ 25.5325915, 41.8506187 ], [ 25.5337318, 41.8506357 ], [ 25.5350889, 41.8505762 ], [ 25.5359784, 41.8507121 ], [ 25.5370845, 41.850865 ], [ 25.5377915, 41.850916 ], [ 25.538624, 41.8510179 ], [ 25.5395363, 41.8509245 ], [ 25.5402205, 41.8506951 ], [ 25.5419767, 41.8504318 ], [ 25.5433907, 41.850211 ], [ 25.5439837, 41.85016 ], [ 25.5448048, 41.8499221 ], [ 25.5456486, 41.8496503 ], [ 25.5463443, 41.8494295 ], [ 25.546903, 41.8495314 ], [ 25.5481004, 41.8496248 ], [ 25.5495829, 41.8497607 ], [ 25.5504496, 41.85016 ], [ 25.5508943, 41.8505337 ], [ 25.5515899, 41.8507546 ], [ 25.5540303, 41.8507971 ], [ 25.5559119, 41.8506102 ], [ 25.5566874, 41.8502449 ], [ 25.5570637, 41.8492766 ], [ 25.5571207, 41.8486989 ], [ 25.5572662, 41.8485653 ], [ 25.5574, 41.8483196 ], [ 25.5577593, 41.8481128 ], [ 25.5587357, 41.8480515 ], [ 25.5601948, 41.8479716 ], [ 25.565409, 41.8469007 ], [ 25.5689281, 41.8470445 ], [ 25.5694216, 41.8464371 ], [ 25.5704878, 41.8459466 ], [ 25.5708807, 41.8457658 ], [ 25.5731552, 41.8450944 ], [ 25.5781748, 41.8427342 ], [ 25.578771, 41.8426615 ], [ 25.5799898, 41.8429729 ], [ 25.5810079, 41.8431228 ], [ 25.581395, 41.8430193 ], [ 25.5817037, 41.8426912 ], [ 25.5821534, 41.8412563 ], [ 25.5822747, 41.841162 ], [ 25.5839692, 41.8408494 ], [ 25.5854327, 41.8414591 ], [ 25.5874655, 41.8436761 ], [ 25.5890103, 41.8455054 ], [ 25.5906528, 41.8462686 ], [ 25.5923115, 41.8470197 ], [ 25.5928969, 41.8475042 ], [ 25.5942506, 41.847766 ], [ 25.5953885, 41.8478265 ], [ 25.5966076, 41.8477761 ], [ 25.5980099, 41.8478056 ], [ 25.6034113, 41.847801 ], [ 25.6063877, 41.8477616 ], [ 25.6092716, 41.8475843 ], [ 25.6122877, 41.8475054 ], [ 25.6130682, 41.8476828 ], [ 25.6158197, 41.8488751 ], [ 25.6224472, 41.8512598 ], [ 25.6283125, 41.8531037 ], [ 25.6293369, 41.853274 ], [ 25.6326192, 41.8533496 ], [ 25.6349315, 41.853596 ], [ 25.6410865, 41.8537978 ], [ 25.6432538, 41.8540248 ], [ 25.6443968, 41.8541951 ], [ 25.646217, 41.8548446 ], [ 25.6467504, 41.8552482 ], [ 25.646857, 41.855353 ], [ 25.6476225, 41.8561058 ], [ 25.6493326, 41.8582939 ], [ 25.6506026, 41.8592587 ], [ 25.6530059, 41.8602916 ], [ 25.6531848, 41.8603685 ], [ 25.6544218, 41.860598 ], [ 25.6557447, 41.8612907 ], [ 25.6560134, 41.86263 ], [ 25.6559307, 41.8637537 ], [ 25.6560134, 41.8650005 ], [ 25.6563441, 41.8654623 ], [ 25.6571973, 41.8655239 ], [ 25.659089, 41.8663022 ], [ 25.661232, 41.8669228 ], [ 25.6624491, 41.8678193 ], [ 25.6627004, 41.8684793 ], [ 25.662502, 41.8694742 ], [ 25.6615608, 41.8700653 ], [ 25.6611805, 41.8700653 ], [ 25.6601884, 41.8719739 ], [ 25.6598907, 41.8731929 ], [ 25.6599238, 41.8739686 ], [ 25.6605026, 41.8744611 ], [ 25.6608498, 41.8746335 ], [ 25.6612797, 41.8744488 ], [ 25.6618419, 41.8745842 ], [ 25.6625861, 41.8752983 ], [ 25.665116, 41.8780316 ], [ 25.6662901, 41.879152 ], [ 25.6671664, 41.8795706 ], [ 25.6686381, 41.8799646 ], [ 25.6700106, 41.8800754 ], [ 25.6710358, 41.8800508 ], [ 25.6726067, 41.8793983 ], [ 25.6732681, 41.8790412 ], [ 25.6742603, 41.878955 ], [ 25.6751697, 41.8792136 ], [ 25.6757981, 41.8796445 ], [ 25.6753186, 41.8817005 ], [ 25.6745579, 41.8833625 ], [ 25.6728547, 41.8856892 ], [ 25.6728713, 41.8866002 ], [ 25.6735327, 41.8875604 ], [ 25.6745248, 41.8884467 ], [ 25.6753847, 41.8888899 ], [ 25.6770713, 41.8890499 ], [ 25.6791052, 41.8895546 ], [ 25.6796142, 41.889608 ], [ 25.6802793, 41.8896777 ], [ 25.6814037, 41.889333 ], [ 25.6819494, 41.8886067 ], [ 25.6829581, 41.8877697 ], [ 25.6837022, 41.8873388 ], [ 25.6849423, 41.8875481 ], [ 25.6855922, 41.8878677 ], [ 25.6864251, 41.8883086 ], [ 25.6868572, 41.8890607 ], [ 25.6888497, 41.89021 ], [ 25.6896703, 41.8905545 ], [ 25.6918975, 41.8906188 ], [ 25.693773, 41.8904856 ], [ 25.6950439, 41.8899988 ], [ 25.6962638, 41.8897101 ], [ 25.6978819, 41.8888597 ], [ 25.6984076, 41.8886239 ], [ 25.6991952, 41.8884341 ], [ 25.7000241, 41.8884751 ], [ 25.7009405, 41.8889493 ], [ 25.7020105, 41.8898535 ], [ 25.7031772, 41.8931853 ], [ 25.7037553, 41.8946542 ], [ 25.7056158, 41.895788 ], [ 25.7077848, 41.896362 ], [ 25.710108, 41.8968141 ], [ 25.7112166, 41.8978976 ], [ 25.7119143, 41.8998658 ], [ 25.7129386, 41.901469 ], [ 25.7140231, 41.9029712 ], [ 25.7142339, 41.9037784 ], [ 25.7139929, 41.9054599 ], [ 25.7136766, 41.9065473 ], [ 25.7141586, 41.9088789 ], [ 25.71493, 41.9100423 ], [ 25.7149419, 41.9113898 ], [ 25.7152883, 41.9123314 ], [ 25.7157703, 41.9142481 ], [ 25.7162222, 41.9148421 ], [ 25.7172012, 41.9151672 ], [ 25.7181351, 41.9156716 ], [ 25.7189936, 41.9159069 ], [ 25.7201083, 41.9165346 ], [ 25.7218856, 41.9167476 ], [ 25.7246571, 41.9168708 ], [ 25.726555, 41.9171847 ], [ 25.7284818, 41.9173109 ], [ 25.7318905, 41.9177815 ], [ 25.7328159, 41.9177585 ], [ 25.733857, 41.9173109 ], [ 25.7354302, 41.9163698 ], [ 25.7361089, 41.9163526 ], [ 25.7373274, 41.9157385 ], [ 25.7390163, 41.915532 ], [ 25.740042, 41.9152794 ], [ 25.7409983, 41.9152622 ], [ 25.7422707, 41.9157041 ], [ 25.7430882, 41.9162493 ], [ 25.7443992, 41.9173913 ], [ 25.7456794, 41.9183955 ], [ 25.7462152, 41.9186496 ], [ 25.7464207, 41.9190569 ], [ 25.7462225, 41.9192774 ], [ 25.7474377, 41.92049 ], [ 25.749705, 41.9242083 ], [ 25.7515482, 41.9270312 ], [ 25.7521883, 41.9275534 ], [ 25.753214, 41.9276911 ], [ 25.7542397, 41.9277714 ], [ 25.7591676, 41.9277025 ], [ 25.7602935, 41.9273411 ], [ 25.7609105, 41.9269739 ], [ 25.7723864, 41.9209524 ], [ 25.7731576, 41.9206745 ], [ 25.7739531, 41.9206263 ], [ 25.774983, 41.9205333 ], [ 25.7757779, 41.920284 ], [ 25.7766228, 41.9198265 ], [ 25.7770878, 41.9193541 ], [ 25.7774927, 41.9186584 ], [ 25.7777877, 41.9181748 ], [ 25.7781526, 41.9177693 ], [ 25.7784076, 41.9177619 ], [ 25.7786526, 41.9177879 ], [ 25.7790725, 41.9175647 ], [ 25.7797674, 41.9175164 ], [ 25.7804724, 41.9175684 ], [ 25.7811523, 41.9177693 ], [ 25.7817922, 41.9181079 ], [ 25.7828021, 41.9183794 ], [ 25.783542, 41.9187142 ], [ 25.7839869, 41.9189188 ], [ 25.7843569, 41.9191755 ], [ 25.7845669, 41.9197819 ], [ 25.7845619, 41.9202171 ], [ 25.7846318, 41.9204886 ], [ 25.7848018, 41.9210317 ], [ 25.7850068, 41.9216716 ], [ 25.7852468, 41.9220659 ], [ 25.7854667, 41.9227131 ], [ 25.7857617, 41.9229847 ], [ 25.7858867, 41.9233715 ], [ 25.7860267, 41.9236542 ], [ 25.7863916, 41.9237844 ], [ 25.7865316, 41.9240336 ], [ 25.7866716, 41.9243238 ], [ 25.7870166, 41.9243981 ], [ 25.7878415, 41.9244465 ], [ 25.7884464, 41.9246176 ], [ 25.7890863, 41.9245172 ], [ 25.7897012, 41.9243498 ], [ 25.7906061, 41.9241229 ], [ 25.791291, 41.9237063 ], [ 25.7920509, 41.9234087 ], [ 25.7925159, 41.9230925 ], [ 25.7935208, 41.9228656 ], [ 25.7941007, 41.9226685 ], [ 25.7946406, 41.922423 ], [ 25.7949756, 41.9221254 ], [ 25.7956255, 41.9219989 ], [ 25.7962054, 41.9218055 ], [ 25.7968404, 41.9216381 ], [ 25.7972453, 41.92156 ], [ 25.7973661, 41.9214683 ], [ 25.7977294, 41.9214558 ], [ 25.7983018, 41.9216189 ], [ 25.7987192, 41.9218141 ], [ 25.7988995, 41.9220297 ], [ 25.7992884, 41.9222033 ], [ 25.7998575, 41.9223243 ], [ 25.8006494, 41.9226242 ], [ 25.801314, 41.9229766 ], [ 25.8021306, 41.9232397 ], [ 25.8027775, 41.923458 ], [ 25.8037073, 41.9235869 ], [ 25.8048349, 41.9237499 ], [ 25.805276, 41.923911 ], [ 25.8056657, 41.9241129 ], [ 25.8057975, 41.9244587 ], [ 25.8058672, 41.9246416 ], [ 25.8059132, 41.9252018 ], [ 25.8063162, 41.9255543 ], [ 25.8068217, 41.9257515 ], [ 25.8072211, 41.9258146 ], [ 25.8076878, 41.9259409 ], [ 25.8082121, 41.9262396 ], [ 25.8085008, 41.9265197 ], [ 25.8086833, 41.9267068 ], [ 25.8091513, 41.9267536 ], [ 25.8096565, 41.9268364 ], [ 25.8102063, 41.9270614 ], [ 25.8107527, 41.927297 ], [ 25.8112087, 41.9273717 ], [ 25.8119193, 41.9273454 ], [ 25.8126758, 41.927206 ], [ 25.8135667, 41.9270008 ], [ 25.8140407, 41.9269283 ], [ 25.8149475, 41.9269028 ], [ 25.8161687, 41.9270785 ], [ 25.8167099, 41.9272278 ], [ 25.8170947, 41.9271613 ], [ 25.8179254, 41.9271113 ], [ 25.8186784, 41.9271744 ], [ 25.8197958, 41.9274232 ], [ 25.8210382, 41.9275296 ], [ 25.8219373, 41.9273388 ], [ 25.8230471, 41.9270486 ], [ 25.8254193, 41.926622 ], [ 25.8264567, 41.9267139 ], [ 25.8292982, 41.9263016 ], [ 25.8299363, 41.9261485 ], [ 25.8310262, 41.9258733 ], [ 25.832166, 41.9254046 ], [ 25.83272, 41.9251637 ], [ 25.8333894, 41.9248115 ], [ 25.8342258, 41.9246532 ], [ 25.8345961, 41.9246471 ], [ 25.8354946, 41.9250781 ], [ 25.8359759, 41.925134 ], [ 25.8365646, 41.9250836 ], [ 25.8369165, 41.9251942 ], [ 25.8388189, 41.9262637 ], [ 25.8393202, 41.9268431 ], [ 25.8395471, 41.9275521 ], [ 25.8393855, 41.9283508 ], [ 25.8391714, 41.929218 ], [ 25.839094, 41.9300344 ], [ 25.8392145, 41.930684 ], [ 25.8396692, 41.9311992 ], [ 25.840395, 41.9315566 ], [ 25.8411249, 41.9317276 ], [ 25.8419048, 41.9317425 ], [ 25.8427747, 41.9315342 ], [ 25.8445845, 41.9309615 ], [ 25.8473594, 41.9298922 ], [ 25.8481548, 41.9295942 ], [ 25.8497514, 41.9288731 ], [ 25.850482, 41.9282611 ], [ 25.8509009, 41.9275351 ], [ 25.8510468, 41.9271288 ], [ 25.8510348, 41.9267686 ], [ 25.8507834, 41.9265544 ], [ 25.8500994, 41.9261209 ], [ 25.8500329, 41.9256702 ], [ 25.8503005, 41.9246255 ], [ 25.8508528, 41.9240577 ], [ 25.8513424, 41.9238214 ], [ 25.8520044, 41.92381 ], [ 25.8523314, 41.9239962 ], [ 25.852806, 41.9241198 ], [ 25.8534627, 41.924064 ], [ 25.854232, 41.923924 ], [ 25.8551107, 41.9241103 ], [ 25.8562143, 41.9242167 ], [ 25.8573485, 41.9244752 ], [ 25.8581557, 41.9246462 ], [ 25.8589119, 41.9246842 ], [ 25.8594687, 41.9246348 ], [ 25.861184, 41.9240965 ], [ 25.8619422, 41.92352 ], [ 25.8632824, 41.923416 ], [ 25.8641841, 41.9231651 ], [ 25.8655865, 41.9226498 ], [ 25.8663293, 41.9209124 ], [ 25.8675004, 41.9201691 ], [ 25.8694161, 41.9184475 ], [ 25.8715212, 41.9160182 ], [ 25.8729549, 41.9139524 ], [ 25.8739589, 41.913447 ], [ 25.8747932, 41.9135335 ], [ 25.8757593, 41.9133623 ], [ 25.8766087, 41.9134314 ], [ 25.8773034, 41.9133923 ], [ 25.8781939, 41.9134935 ], [ 25.8791699, 41.9138193 ], [ 25.8803514, 41.9139699 ], [ 25.8818328, 41.9137986 ], [ 25.8825067, 41.9136593 ], [ 25.8834185, 41.9136844 ], [ 25.8839737, 41.9139661 ], [ 25.884139, 41.914145 ], [ 25.8842637, 41.9144691 ], [ 25.8850249, 41.9147052 ], [ 25.8857544, 41.9150409 ], [ 25.8856975, 41.9152529 ], [ 25.8856077, 41.9153593 ], [ 25.8846298, 41.9157626 ], [ 25.8843482, 41.9160446 ], [ 25.8842367, 41.916297 ], [ 25.8843772, 41.9167344 ], [ 25.884459, 41.9173924 ], [ 25.8850235, 41.9184198 ], [ 25.8860308, 41.9195098 ], [ 25.8869755, 41.9210122 ], [ 25.8872228, 41.9221374 ], [ 25.8875882, 41.9233414 ], [ 25.887362, 41.9242605 ], [ 25.8868052, 41.9257233 ], [ 25.8866981, 41.9264097 ], [ 25.8869607, 41.9277996 ], [ 25.8869766, 41.9288543 ], [ 25.886666, 41.9295013 ], [ 25.8867854, 41.9302355 ], [ 25.8867723, 41.9306285 ], [ 25.8870612, 41.9311855 ], [ 25.8874702, 41.9317507 ], [ 25.8878276, 41.9319711 ], [ 25.8894159, 41.9329158 ], [ 25.8909025, 41.9334474 ], [ 25.8921089, 41.9334024 ], [ 25.8973839, 41.9337488 ], [ 25.8987611, 41.9339687 ], [ 25.8992419, 41.9339119 ], [ 25.8995091, 41.9340425 ], [ 25.9001273, 41.9338495 ], [ 25.9013943, 41.9340766 ], [ 25.9020889, 41.9340198 ], [ 25.9038901, 41.9340539 ], [ 25.9048823, 41.9342072 ], [ 25.9053301, 41.9340612 ], [ 25.9061951, 41.9344173 ], [ 25.9067141, 41.9344002 ], [ 25.9072056, 41.9343001 ], [ 25.9084925, 41.9345138 ], [ 25.9091413, 41.9345422 ], [ 25.9099427, 41.9344173 ], [ 25.9111334, 41.9340482 ], [ 25.9124728, 41.9341908 ], [ 25.9136292, 41.9343814 ], [ 25.9154242, 41.934676 ], [ 25.9172303, 41.9354448 ], [ 25.9180561, 41.9358031 ], [ 25.9185378, 41.9359226 ], [ 25.9190196, 41.9361046 ], [ 25.91991, 41.9367907 ], [ 25.9224888, 41.9380275 ], [ 25.9231846, 41.9381526 ], [ 25.9240257, 41.9381014 ], [ 25.9252969, 41.9378768 ], [ 25.9273481, 41.937726 ], [ 25.9286383, 41.9372431 ] ] } },
{ "type": "Feature", "properties": { "element": "way", "id": 157329940, "name": "Марица", "waterway": "river" }, "geometry": { "type": "LineString", "coordinates": [ [ 25.9303763, 41.9446889 ], [ 25.929974, 41.943859 ], [ 25.9295797, 41.9429832 ], [ 25.9291077, 41.9422969 ], [ 25.9289548, 41.9419278 ], [ 25.9288663, 41.9416026 ], [ 25.9289119, 41.941014 ], [ 25.9289548, 41.939787 ], [ 25.9288394, 41.938975 ], [ 25.9286919, 41.9382128 ], [ 25.9286436, 41.9376881 ], [ 25.9286383, 41.9372431 ], [ 25.9288984, 41.9362495 ], [ 25.9295958, 41.9345495 ], [ 25.9299552, 41.9334261 ] ] } },
{ "type": "Feature", "properties": { "element": "way", "id": 252035980, "name": null, "waterway": "river" }, "geometry": { "type": "LineString", "coordinates": [ [ 25.8693578, 41.7700657 ], [ 25.870023, 41.7704818 ], [ 25.8706882, 41.7712499 ], [ 25.8713748, 41.7724342 ], [ 25.8734562, 41.7740184 ], [ 25.8729198, 41.7748186 ], [ 25.8733275, 41.7764028 ], [ 25.8744433, 41.7765468 ], [ 25.8767821, 41.7796831 ], [ 25.877383, 41.7815233 ], [ 25.8779409, 41.7836833 ], [ 25.8802583, 41.7869793 ], [ 25.8855798, 41.7896191 ], [ 25.888498, 41.791027 ], [ 25.8888843, 41.7920189 ], [ 25.8901717, 41.7919869 ], [ 25.8904732, 41.7920274 ], [ 25.8914807, 41.7921629 ], [ 25.8919527, 41.7929308 ], [ 25.8929827, 41.7923389 ], [ 25.8947851, 41.7926268 ], [ 25.895858, 41.7938267 ], [ 25.8972528, 41.7962743 ], [ 25.8995917, 41.7968982 ], [ 25.901952, 41.7999375 ], [ 25.9071877, 41.8040484 ], [ 25.9075954, 41.8064476 ], [ 25.907295, 41.8071514 ], [ 25.9073164, 41.8103182 ], [ 25.9075954, 41.8160277 ], [ 25.9091189, 41.8194179 ], [ 25.9078099, 41.8209531 ], [ 25.9086683, 41.82284 ], [ 25.9072735, 41.8236555 ], [ 25.9076812, 41.8249987 ], [ 25.9087271, 41.8254209 ], [ 25.90928, 41.8255542 ], [ 25.9094914, 41.825942 ], [ 25.9094914, 41.8262328 ], [ 25.9091987, 41.8265479 ], [ 25.9087759, 41.8268023 ], [ 25.9087921, 41.8273597 ], [ 25.9088246, 41.8276869 ], [ 25.9094263, 41.8283413 ], [ 25.9095564, 41.8286563 ], [ 25.9094101, 41.829141 ], [ 25.90928, 41.8293107 ], [ 25.908662, 41.8294561 ], [ 25.9080441, 41.8295772 ], [ 25.9076538, 41.8297832 ], [ 25.9071985, 41.8301346 ], [ 25.9070684, 41.830486 ], [ 25.9071985, 41.8308132 ], [ 25.9083436, 41.8312038 ], [ 25.9098002, 41.8314323 ], [ 25.911157, 41.8316965 ], [ 25.9115378, 41.8322923 ], [ 25.9113485, 41.8329624 ], [ 25.9108801, 41.8335177 ], [ 25.9105173, 41.8339844 ], [ 25.9100973, 41.8341861 ], [ 25.9099356, 41.8344984 ], [ 25.9097405, 41.8347771 ], [ 25.9095453, 41.8357109 ], [ 25.9096104, 41.8359048 ], [ 25.9100495, 41.8367529 ], [ 25.9103259, 41.8370195 ], [ 25.9107487, 41.8376131 ], [ 25.9111235, 41.8381923 ], [ 25.9111878, 41.8382916 ], [ 25.9116106, 41.8392642 ], [ 25.9117244, 41.8394338 ], [ 25.9119521, 41.8399912 ], [ 25.9120497, 41.8412027 ], [ 25.9120009, 41.8429401 ], [ 25.9121472, 41.8434853 ], [ 25.9129278, 41.8444423 ], [ 25.913188, 41.8447452 ], [ 25.9132205, 41.8451934 ], [ 25.9139523, 41.8460414 ], [ 25.9143329, 41.846729 ], [ 25.9145768, 41.8472377 ], [ 25.9150484, 41.8476617 ], [ 25.9157477, 41.8482674 ], [ 25.9166421, 41.8492365 ], [ 25.9174877, 41.8503178 ], [ 25.9177641, 41.850766 ], [ 25.9183496, 41.8516261 ], [ 25.9189675, 41.8526193 ], [ 25.9200316, 41.8530675 ], [ 25.9204056, 41.8530917 ], [ 25.9208609, 41.8532129 ], [ 25.9213163, 41.8534672 ], [ 25.9219342, 41.8536974 ], [ 25.9226497, 41.8546364 ], [ 25.9228449, 41.8548545 ], [ 25.9227961, 41.8554116 ], [ 25.9225684, 41.8557629 ], [ 25.9224041, 41.8561335 ], [ 25.9221781, 41.8566434 ], [ 25.922292, 41.8571521 ], [ 25.9225522, 41.8576729 ], [ 25.92304, 41.8579394 ], [ 25.923686, 41.8580236 ], [ 25.924424, 41.8581919 ], [ 25.9249441, 41.8583707 ], [ 25.9255395, 41.8587944 ], [ 25.9261412, 41.8591137 ], [ 25.9268616, 41.859339 ], [ 25.9273811, 41.8593023 ], [ 25.9277933, 41.8591857 ], [ 25.9283873, 41.8589793 ], [ 25.9285951, 41.858645 ], [ 25.9289873, 41.8580334 ], [ 25.9294427, 41.8578476 ], [ 25.9298454, 41.8578713 ], [ 25.9307941, 41.8578469 ], [ 25.9315149, 41.8575489 ], [ 25.9318479, 41.8573188 ], [ 25.9323419, 41.8570327 ], [ 25.9333472, 41.8557723 ], [ 25.9344915, 41.8549662 ], [ 25.9356623, 41.854627 ], [ 25.9373373, 41.8548087 ], [ 25.9388822, 41.855378 ], [ 25.9401802, 41.8558272 ], [ 25.9404977, 41.8559802 ], [ 25.9414691, 41.8564811 ], [ 25.9430009, 41.8571072 ], [ 25.9438601, 41.8573437 ], [ 25.9452583, 41.8574689 ], [ 25.9455385, 41.8574411 ], [ 25.9461506, 41.8575747 ], [ 25.9466219, 41.8576776 ], [ 25.9472384, 41.8578724 ], [ 25.9480229, 41.8580115 ], [ 25.949069, 41.8581089 ], [ 25.9498536, 41.8582619 ], [ 25.9507502, 41.858735 ], [ 25.9525124, 41.8599991 ], [ 25.9528486, 41.8604721 ], [ 25.9538387, 41.8612651 ], [ 25.9542496, 41.8617103 ], [ 25.954231, 41.8626702 ], [ 25.9541376, 41.8632545 ], [ 25.9542683, 41.863644 ], [ 25.9547166, 41.8639779 ], [ 25.9560056, 41.8642701 ], [ 25.9571637, 41.86459 ], [ 25.9582285, 41.8645205 ], [ 25.9589196, 41.8641588 ], [ 25.9591625, 41.8633797 ], [ 25.9594614, 41.8626424 ], [ 25.9608624, 41.8623502 ], [ 25.961292, 41.8624754 ], [ 25.9620205, 41.8627537 ], [ 25.9625996, 41.8635188 ], [ 25.9632908, 41.8645622 ], [ 25.9639072, 41.8671933 ], [ 25.9641127, 41.8680279 ], [ 25.9644302, 41.8688765 ], [ 25.9648786, 41.8693494 ], [ 25.9655884, 41.869266 ], [ 25.9662609, 41.8687513 ], [ 25.9668773, 41.868014 ], [ 25.9685212, 41.8664699 ], [ 25.9695856, 41.865196 ], [ 25.9713415, 41.8622468 ], [ 25.9718272, 41.8616625 ], [ 25.9723129, 41.8614955 ], [ 25.9734337, 41.8617181 ], [ 25.9750962, 41.862525 ], [ 25.976522, 41.8634161 ], [ 25.9776981, 41.8642341 ], [ 25.9781649, 41.8645983 ], [ 25.9782871, 41.8653762 ], [ 25.9784427, 41.8659887 ], [ 25.979154, 41.8666508 ], [ 25.9800764, 41.8667087 ], [ 25.9817212, 41.8667998 ], [ 25.982877, 41.8669736 ], [ 25.9836438, 41.8670398 ], [ 25.9847552, 41.8672715 ], [ 25.9851321, 41.8672629 ], [ 25.9854664, 41.8672301 ], [ 25.9863888, 41.8672384 ], [ 25.9875557, 41.8671556 ], [ 25.9895784, 41.8667584 ], [ 25.9909787, 41.8662535 ], [ 25.9917233, 41.8660135 ], [ 25.9927013, 41.8659308 ], [ 25.9946573, 41.8653845 ], [ 25.9950134, 41.865315 ], [ 25.9958908, 41.8650121 ], [ 25.997669, 41.8645155 ], [ 25.9992693, 41.8641017 ], [ 26.0000362, 41.8639444 ], [ 26.0009919, 41.8639361 ], [ 26.0016476, 41.8642175 ], [ 26.001881, 41.8646479 ], [ 26.0020033, 41.8655335 ], [ 26.00257, 41.865939 ], [ 26.0027812, 41.8663363 ], [ 26.0027701, 41.8666011 ], [ 26.0038947, 41.8668558 ], [ 26.0048565, 41.866826 ], [ 26.005043, 41.8667718 ], [ 26.0057041, 41.8665795 ], [ 26.0065598, 41.8658811 ], [ 26.0071821, 41.8646727 ], [ 26.007949, 41.8637458 ], [ 26.0088504, 41.863211 ], [ 26.0092603, 41.8629678 ], [ 26.0104273, 41.862645 ], [ 26.0112719, 41.8626202 ], [ 26.0128167, 41.8611965 ], [ 26.0134835, 41.8605509 ], [ 26.0146837, 41.8602116 ], [ 26.0153728, 41.8603275 ], [ 26.0164135, 41.8614684 ], [ 26.0168536, 41.8621778 ], [ 26.0175629, 41.862823 ], [ 26.0178846, 41.8628836 ], [ 26.0185804, 41.8627032 ], [ 26.0212159, 41.8602094 ], [ 26.0220931, 41.8597884 ], [ 26.0228035, 41.8597008 ], [ 26.0246475, 41.8599755 ], [ 26.0253628, 41.8605095 ], [ 26.0262346, 41.8611036 ], [ 26.0268695, 41.8611653 ], [ 26.0277427, 41.8611124 ], [ 26.0279669, 41.8611237 ], [ 26.0283971, 41.8609505 ], [ 26.0285043, 41.8607649 ], [ 26.029105, 41.8605696 ], [ 26.0294162, 41.8605158 ], [ 26.0300269, 41.8601219 ], [ 26.0301573, 41.859851 ], [ 26.0300791, 41.8592063 ], [ 26.0303603, 41.859066 ], [ 26.0312772, 41.8590397 ], [ 26.0324924, 41.8593019 ], [ 26.032898, 41.8593979 ], [ 26.0329451, 41.8596263 ], [ 26.0336154, 41.8597195 ], [ 26.03393, 41.8596809 ], [ 26.0346634, 41.8594554 ], [ 26.0350215, 41.859513 ], [ 26.0356928, 41.8593935 ], [ 26.0364723, 41.8593505 ], [ 26.0367878, 41.8593935 ], [ 26.0369429, 41.8594728 ], [ 26.0372955, 41.8596531 ], [ 26.0380869, 41.8596235 ], [ 26.0385712, 41.8595019 ], [ 26.0389348, 41.8595617 ], [ 26.0390871, 41.8598174 ], [ 26.0396238, 41.8600141 ], [ 26.0406733, 41.8600992 ], [ 26.0411541, 41.8601154 ], [ 26.0416701, 41.8602353 ], [ 26.0419084, 41.8602003 ], [ 26.0420133, 41.8599885 ], [ 26.0423155, 41.8599091 ], [ 26.0425549, 41.8599701 ], [ 26.0428814, 41.8598844 ], [ 26.0430282, 41.8600986 ], [ 26.0433152, 41.8601523 ], [ 26.0435488, 41.860068 ], [ 26.0449626, 41.8604607 ], [ 26.0479251, 41.8611835 ], [ 26.0486424, 41.8616533 ], [ 26.0495353, 41.8619499 ], [ 26.0500534, 41.8620138 ], [ 26.0503917, 41.862193 ], [ 26.0514703, 41.8619578 ], [ 26.0517711, 41.8620253 ], [ 26.0524424, 41.8616234 ], [ 26.053108, 41.861591 ], [ 26.0534815, 41.8617468 ], [ 26.0538677, 41.8618161 ], [ 26.0540693, 41.8617903 ], [ 26.0548911, 41.8613723 ], [ 26.0552425, 41.8612696 ], [ 26.0557802, 41.8613099 ], [ 26.0561652, 41.861467 ], [ 26.0566815, 41.8619013 ], [ 26.0568683, 41.861979 ], [ 26.0571467, 41.8620364 ], [ 26.0575548, 41.8619566 ], [ 26.057845, 41.8618183 ], [ 26.0582636, 41.8614159 ], [ 26.0587783, 41.8612325 ], [ 26.0591, 41.8612347 ], [ 26.0600018, 41.8614396 ], [ 26.0604742, 41.8614038 ], [ 26.0607938, 41.8613217 ], [ 26.0611216, 41.8612093 ], [ 26.0616731, 41.8611515 ], [ 26.0621352, 41.8612452 ], [ 26.0626212, 41.8612729 ], [ 26.0629536, 41.8611778 ], [ 26.0632454, 41.861222 ], [ 26.0635072, 41.8614929 ], [ 26.0635238, 41.8617197 ], [ 26.063624, 41.8618988 ], [ 26.0637527, 41.8620201 ], [ 26.0637901, 41.8620554 ], [ 26.0638444, 41.8623261 ], [ 26.0639736, 41.8624322 ], [ 26.0642963, 41.8626561 ], [ 26.0643988, 41.8628657 ], [ 26.0647744, 41.8630506 ], [ 26.0651278, 41.8630409 ], [ 26.0654545, 41.8629582 ], [ 26.0658994, 41.8628843 ], [ 26.0664255, 41.862965 ], [ 26.0671013, 41.8631193 ], [ 26.067594, 41.8629985 ], [ 26.0679076, 41.8630868 ], [ 26.0681952, 41.8633313 ], [ 26.0684625, 41.8634708 ], [ 26.068798, 41.8637008 ], [ 26.0690868, 41.863857 ], [ 26.0693115, 41.8640342 ], [ 26.0693473, 41.8642103 ], [ 26.0695759, 41.8643907 ], [ 26.0699761, 41.8644889 ], [ 26.0704976, 41.8644461 ], [ 26.0710869, 41.8645635 ], [ 26.0723236, 41.8652453 ], [ 26.0732552, 41.8651735 ], [ 26.0745883, 41.8649582 ], [ 26.0757768, 41.8652214 ], [ 26.0768208, 41.8661424 ], [ 26.0775115, 41.8665251 ], [ 26.0790212, 41.8666089 ], [ 26.0804828, 41.8661902 ], [ 26.0815429, 41.8659151 ], [ 26.082043, 41.8660191 ], [ 26.0825576, 41.8661437 ], [ 26.0830033, 41.8662455 ] ] } },
{ "type": "Feature", "properties": { "element": "way", "id": 453314679, "name": null, "waterway": "stream" }, "geometry": { "type": "LineString", "coordinates": [ [ 25.7833641, 41.8155549 ], [ 25.783683, 41.8155466 ], [ 25.7842643, 41.8151624 ], [ 25.7842583, 41.815082 ], [ 25.7844381, 41.8148631 ], [ 25.784534, 41.8148497 ], [ 25.784588, 41.8148899 ], [ 25.7850615, 41.8146934 ], [ 25.7857573, 41.8142997 ], [ 25.786798, 41.813692 ], [ 25.7872402, 41.8133917 ], [ 25.7876456, 41.8131163 ], [ 25.7878715, 41.8129479 ] ] } },
{ "type": "Feature", "properties": { "element": "way", "id": 485066694, "name": null, "waterway": "stream" }, "geometry": { "type": "LineString", "coordinates": [ [ 25.7878715, 41.8129479 ], [ 25.788027, 41.8128606 ] ] } },
{ "type": "Feature", "properties": { "element": "way", "id": 485066695, "name": null, "waterway": "stream" }, "geometry": { "type": "LineString", "coordinates": [ [ 25.788027, 41.8128606 ], [ 25.7883537, 41.8127324 ], [ 25.7886824, 41.8125526 ], [ 25.7888057, 41.8125051 ], [ 25.7888505, 41.8124358 ], [ 25.7890082, 41.8122526 ], [ 25.789642, 41.8118994 ], [ 25.7898342, 41.8118435 ], [ 25.7899677, 41.8117739 ], [ 25.7900638, 41.8116694 ], [ 25.7904296, 41.8114603 ], [ 25.7906021, 41.8113394 ], [ 25.7907749, 41.8112037 ], [ 25.790957, 41.8110958 ] ] } },
{ "type": "Feature", "properties": { "element": "way", "id": 485066710, "name": null, "waterway": "stream" }, "geometry": { "type": "LineString", "coordinates": [ [ 25.790957, 41.8110958 ], [ 25.7910367, 41.8110382 ] ] } },
{ "type": "Feature", "properties": { "element": "way", "id": 485066711, "name": null, "waterway": "stream" }, "geometry": { "type": "LineString", "coordinates": [ [ 25.7910367, 41.8110382 ], [ 25.791081, 41.8109972 ], [ 25.7917073, 41.8110852 ], [ 25.7923325, 41.8111311 ], [ 25.7926127, 41.8110986 ], [ 25.7926964, 41.8111311 ], [ 25.7927437, 41.8111257 ], [ 25.7928092, 41.8110986 ], [ 25.792871, 41.8109928 ], [ 25.7929438, 41.810944 ], [ 25.7934932, 41.810285 ], [ 25.7942537, 41.8092055 ], [ 25.7961822, 41.8065964 ], [ 25.7963169, 41.8065638 ], [ 25.7964915, 41.8065611 ], [ 25.7969027, 41.8065774 ], [ 25.7971683, 41.8065964 ], [ 25.7975577, 41.8066208 ], [ 25.7979288, 41.8066452 ], [ 25.7994643, 41.806751 ], [ 25.799719, 41.8068134 ] ] } },
{ "type": "Feature", "properties": { "element": "way", "id": 485066735, "name": null, "waterway": "stream" }, "geometry": { "type": "LineString", "coordinates": [ [ 25.7774295, 41.818675 ], [ 25.7775496, 41.8185774 ], [ 25.7777024, 41.8185069 ], [ 25.7777461, 41.8184744 ], [ 25.777928, 41.8184228 ], [ 25.7780299, 41.818355 ], [ 25.7780627, 41.81829 ], [ 25.7781464, 41.8182493 ], [ 25.7782264, 41.8182466 ], [ 25.778412, 41.8181788 ], [ 25.7784993, 41.8180513 ], [ 25.7785612, 41.8178561 ], [ 25.7785939, 41.8177096 ], [ 25.7786376, 41.8176662 ], [ 25.778674, 41.8175795 ], [ 25.7786485, 41.8175307 ], [ 25.7789178, 41.8174466 ], [ 25.7790051, 41.8174846 ], [ 25.7790633, 41.8174846 ], [ 25.7790524, 41.8174086 ], [ 25.7791506, 41.8173788 ], [ 25.7792271, 41.8174357 ], [ 25.7792598, 41.8174547 ], [ 25.7793581, 41.8173951 ], [ 25.7794163, 41.8173571 ], [ 25.77962, 41.8174737 ], [ 25.7796855, 41.8174601 ], [ 25.7797183, 41.8174927 ], [ 25.7798165, 41.817471 ], [ 25.7798784, 41.8174683 ], [ 25.7801549, 41.81733 ], [ 25.7802095, 41.8172649 ], [ 25.7804024, 41.8171998 ], [ 25.780497, 41.81717 ], [ 25.7806971, 41.8172134 ], [ 25.7808317, 41.8171781 ], [ 25.7808899, 41.817132 ], [ 25.7808717, 41.8170968 ], [ 25.7808717, 41.8169964 ], [ 25.7809191, 41.8169205 ], [ 25.7809591, 41.8168744 ], [ 25.7809736, 41.8166683 ], [ 25.7811519, 41.8165761 ], [ 25.7812756, 41.8165598 ], [ 25.7813011, 41.8165137 ], [ 25.7813593, 41.8164134 ], [ 25.7814649, 41.8163917 ], [ 25.7815595, 41.816389 ], [ 25.7816977, 41.8163429 ], [ 25.781967, 41.816191 ], [ 25.7819816, 41.8161557 ], [ 25.7821489, 41.81605 ], [ 25.7822108, 41.8160174 ], [ 25.7822945, 41.8159524 ], [ 25.782571, 41.8159063 ], [ 25.7827202, 41.8158574 ], [ 25.7829203, 41.8157517 ], [ 25.7830768, 41.8156432 ], [ 25.7832515, 41.8156079 ], [ 25.7833641, 41.8155549 ] ] } },
{ "type": "Feature", "properties": { "element": "way", "id": 485465023, "name": null, "waterway": "stream" }, "geometry": { "type": "LineString", "coordinates": [ [ 25.770449, 41.8380028 ], [ 25.7742553, 41.836542 ] ] } },
{ "type": "Feature", "properties": { "element": "way", "id": 485465025, "name": null, "waterway": "stream" }, "geometry": { "type": "LineString", "coordinates": [ [ 25.7781856, 41.8370279 ], [ 25.7782644, 41.8372889 ], [ 25.7786059, 41.837295 ], [ 25.7789474, 41.8370284 ], [ 25.7791263, 41.8368588 ], [ 25.7794515, 41.8369133 ], [ 25.7795328, 41.8370829 ], [ 25.7798825, 41.8371556 ], [ 25.7803378, 41.8370708 ], [ 25.780224, 41.8368043 ], [ 25.7803541, 41.8367679 ], [ 25.7806712, 41.8367921 ], [ 25.7809964, 41.8366952 ], [ 25.7811916, 41.8366165 ], [ 25.7813786, 41.8368103 ], [ 25.7818583, 41.8367255 ], [ 25.7821591, 41.8366528 ], [ 25.7824519, 41.8366528 ], [ 25.7827364, 41.8366407 ], [ 25.7831836, 41.8366346 ], [ 25.783517, 41.8368467 ], [ 25.7841919, 41.8366831 ], [ 25.7847285, 41.8368527 ], [ 25.7851269, 41.8369557 ], [ 25.7855823, 41.8370829 ], [ 25.7859726, 41.8370102 ], [ 25.7861758, 41.8367437 ], [ 25.7866312, 41.8362833 ], [ 25.7870702, 41.8363802 ], [ 25.7875093, 41.8362227 ], [ 25.7878833, 41.8361742 ], [ 25.7879809, 41.8363984 ], [ 25.7884281, 41.8364892 ], [ 25.7889973, 41.8365862 ], [ 25.789774, 41.836351 ] ] } },
{ "type": "Feature", "properties": { "element": "way", "id": 652321480, "name": null, "waterway": "stream" }, "geometry": { "type": "LineString", "coordinates": [ [ 25.7953405, 41.8568744 ], [ 25.7952143, 41.8572961 ], [ 25.7953803, 41.8586565 ], [ 25.7950483, 41.8591666 ], [ 25.796003, 41.8606351 ], [ 25.796937, 41.8606815 ], [ 25.7977465, 41.8612534 ], [ 25.8004239, 41.8625674 ], [ 25.8021674, 41.8639276 ], [ 25.8032467, 41.8650869 ], [ 25.803299, 41.8650873 ], [ 25.8054053, 41.8651024 ], [ 25.8068773, 41.8651525 ], [ 25.8090375, 41.865226 ], [ 25.8092866, 41.8651642 ], [ 25.8101998, 41.8647932 ], [ 25.8113829, 41.8649014 ], [ 25.8137075, 41.8656897 ], [ 25.8144132, 41.8656897 ], [ 25.8151811, 41.8657206 ], [ 25.8178171, 41.8660916 ], [ 25.8180662, 41.8663698 ], [ 25.8179416, 41.8667872 ], [ 25.8181527, 41.8670559 ], [ 25.818585, 41.8676064 ], [ 25.8197681, 41.8680855 ], [ 25.8206814, 41.8678691 ], [ 25.8222173, 41.8670963 ], [ 25.8235075, 41.8664654 ], [ 25.8246169, 41.8661794 ], [ 25.8260818, 41.8664548 ], [ 25.826921, 41.8663171 ], [ 25.8288268, 41.8659358 ], [ 25.8309886, 41.864866 ], [ 25.8326242, 41.8645694 ], [ 25.8334492, 41.8643788 ], [ 25.8341461, 41.8638174 ], [ 25.8354119, 41.8634467 ], [ 25.8363648, 41.8628959 ], [ 25.8373462, 41.8625251 ], [ 25.8382422, 41.8625781 ], [ 25.8387116, 41.8624298 ], [ 25.83938, 41.8624722 ], [ 25.8400627, 41.8619002 ], [ 25.8413996, 41.8619214 ], [ 25.8437606, 41.8616248 ], [ 25.844486, 41.8619955 ], [ 25.8453535, 41.861932 ], [ 25.8463207, 41.8614341 ], [ 25.8475723, 41.861646 ], [ 25.8487528, 41.8616778 ], [ 25.8496203, 41.8615083 ], [ 25.8500507, 41.8614652 ], [ 25.8505733, 41.8614129 ], [ 25.8516969, 41.8621544 ], [ 25.8533609, 41.8626311 ], [ 25.8548116, 41.8620697 ], [ 25.8569166, 41.8616778 ], [ 25.8581539, 41.8624616 ], [ 25.8595051, 41.8621968 ], [ 25.8604865, 41.8623557 ], [ 25.8624206, 41.8630066 ], [ 25.863459, 41.8630759 ], [ 25.8643693, 41.8633725 ], [ 25.8647106, 41.8639975 ], [ 25.8660618, 41.8644211 ], [ 25.8675267, 41.8646224 ], [ 25.8686361, 41.8643788 ], [ 25.8690812, 41.86421 ], [ 25.8695263, 41.8638197 ], [ 25.8701386, 41.8628064 ], [ 25.8712565, 41.8622777 ], [ 25.8719136, 41.8624006 ], [ 25.8724903, 41.8630314 ], [ 25.872714, 41.8635694 ], [ 25.8739598, 41.8644386 ], [ 25.8744105, 41.8649296 ], [ 25.8753492, 41.8656922 ], [ 25.8759018, 41.8661067 ], [ 25.8760745, 41.8671962 ], [ 25.8769279, 41.8676516 ], [ 25.8782506, 41.8680647 ], [ 25.8796302, 41.86816 ], [ 25.881152, 41.8681282 ], [ 25.8826169, 41.8675775 ], [ 25.8835983, 41.8663383 ], [ 25.8842668, 41.8654486 ], [ 25.8864997, 41.8641034 ], [ 25.8882491, 41.8639551 ], [ 25.8896998, 41.8640398 ], [ 25.8909514, 41.8639657 ], [ 25.8918759, 41.8635844 ], [ 25.8930848, 41.8625357 ], [ 25.8932982, 41.8611905 ], [ 25.8938244, 41.8602901 ], [ 25.8949622, 41.8599512 ], [ 25.895972, 41.8601524 ], [ 25.8961996, 41.8607138 ], [ 25.8962565, 41.8617943 ], [ 25.8964129, 41.8626099 ], [ 25.8973943, 41.8633196 ], [ 25.8984326, 41.8638068 ], [ 25.8996273, 41.8639763 ], [ 25.900566, 41.8637856 ], [ 25.9010922, 41.8632454 ], [ 25.9023722, 41.8623451 ], [ 25.9031118, 41.8620697 ], [ 25.9044772, 41.861879 ], [ 25.9053163, 41.8610846 ], [ 25.9054159, 41.8603537 ], [ 25.9053163, 41.8592097 ], [ 25.9060132, 41.8585317 ], [ 25.9072791, 41.8579809 ], [ 25.9080061, 41.8574402 ], [ 25.9083476, 41.8573312 ], [ 25.9086728, 41.856992 ], [ 25.9095835, 41.8564833 ], [ 25.9103478, 41.8560836 ], [ 25.9118276, 41.8555628 ], [ 25.9129822, 41.8551752 ], [ 25.9142832, 41.8553448 ], [ 25.9150963, 41.8553569 ], [ 25.916755, 41.8551873 ], [ 25.9183161, 41.8552479 ], [ 25.9198773, 41.8554417 ], [ 25.921162, 41.8557081 ], [ 25.9224041, 41.8561335 ] ] } },
{ "type": "Feature", "properties": { "element": "way", "id": 656283899, "name": null, "waterway": "stream" }, "geometry": { "type": "LineString", "coordinates": [ [ 25.7731991, 41.8076585 ], [ 25.7733823, 41.8074535 ], [ 25.7734734, 41.8073515 ], [ 25.7737012, 41.806712 ], [ 25.7738301, 41.8061426 ], [ 25.773458, 41.8056361 ], [ 25.7735219, 41.8050477 ], [ 25.7734291, 41.8045765 ], [ 25.773599, 41.8041631 ], [ 25.7740749, 41.8040253 ], [ 25.7745658, 41.8039721 ], [ 25.7751704, 41.8041201 ], [ 25.7755331, 41.804189 ], [ 25.7762016, 41.8047456 ], [ 25.7765358, 41.804947 ], [ 25.7772896, 41.8050371 ], [ 25.7779652, 41.8049576 ], [ 25.7789821, 41.8052386 ], [ 25.7793092, 41.805334 ], [ 25.7796933, 41.805281 ], [ 25.779999, 41.8050424 ], [ 25.7803759, 41.8043056 ], [ 25.7804897, 41.8036483 ], [ 25.7808737, 41.8032242 ], [ 25.7815707, 41.8031023 ], [ 25.7823173, 41.802922 ], [ 25.7868899, 41.8019572 ], [ 25.7877575, 41.8015755 ], [ 25.7883762, 41.8011833 ], [ 25.7888882, 41.8011037 ], [ 25.789194, 41.8011567 ], [ 25.7894511, 41.8011555 ], [ 25.790154, 41.8010507 ], [ 25.791043, 41.8011939 ], [ 25.7920457, 41.8012787 ], [ 25.7931479, 41.8014536 ], [ 25.7935533, 41.8015252 ], [ 25.7948795, 41.8017452 ], [ 25.7953702, 41.8017054 ], [ 25.7964013, 41.8013264 ], [ 25.7971054, 41.8009686 ], [ 25.7979878, 41.8011584 ], [ 25.7986577, 41.8015907 ], [ 25.7988537, 41.8021449 ], [ 25.799254, 41.8037037 ], [ 25.7996787, 41.8041056 ], [ 25.800079, 41.8046171 ], [ 25.800128, 41.8050007 ], [ 25.7999238, 41.8057192 ], [ 25.7997033, 41.8060724 ], [ 25.7995889, 41.8064986 ], [ 25.799719, 41.8068134 ], [ 25.800177, 41.8071441 ], [ 25.8015821, 41.8074911 ], [ 25.8025623, 41.807753 ], [ 25.8035181, 41.8079113 ], [ 25.8041226, 41.8081548 ], [ 25.8047597, 41.8080087 ], [ 25.8051927, 41.8075459 ], [ 25.8055194, 41.8072719 ], [ 25.8062873, 41.8072598 ], [ 25.8069081, 41.8074911 ], [ 25.8077985, 41.8081122 ], [ 25.8084439, 41.8086419 ], [ 25.8094895, 41.8089586 ], [ 25.8102655, 41.8091169 ], [ 25.8113274, 41.8094639 ], [ 25.812275, 41.8099876 ], [ 25.8130919, 41.8104868 ], [ 25.8135248, 41.8108339 ], [ 25.8146031, 41.8108205 ], [ 25.8159486, 41.8110693 ], [ 25.8163489, 41.811162 ], [ 25.8169556, 41.8113373 ], [ 25.8194319, 41.811568 ], [ 25.8209177, 41.8122417 ], [ 25.8229359, 41.812417 ], [ 25.8253379, 41.8127493 ], [ 25.8275542, 41.8120018 ], [ 25.82852, 41.8116511 ], [ 25.829461, 41.8117434 ], [ 25.8300553, 41.8121587 ], [ 25.8307363, 41.8133491 ], [ 25.8310706, 41.8140689 ], [ 25.8320983, 41.8145764 ], [ 25.8335469, 41.8147518 ], [ 25.8357756, 41.8152501 ], [ 25.8403444, 41.8167265 ], [ 25.8425235, 41.8172064 ], [ 25.8437988, 41.81776 ], [ 25.8444551, 41.818406 ], [ 25.8449875, 41.819015 ], [ 25.8456561, 41.8193379 ], [ 25.8464856, 41.8194579 ], [ 25.8473771, 41.8195225 ], [ 25.8496182, 41.8202699 ], [ 25.8515373, 41.8213587 ], [ 25.8515868, 41.8222722 ], [ 25.8522802, 41.8228258 ], [ 25.8530479, 41.8233056 ], [ 25.8540012, 41.8239607 ], [ 25.8551403, 41.8243482 ], [ 25.8561433, 41.8245881 ], [ 25.8567871, 41.8246896 ], [ 25.8574309, 41.824542 ], [ 25.8580995, 41.824136 ], [ 25.8588548, 41.8238223 ], [ 25.8604768, 41.8238223 ], [ 25.8616654, 41.8239146 ], [ 25.8622597, 41.8241452 ], [ 25.8635846, 41.8239884 ], [ 25.8643646, 41.8240437 ], [ 25.8658752, 41.8239976 ], [ 25.8673981, 41.8239884 ], [ 25.8689086, 41.8239607 ], [ 25.8696639, 41.8238131 ], [ 25.8705925, 41.8233702 ], [ 25.8719916, 41.8230749 ], [ 25.8726231, 41.8232964 ], [ 25.8733908, 41.824542 ], [ 25.8739727, 41.8251509 ], [ 25.8743565, 41.8257599 ], [ 25.8750251, 41.8262396 ], [ 25.8755947, 41.8264426 ], [ 25.8764738, 41.8265072 ], [ 25.8777119, 41.8263042 ], [ 25.8787148, 41.8259813 ], [ 25.8795939, 41.8256122 ], [ 25.8805721, 41.8253078 ], [ 25.8812035, 41.8254 ], [ 25.8821321, 41.8258521 ], [ 25.8837913, 41.8273653 ], [ 25.8845218, 41.8277251 ], [ 25.8849923, 41.8287307 ], [ 25.8860076, 41.8301054 ], [ 25.8870724, 41.8312125 ], [ 25.8879143, 41.8314523 ], [ 25.8887563, 41.8312678 ], [ 25.8890906, 41.8305482 ], [ 25.8890534, 41.8298194 ], [ 25.8891649, 41.8288876 ], [ 25.8893506, 41.8281772 ], [ 25.8899201, 41.827845 ], [ 25.8913564, 41.8278266 ], [ 25.8926069, 41.8281772 ], [ 25.8938575, 41.8293212 ], [ 25.8955042, 41.8300316 ], [ 25.8970395, 41.8301884 ], [ 25.8980301, 41.830336 ], [ 25.8998006, 41.8311756 ], [ 25.900754, 41.8311202 ], [ 25.9037751, 41.8307973 ], [ 25.9048275, 41.8307881 ], [ 25.9064619, 41.8310464 ], [ 25.9073905, 41.8312125 ], [ 25.9083436, 41.8312038 ] ] } },
{ "type": "Feature", "properties": { "element": "way", "id": 656283900, "name": null, "waterway": "stream" }, "geometry": { "type": "LineString", "coordinates": [ [ 25.8301495, 41.8585423 ], [ 25.8317424, 41.8582775 ], [ 25.8332074, 41.8580762 ], [ 25.8339327, 41.8580974 ], [ 25.8347861, 41.8582775 ], [ 25.8348857, 41.8585317 ], [ 25.8348714, 41.8588919 ], [ 25.8352981, 41.8594533 ], [ 25.8361088, 41.8595592 ], [ 25.8364501, 41.8598982 ], [ 25.8366635, 41.8603113 ], [ 25.8376875, 41.8604067 ], [ 25.8385693, 41.8603325 ], [ 25.8388964, 41.8600571 ], [ 25.8393089, 41.8600359 ], [ 25.8399916, 41.8595275 ], [ 25.8409161, 41.8594851 ], [ 25.8414139, 41.859358 ], [ 25.841613, 41.8590084 ], [ 25.8419401, 41.8590296 ], [ 25.8425659, 41.859358 ], [ 25.8432201, 41.8595698 ], [ 25.8439171, 41.8595275 ], [ 25.8442442, 41.8600571 ], [ 25.8445002, 41.8603007 ], [ 25.8449553, 41.8605126 ], [ 25.8454389, 41.8604914 ], [ 25.8460362, 41.8603219 ], [ 25.8473447, 41.8602372 ], [ 25.8477572, 41.8604702 ], [ 25.8484114, 41.8609469 ], [ 25.8500507, 41.8614652 ] ] } },
{ "type": "Feature", "properties": { "element": "way", "id": 657397981, "name": null, "waterway": "stream" }, "geometry": { "type": "LineString", "coordinates": [ [ 25.9124127, 41.9050932 ], [ 25.9132698, 41.9056572 ], [ 25.9141359, 41.9059527 ], [ 25.9151012, 41.9062347 ], [ 25.9155794, 41.9063488 ], [ 25.9161478, 41.9067987 ], [ 25.916256, 41.9069867 ], [ 25.9165718, 41.9076776 ], [ 25.9166297, 41.9082178 ], [ 25.9171587, 41.9090723 ] ] } },
{ "type": "Feature", "properties": { "element": "way", "id": 657397982, "name": null, "waterway": "stream" }, "geometry": { "type": "LineString", "coordinates": [ [ 25.9111316, 41.9022657 ], [ 25.9114925, 41.9023933 ], [ 25.9124127, 41.9029909 ], [ 25.9130984, 41.9033267 ], [ 25.9138021, 41.9037967 ], [ 25.9142261, 41.9042399 ], [ 25.9145599, 41.9046092 ], [ 25.9152275, 41.9052403 ], [ 25.9154711, 41.9055492 ], [ 25.9156416, 41.9058284 ], [ 25.9156967, 41.9059185 ], [ 25.9161478, 41.9067987 ] ] } },
{ "type": "Feature", "properties": { "element": "way", "id": 683059315, "name": null, "waterway": "stream" }, "geometry": { "type": "LineString", "coordinates": [ [ 25.9985208, 41.7754377 ], [ 25.998902, 41.7756013 ], [ 25.9992984, 41.7758441 ], [ 25.9993975, 41.7761609 ], [ 25.9996736, 41.7766676 ], [ 25.9998718, 41.776731 ], [ 25.9999372, 41.7768588 ], [ 26.0009623, 41.7781572 ], [ 26.0009868, 41.7783627 ], [ 26.0010751, 41.7784043 ], [ 26.0016414, 41.7785468 ], [ 26.002059, 41.7785679 ], [ 26.0030004, 41.7787474 ], [ 26.0055415, 41.7811174 ], [ 26.0056619, 41.7817614 ], [ 26.0058742, 41.7819778 ], [ 26.0065396, 41.7823842 ], [ 26.0070068, 41.7825003 ], [ 26.0076721, 41.7825373 ], [ 26.0080685, 41.7826323 ], [ 26.0085585, 41.782828 ], [ 26.0090241, 41.7830492 ], [ 26.0103549, 41.7837723 ], [ 26.0122864, 41.7851781 ], [ 26.012535, 41.785456 ], [ 26.0126836, 41.7859311 ], [ 26.012804, 41.7867333 ], [ 26.0128889, 41.7872189 ], [ 26.0130659, 41.7878258 ], [ 26.0129102, 41.7882058 ], [ 26.0131083, 41.7883747 ], [ 26.0135331, 41.7885805 ], [ 26.0137454, 41.7890872 ], [ 26.0140922, 41.7901744 ], [ 26.0143966, 41.7907602 ], [ 26.0144957, 41.7911402 ], [ 26.0148213, 41.791441 ], [ 26.0154102, 41.7919679 ], [ 26.0156353, 41.7921693 ], [ 26.0170085, 41.7931825 ], [ 26.0176668, 41.7932459 ], [ 26.0179146, 41.7933514 ], [ 26.0180066, 41.7935308 ], [ 26.0180491, 41.7939688 ], [ 26.0183464, 41.7945177 ], [ 26.0191533, 41.7955256 ], [ 26.0196346, 41.7957736 ], [ 26.0199744, 41.79599 ], [ 26.0201797, 41.7960797 ], [ 26.0204132, 41.7959953 ], [ 26.0206327, 41.7959214 ], [ 26.02093, 41.7960533 ], [ 26.0218218, 41.7966074 ], [ 26.0220696, 41.7971351 ], [ 26.0220413, 41.7974254 ], [ 26.0226429, 41.7982275 ], [ 26.0231172, 41.7986707 ], [ 26.0232729, 41.7991878 ], [ 26.0232517, 41.7994992 ], [ 26.023464, 41.7998158 ], [ 26.0235419, 41.8001113 ], [ 26.0238675, 41.8003435 ], [ 26.0242497, 41.8005334 ] ] } },
{ "type": "Feature", "properties": { "element": "way", "id": 683059317, "name": null, "waterway": "stream" }, "geometry": { "type": "LineString", "coordinates": [ [ 26.000254, 41.7957842 ], [ 26.0003177, 41.796618 ], [ 26.0006716, 41.7971668 ], [ 26.0018112, 41.7980797 ], [ 26.0020731, 41.7986918 ], [ 26.0023421, 41.7988449 ], [ 26.0029579, 41.7988185 ], [ 26.0031915, 41.7988554 ], [ 26.0033472, 41.7990295 ], [ 26.0035313, 41.7993673 ], [ 26.0038781, 41.7995519 ], [ 26.0046143, 41.79961 ], [ 26.0054708, 41.7995994 ], [ 26.0060441, 41.7996469 ], [ 26.0062423, 41.7998 ], [ 26.0062677, 41.7999086 ], [ 26.0062989, 41.8000427 ], [ 26.0064193, 41.8003487 ], [ 26.0067095, 41.8007181 ], [ 26.0074598, 41.80123 ], [ 26.0080119, 41.8014621 ], [ 26.0084649, 41.8015624 ], [ 26.0088401, 41.801478 ], [ 26.0097036, 41.801098 ], [ 26.0101637, 41.8009872 ], [ 26.0108079, 41.8009925 ], [ 26.0113175, 41.8010136 ], [ 26.0119333, 41.8008395 ], [ 26.012358, 41.8008395 ], [ 26.0128535, 41.801135 ], [ 26.0131225, 41.8012933 ], [ 26.0133561, 41.8012827 ], [ 26.0140781, 41.8012141 ], [ 26.0145099, 41.8012088 ], [ 26.0148638, 41.8013091 ], [ 26.0151965, 41.8015518 ], [ 26.0156424, 41.8017418 ], [ 26.0158335, 41.801689 ], [ 26.0161308, 41.8013777 ], [ 26.0162582, 41.8010242 ], [ 26.0164918, 41.8008025 ], [ 26.0172351, 41.8002907 ], [ 26.0177447, 41.8001113 ], [ 26.0179854, 41.8001166 ], [ 26.0185941, 41.8003118 ], [ 26.0195851, 41.8004754 ], [ 26.0197691, 41.8005704 ], [ 26.0198399, 41.8009186 ], [ 26.020031, 41.8013302 ], [ 26.0202009, 41.8014305 ], [ 26.0204274, 41.8013724 ], [ 26.0205317, 41.8012415 ], [ 26.0205761, 41.8011666 ], [ 26.0207459, 41.8008395 ], [ 26.0209158, 41.8005862 ], [ 26.0213618, 41.8002907 ], [ 26.0217581, 41.8001482 ], [ 26.0222182, 41.8000744 ], [ 26.0224589, 41.8002115 ], [ 26.0226005, 41.8005123 ], [ 26.0226925, 41.8006759 ], [ 26.0230747, 41.8007814 ], [ 26.0232871, 41.8008078 ], [ 26.0236056, 41.8007392 ], [ 26.024002, 41.8006126 ], [ 26.0242497, 41.8005334 ], [ 26.0244055, 41.8005387 ], [ 26.0246744, 41.800544 ], [ 26.0249647, 41.8006442 ], [ 26.0252266, 41.8007234 ], [ 26.025715, 41.8008711 ], [ 26.0263166, 41.8009503 ], [ 26.0274279, 41.8010189 ], [ 26.0277217, 41.8010374 ], [ 26.0279482, 41.8010769 ], [ 26.028249, 41.8011534 ], [ 26.0284649, 41.8014305 ], [ 26.0287304, 41.8015254 ], [ 26.0292825, 41.8016521 ], [ 26.0295408, 41.8016969 ], [ 26.0300894, 41.8017312 ], [ 26.0303053, 41.8019529 ], [ 26.0304079, 41.802098 ], [ 26.0309601, 41.802251 ], [ 26.0313564, 41.8022404 ], [ 26.0316219, 41.802251 ], [ 26.0318307, 41.8022958 ], [ 26.0319935, 41.8024066 ], [ 26.0321244, 41.8025122 ], [ 26.0321528, 41.802623 ], [ 26.032128, 41.8027654 ], [ 26.0321259, 41.8028473 ], [ 26.0321244, 41.8029026 ], [ 26.0320077, 41.8031058 ], [ 26.0320926, 41.8034171 ], [ 26.0320607, 41.8037231 ], [ 26.0320785, 41.803904 ], [ 26.032128, 41.8041822 ], [ 26.0320501, 41.8043774 ], [ 26.0318767, 41.8045225 ], [ 26.0315865, 41.8046571 ], [ 26.031583, 41.8048285 ], [ 26.0316148, 41.8049341 ], [ 26.0318024, 41.8051346 ], [ 26.0320077, 41.8052295 ], [ 26.0322519, 41.8052981 ], [ 26.0323475, 41.8053063 ], [ 26.0325173, 41.8053087 ], [ 26.0326659, 41.8053746 ], [ 26.0328606, 41.805525 ], [ 26.0334127, 41.8059445 ], [ 26.0337419, 41.8063138 ], [ 26.0339542, 41.8065882 ], [ 26.0341878, 41.8067491 ], [ 26.0348107, 41.8068256 ], [ 26.0350761, 41.8068625 ], [ 26.0356813, 41.8070419 ], [ 26.0361096, 41.8072477 ], [ 26.0366015, 41.807406 ], [ 26.0370404, 41.8077463 ], [ 26.0373129, 41.8080813 ], [ 26.0375571, 41.8082396 ], [ 26.0378686, 41.8083188 ], [ 26.03818, 41.8083109 ], [ 26.0384525, 41.8085008 ], [ 26.0387144, 41.8086327 ], [ 26.0390577, 41.8087461 ], [ 26.0393904, 41.8089967 ], [ 26.0418126, 41.8098402 ], [ 26.0424682, 41.810115 ], [ 26.043513, 41.8100234 ], [ 26.0442301, 41.8101608 ], [ 26.0454593, 41.8096264 ], [ 26.0465041, 41.8096416 ], [ 26.0473851, 41.8098707 ], [ 26.0477743, 41.8100234 ], [ 26.0485119, 41.809718 ], [ 26.0494953, 41.8096111 ], [ 26.049905, 41.8091683 ], [ 26.0511137, 41.8090461 ], [ 26.0519332, 41.808985 ], [ 26.0527322, 41.8094279 ], [ 26.0527527, 41.810115 ], [ 26.053019, 41.8103593 ], [ 26.0544121, 41.8106647 ], [ 26.054658, 41.8108785 ], [ 26.0549243, 41.811016 ], [ 26.0550882, 41.8108327 ], [ 26.0552726, 41.810451 ], [ 26.0555594, 41.8102066 ], [ 26.0565838, 41.8100692 ], [ 26.057055, 41.8102525 ], [ 26.0576081, 41.8108785 ], [ 26.0579974, 41.8111992 ], [ 26.058653, 41.8100081 ], [ 26.0591856, 41.8099165 ], [ 26.0615007, 41.8107869 ], [ 26.0621562, 41.8119627 ], [ 26.0627299, 41.8120543 ], [ 26.0644713, 41.8114282 ], [ 26.0651883, 41.8119627 ], [ 26.0668478, 41.812207 ], [ 26.0709247, 41.8129094 ], [ 26.0714369, 41.813734 ], [ 26.0723588, 41.8139477 ], [ 26.0730349, 41.8137187 ], [ 26.07367, 41.8137798 ], [ 26.0738339, 41.8139935 ], [ 26.073547, 41.814528 ], [ 26.0737109, 41.814925 ], [ 26.0753909, 41.8160701 ], [ 26.0763128, 41.8162839 ], [ 26.0769479, 41.8162533 ], [ 26.0774191, 41.8159327 ], [ 26.0790376, 41.8157647 ], [ 26.07998, 41.8163144 ], [ 26.0810863, 41.8173069 ], [ 26.0814054, 41.8174738 ], [ 26.0820492, 41.8178107 ], [ 26.0828072, 41.817826 ], [ 26.0829711, 41.8175359 ], [ 26.083176, 41.8170931 ], [ 26.0854705, 41.8166809 ], [ 26.0861671, 41.8162533 ], [ 26.0880929, 41.8157342 ], [ 26.0883387, 41.8158564 ], [ 26.0893016, 41.8164824 ], [ 26.0900391, 41.8162228 ], [ 26.0905103, 41.8160701 ], [ 26.0914322, 41.8162533 ], [ 26.092682, 41.8156731 ], [ 26.0927229, 41.8148028 ], [ 26.092641, 41.8138714 ], [ 26.0929688, 41.813734 ], [ 26.0933375, 41.8133217 ], [ 26.0952633, 41.8126956 ], [ 26.0960828, 41.8124208 ], [ 26.0962467, 41.8118253 ], [ 26.0962099, 41.8113388 ] ] } },
{ "type": "Feature", "properties": { "element": "way", "id": 683061385, "name": null, "waterway": "stream" }, "geometry": { "type": "LineString", "coordinates": [ [ 26.0408735, 41.7777231 ], [ 26.0409532, 41.7783375 ], [ 26.0411924, 41.7787934 ], [ 26.0417239, 41.7795069 ], [ 26.042189, 41.7801906 ], [ 26.0423618, 41.7806464 ], [ 26.0423618, 41.7810131 ], [ 26.0420694, 41.7812608 ], [ 26.0420827, 41.781459 ], [ 26.0423219, 41.7818851 ], [ 26.0425345, 41.7821625 ], [ 26.0426408, 41.7824102 ], [ 26.0423352, 41.7829057 ], [ 26.0423219, 41.783193 ], [ 26.0421757, 41.7835101 ], [ 26.0416841, 41.7839263 ], [ 26.0417904, 41.784719 ], [ 26.0417771, 41.7851451 ], [ 26.0415645, 41.7856108 ], [ 26.0413651, 41.7858188 ], [ 26.0413519, 41.7864629 ], [ 26.0413519, 41.7871862 ], [ 26.0415379, 41.7880284 ], [ 26.0414847, 41.7888111 ], [ 26.041498, 41.7891876 ], [ 26.0414239, 41.7897765 ], [ 26.0416442, 41.7899406 ], [ 26.0424681, 41.7902775 ], [ 26.0427604, 41.7906837 ], [ 26.0431724, 41.7908521 ], [ 26.0435976, 41.7908818 ], [ 26.0442886, 41.7908422 ], [ 26.0448334, 41.7907035 ], [ 26.0450195, 41.7908422 ], [ 26.0453783, 41.7911989 ], [ 26.0460161, 41.7913772 ], [ 26.0466407, 41.7917339 ], [ 26.0472254, 41.7918032 ], [ 26.0473848, 41.7919618 ], [ 26.0474247, 41.7921698 ], [ 26.0470925, 41.7925661 ], [ 26.0470526, 41.793329 ], [ 26.047438, 41.793973 ], [ 26.0478499, 41.7942305 ], [ 26.0481821, 41.7942206 ], [ 26.0484612, 41.794181 ], [ 26.0486472, 41.7942603 ], [ 26.0488598, 41.794825 ], [ 26.0490592, 41.7949835 ], [ 26.0493914, 41.7952311 ], [ 26.0499362, 41.7953698 ], [ 26.0502551, 41.7955581 ], [ 26.0505873, 41.7958058 ], [ 26.0507601, 41.7958553 ], [ 26.0514777, 41.7961426 ], [ 26.0519959, 41.7963704 ], [ 26.0524079, 41.7964992 ], [ 26.0529527, 41.7965091 ], [ 26.0537899, 41.796945 ], [ 26.054534, 41.797272 ], [ 26.0548264, 41.7977475 ], [ 26.0551054, 41.7978664 ], [ 26.0565937, 41.7983419 ], [ 26.0573512, 41.7989263 ], [ 26.0578296, 41.7991443 ], [ 26.0584807, 41.7999071 ], [ 26.0589724, 41.8003132 ], [ 26.0589192, 41.8005312 ], [ 26.0590787, 41.8007986 ], [ 26.0595172, 41.8009472 ], [ 26.0599158, 41.8011156 ], [ 26.060155, 41.8012939 ], [ 26.0603012, 41.8014425 ], [ 26.0610852, 41.8015218 ], [ 26.0614706, 41.801601 ], [ 26.0616699, 41.8017595 ], [ 26.0616168, 41.8019477 ], [ 26.0616832, 41.8021359 ], [ 26.0618427, 41.8021657 ], [ 26.0621616, 41.8020072 ], [ 26.0625071, 41.8017991 ], [ 26.0628792, 41.8017991 ], [ 26.0630918, 41.8018883 ], [ 26.0632778, 41.8016307 ], [ 26.0634639, 41.8014623 ], [ 26.0637031, 41.8014425 ], [ 26.0639423, 41.8016208 ], [ 26.0639821, 41.8019279 ], [ 26.064208, 41.8021657 ], [ 26.0644605, 41.8022053 ], [ 26.0646864, 41.8018982 ], [ 26.0647794, 41.8017595 ], [ 26.0650851, 41.8017991 ], [ 26.0652445, 41.8019279 ], [ 26.0652578, 41.8022449 ], [ 26.0653774, 41.8024727 ], [ 26.0656565, 41.8024628 ], [ 26.0658159, 41.8026411 ], [ 26.066002, 41.802968 ], [ 26.0661216, 41.8030077 ], [ 26.0664936, 41.8029581 ], [ 26.0667727, 41.8030572 ], [ 26.0667594, 41.8033544 ], [ 26.0669454, 41.8034534 ], [ 26.0671448, 41.8033841 ], [ 26.0672777, 41.8031562 ], [ 26.0675434, 41.8030374 ], [ 26.0681281, 41.8031067 ], [ 26.068766, 41.8031166 ], [ 26.0690052, 41.803186 ], [ 26.0689121, 41.8037011 ], [ 26.0690052, 41.8038001 ], [ 26.0693374, 41.8038496 ], [ 26.0695899, 41.8039487 ], [ 26.0695899, 41.8043548 ], [ 26.0697094, 41.8046322 ], [ 26.0700284, 41.8046817 ], [ 26.0706928, 41.8046619 ], [ 26.071025, 41.8045232 ], [ 26.0713306, 41.8042161 ], [ 26.071437, 41.8038496 ], [ 26.0719552, 41.8040279 ], [ 26.0724735, 41.804335 ], [ 26.0729385, 41.804444 ], [ 26.0730581, 41.80486 ], [ 26.0737359, 41.8048897 ], [ 26.0742674, 41.8052958 ], [ 26.0751046, 41.8051473 ], [ 26.0755697, 41.8050383 ], [ 26.0759019, 41.8055237 ], [ 26.0764467, 41.8055237 ], [ 26.0771776, 41.8056326 ], [ 26.0779217, 41.805494 ], [ 26.0781875, 41.8051968 ], [ 26.0784666, 41.8052067 ], [ 26.0785994, 41.8054444 ], [ 26.0788652, 41.8056227 ], [ 26.0792373, 41.8056227 ], [ 26.0792904, 41.8057614 ], [ 26.0790645, 41.8059793 ], [ 26.0791443, 41.8061774 ], [ 26.0793967, 41.8062765 ], [ 26.0796758, 41.8063755 ], [ 26.0798087, 41.8065142 ], [ 26.0797688, 41.8066925 ], [ 26.0795828, 41.8067816 ], [ 26.0791841, 41.8069203 ], [ 26.0789449, 41.8072274 ], [ 26.0791044, 41.8073462 ], [ 26.079221, 41.8074074 ], [ 26.0794632, 41.8075344 ], [ 26.0793702, 41.8077622 ], [ 26.0792771, 41.8079901 ], [ 26.0794765, 41.8081981 ], [ 26.0802871, 41.8081684 ], [ 26.0812571, 41.8081188 ], [ 26.0815893, 41.8081981 ], [ 26.0817089, 41.8087527 ], [ 26.0817355, 41.8094065 ], [ 26.081988, 41.8098324 ], [ 26.0822803, 41.8103177 ], [ 26.0822803, 41.8108823 ], [ 26.0825195, 41.81112 ], [ 26.082865, 41.8112883 ], [ 26.0834763, 41.8117638 ], [ 26.0837155, 41.8122293 ], [ 26.084154, 41.8122293 ], [ 26.084566, 41.8121797 ], [ 26.0848716, 41.8124472 ], [ 26.0854031, 41.8129325 ], [ 26.0862935, 41.81319 ], [ 26.0869845, 41.8131107 ], [ 26.0884993, 41.8132197 ], [ 26.0892169, 41.8129028 ], [ 26.0901073, 41.8124967 ], [ 26.09028, 41.8124472 ], [ 26.0907052, 41.8125363 ], [ 26.090971, 41.8125264 ], [ 26.091569, 41.8123085 ], [ 26.0917019, 41.8119222 ], [ 26.0920474, 41.8116053 ], [ 26.0926985, 41.8112883 ], [ 26.0930573, 41.8112685 ], [ 26.0937616, 41.8116152 ], [ 26.0948911, 41.8117439 ], [ 26.0955555, 41.811526 ], [ 26.0959542, 41.8115161 ], [ 26.0962099, 41.8113388 ], [ 26.0965256, 41.81112 ], [ 26.0966802, 41.8110746 ], [ 26.0969641, 41.8109912 ], [ 26.0975355, 41.8110704 ], [ 26.0978146, 41.8113478 ], [ 26.0979873, 41.811427 ], [ 26.098758, 41.8113478 ], [ 26.0993826, 41.8112388 ], [ 26.0999407, 41.8109615 ], [ 26.1004324, 41.8107337 ], [ 26.1010038, 41.8106743 ], [ 26.1014822, 41.8107139 ], [ 26.1017347, 41.8108525 ], [ 26.1021599, 41.8106941 ], [ 26.1026649, 41.8105554 ], [ 26.1028775, 41.8106445 ], [ 26.1030236, 41.8108129 ], [ 26.1036615, 41.8108724 ], [ 26.1045385, 41.8111794 ], [ 26.1055485, 41.8116152 ], [ 26.1063325, 41.8118727 ], [ 26.1066418, 41.8119993 ], [ 26.1067439, 41.812045 ], [ 26.1072926, 41.8122908 ], [ 26.1073513, 41.812317 ], [ 26.108045, 41.8127523 ], [ 26.1119668, 41.8134475 ] ] } },
{ "type": "Feature", "properties": { "element": "way", "id": 683069139, "name": null, "waterway": "stream" }, "geometry": { "type": "LineString", "coordinates": [ [ 25.9949252, 41.8283561 ], [ 25.9950052, 41.828565 ], [ 25.9952207, 41.8287195 ], [ 25.9959037, 41.8287679 ], [ 25.9964403, 41.8289133 ], [ 25.9969119, 41.8285741 ], [ 25.9971233, 41.828668 ], [ 25.997168, 41.8289073 ], [ 25.997477, 41.8289527 ], [ 25.997977, 41.829192 ], [ 25.9982779, 41.8290466 ], [ 25.9988023, 41.8289436 ], [ 25.998908, 41.8290163 ], [ 25.9990212, 41.8291143 ], [ 25.9991967, 41.8293041 ], [ 25.9993349, 41.8291345 ], [ 25.9997902, 41.8290709 ], [ 26.0001927, 41.8290133 ], [ 26.000766, 41.8290073 ], [ 26.0011237, 41.8290618 ], [ 26.0017498, 41.8291799 ], [ 26.0021767, 41.8293799 ], [ 26.0025304, 41.8295434 ], [ 26.0027141, 41.8295261 ], [ 26.0029247, 41.8294344 ], [ 26.0033963, 41.829292 ], [ 26.0042948, 41.8291769 ], [ 26.005612, 41.8289527 ], [ 26.0060063, 41.8288558 ], [ 26.006669, 41.8285741 ], [ 26.0072179, 41.828365 ], [ 26.0078399, 41.8282893 ], [ 26.0081895, 41.8283044 ], [ 26.0087749, 41.8284105 ], [ 26.0093482, 41.8283893 ], [ 26.0102914, 41.8284286 ], [ 26.0105393, 41.8284377 ], [ 26.0108565, 41.8284589 ], [ 26.0111166, 41.8285165 ], [ 26.0115069, 41.8284832 ], [ 26.011759, 41.8284135 ], [ 26.0119745, 41.8283741 ], [ 26.0123851, 41.8284529 ], [ 26.0127144, 41.8286043 ], [ 26.0132104, 41.828671 ], [ 26.0142389, 41.8288194 ], [ 26.0148813, 41.8288891 ], [ 26.0152716, 41.8289709 ], [ 26.0158082, 41.8290224 ], [ 26.0164831, 41.8290163 ], [ 26.0169221, 41.8290497 ], [ 26.0174141, 41.8292102 ], [ 26.0175563, 41.8293889 ], [ 26.0176173, 41.8296888 ], [ 26.0178165, 41.8299221 ], [ 26.0180483, 41.8300312 ], [ 26.0187313, 41.8300342 ], [ 26.0198818, 41.8304946 ], [ 26.0211299, 41.8311156 ], [ 26.0244798, 41.832191 ], [ 26.0253975, 41.8328969 ], [ 26.0254799, 41.8329574 ], [ 26.0270573, 41.8333996 ], [ 26.0275574, 41.8340297 ], [ 26.0278095, 41.8341206 ], [ 26.0279883, 41.8343265 ], [ 26.0286104, 41.8346567 ], [ 26.0287567, 41.8348203 ], [ 26.0291226, 41.8350172 ], [ 26.0301715, 41.8352989 ], [ 26.0319888, 41.8354685 ], [ 26.0326108, 41.8357017 ], [ 26.032997, 41.8359713 ], [ 26.0333507, 41.8362712 ], [ 26.033806, 41.8364075 ], [ 26.0353468, 41.8369679 ], [ 26.0362534, 41.837189 ], [ 26.0363673, 41.8373162 ], [ 26.0366031, 41.837613 ], [ 26.036847, 41.837719 ], [ 26.0371316, 41.8377554 ], [ 26.0374446, 41.8376706 ], [ 26.0382618, 41.8374646 ], [ 26.0387659, 41.8375403 ], [ 26.0389285, 41.83751 ], [ 26.0390871, 41.8373858 ], [ 26.0389692, 41.8372495 ], [ 26.0389529, 41.8371344 ], [ 26.0391643, 41.8368709 ], [ 26.0393635, 41.8368952 ], [ 26.0399611, 41.8371587 ], [ 26.0400912, 41.8371405 ], [ 26.0400262, 41.8368134 ], [ 26.0403555, 41.8367164 ], [ 26.040636, 41.8364499 ], [ 26.041258, 41.8362591 ], [ 26.041693, 41.8362015 ], [ 26.041859, 41.8359719 ] ] } },
{ "type": "Feature", "properties": { "element": "way", "id": 683069144, "name": null, "waterway": "stream" }, "geometry": { "type": "LineString", "coordinates": [ [ 26.0430021, 41.8355987 ], [ 26.0430306, 41.8354594 ] ] } },
{ "type": "Feature", "properties": { "element": "way", "id": 683069145, "name": null, "waterway": "stream" }, "geometry": { "type": "LineString", "coordinates": [ [ 26.0430306, 41.8354594 ], [ 26.0430306, 41.8351959 ], [ 26.0430834, 41.8350899 ], [ 26.0432542, 41.8349505 ], [ 26.043429, 41.8348687 ], [ 26.0436241, 41.8348869 ], [ 26.0437014, 41.8349839 ], [ 26.0439087, 41.8349596 ], [ 26.0443356, 41.8348294 ], [ 26.0445551, 41.834793 ], [ 26.044921, 41.8347809 ], [ 26.0453357, 41.8348445 ], [ 26.0455959, 41.8347991 ], [ 26.0466204, 41.8346809 ], [ 26.0469334, 41.8346476 ], [ 26.0472831, 41.8345992 ], [ 26.0473928, 41.8345174 ], [ 26.0472952, 41.8343599 ], [ 26.0473156, 41.8342538 ], [ 26.0475107, 41.8341993 ], [ 26.0477709, 41.8341902 ], [ 26.047901, 41.8341842 ], [ 26.0478969, 41.8342811 ], [ 26.047901, 41.834378 ], [ 26.048027, 41.8343992 ], [ 26.0481531, 41.8342629 ], [ 26.0484133, 41.8339933 ], [ 26.0485921, 41.8339176 ], [ 26.0486775, 41.8339055 ], [ 26.0487588, 41.8340024 ], [ 26.0487751, 41.834066 ], [ 26.0486653, 41.8341993 ], [ 26.048706, 41.8342478 ], [ 26.0488767, 41.8342266 ], [ 26.0490353, 41.8342478 ], [ 26.0493077, 41.834378 ], [ 26.0496166, 41.8345628 ], [ 26.0498362, 41.8344992 ], [ 26.0506899, 41.8336904 ], [ 26.050942, 41.8335662 ], [ 26.0514095, 41.833539 ], [ 26.0518404, 41.8335814 ], [ 26.0519388, 41.8335399 ], [ 26.0520559, 41.8334905 ], [ 26.0521738, 41.8332785 ], [ 26.0524177, 41.8330695 ], [ 26.0525234, 41.8330361 ], [ 26.0538854, 41.8331058 ], [ 26.0541049, 41.8330483 ], [ 26.0542228, 41.8328423 ], [ 26.0540033, 41.8326151 ], [ 26.0541862, 41.8323728 ], [ 26.0543488, 41.8322486 ], [ 26.0545521, 41.8322364 ], [ 26.0547513, 41.8323667 ], [ 26.0551497, 41.8325757 ], [ 26.0552636, 41.8325848 ], [ 26.0553977, 41.8324636 ], [ 26.0556091, 41.8322667 ], [ 26.0560604, 41.8321789 ], [ 26.0561742, 41.8322062 ], [ 26.056471, 41.832194 ], [ 26.056841, 41.8320426 ], [ 26.0572841, 41.8321607 ], [ 26.0576256, 41.8320789 ], [ 26.0578451, 41.8322062 ], [ 26.0582964, 41.8321698 ], [ 26.058833, 41.8322607 ], [ 26.0591542, 41.832291 ], [ 26.0594673, 41.8322213 ], [ 26.059699, 41.8322576 ], [ 26.0598372, 41.832403 ], [ 26.0601259, 41.8326121 ], [ 26.0604674, 41.8326514 ], [ 26.0610894, 41.8327393 ], [ 26.0612073, 41.8326272 ], [ 26.0618334, 41.8323879 ], [ 26.0626668, 41.8321759 ], [ 26.0629554, 41.8322243 ], [ 26.0632563, 41.8324 ], [ 26.0634311, 41.8326545 ], [ 26.0635896, 41.8326636 ], [ 26.0640165, 41.832606 ], [ 26.0642604, 41.8326242 ], [ 26.0644434, 41.8322728 ], [ 26.0646426, 41.8321698 ], [ 26.0653337, 41.8319499 ] ] } },
{ "type": "Feature", "properties": { "element": "way", "id": 714029614, "name": null, "waterway": "stream" }, "geometry": { "type": "LineString", "coordinates": [ [ 25.7911764, 41.8360167 ], [ 25.7914992, 41.8360917 ] ] } },
{ "type": "Feature", "properties": { "element": "way", "id": 714029615, "name": null, "waterway": "stream" }, "geometry": { "type": "LineString", "coordinates": [ [ 25.7898924, 41.8363045 ], [ 25.7901275, 41.8361439 ], [ 25.7906072, 41.8359743 ], [ 25.7911764, 41.8360167 ] ] } },
{ "type": "Feature", "properties": { "element": "way", "id": 714029616, "name": null, "waterway": "stream" }, "geometry": { "type": "LineString", "coordinates": [ [ 25.7914992, 41.8360917 ], [ 25.7916175, 41.836069 ], [ 25.7917712, 41.8360426 ], [ 25.7919402, 41.8360237 ], [ 25.7925667, 41.8360349 ], [ 25.7933554, 41.8361318 ], [ 25.7940709, 41.8363229 ], [ 25.7943962, 41.8366043 ], [ 25.7946024, 41.8369329 ], [ 25.7946646, 41.8370317 ], [ 25.7952256, 41.8372465 ], [ 25.7957839, 41.8374388 ], [ 25.7962778, 41.8375847 ], [ 25.7965448, 41.8378224 ], [ 25.7971119, 41.8380704 ], [ 25.7977218, 41.8381976 ], [ 25.7979758, 41.8381701 ], [ 25.7982258, 41.8382305 ], [ 25.7984083, 41.838262 ], [ 25.7988155, 41.8382242 ], [ 25.7991284, 41.8382097 ], [ 25.8000635, 41.8380885 ], [ 25.8007221, 41.8378886 ], [ 25.8014539, 41.8375978 ], [ 25.8018929, 41.8373919 ], [ 25.8024675, 41.837168 ], [ 25.8044155, 41.8367045 ], [ 25.8055701, 41.8367287 ], [ 25.8065133, 41.8371285 ], [ 25.8072288, 41.8373345 ], [ 25.8090989, 41.8372376 ], [ 25.810221, 41.8375162 ], [ 25.8106601, 41.8381099 ], [ 25.8098597, 41.8387081 ], [ 25.809912, 41.838849 ], [ 25.811278, 41.8389338 ], [ 25.8123188, 41.8400605 ], [ 25.8161241, 41.8408359 ], [ 25.8167583, 41.8418051 ], [ 25.8175226, 41.8415749 ], [ 25.8185471, 41.8419747 ], [ 25.8203522, 41.8416718 ], [ 25.8215393, 41.842011 ], [ 25.8232956, 41.84275 ], [ 25.8244502, 41.8435496 ], [ 25.8249055, 41.8439978 ], [ 25.8257186, 41.8446762 ], [ 25.8265317, 41.8446641 ], [ 25.8265317, 41.8453668 ], [ 25.8270033, 41.8464813 ], [ 25.8273773, 41.847305 ], [ 25.826987, 41.8475836 ], [ 25.8266292, 41.8481893 ], [ 25.8261576, 41.8504545 ], [ 25.8260438, 41.8515326 ], [ 25.8264666, 41.8522109 ], [ 25.8274586, 41.8532769 ], [ 25.8276863, 41.8538583 ], [ 25.82767, 41.8543186 ], [ 25.8280603, 41.8545971 ], [ 25.8283693, 41.855118 ], [ 25.8292474, 41.8554935 ], [ 25.8297353, 41.8559174 ], [ 25.829784, 41.8563655 ], [ 25.829101, 41.857492 ], [ 25.8294751, 41.857928 ], [ 25.8301495, 41.8585423 ] ] } },
{ "type": "Feature", "properties": { "element": "way", "id": 714029617, "name": null, "waterway": "stream" }, "geometry": { "type": "LineString", "coordinates": [ [ 25.789774, 41.836351 ], [ 25.7898924, 41.8363045 ] ] } },
{ "type": "Feature", "properties": { "element": "way", "id": 714033590, "name": null, "waterway": "stream" }, "geometry": { "type": "LineString", "coordinates": [ [ 25.7418033, 41.7883163 ], [ 25.7419347, 41.7886101 ], [ 25.7418878, 41.7895407 ], [ 25.7419816, 41.7900234 ], [ 25.7422162, 41.7903312 ], [ 25.7427792, 41.790793 ], [ 25.7429481, 41.7911638 ], [ 25.7429012, 41.7915416 ], [ 25.7435205, 41.7922901 ], [ 25.7438302, 41.7929198 ], [ 25.7437457, 41.7934864 ], [ 25.7438395, 41.7937803 ], [ 25.7440272, 41.7944728 ], [ 25.7446371, 41.7953263 ], [ 25.7452846, 41.795907 ], [ 25.7464669, 41.7965226 ], [ 25.7482967, 41.7972291 ], [ 25.7491412, 41.797474 ], [ 25.7495822, 41.7980756 ], [ 25.7503517, 41.7985862 ], [ 25.7513905, 41.7988318 ], [ 25.751848, 41.7994286 ], [ 25.751995, 41.8003786 ], [ 25.7520277, 41.8012921 ], [ 25.7514559, 41.8026317 ], [ 25.7511945, 41.8029971 ], [ 25.7512598, 41.8034355 ], [ 25.7514069, 41.8041053 ], [ 25.7512925, 41.804629 ], [ 25.7504593, 41.8050187 ], [ 25.7502306, 41.8054937 ], [ 25.7502142, 41.8060417 ], [ 25.7507697, 41.8066871 ], [ 25.751897, 41.8072473 ], [ 25.7531713, 41.8077223 ], [ 25.7540372, 41.8080389 ], [ 25.7552298, 41.8079536 ], [ 25.7559977, 41.8076735 ], [ 25.7566185, 41.80743 ], [ 25.7573211, 41.8075274 ], [ 25.75853, 41.8080389 ], [ 25.7597063, 41.8083433 ], [ 25.7613401, 41.8080754 ], [ 25.7623694, 41.8075639 ], [ 25.7636274, 41.8074056 ], [ 25.7650487, 41.8070647 ], [ 25.7655552, 41.8063827 ], [ 25.7663884, 41.8061391 ], [ 25.7668399, 41.8056443 ], [ 25.7673998, 41.8053378 ], [ 25.7680548, 41.8052501 ], [ 25.7690187, 41.8054693 ], [ 25.7700317, 41.8061026 ], [ 25.7706688, 41.8066993 ], [ 25.7710773, 41.807637 ], [ 25.771453, 41.8080632 ], [ 25.7721065, 41.8082459 ], [ 25.7727823, 41.8081261 ], [ 25.7731168, 41.8078088 ], [ 25.7731991, 41.8076585 ] ] } },
{ "type": "Feature", "properties": { "element": "way", "id": 714033592, "name": null, "waterway": "stream" }, "geometry": { "type": "LineString", "coordinates": [ [ 25.7769226, 41.8190017 ], [ 25.7774295, 41.818675 ] ] } },
{ "type": "Feature", "properties": { "element": "way", "id": 927082621, "name": "Марица", "waterway": "river" }, "geometry": { "type": "LineString", "coordinates": [ [ 25.8958644, 41.9744115 ], [ 25.8964062, 41.9735301 ], [ 25.8972859, 41.9719747 ], [ 25.8988738, 41.9683293 ], [ 25.899539, 41.9664626 ], [ 25.9000754, 41.964923 ], [ 25.9010518, 41.9635469 ], [ 25.9015077, 41.9629844 ], [ 25.9019852, 41.9622026 ], [ 25.9022641, 41.9615923 ], [ 25.9023231, 41.9611216 ], [ 25.9022641, 41.9607586 ], [ 25.9021515, 41.9604395 ], [ 25.9017599, 41.9599887 ], [ 25.9009606, 41.9594582 ], [ 25.9000325, 41.9583811 ], [ 25.8998287, 41.9578266 ], [ 25.8998018, 41.9575514 ], [ 25.899834, 41.9572482 ], [ 25.8999413, 41.9568852 ], [ 25.900172, 41.9563626 ], [ 25.9007084, 41.9557841 ], [ 25.9015453, 41.955106 ], [ 25.9042275, 41.9532629 ], [ 25.9060621, 41.9520221 ], [ 25.9073496, 41.951296 ], [ 25.9081435, 41.9509529 ], [ 25.9089911, 41.9507853 ], [ 25.9102893, 41.9507455 ], [ 25.9117591, 41.9508173 ], [ 25.9131646, 41.9510008 ], [ 25.9144735, 41.9513758 ], [ 25.9157503, 41.9517827 ], [ 25.9173489, 41.952437 ], [ 25.919344, 41.953411 ], [ 25.9209591, 41.9541645 ], [ 25.9218174, 41.9544956 ], [ 25.9231424, 41.9548347 ], [ 25.9243333, 41.9549703 ], [ 25.9251165, 41.9550501 ], [ 25.9265542, 41.9550661 ], [ 25.9275091, 41.9549304 ], [ 25.9281635, 41.9547469 ], [ 25.9287053, 41.9545794 ], [ 25.9290057, 41.9543998 ], [ 25.9293061, 41.9540767 ], [ 25.929569, 41.9536458 ], [ 25.929687, 41.9531192 ], [ 25.9297031, 41.9526963 ], [ 25.9298372, 41.9521977 ], [ 25.9300464, 41.951699 ], [ 25.93032, 41.9509768 ], [ 25.9305024, 41.9502268 ], [ 25.9305507, 41.9499316 ], [ 25.9305829, 41.9495525 ], [ 25.9305561, 41.9492014 ], [ 25.9303898, 41.9488384 ], [ 25.9297782, 41.9478649 ], [ 25.9296924, 41.9474978 ], [ 25.9296387, 41.9471507 ], [ 25.9296548, 41.9468834 ], [ 25.9299177, 41.9458221 ], [ 25.9303763, 41.9446889 ], [ 25.9308618, 41.9439148 ], [ 25.9311622, 41.9431767 ], [ 25.9313661, 41.9425981 ], [ 25.9317255, 41.9417323 ], [ 25.9318542, 41.941433 ], [ 25.9319293, 41.9411257 ], [ 25.9320098, 41.9404075 ], [ 25.9319562, 41.939769 ], [ 25.9318489, 41.9387036 ], [ 25.9315646, 41.9369877 ], [ 25.9311354, 41.9358704 ], [ 25.9299552, 41.9334261 ], [ 25.9299257, 41.9320872 ], [ 25.9303307, 41.9308541 ], [ 25.9306794, 41.9302395 ], [ 25.9313071, 41.9294014 ], [ 25.932439, 41.9285074 ], [ 25.9334099, 41.9279287 ], [ 25.9338337, 41.9276254 ], [ 25.9342039, 41.9272702 ], [ 25.9347832, 41.926468 ], [ 25.9351104, 41.9259012 ], [ 25.9353411, 41.9253065 ], [ 25.9356415, 41.92464 ], [ 25.9362745, 41.9231472 ], [ 25.9365696, 41.9225006 ], [ 25.9369934, 41.9219538 ], [ 25.9375459, 41.9212314 ], [ 25.9379214, 41.9206446 ], [ 25.9381574, 41.9201137 ], [ 25.9382969, 41.9197625 ], [ 25.9383774, 41.9194591 ], [ 25.9384686, 41.9189881 ], [ 25.9385651, 41.9186887 ], [ 25.9387153, 41.9183415 ], [ 25.9390855, 41.9178186 ], [ 25.9396595, 41.9169404 ], [ 25.939858, 41.916661 ], [ 25.9401745, 41.9163057 ], [ 25.940491, 41.9160782 ], [ 25.9412286, 41.915653 ], [ 25.9416684, 41.9153776 ], [ 25.9421861, 41.9150303 ], [ 25.9423766, 41.9148607 ], [ 25.9429559, 41.9142 ], [ 25.9432188, 41.9137948 ], [ 25.9433421, 41.9136252 ], [ 25.9435219, 41.9134854 ], [ 25.9437901, 41.9133517 ], [ 25.9442943, 41.9131322 ], [ 25.9448576, 41.9130124 ], [ 25.9456623, 41.9128647 ], [ 25.9460217, 41.9127569 ], [ 25.9463328, 41.9126292 ], [ 25.9465581, 41.9124735 ], [ 25.9466654, 41.9123098 ], [ 25.9467888, 41.9120543 ], [ 25.9468746, 41.9115713 ], [ 25.9470034, 41.9105213 ], [ 25.947175, 41.9098826 ], [ 25.9473789, 41.9095073 ], [ 25.9478134, 41.9089285 ], [ 25.9486771, 41.9077188 ], [ 25.9495139, 41.9069124 ], [ 25.9501523, 41.9062257 ], [ 25.9517026, 41.904976 ], [ 25.9530866, 41.903938 ], [ 25.9538913, 41.9029558 ], [ 25.9545779, 41.9018938 ], [ 25.954889, 41.901207 ], [ 25.9550822, 41.9004723 ], [ 25.9553826, 41.8997936 ], [ 25.9559727, 41.898987 ], [ 25.95667, 41.8982763 ], [ 25.958333, 41.8973419 ], [ 25.959599, 41.896719 ], [ 25.9615409, 41.8961121 ], [ 25.9633541, 41.8957687 ], [ 25.9646201, 41.8957687 ], [ 25.9659183, 41.8957687 ], [ 25.9667015, 41.8956489 ], [ 25.96771, 41.8954173 ], [ 25.9688473, 41.8951617 ], [ 25.9697485, 41.8950659 ], [ 25.9701455, 41.8950739 ], [ 25.9707677, 41.8952256 ], [ 25.9714383, 41.8955491 ], [ 25.9721786, 41.8958485 ], [ 25.9738254, 41.896719 ], [ 25.975467, 41.8974857 ], [ 25.9768081, 41.8979489 ], [ 25.9780848, 41.8982284 ], [ 25.9792864, 41.8983961 ], [ 25.9803378, 41.898444 ], [ 25.9822476, 41.8982044 ], [ 25.9831595, 41.8980287 ], [ 25.9836638, 41.8978131 ], [ 25.9845006, 41.897318 ], [ 25.9859812, 41.8962479 ], [ 25.9864855, 41.8956729 ], [ 25.9870326, 41.8948742 ], [ 25.9873009, 41.8938999 ], [ 25.987435, 41.8933608 ], [ 25.9874833, 41.8928377 ], [ 25.9874618, 41.8918633 ], [ 25.9875262, 41.8907532 ], [ 25.9876388, 41.8899945 ], [ 25.987789, 41.8895871 ], [ 25.988009, 41.889076 ], [ 25.9883362, 41.8885568 ], [ 25.9886473, 41.8881335 ], [ 25.989114, 41.8874785 ], [ 25.9897792, 41.8868675 ], [ 25.990423, 41.8863444 ], [ 25.9916836, 41.8858731 ], [ 25.9924078, 41.8856894 ], [ 25.9936416, 41.8855935 ], [ 25.9946716, 41.8857533 ], [ 25.9951329, 41.8859051 ], [ 25.9960127, 41.8862206 ], [ 25.9977829, 41.8873587 ], [ 26.0002291, 41.8889641 ], [ 26.0018814, 41.8899785 ], [ 26.0028523, 41.8905615 ], [ 26.0034478, 41.8907891 ], [ 26.003893, 41.890897 ], [ 26.0046118, 41.8910327 ], [ 26.0053199, 41.8909569 ], [ 26.0057706, 41.890845 ], [ 26.0062694, 41.8907173 ], [ 26.0069293, 41.8903978 ], [ 26.0078251, 41.8898028 ], [ 26.0089409, 41.8888683 ], [ 26.0094559, 41.8882293 ], [ 26.0098421, 41.8873987 ], [ 26.0099172, 41.8864322 ], [ 26.00981, 41.8854897 ], [ 26.00981, 41.8843116 ], [ 26.0098851, 41.8838123 ], [ 26.0100138, 41.8834409 ], [ 26.0104376, 41.8830056 ], [ 26.0110974, 41.8823027 ], [ 26.0123312, 41.8814879 ], [ 26.0135919, 41.8807091 ], [ 26.0141015, 41.8805613 ], [ 26.0145789, 41.8804974 ], [ 26.0159951, 41.8805253 ], [ 26.0169098, 41.8806152 ], [ 26.0189778, 41.8808449 ], [ 26.0202867, 41.8809048 ], [ 26.0210109, 41.8810126 ], [ 26.0218209, 41.8812203 ], [ 26.0236448, 41.8815957 ], [ 26.0242885, 41.8817555 ], [ 26.0257423, 41.8819592 ], [ 26.0263592, 41.882055 ], [ 26.0266328, 41.882105 ], [ 26.026893, 41.8821808 ], [ 26.0272121, 41.8823306 ], [ 26.0273194, 41.8824145 ], [ 26.0274294, 41.8825303 ], [ 26.0275876, 41.882708 ], [ 26.0281724, 41.8832372 ], [ 26.0292345, 41.8843315 ], [ 26.0308385, 41.8862325 ], [ 26.0313105, 41.8867278 ], [ 26.0318953, 41.887211 ], [ 26.0323834, 41.8875424 ], [ 26.032818, 41.8877581 ], [ 26.0335636, 41.8880097 ], [ 26.0340679, 41.8881495 ], [ 26.0345077, 41.8882373 ], [ 26.0348377, 41.8882733 ], [ 26.0350496, 41.8882613 ], [ 26.0353097, 41.8882253 ], [ 26.0357925, 41.8881155 ], [ 26.0380053, 41.8875424 ], [ 26.0392928, 41.887171 ], [ 26.0403496, 41.8868356 ], [ 26.0411167, 41.88654 ], [ 26.0423505, 41.885969 ], [ 26.0430908, 41.8855137 ], [ 26.0436112, 41.8851862 ], [ 26.0444212, 41.884651 ], [ 26.0448664, 41.8844473 ], [ 26.0457462, 41.8842357 ], [ 26.0468405, 41.884012 ], [ 26.0479402, 41.8838523 ], [ 26.0492331, 41.8835967 ], [ 26.0498768, 41.8834529 ], [ 26.0502523, 41.8833291 ], [ 26.0505742, 41.8831773 ], [ 26.0508156, 41.8829816 ], [ 26.0513252, 41.8822507 ], [ 26.0518509, 41.8811883 ], [ 26.0523766, 41.8803736 ], [ 26.0527629, 41.8797705 ], [ 26.0533208, 41.8791953 ], [ 26.0542273, 41.8785523 ], [ 26.0552627, 41.8779492 ], [ 26.0575747, 41.8767908 ], [ 26.0592055, 41.8762197 ], [ 26.0611528, 41.8757883 ], [ 26.0629445, 41.8755087 ], [ 26.064468, 41.875285 ], [ 26.0658681, 41.8749974 ], [ 26.0662866, 41.8748855 ], [ 26.067, 41.87453 ], [ 26.067971, 41.8740347 ], [ 26.0695267, 41.873144 ], [ 26.0700363, 41.8729163 ], [ 26.0704762, 41.8727565 ], [ 26.0715061, 41.8724449 ], [ 26.0725415, 41.8721613 ], [ 26.0744512, 41.8715262 ], [ 26.0754812, 41.8711187 ], [ 26.0761571, 41.8707592 ], [ 26.0768759, 41.8704596 ], [ 26.0774821, 41.870176 ], [ 26.0785443, 41.8699004 ], [ 26.0790861, 41.8697646 ], [ 26.0799658, 41.8695009 ], [ 26.0809368, 41.8690895 ], [ 26.0815215, 41.8687219 ], [ 26.0818595, 41.8683664 ], [ 26.0823154, 41.8677792 ], [ 26.0828412, 41.8666646 ] ] } },
{ "type": "Feature", "properties": { "element": "way", "id": 999018022, "name": null, "waterway": "stream" }, "geometry": { "type": "LineString", "coordinates": [ [ 25.8026339, 41.9035534 ], [ 25.8041607, 41.9043334 ], [ 25.80529, 41.9050999 ], [ 25.8057869, 41.9054899 ], [ 25.8059496, 41.9057319 ] ] } },
{ "type": "Feature", "properties": { "element": "way", "id": 999018023, "name": null, "waterway": "stream" }, "geometry": { "type": "LineString", "coordinates": [ [ 25.8048203, 41.9022758 ], [ 25.8053985, 41.9029213 ], [ 25.8056605, 41.9036811 ], [ 25.8058231, 41.9044477 ], [ 25.8058592, 41.9051066 ], [ 25.8059496, 41.9057319 ] ] } },
{ "type": "Feature", "properties": { "element": "way", "id": 999018027, "name": null, "waterway": "stream" }, "geometry": { "type": "LineString", "coordinates": [ [ 25.8059496, 41.9057319 ], [ 25.8061754, 41.9063841 ], [ 25.8060376, 41.9065115 ], [ 25.8062867, 41.9068668 ], [ 25.8063386, 41.9073997 ], [ 25.8064008, 41.90767 ], [ 25.8066084, 41.9078708 ], [ 25.8068367, 41.9081952 ], [ 25.8070235, 41.9085736 ], [ 25.8068056, 41.9091761 ], [ 25.8067848, 41.9097553 ], [ 25.8069197, 41.9108751 ], [ 25.8068367, 41.9112613 ], [ 25.806515, 41.9120258 ], [ 25.8061725, 41.9125047 ], [ 25.8062452, 41.9130298 ], [ 25.8060584, 41.9135086 ], [ 25.8060345, 41.9137352 ], [ 25.8060169, 41.9139025 ], [ 25.806214, 41.9144353 ], [ 25.8062971, 41.9152385 ], [ 25.8064112, 41.9159953 ], [ 25.8066188, 41.9162578 ], [ 25.8066292, 41.9170378 ], [ 25.8070235, 41.9193853 ], [ 25.8072518, 41.9214856 ], [ 25.8062037, 41.9237789 ], [ 25.8057975, 41.9244587 ] ] } },
{ "type": "Feature", "properties": { "element": "way", "id": 999018028, "name": null, "waterway": "stream" }, "geometry": { "type": "LineString", "coordinates": [ [ 25.814529, 41.9158754 ], [ 25.8142983, 41.9187135 ], [ 25.8140181, 41.919864 ], [ 25.8139381, 41.9208646 ], [ 25.8137691, 41.9212617 ], [ 25.812777, 41.9216903 ], [ 25.8119012, 41.9222565 ], [ 25.8116707, 41.9226796 ], [ 25.8106892, 41.9238218 ], [ 25.8104454, 41.9241531 ], [ 25.8102925, 41.9242731 ], [ 25.8096533, 41.9249465 ], [ 25.8089409, 41.9256971 ], [ 25.8086833, 41.9267068 ] ] } },
{ "type": "Feature", "properties": { "element": "way", "id": 999018029, "name": null, "waterway": "stream" }, "geometry": { "type": "LineString", "coordinates": [ [ 25.8103156, 41.9150646 ], [ 25.809475, 41.9172964 ], [ 25.8092363, 41.9197211 ], [ 25.8100873, 41.9219527 ], [ 25.8099628, 41.9230955 ], [ 25.8100113, 41.9236046 ], [ 25.8104454, 41.9241531 ] ] } },
{ "type": "Feature", "properties": { "element": "way", "id": 999018030, "name": null, "waterway": "stream" }, "geometry": { "type": "LineString", "coordinates": [ [ 25.8172918, 41.9049848 ], [ 25.8165682, 41.9045048 ], [ 25.8150581, 41.9045516 ], [ 25.8141144, 41.9049263 ], [ 25.8124785, 41.9056755 ], [ 25.8121953, 41.9065769 ], [ 25.8110628, 41.90797 ], [ 25.8109841, 41.9085436 ], [ 25.8110785, 41.909644 ], [ 25.8113459, 41.9105336 ], [ 25.8105752, 41.9121139 ], [ 25.8107482, 41.9127928 ], [ 25.8106575, 41.9131452 ], [ 25.8106066, 41.913343 ], [ 25.8105437, 41.9140687 ], [ 25.8103156, 41.9150646 ] ] } },
{ "type": "Feature", "properties": { "element": "way", "id": 999018031, "name": null, "waterway": "stream" }, "geometry": { "type": "LineString", "coordinates": [ [ 25.8111886, 41.902257 ], [ 25.8120223, 41.9035097 ], [ 25.8123369, 41.9045048 ], [ 25.8124785, 41.9056755 ] ] } },
{ "type": "Feature", "properties": { "element": "way", "id": 999018040, "name": null, "waterway": "stream" }, "geometry": { "type": "LineString", "coordinates": [ [ 25.8516505, 41.8915164 ], [ 25.8513614, 41.8918539 ], [ 25.8513217, 41.8921863 ], [ 25.8509989, 41.8924932 ], [ 25.850919, 41.8925624 ], [ 25.8509404, 41.8927557 ], [ 25.8495134, 41.8932304 ], [ 25.8494019, 41.8933732 ], [ 25.849459, 41.8940539 ], [ 25.8501191, 41.894933 ], [ 25.8504246, 41.8960627 ], [ 25.8507646, 41.8965778 ], [ 25.8511508, 41.8971452 ], [ 25.8510378, 41.8976137 ], [ 25.8509469, 41.8979494 ], [ 25.8505367, 41.8983357 ], [ 25.8500874, 41.8988351 ], [ 25.8501786, 41.8989178 ], [ 25.8504437, 41.8989706 ], [ 25.8506378, 41.8991565 ], [ 25.8512107, 41.8992162 ], [ 25.8520397, 41.8990963 ], [ 25.8521975, 41.8991395 ], [ 25.8522867, 41.8992647 ], [ 25.852561, 41.8992383 ], [ 25.853286, 41.8992692 ], [ 25.8543358, 41.8995473 ], [ 25.854919, 41.900811 ], [ 25.8552311, 41.9011471 ], [ 25.8557102, 41.9015489 ], [ 25.8559679, 41.9017883 ], [ 25.856167, 41.9018368 ], [ 25.8562855, 41.9019114 ], [ 25.8566178, 41.9020055 ], [ 25.8566747, 41.9019976 ], [ 25.8566784, 41.9019653 ], [ 25.8566937, 41.9018323 ], [ 25.8570497, 41.9014244 ], [ 25.8576965, 41.9010321 ], [ 25.8581693, 41.9009871 ], [ 25.8585626, 41.9011868 ], [ 25.8585383, 41.9015804 ], [ 25.8582019, 41.9022555 ], [ 25.8577367, 41.9036959 ], [ 25.857703, 41.9041958 ], [ 25.857917, 41.9044174 ], [ 25.8585266, 41.9045287 ], [ 25.8596685, 41.904289 ], [ 25.8603306, 41.9042675 ], [ 25.8612918, 41.9044909 ], [ 25.8621303, 41.9047684 ], [ 25.8627644, 41.9050269 ], [ 25.8635108, 41.9057593 ], [ 25.864387, 41.9061185 ], [ 25.8655208, 41.9064297 ], [ 25.8669048, 41.9071458 ], [ 25.8684101, 41.9070765 ], [ 25.869371, 41.9071807 ], [ 25.8704595, 41.9074305 ], [ 25.8706247, 41.9075867 ], [ 25.8706409, 41.9078759 ], [ 25.8702535, 41.9089674 ], [ 25.8701495, 41.9092604 ], [ 25.8706771, 41.9097114 ], [ 25.8714341, 41.9099367 ], [ 25.8725062, 41.9096854 ], [ 25.8727555, 41.9097317 ], [ 25.8732025, 41.9101514 ], [ 25.8739449, 41.9106345 ], [ 25.8742316, 41.9106966 ], [ 25.8757459, 41.9108248 ], [ 25.8771877, 41.9116278 ], [ 25.8777116, 41.9120697 ], [ 25.8773034, 41.9133923 ] ] } },
{ "type": "Feature", "properties": { "element": "way", "id": 999018041, "name": null, "waterway": "stream" }, "geometry": { "type": "LineString", "coordinates": [ [ 25.8510655, 41.8819195 ], [ 25.8515245, 41.8824543 ], [ 25.8524394, 41.8830911 ], [ 25.8541441, 41.884003 ], [ 25.8552289, 41.8844645 ], [ 25.8554882, 41.884682 ], [ 25.8554585, 41.884947 ], [ 25.8555269, 41.8851501 ], [ 25.8553638, 41.8867988 ], [ 25.8553541, 41.8868527 ], [ 25.8551022, 41.8874625 ] ] } },
{ "type": "Feature", "properties": { "element": "way", "id": 999018042, "name": null, "waterway": "stream" }, "geometry": { "type": "LineString", "coordinates": [ [ 25.8523751, 41.8892416 ], [ 25.8523189, 41.889332 ] ] } },
{ "type": "Feature", "properties": { "element": "way", "id": 999018043, "name": null, "waterway": "stream" }, "geometry": { "type": "LineString", "coordinates": [ [ 25.8524553, 41.8885487 ], [ 25.852389, 41.888633 ], [ 25.852455, 41.8890053 ], [ 25.8523751, 41.8892416 ] ] } },
{ "type": "Feature", "properties": { "element": "way", "id": 999018044, "name": null, "waterway": "stream" }, "geometry": { "type": "LineString", "coordinates": [ [ 25.8525225, 41.8884634 ], [ 25.8524553, 41.8885487 ] ] } },
{ "type": "Feature", "properties": { "element": "way", "id": 999018045, "name": null, "waterway": "stream" }, "geometry": { "type": "LineString", "coordinates": [ [ 25.8542741, 41.8879378 ], [ 25.854132, 41.8880943 ], [ 25.8540733, 41.8881181 ], [ 25.8538733, 41.8880453 ], [ 25.8535846, 41.8880985 ], [ 25.8525703, 41.8884028 ], [ 25.8525225, 41.8884634 ] ] } },
{ "type": "Feature", "properties": { "element": "way", "id": 999018046, "name": null, "waterway": "stream" }, "geometry": { "type": "LineString", "coordinates": [ [ 25.8543626, 41.8878403 ], [ 25.8542741, 41.8879378 ] ] } },
{ "type": "Feature", "properties": { "element": "way", "id": 999018047, "name": null, "waterway": "stream" }, "geometry": { "type": "LineString", "coordinates": [ [ 25.8550564, 41.8875733 ], [ 25.8550499, 41.8875892 ], [ 25.8543626, 41.8878403 ] ] } },
{ "type": "Feature", "properties": { "element": "way", "id": 999018048, "name": null, "waterway": "stream" }, "geometry": { "type": "LineString", "coordinates": [ [ 25.8551022, 41.8874625 ], [ 25.8550564, 41.8875733 ] ] } },
{ "type": "Feature", "properties": { "element": "way", "id": 999018049, "name": null, "waterway": "stream" }, "geometry": { "type": "LineString", "coordinates": [ [ 25.8523189, 41.889332 ], [ 25.8521611, 41.8895854 ], [ 25.8520123, 41.8900841 ], [ 25.8518634, 41.8905828 ], [ 25.8517556, 41.8913937 ], [ 25.8517219, 41.891433 ] ] } },
{ "type": "Feature", "properties": { "element": "way", "id": 999018050, "name": null, "waterway": "stream" }, "geometry": { "type": "LineString", "coordinates": [ [ 25.8517219, 41.891433 ], [ 25.8516505, 41.8915164 ] ] } },
{ "type": "Feature", "properties": { "element": "way", "id": 1110588041, "name": null, "waterway": "stream" }, "geometry": { "type": "LineString", "coordinates": [ [ 25.9875769, 41.8378345 ], [ 25.9884222, 41.8378937 ], [ 25.9892021, 41.8376362 ], [ 25.9900954, 41.8375521 ], [ 25.9920881, 41.8373509 ], [ 25.9923963, 41.8376919 ], [ 25.9925878, 41.8380363 ], [ 25.9937506, 41.8381894 ], [ 25.9948901, 41.8382799 ], [ 25.9952591, 41.8382485 ], [ 25.995464, 41.838262 ], [ 25.9958428, 41.8382868 ], [ 25.9964873, 41.8384051 ], [ 25.9969762, 41.8384276 ], [ 25.9973185, 41.8384434 ], [ 25.9983039, 41.8385686 ], [ 25.9991305, 41.8388087 ], [ 25.9999944, 41.8393202 ], [ 26.000498, 41.8402075 ], [ 26.0011846, 41.8406311 ], [ 26.0032338, 41.8417581 ], [ 26.0060233, 41.8439082 ], [ 26.008491, 41.8456426 ], [ 26.0092312, 41.8457305 ], [ 26.0095606, 41.8458006 ], [ 26.0100574, 41.8459063 ], [ 26.0110122, 41.8459463 ], [ 26.0117632, 41.8456905 ], [ 26.0135979, 41.8453708 ], [ 26.0151428, 41.8455147 ], [ 26.0178572, 41.8455466 ], [ 26.0195095, 41.8455387 ], [ 26.0211617, 41.8457305 ], [ 26.0219342, 41.8458344 ], [ 26.0220691, 41.8457978 ], [ 26.0236723, 41.8453628 ], [ 26.0250992, 41.8447314 ], [ 26.0266441, 41.8448193 ], [ 26.0272986, 41.8446835 ], [ 26.0277156, 41.844534 ], [ 26.0281462, 41.8443797 ], [ 26.02938, 41.8442599 ], [ 26.0305602, 41.8450191 ], [ 26.0308928, 41.8453628 ], [ 26.0316009, 41.8454188 ], [ 26.0328025, 41.8457944 ], [ 26.0331793, 41.8458083 ], [ 26.0332916, 41.8462931 ], [ 26.0338539, 41.8463778 ], [ 26.0341114, 41.8466736 ], [ 26.0341961, 41.8469845 ], [ 26.0343216, 41.8470888 ], [ 26.0345891, 41.8471904 ], [ 26.0349074, 41.8472938 ], [ 26.0350561, 41.8473421 ], [ 26.0353125, 41.8474717 ], [ 26.0357043, 41.847578 ], [ 26.0360542, 41.84757 ], [ 26.0366739, 41.8474858 ], [ 26.0381218, 41.8471022 ], [ 26.0387789, 41.8468664 ], [ 26.0400472, 41.846801 ] ] } },
{ "type": "Feature", "properties": { "element": "way", "id": 1110588042, "name": null, "waterway": "stream" }, "geometry": { "type": "LineString", "coordinates": [ [ 26.0403893, 41.8466848 ], [ 26.0405046, 41.846705 ], [ 26.0408727, 41.8467696 ], [ 26.0416345, 41.8470574 ], [ 26.0420207, 41.8472891 ], [ 26.0424177, 41.8473371 ], [ 26.0427503, 41.8472092 ], [ 26.0427718, 41.8469774 ], [ 26.0426323, 41.8465778 ], [ 26.0427288, 41.8464899 ], [ 26.0430722, 41.8464659 ], [ 26.0436944, 41.8461542 ], [ 26.044027, 41.8461063 ], [ 26.0445313, 41.8461942 ], [ 26.0449712, 41.8469455 ], [ 26.0455076, 41.8472412 ], [ 26.0465268, 41.8472092 ], [ 26.0472116, 41.8469314 ], [ 26.0474388, 41.8468416 ], [ 26.0482113, 41.846394 ], [ 26.0483829, 41.846418 ], [ 26.0487263, 41.8468016 ], [ 26.0493163, 41.8469135 ], [ 26.0497133, 41.8468016 ], [ 26.0500137, 41.8468735 ], [ 26.0503249, 41.8468256 ], [ 26.0504429, 41.8468895 ], [ 26.0506038, 41.8468416 ], [ 26.0506038, 41.8466178 ], [ 26.0505823, 41.8461382 ], [ 26.0508291, 41.8460184 ], [ 26.0510651, 41.8460264 ], [ 26.0514192, 41.8462102 ], [ 26.0518162, 41.8461542 ], [ 26.0523741, 41.8462901 ], [ 26.0525886, 41.846402 ], [ 26.053168, 41.8465139 ], [ 26.0536079, 41.8466657 ], [ 26.0540799, 41.8472492 ], [ 26.0545842, 41.8477926 ], [ 26.0552065, 41.8481842 ], [ 26.0548739, 41.8488076 ], [ 26.05467, 41.8493031 ], [ 26.0542945, 41.8498386 ], [ 26.0545735, 41.8505898 ], [ 26.0541765, 41.8511812 ], [ 26.0539663, 41.8515601 ], [ 26.0538439, 41.8517806 ], [ 26.0539425, 41.8519742 ], [ 26.054316, 41.8527076 ], [ 26.054949, 41.8542899 ], [ 26.0557536, 41.8552888 ], [ 26.0559682, 41.8558802 ], [ 26.0554318, 41.8570468 ], [ 26.0552494, 41.8577101 ], [ 26.0556142, 41.8584373 ], [ 26.0561292, 41.8585491 ], [ 26.0584251, 41.8597078 ], [ 26.0589401, 41.8598836 ], [ 26.0595195, 41.8596998 ], [ 26.0600774, 41.859524 ], [ 26.0610215, 41.8594761 ], [ 26.0618584, 41.8594361 ], [ 26.0629849, 41.8604589 ], [ 26.0636501, 41.8608504 ], [ 26.063811, 41.861178 ], [ 26.0637872, 41.8612666 ] ] } },
{ "type": "Feature", "properties": { "element": "way", "id": 1110690462, "name": null, "waterway": "stream" }, "geometry": { "type": "LineString", "coordinates": [ [ 26.0151885, 41.8219389 ], [ 26.0160238, 41.8216963 ], [ 26.0166891, 41.8214009 ], [ 26.0175102, 41.821422 ], [ 26.0181614, 41.8214747 ], [ 26.0183043, 41.82153 ], [ 26.0185437, 41.8216224 ], [ 26.0207804, 41.8212426 ], [ 26.0219271, 41.8208417 ], [ 26.0225784, 41.820694 ], [ 26.023357, 41.8202615 ], [ 26.0242772, 41.8200821 ], [ 26.0248293, 41.8199028 ], [ 26.0254239, 41.8197656 ], [ 26.0274483, 41.8193753 ], [ 26.029501, 41.8194491 ], [ 26.0304071, 41.8194175 ], [ 26.0308233, 41.8193611 ], [ 26.0337056, 41.8187844 ], [ 26.0348948, 41.8187317 ], [ 26.0354327, 41.8191432 ], [ 26.0355318, 41.8199133 ], [ 26.0355743, 41.8200399 ], [ 26.0363387, 41.819945 ], [ 26.037174, 41.8199133 ], [ 26.0380234, 41.8195124 ], [ 26.0386463, 41.8194597 ], [ 26.0392692, 41.8192065 ], [ 26.0398496, 41.8189849 ], [ 26.0407415, 41.8187317 ], [ 26.041506, 41.8188899 ], [ 26.0419165, 41.8193331 ], [ 26.0423129, 41.819734 ], [ 26.0444223, 41.8202404 ], [ 26.0461494, 41.821116 ], [ 26.04765, 41.8225508 ], [ 26.0479048, 41.8230256 ], [ 26.0482729, 41.8231944 ], [ 26.048592, 41.8233108 ], [ 26.0489666, 41.8234476 ], [ 26.0499576, 41.8235425 ], [ 26.0511892, 41.8238801 ], [ 26.052166, 41.824281 ], [ 26.0528456, 41.8247346 ], [ 26.0532561, 41.8260533 ], [ 26.0536525, 41.8267073 ], [ 26.0536808, 41.8269394 ], [ 26.0544311, 41.8271398 ], [ 26.0548841, 41.8271082 ], [ 26.0550682, 41.8267812 ], [ 26.055323, 41.8266757 ], [ 26.0564697, 41.8268972 ], [ 26.0567811, 41.8267495 ], [ 26.0573474, 41.8269078 ], [ 26.0576022, 41.8272348 ], [ 26.0577438, 41.8276462 ], [ 26.0581119, 41.827815 ], [ 26.0585507, 41.8276673 ], [ 26.0592727, 41.8275302 ], [ 26.0597795, 41.82755 ] ] } },
{ "type": "Feature", "properties": { "element": "way", "id": 1110690465, "name": null, "waterway": "stream" }, "geometry": { "type": "LineString", "coordinates": [ [ 25.9951842, 41.8106773 ], [ 25.9968094, 41.8113874 ], [ 25.998584, 41.8114291 ], [ 26.0004427, 41.8117006 ], [ 26.0022173, 41.8124525 ], [ 26.0030952, 41.8123759 ], [ 26.0042627, 41.8129049 ], [ 26.005094, 41.8131347 ], [ 26.0062708, 41.8130303 ], [ 26.007513, 41.8131416 ], [ 26.0085778, 41.8130442 ], [ 26.009792, 41.8133435 ], [ 26.0108007, 41.8139491 ], [ 26.010698, 41.8154527 ], [ 26.0120242, 41.8165526 ], [ 26.0129396, 41.8162602 ], [ 26.0142658, 41.8157938 ], [ 26.0155734, 41.8155502 ], [ 26.0164701, 41.8150281 ], [ 26.0174601, 41.815056 ], [ 26.0180018, 41.8146522 ], [ 26.0182277, 41.8147277 ], [ 26.0187304, 41.8148959 ], [ 26.0192721, 41.8148889 ], [ 26.0199819, 41.8146105 ], [ 26.020561, 41.8149237 ], [ 26.0215977, 41.8148054 ], [ 26.0220299, 41.8149452 ], [ 26.0231108, 41.8148889 ], [ 26.0237553, 41.8143807 ], [ 26.0247733, 41.8143947 ], [ 26.0272111, 41.8138308 ], [ 26.0282852, 41.8136637 ], [ 26.0285535, 41.8137234 ], [ 26.028911, 41.813803 ], [ 26.0293686, 41.8138238 ], [ 26.0296955, 41.814151 ], [ 26.0303306, 41.8142276 ], [ 26.0307042, 41.8140744 ], [ 26.0310685, 41.8143599 ], [ 26.0316943, 41.8144503 ], [ 26.0320492, 41.8147427 ], [ 26.0325255, 41.8148959 ], [ 26.0325909, 41.8152091 ], [ 26.0327964, 41.8152578 ], [ 26.0329534, 41.815357 ], [ 26.0338238, 41.8154527 ], [ 26.0351594, 41.8165456 ], [ 26.0354863, 41.8191072 ] ] } },
{ "type": "Feature", "properties": { "element": "way", "id": 1110690466, "name": null, "waterway": "stream" }, "geometry": { "type": "LineString", "coordinates": [ [ 25.9885153, 41.8052496 ], [ 25.990709, 41.8052955 ], [ 25.9922126, 41.8059478 ], [ 25.9933947, 41.8067617 ], [ 25.9936668, 41.8069491 ], [ 25.994791, 41.8069186 ], [ 25.9982466, 41.8078095 ], [ 26.0037432, 41.8090459 ], [ 26.0064264, 41.8097186 ], [ 26.0087355, 41.8099489 ], [ 26.0104349, 41.8100337 ], [ 26.0112887, 41.8098277 ], [ 26.0116627, 41.8094883 ], [ 26.0123376, 41.8093489 ], [ 26.0125815, 41.8091307 ], [ 26.0124982, 41.8089299 ], [ 26.0123594, 41.8086103 ], [ 26.0123948, 41.8083175 ], [ 26.0121787, 41.8077573 ], [ 26.011948, 41.8071594 ], [ 26.0119453, 41.807067 ], [ 26.0121718, 41.8069087 ], [ 26.0123134, 41.8069087 ], [ 26.0127805, 41.807191 ], [ 26.0129469, 41.8073018 ], [ 26.0131345, 41.8072121 ], [ 26.0135025, 41.8069166 ], [ 26.0137007, 41.8069219 ], [ 26.0136476, 41.8071778 ], [ 26.0140405, 41.8070987 ], [ 26.0141798, 41.8071381 ], [ 26.0143201, 41.8071778 ], [ 26.0148934, 41.8069457 ], [ 26.0152438, 41.806389 ], [ 26.0157145, 41.8064655 ], [ 26.0160649, 41.8062624 ], [ 26.016256, 41.80593 ], [ 26.0164507, 41.8058719 ], [ 26.0165144, 41.8055501 ], [ 26.0166878, 41.8054472 ], [ 26.0168117, 41.8052678 ], [ 26.0173992, 41.8051649 ], [ 26.0177496, 41.8047375 ], [ 26.0180009, 41.8046848 ], [ 26.0181778, 41.8044895 ], [ 26.0184893, 41.8041914 ], [ 26.0187485, 41.8039615 ] ] } },
{ "type": "Feature", "properties": { "element": "way", "id": 1110690467, "name": null, "waterway": "stream" }, "geometry": { "type": "LineString", "coordinates": [ [ 26.0204142, 41.8019208 ], [ 26.0204496, 41.8017972 ], [ 26.0204804, 41.8015584 ], [ 26.0204274, 41.8013724 ] ] } },
{ "type": "Feature", "properties": { "element": "way", "id": 1110690468, "name": null, "waterway": "stream" }, "geometry": { "type": "LineString", "coordinates": [ [ 26.0202772, 41.802438 ], [ 26.0203122, 41.8022788 ] ] } },
{ "type": "Feature", "properties": { "element": "way", "id": 1110690469, "name": null, "waterway": "stream" }, "geometry": { "type": "LineString", "coordinates": [ [ 26.018852, 41.8038697 ], [ 26.0189741, 41.8037614 ], [ 26.0199505, 41.8028262 ], [ 26.0202524, 41.8025506 ], [ 26.0202772, 41.802438 ] ] } },
{ "type": "Feature", "properties": { "element": "way", "id": 1110690470, "name": null, "waterway": "stream" }, "geometry": { "type": "LineString", "coordinates": [ [ 26.0187485, 41.8039615 ], [ 26.018852, 41.8038697 ] ] } },
{ "type": "Feature", "properties": { "element": "way", "id": 1110690471, "name": null, "waterway": "stream" }, "geometry": { "type": "LineString", "coordinates": [ [ 25.9991131, 41.8056625 ], [ 26.0010184, 41.8068878 ], [ 26.0030172, 41.8070549 ], [ 26.0064543, 41.8076397 ], [ 26.0085465, 41.8078625 ], [ 26.0097233, 41.8078486 ], [ 26.0099407, 41.8078297 ], [ 26.0108461, 41.807751 ], [ 26.0114235, 41.8078207 ], [ 26.0121787, 41.8077573 ] ] } },
{ "type": "Feature", "properties": { "element": "way", "id": 1110690486, "name": null, "waterway": "stream" }, "geometry": { "type": "LineString", "coordinates": [ [ 26.0203122, 41.8022788 ], [ 26.0203141, 41.8022704 ], [ 26.0203865, 41.8020175 ] ] } },
{ "type": "Feature", "properties": { "element": "way", "id": 1110690487, "name": null, "waterway": "stream" }, "geometry": { "type": "LineString", "coordinates": [ [ 26.0203865, 41.8020175 ], [ 26.0204142, 41.8019208 ] ] } },
{ "type": "Feature", "properties": { "element": "way", "id": 1110690488, "name": null, "waterway": "stream" }, "geometry": { "type": "LineString", "coordinates": [ [ 26.0418969, 41.8359194 ], [ 26.0419207, 41.8358865 ], [ 26.0419654, 41.8357169 ], [ 26.0422093, 41.8357381 ], [ 26.0427541, 41.8356381 ], [ 26.0430021, 41.8355987 ] ] } },
{ "type": "Feature", "properties": { "element": "way", "id": 1110690489, "name": null, "waterway": "stream" }, "geometry": { "type": "LineString", "coordinates": [ [ 26.041859, 41.8359719 ], [ 26.0418969, 41.8359194 ] ] } },
{ "type": "Feature", "properties": { "element": "way", "id": 1110692556, "name": null, "waterway": "stream" }, "geometry": { "type": "LineString", "coordinates": [ [ 25.779587, 41.8627529 ], [ 25.7852518, 41.8645587 ], [ 25.786668, 41.86507 ], [ 25.7892, 41.865869 ], [ 25.7912385, 41.8658371 ], [ 25.7923543, 41.865869 ], [ 25.7931697, 41.8663804 ], [ 25.7938134, 41.8664123 ], [ 25.7943445, 41.8662878 ], [ 25.7949722, 41.8661407 ], [ 25.7959163, 41.8668598 ], [ 25.7966244, 41.8671474 ], [ 25.7987058, 41.8661886 ], [ 25.7997572, 41.8664283 ], [ 25.8011305, 41.8664283 ], [ 25.8025467, 41.8660288 ], [ 25.8030275, 41.865427 ], [ 25.803299, 41.8650873 ] ] } },
{ "type": "Feature", "properties": { "element": "way", "id": 1110692557, "name": null, "waterway": "stream" }, "geometry": { "type": "LineString", "coordinates": [ [ 25.9587227, 41.8166664 ], [ 25.95353, 41.8190491 ], [ 25.9518777, 41.8199606 ], [ 25.9517395, 41.8202215 ], [ 25.9513947, 41.820678 ], [ 25.9509983, 41.8215958 ], [ 25.9504541, 41.821653 ], [ 25.9504603, 41.8218701 ], [ 25.9506161, 41.8221655 ], [ 25.9502763, 41.8229884 ], [ 25.9495118, 41.8246763 ], [ 25.9489597, 41.8252882 ], [ 25.9491721, 41.8259001 ], [ 25.9483368, 41.826628 ], [ 25.9483934, 41.8270816 ], [ 25.9490513, 41.8284494 ], [ 25.9496205, 41.8293582 ], [ 25.949962, 41.8297581 ], [ 25.9498969, 41.8305336 ], [ 25.9504823, 41.8312485 ], [ 25.9511328, 41.832545 ], [ 25.9524175, 41.8336718 ], [ 25.9534095, 41.8347744 ], [ 25.9542551, 41.8373551 ], [ 25.9547755, 41.8390028 ], [ 25.9559463, 41.8401659 ], [ 25.9567757, 41.841123 ], [ 25.9578327, 41.8421891 ], [ 25.9585807, 41.8445272 ], [ 25.9590686, 41.845884 ], [ 25.9599467, 41.8476769 ], [ 25.9598654, 41.8496272 ], [ 25.9598864, 41.8503504 ], [ 25.9598991, 41.850787 ], [ 25.9614011, 41.8531365 ], [ 25.9618658, 41.8551779 ], [ 25.962238, 41.8568125 ], [ 25.9626242, 41.8591138 ], [ 25.9607359, 41.8612393 ], [ 25.9608624, 41.8623502 ] ] } },
{ "type": "Feature", "properties": { "element": "way", "id": 1321569781, "name": null, "waterway": "stream" }, "geometry": { "type": "LineString", "coordinates": [ [ 25.8711578, 41.8946212 ], [ 25.8717795, 41.8947036 ], [ 25.8723926, 41.8953945 ], [ 25.8748621, 41.8979172 ], [ 25.8758669, 41.8984179 ], [ 25.8775104, 41.8989187 ], [ 25.8786429, 41.8992673 ], [ 25.8805163, 41.9000722 ], [ 25.8817766, 41.9006997 ], [ 25.8827644, 41.9010229 ], [ 25.8840843, 41.9012638 ], [ 25.8853792, 41.9011461 ], [ 25.8865112, 41.9011624 ], [ 25.8870903, 41.9014096 ], [ 25.887465, 41.9013842 ], [ 25.8880611, 41.90153 ], [ 25.8895277, 41.901843 ], [ 25.8896787, 41.9019524 ], [ 25.8898919, 41.9021067 ], [ 25.8901644, 41.9024173 ], [ 25.890241, 41.9026391 ], [ 25.8900963, 41.902918 ], [ 25.8896024, 41.9031905 ], [ 25.888589, 41.9038623 ], [ 25.8882143, 41.9042679 ], [ 25.8881122, 41.9046799 ], [ 25.888555, 41.905263 ], [ 25.8885805, 41.9058397 ], [ 25.8890233, 41.9061439 ], [ 25.8893554, 41.9062897 ], [ 25.8896535, 41.9069234 ], [ 25.8900367, 41.9071452 ], [ 25.8907264, 41.907253 ], [ 25.8911266, 41.9073924 ], [ 25.891314, 41.9074874 ], [ 25.8914162, 41.907798 ], [ 25.8913651, 41.9081402 ], [ 25.8916291, 41.9084317 ], [ 25.8924465, 41.9088436 ], [ 25.8921887, 41.9090932 ], [ 25.8910245, 41.9092049 ], [ 25.8898335, 41.9098126 ], [ 25.8896571, 41.9105249 ], [ 25.8880544, 41.911244 ], [ 25.8871414, 41.9122055 ], [ 25.8861579, 41.9132574 ], [ 25.8863835, 41.913945 ], [ 25.8870051, 41.9147228 ], [ 25.8867454, 41.9150539 ], [ 25.8860577, 41.9152918 ] ] } },
{ "type": "Feature", "properties": { "element": "way", "id": 1321569782, "name": null, "waterway": "stream" }, "geometry": { "type": "LineString", "coordinates": [ [ 25.8860577, 41.9152918 ], [ 25.8856975, 41.9152529 ] ] } },
{ "type": "Feature", "properties": { "element": "way", "id": 1321606456, "name": null, "waterway": "stream" }, "geometry": { "type": "LineString", "coordinates": [ [ 25.9739476, 41.8840442 ], [ 25.9741828, 41.8842193 ], [ 25.9766693, 41.8855633 ], [ 25.9805523, 41.8874018 ], [ 25.9860023, 41.8901784 ], [ 25.9867564, 41.8905555 ], [ 25.9875262, 41.8907532 ] ] } },
{ "type": "Feature", "properties": { "element": "way", "id": 1321606457, "name": null, "waterway": "stream" }, "geometry": { "type": "LineString", "coordinates": [ [ 25.9721666, 41.8745673 ], [ 25.9726547, 41.8754421 ], [ 25.9726816, 41.8755189 ] ] } },
{ "type": "Feature", "properties": { "element": "way", "id": 1321606458, "name": null, "waterway": "stream" }, "geometry": { "type": "LineString", "coordinates": [ [ 25.9726816, 41.8755189 ], [ 25.9727068, 41.8755906 ] ] } },
{ "type": "Feature", "properties": { "element": "way", "id": 1321606459, "name": null, "waterway": "stream" }, "geometry": { "type": "LineString", "coordinates": [ [ 25.9727068, 41.8755906 ], [ 25.9727835, 41.8758096 ], [ 25.9731751, 41.8765086 ], [ 25.9732738, 41.8765852 ], [ 25.9733244, 41.8766245 ] ] } },
{ "type": "Feature", "properties": { "element": "way", "id": 1321606460, "name": null, "waterway": "stream" }, "geometry": { "type": "LineString", "coordinates": [ [ 25.9733244, 41.8766245 ], [ 25.97346, 41.8767204 ] ] } },
{ "type": "Feature", "properties": { "element": "way", "id": 1321606461, "name": null, "waterway": "stream" }, "geometry": { "type": "LineString", "coordinates": [ [ 25.9775502, 41.8823176 ], [ 25.973791, 41.8839277 ], [ 25.9738446, 41.8839675 ] ] } },
{ "type": "Feature", "properties": { "element": "way", "id": 1321606462, "name": null, "waterway": "stream" }, "geometry": { "type": "LineString", "coordinates": [ [ 25.9738446, 41.8839675 ], [ 25.9739476, 41.8840442 ] ] } },
{ "type": "Feature", "properties": { "element": "way", "id": 1321606463, "name": null, "waterway": "stream" }, "geometry": { "type": "LineString", "coordinates": [ [ 25.97346, 41.8767204 ], [ 25.9737973, 41.8769479 ], [ 25.9753584, 41.8774991 ], [ 25.9758586, 41.8780616 ], [ 25.9762542, 41.8785256 ], [ 25.9762864, 41.8786095 ], [ 25.9768346, 41.8791971 ], [ 25.9768716, 41.8792368 ], [ 25.9769087, 41.8792765 ], [ 25.9772359, 41.8804787 ], [ 25.9773647, 41.8806824 ], [ 25.9774687, 41.880762 ] ] } },
{ "type": "Feature", "properties": { "element": "way", "id": 1321606464, "name": null, "waterway": "stream" }, "geometry": { "type": "LineString", "coordinates": [ [ 25.9774687, 41.880762 ], [ 25.9775706, 41.8808398 ] ] } },
{ "type": "Feature", "properties": { "element": "way", "id": 1321606465, "name": null, "waterway": "stream" }, "geometry": { "type": "LineString", "coordinates": [ [ 25.9775706, 41.8808398 ], [ 25.9777724, 41.880994 ], [ 25.978046, 41.8810978 ], [ 25.9788935, 41.8810459 ], [ 25.9790974, 41.8812056 ], [ 25.9791671, 41.881625 ], [ 25.9776821, 41.882261 ] ] } },
{ "type": "Feature", "properties": { "element": "way", "id": 1321606466, "name": null, "waterway": "stream" }, "geometry": { "type": "LineString", "coordinates": [ [ 25.9776821, 41.882261 ], [ 25.9775502, 41.8823176 ] ] } },
{ "type": "Feature", "properties": { "element": "way", "id": 1321615324, "name": null, "waterway": "stream" }, "geometry": { "type": "LineString", "coordinates": [ [ 25.9126014, 41.9005646 ], [ 25.9148759, 41.9017464 ], [ 25.9149791, 41.9022965 ], [ 25.9153673, 41.9043658 ], [ 25.9156416, 41.9058284 ] ] } },
{ "type": "Feature", "properties": { "element": "way", "id": 1321615325, "name": null, "waterway": "stream" }, "geometry": { "type": "LineString", "coordinates": [ [ 25.9147257, 41.8998139 ], [ 25.9148759, 41.9017464 ] ] } },
{ "type": "Feature", "properties": { "element": "way", "id": 1321615326, "name": null, "waterway": "stream" }, "geometry": { "type": "LineString", "coordinates": [ [ 25.9160346, 41.9007882 ], [ 25.915348, 41.9018582 ], [ 25.9149791, 41.9022965 ] ] } },
{ "type": "Feature", "properties": { "element": "way", "id": 1321615327, "name": null, "waterway": "stream" }, "geometry": { "type": "LineString", "coordinates": [ [ 25.917129, 41.9028164 ], [ 25.9159488, 41.9038865 ], [ 25.9153673, 41.9043658 ] ] } },
{ "type": "Feature", "properties": { "element": "way", "id": 1321615328, "name": null, "waterway": "stream" }, "geometry": { "type": "LineString", "coordinates": [ [ 25.9004386, 41.8997549 ], [ 25.8971993, 41.9007002 ], [ 25.8952412, 41.9020859 ], [ 25.8946762, 41.9026397 ], [ 25.8944634, 41.9028483 ], [ 25.891929, 41.9050512 ], [ 25.8910839, 41.9064096 ], [ 25.8915674, 41.9069961 ], [ 25.8916924, 41.9071583 ], [ 25.8915466, 41.907455 ], [ 25.891314, 41.9074874 ] ] } },
{ "type": "Feature", "properties": { "element": "way", "id": 1321615329, "name": null, "waterway": "stream" }, "geometry": { "type": "LineString", "coordinates": [ [ 25.900716, 41.8996739 ], [ 25.9005737, 41.8997154 ] ] } },
{ "type": "Feature", "properties": { "element": "way", "id": 1321615330, "name": null, "waterway": "stream" }, "geometry": { "type": "LineString", "coordinates": [ [ 25.9005737, 41.8997154 ], [ 25.9004386, 41.8997549 ] ] } },
{ "type": "Feature", "properties": { "element": "way", "id": 1321615331, "name": null, "waterway": "stream" }, "geometry": { "type": "LineString", "coordinates": [ [ 25.9095764, 41.8908914 ], [ 25.9091365, 41.8915942 ], [ 25.9093726, 41.8922651 ], [ 25.9092331, 41.8928321 ], [ 25.9087825, 41.8930318 ], [ 25.9082031, 41.8937346 ], [ 25.907774, 41.8947169 ], [ 25.9076963, 41.8949563 ], [ 25.9075915, 41.8952796 ], [ 25.9074628, 41.8957232 ], [ 25.9060144, 41.8965058 ], [ 25.9050059, 41.896394 ], [ 25.9043085, 41.8964579 ], [ 25.9036219, 41.8972166 ], [ 25.9035146, 41.8984384 ], [ 25.9012401, 41.8987818 ], [ 25.9008324, 41.899221 ], [ 25.900716, 41.8996739 ] ] } },
{ "type": "Feature", "properties": { "element": "way", "id": 1321615339, "name": null, "waterway": "stream" }, "geometry": { "type": "LineString", "coordinates": [ [ 25.9188225, 41.9018552 ], [ 25.9196593, 41.9025899 ], [ 25.9197666, 41.9028614 ], [ 25.9198443, 41.9030007 ], [ 25.919949, 41.9031887 ], [ 25.9210112, 41.9039314 ], [ 25.9219553, 41.9043945 ], [ 25.9236183, 41.9049694 ], [ 25.9246268, 41.9054805 ], [ 25.9256092, 41.9061256 ], [ 25.9258606, 41.9063508 ], [ 25.9265687, 41.9067261 ], [ 25.9267801, 41.906874 ] ] } },
{ "type": "Feature", "properties": { "element": "way", "id": 1321615340, "name": null, "waterway": "stream" }, "geometry": { "type": "LineString", "coordinates": [ [ 25.9268692, 41.9069363 ], [ 25.9271051, 41.9071014 ], [ 25.9279313, 41.907293 ], [ 25.928693, 41.9078599 ], [ 25.9302165, 41.9085466 ], [ 25.9308126, 41.9087661 ], [ 25.9312572, 41.9089298 ], [ 25.9322121, 41.9095367 ], [ 25.9331133, 41.9101435 ], [ 25.933639, 41.910391 ], [ 25.9338429, 41.9107343 ] ] } },
{ "type": "Feature", "properties": { "element": "way", "id": 1321615341, "name": null, "waterway": "stream" }, "geometry": { "type": "LineString", "coordinates": [ [ 25.9267801, 41.906874 ], [ 25.9268692, 41.9069363 ] ] } },
{ "type": "Feature", "properties": { "element": "way", "id": 1321615344, "name": null, "waterway": "stream" }, "geometry": { "type": "LineString", "coordinates": [ [ 25.8975648, 41.9080978 ], [ 25.8959717, 41.9084207 ], [ 25.8958114, 41.9085003 ], [ 25.8955629, 41.9086235 ], [ 25.8924465, 41.9088436 ] ] } },
{ "type": "Feature", "properties": { "element": "way", "id": 1322072549, "name": null, "waterway": "stream" }, "geometry": { "type": "LineString", "coordinates": [ [ 26.0248925, 41.8503689 ], [ 26.0253353, 41.8506479 ], [ 26.0257931, 41.850683 ], [ 26.0259144, 41.8506924 ], [ 26.0268766, 41.8503435 ], [ 26.027362, 41.8503689 ], [ 26.0278559, 41.85002 ], [ 26.0283413, 41.8500073 ], [ 26.0288842, 41.849679 ], [ 26.0305362, 41.8489258 ], [ 26.0313324, 41.8489591 ], [ 26.0319434, 41.848948 ], [ 26.0323859, 41.8491334 ], [ 26.0326501, 41.8491383 ], [ 26.0327564, 41.8490876 ], [ 26.0340786, 41.8484564 ], [ 26.0342818, 41.8480994 ], [ 26.0343815, 41.8480476 ], [ 26.0344595, 41.8480786 ], [ 26.0345145, 41.8480668 ], [ 26.0346639, 41.8477802 ], [ 26.0346887, 41.8476199 ], [ 26.0349074, 41.8472938 ] ] } },
{ "type": "Feature", "properties": { "element": "way", "id": 1348900821, "name": "Узунджовска", "waterway": "river" }, "geometry": { "type": "LineString", "coordinates": [ [ 25.7284944, 41.9492378 ], [ 25.732182, 41.9488291 ], [ 25.7380422, 41.9482514 ], [ 25.7395955, 41.9482339 ], [ 25.7421138, 41.9480064 ], [ 25.7487977, 41.946501 ], [ 25.7513684, 41.9460415 ], [ 25.7532781, 41.9459896 ], [ 25.7549679, 41.9460216 ], [ 25.7554346, 41.9459777 ], [ 25.7556277, 41.9458021 ], [ 25.7557404, 41.9455627 ], [ 25.7559496, 41.945451 ], [ 25.756411, 41.9456944 ], [ 25.7567596, 41.9460295 ], [ 25.7581758, 41.9460575 ], [ 25.7598549, 41.9460295 ], [ 25.7605469, 41.9457662 ], [ 25.7614876, 41.9452501 ], [ 25.7621743, 41.9444362 ], [ 25.7626249, 41.9432392 ], [ 25.7633115, 41.942505 ], [ 25.7642986, 41.9421379 ], [ 25.7677533, 41.9421219 ], [ 25.7699849, 41.9426965 ], [ 25.7712294, 41.9430476 ], [ 25.7724525, 41.9438776 ], [ 25.7730735, 41.9442214 ], [ 25.7735683, 41.9443723 ], [ 25.7739038, 41.9444177 ], [ 25.7745449, 41.9442378 ], [ 25.7753456, 41.9441083 ], [ 25.7759501, 41.9440691 ], [ 25.7782246, 41.9441489 ], [ 25.7799198, 41.9439414 ], [ 25.7806064, 41.9439893 ], [ 25.7829453, 41.9451065 ], [ 25.7840826, 41.945713 ], [ 25.7849194, 41.9465269 ], [ 25.7854559, 41.9471812 ], [ 25.7860567, 41.947277 ], [ 25.7862764, 41.9473836 ], [ 25.7865502, 41.9475164 ], [ 25.7880952, 41.9482186 ], [ 25.7894899, 41.9483622 ], [ 25.7914855, 41.9480909 ], [ 25.7947685, 41.9469738 ], [ 25.7991888, 41.9451544 ], [ 25.8011124, 41.9435146 ], [ 25.8015244, 41.9432251 ], [ 25.8017786, 41.9428004 ] ] } },
{ "type": "Feature", "properties": { "element": "way", "id": 1369625900, "name": "Узунджовска", "waterway": "river" }, "geometry": { "type": "LineString", "coordinates": [ [ 25.8018388, 41.9426997 ], [ 25.8018518, 41.9426781 ], [ 25.801892, 41.9422201 ], [ 25.801822, 41.941993 ], [ 25.801644, 41.941777 ], [ 25.801389, 41.941596 ], [ 25.8000875, 41.9410207 ], [ 25.7998094, 41.9408391 ], [ 25.7994528, 41.9406061 ], [ 25.799157, 41.9404667 ], [ 25.7988982, 41.9401459 ], [ 25.79851, 41.93955 ], [ 25.7984854, 41.9392154 ], [ 25.7984237, 41.9388512 ], [ 25.7985213, 41.9385851 ], [ 25.7987815, 41.9380952 ], [ 25.7991474, 41.9374964 ], [ 25.7994076, 41.937073 ], [ 25.7996515, 41.936571 ], [ 25.7997653, 41.9363956 ], [ 25.7998873, 41.9362565 ], [ 25.800058, 41.9361476 ], [ 25.8002857, 41.9361476 ], [ 25.8006109, 41.9361658 ], [ 25.8008223, 41.9363049 ], [ 25.801172, 41.9365831 ], [ 25.8015671, 41.9369061 ], [ 25.8016946, 41.9372852 ], [ 25.8016238, 41.9376327 ], [ 25.8014964, 41.9379592 ], [ 25.8014256, 41.9381698 ], [ 25.8015247, 41.9382856 ], [ 25.8017795, 41.9384436 ], [ 25.8020343, 41.9384646 ], [ 25.8022891, 41.938412 ], [ 25.802544, 41.9383067 ], [ 25.802997, 41.9379171 ], [ 25.8035066, 41.9370641 ], [ 25.803903, 41.9365796 ], [ 25.8041861, 41.9362848 ], [ 25.8044834, 41.9360004 ], [ 25.8048515, 41.9358424 ], [ 25.8053612, 41.9357055 ], [ 25.8057292, 41.935674 ], [ 25.8064654, 41.935674 ], [ 25.8071732, 41.9359162 ], [ 25.8081217, 41.9362216 ], [ 25.809226, 41.9366744 ], [ 25.8098913, 41.9368956 ], [ 25.8110522, 41.9371062 ], [ 25.8119157, 41.937043 ], [ 25.8122272, 41.9369587 ], [ 25.812482, 41.9368008 ], [ 25.812567, 41.9364427 ], [ 25.8121847, 41.9360741 ], [ 25.8116751, 41.935874 ], [ 25.8110663, 41.9356424 ], [ 25.8106416, 41.9354528 ], [ 25.8098163, 41.9351992 ], [ 25.8092262, 41.9350316 ], [ 25.8089043, 41.9348799 ], [ 25.8088614, 41.9346884 ], [ 25.809194, 41.9345048 ], [ 25.8098484, 41.9345687 ], [ 25.8105244, 41.9346884 ], [ 25.8113827, 41.9349518 ], [ 25.8119942, 41.9350156 ], [ 25.8130456, 41.9349837 ], [ 25.8135821, 41.9349039 ], [ 25.8143116, 41.9349039 ], [ 25.8152666, 41.9345664 ], [ 25.816161, 41.9343245 ], [ 25.8164862, 41.9340825 ], [ 25.8168319, 41.9337351 ], [ 25.8169009, 41.9336047 ], [ 25.8169164, 41.9334067 ], [ 25.8167936, 41.933239 ], [ 25.8165188, 41.9331238 ], [ 25.8156406, 41.9329454 ], [ 25.8153725, 41.9327893 ], [ 25.8151365, 41.9325582 ], [ 25.8150511, 41.9323405 ], [ 25.8150715, 41.9321348 ], [ 25.8155756, 41.9313485 ], [ 25.815787, 41.9309855 ], [ 25.8161489, 41.9305418 ], [ 25.8164908, 41.929466 ], [ 25.816382, 41.928962 ], [ 25.8163756, 41.928224 ], [ 25.8163887, 41.927719 ], [ 25.8167099, 41.9272278 ] ] } },
{ "type": "Feature", "properties": { "element": "way", "id": 1369625901, "name": "Узунджовска", "waterway": "river" }, "geometry": { "type": "LineString", "coordinates": [ [ 25.8017786, 41.9428004 ], [ 25.8018388, 41.9426997 ] ] } },
{ "type": "Feature", "properties": { "element": "way", "id": 1547545739, "name": null, "waterway": "stream" }, "geometry": { "type": "LineString", "coordinates": [ [ 26.0138453, 41.9399855 ], [ 26.0138342, 41.939499 ], [ 26.0137345, 41.9390455 ], [ 26.0139008, 41.938287 ], [ 26.0141078, 41.9378871 ], [ 26.0141494, 41.9365927 ], [ 26.0140288, 41.9361324 ], [ 26.0140078, 41.9356995 ], [ 26.0140183, 41.9356371 ], [ 26.0139449, 41.9349857 ], [ 26.0139711, 41.934424 ], [ 26.0147184, 41.933488 ], [ 26.0149474, 41.9328277 ], [ 26.0149665, 41.932345 ], [ 26.0153482, 41.9318054 ], [ 26.0159685, 41.9313014 ], [ 26.0165029, 41.9306411 ], [ 26.016596, 41.9300886 ] ] } },
{ "type": "Feature", "properties": { "element": "way", "id": 1547545740, "name": null, "waterway": "stream" }, "geometry": { "type": "LineString", "coordinates": [ [ 26.0266649, 41.9440567 ], [ 26.0267204, 41.9433229 ], [ 26.0270542, 41.942675 ], [ 26.0272635, 41.9422017 ], [ 26.0271859, 41.9417564 ], [ 26.0263213, 41.9404208 ], [ 26.0260775, 41.9392829 ], [ 26.0254013, 41.9384502 ], [ 26.0252905, 41.9368011 ], [ 26.0254346, 41.9356467 ], [ 26.025102, 41.9345665 ], [ 26.0244668, 41.9339863 ] ] } },
{ "type": "Feature", "properties": { "element": "way", "id": 1547545741, "name": null, "waterway": "stream" }, "geometry": { "type": "LineString", "coordinates": [ [ 26.0381484, 41.9388542 ], [ 26.0373614, 41.938277 ], [ 26.036519, 41.937939 ], [ 26.0355989, 41.9377988 ], [ 26.0346124, 41.937906 ], [ 26.0341358, 41.9378977 ], [ 26.0338698, 41.9377328 ], [ 26.0337404, 41.9375194 ], [ 26.0329054, 41.9372464 ], [ 26.0316972, 41.9369413 ], [ 26.0309213, 41.936059 ], [ 26.0296023, 41.9350778 ], [ 26.0273522, 41.9344511 ], [ 26.0252461, 41.9341955 ], [ 26.0244668, 41.9339863 ], [ 26.0220206, 41.9333297 ], [ 26.01813, 41.9315898 ], [ 26.0172292, 41.930954 ], [ 26.0167691, 41.9304222 ], [ 26.016596, 41.9300886 ], [ 26.0164076, 41.9297254 ], [ 26.0158818, 41.9293892 ], [ 26.0154052, 41.9293587 ], [ 26.014674, 41.9295359 ], [ 26.0141728, 41.9297071 ], [ 26.0137219, 41.9297318 ] ] } }
]
}
