{
"type": "FeatureCollection",
"name": "malpasset_rivers",
"crs": { "type": "name", "properties": { "name": "urn:ogc:def:crs:OGC:1.3:CRS84" } },
"features": [
{ "type": "Feature", "properties": { "element": "way", "id": 29401571, "name": "Torrent de la Valette", "waterway": "stream" }, "geometry": { "type": "LineString", "coordinates": [ [ 6.6449733, 43.4363515 ], [ 6.6449688, 43.4365204 ], [ 6.6451011, 43.4367075 ], [ 6.6453567, 43.4368672 ], [ 6.6454981, 43.436922 ], [ 6.6456031, 43.4369265 ], [ 6.6457902, 43.4368672 ], [ 6.6459271, 43.4368626 ], [ 6.6460001, 43.4369174 ], [ 6.6460138, 43.4370862 ], [ 6.6461279, 43.4372688 ], [ 6.6462603, 43.437497 ], [ 6.6463789, 43.437643 ], [ 6.6465387, 43.4378438 ], [ 6.6467092, 43.4379554 ], [ 6.6467897, 43.4380081 ], [ 6.6470498, 43.4381268 ], [ 6.6471684, 43.438291 ], [ 6.647319, 43.438501 ], [ 6.6474925, 43.4387155 ], [ 6.6476887, 43.4388661 ], [ 6.6478393, 43.4389619 ], [ 6.6479625, 43.4390897 ], [ 6.6480492, 43.4392494 ], [ 6.648177, 43.4393909 ], [ 6.6483276, 43.4395095 ], [ 6.648355, 43.4397286 ], [ 6.6484403, 43.4397434 ], [ 6.6487683, 43.4399645 ], [ 6.6491063, 43.4402503 ], [ 6.6491411, 43.4402935 ], [ 6.6491778, 43.4403699 ], [ 6.6492282, 43.4404276 ], [ 6.6499073, 43.4410446 ], [ 6.6500143, 43.4411759 ], [ 6.6500635, 43.4413012 ], [ 6.6501176, 43.4415334 ], [ 6.6501564, 43.4418366 ], [ 6.6502456, 43.4420505 ], [ 6.6503728, 43.442281 ], [ 6.6504221, 43.4423109 ], [ 6.6505389, 43.4423547 ], [ 6.6506264, 43.4423803 ], [ 6.6507714, 43.4423926 ], [ 6.6510824, 43.4424096 ], [ 6.6512179, 43.4424259 ], [ 6.6513237, 43.4424428 ], [ 6.6514019, 43.4424637 ], [ 6.6518986, 43.4426527 ], [ 6.6527044, 43.442995 ], [ 6.6533747, 43.4432517 ], [ 6.653717, 43.4433943 ], [ 6.6546083, 43.4438079 ], [ 6.6549506, 43.443922 ], [ 6.6552215, 43.4439933 ], [ 6.655521, 43.4441003 ], [ 6.6559702, 43.4442357 ], [ 6.6561984, 43.4442857 ], [ 6.6564653, 43.4443167 ], [ 6.6568736, 43.4443551 ], [ 6.6570947, 43.4443802 ], [ 6.6573411, 43.4444084 ], [ 6.6575583, 43.4444125 ], [ 6.6576388, 43.444414 ], [ 6.6579098, 43.4445138 ], [ 6.6581166, 43.4445352 ], [ 6.6583733, 43.4445637 ], [ 6.6586015, 43.4445709 ], [ 6.6589009, 43.4444425 ], [ 6.6591434, 43.4444425 ], [ 6.6594018, 43.444482 ], [ 6.6595923, 43.4445615 ] ] } },
{ "type": "Feature", "properties": { "element": "way", "id": 29418587, "name": null, "waterway": "stream" }, "geometry": { "type": "LineString", "coordinates": [ [ 6.6535471, 43.4481071 ], [ 6.6538027, 43.4479041 ], [ 6.6542238, 43.4475056 ], [ 6.6545095, 43.4473628 ], [ 6.6548929, 43.4471748 ], [ 6.6552613, 43.4470169 ], [ 6.6556673, 43.4468741 ], [ 6.6559831, 43.4467162 ], [ 6.6565019, 43.4464605 ], [ 6.6568853, 43.4462801 ], [ 6.6573289, 43.4460621 ], [ 6.6577049, 43.4459042 ], [ 6.6579718, 43.4457656 ], [ 6.6582258, 43.4456386 ], [ 6.6584163, 43.4455378 ], [ 6.658674, 43.4453959 ], [ 6.6587898, 43.4452689 ], [ 6.6589616, 43.4451718 ], [ 6.6590438, 43.4451605 ], [ 6.6592415, 43.4450942 ] ] } },
{ "type": "Feature", "properties": { "element": "way", "id": 29420931, "name": null, "waterway": "stream" }, "geometry": { "type": "LineString", "coordinates": [ [ 6.6964446, 43.4115013 ], [ 6.6967778, 43.4115285 ], [ 6.6969387, 43.4119704 ], [ 6.6970112, 43.4119908 ], [ 6.6971064, 43.4120134 ], [ 6.6973489, 43.4120134 ], [ 6.6973919, 43.4120633 ], [ 6.6974146, 43.4121154 ], [ 6.6973783, 43.4122831 ] ] } },
{ "type": "Feature", "properties": { "element": "way", "id": 30408654, "name": "Le Fournel", "waterway": "river" }, "geometry": { "type": "LineString", "coordinates": [ [ 6.6726895, 43.3975163 ], [ 6.6733328, 43.3975651 ], [ 6.6743101, 43.397443 ], [ 6.6749132, 43.3973498 ], [ 6.6758818, 43.3970765 ], [ 6.6763785, 43.3971335 ], [ 6.6772417, 43.3973697 ], [ 6.6776001, 43.3975244 ], [ 6.6779177, 43.3979642 ], [ 6.6783248, 43.3981026 ], [ 6.6791148, 43.3986075 ], [ 6.6793265, 43.3988681 ], [ 6.6798469, 43.3991521 ], [ 6.6802943, 43.3995436 ], [ 6.6806139, 43.3997753 ], [ 6.6808136, 43.4000629 ], [ 6.6814608, 43.4004624 ], [ 6.6816606, 43.4007181 ], [ 6.6818603, 43.4008459 ], [ 6.6822439, 43.4012215 ], [ 6.6823397, 43.401637 ], [ 6.6825155, 43.4018846 ], [ 6.6827712, 43.4020764 ], [ 6.6830509, 43.4021803 ], [ 6.6833465, 43.4021723 ], [ 6.6836102, 43.4022362 ], [ 6.6843772, 43.4021803 ], [ 6.6848646, 43.4022282 ], [ 6.6851682, 43.4023161 ], [ 6.6853999, 43.4025079 ], [ 6.6855358, 43.4027396 ], [ 6.6859912, 43.4030991 ], [ 6.6865984, 43.4036904 ], [ 6.6870139, 43.4041298 ], [ 6.6866224, 43.4046332 ], [ 6.6865665, 43.404809 ], [ 6.6865984, 43.4050407 ], [ 6.6867742, 43.4052644 ], [ 6.68695, 43.4054162 ], [ 6.6876931, 43.4059036 ], [ 6.6881645, 43.4064949 ], [ 6.688524, 43.4070302 ], [ 6.6886199, 43.4072539 ], [ 6.6886279, 43.4075016 ], [ 6.6887398, 43.4077014 ], [ 6.6891602, 43.4083251 ], [ 6.6896115, 43.408807 ], [ 6.6898486, 43.4090135 ], [ 6.6899557, 43.4092659 ], [ 6.6899404, 43.4095183 ], [ 6.6902999, 43.4100003 ], [ 6.6904223, 43.410245 ], [ 6.6898486, 43.4109717 ], [ 6.6896497, 43.4115148 ], [ 6.689535, 43.4116372 ], [ 6.6895426, 43.4119049 ], [ 6.6894509, 43.4121497 ], [ 6.6891678, 43.4124939 ], [ 6.6888819, 43.4127903 ], [ 6.6888178, 43.4129644 ], [ 6.6886548, 43.413108 ], [ 6.6884851, 43.4132437 ], [ 6.6884725, 43.4134276 ], [ 6.68864, 43.4136413 ], [ 6.6886859, 43.4138555 ], [ 6.6886324, 43.4142456 ], [ 6.6886553, 43.414544 ], [ 6.6887701, 43.4147658 ], [ 6.6889613, 43.4148805 ], [ 6.6891066, 43.4150565 ], [ 6.6891908, 43.4152247 ], [ 6.6900169, 43.4160662 ], [ 6.6904912, 43.4166169 ], [ 6.6909731, 43.4170147 ], [ 6.6909884, 43.4174125 ], [ 6.6910496, 43.417619 ], [ 6.6912867, 43.4177108 ], [ 6.6915468, 43.4178638 ], [ 6.6920057, 43.4179556 ], [ 6.6921281, 43.4180627 ], [ 6.6928548, 43.4183304 ], [ 6.6938186, 43.4188123 ], [ 6.6941203, 43.418933 ], [ 6.6945647, 43.4190369 ] ] } },
{ "type": "Feature", "properties": { "element": "way", "id": 31791186, "name": "Le Pédégal", "waterway": "stream" }, "geometry": { "type": "LineString", "coordinates": [ [ 6.7744353, 43.4504398 ], [ 6.7742058, 43.4503636 ], [ 6.7735787, 43.450427 ], [ 6.7732528, 43.4502034 ], [ 6.7730364, 43.4501413 ], [ 6.772829, 43.449855 ], [ 6.7724672, 43.4497259 ], [ 6.7724881, 43.4495109 ], [ 6.7723366, 43.4493631 ], [ 6.7720362, 43.4492921 ], [ 6.7717587, 43.4491608 ], [ 6.7716602, 43.4489332 ], [ 6.7714595, 43.4488022 ], [ 6.7714457, 43.4486243 ], [ 6.7712317, 43.4485546 ], [ 6.7713191, 43.447987 ], [ 6.7714256, 43.4475902 ], [ 6.7714226, 43.4472191 ], [ 6.7713082, 43.4471475 ], [ 6.7712702, 43.4469621 ], [ 6.7711758, 43.4467398 ], [ 6.7708948, 43.4466592 ], [ 6.7708562, 43.4462796 ], [ 6.7708709, 43.4462338 ], [ 6.7709088, 43.4461942 ], [ 6.7710345, 43.4461486 ], [ 6.7712691, 43.4460749 ], [ 6.7713347, 43.4459929 ], [ 6.7713227, 43.4458682 ], [ 6.7712058, 43.4457642 ], [ 6.7711433, 43.4455502 ], [ 6.7709811, 43.4454605 ], [ 6.7707877, 43.4451316 ], [ 6.7706104, 43.4450406 ], [ 6.7705219, 43.4449115 ], [ 6.7706819, 43.4446335 ], [ 6.770705, 43.4442682 ], [ 6.770569, 43.4440859 ], [ 6.7707051, 43.4439876 ], [ 6.7707446, 43.443823 ], [ 6.7709369, 43.4437434 ], [ 6.7712035, 43.4434317 ], [ 6.7714881, 43.4428906 ], [ 6.771588, 43.4424865 ], [ 6.7713531, 43.4423984 ], [ 6.7709523, 43.4420547 ], [ 6.7710644, 43.4418057 ], [ 6.7712626, 43.4418011 ], [ 6.7715212, 43.4415346 ], [ 6.7717859, 43.4413357 ], [ 6.7717799, 43.4412149 ], [ 6.7716325, 43.4410932 ], [ 6.7716325, 43.4409437 ], [ 6.7715982, 43.4407816 ], [ 6.771612, 43.4405598 ], [ 6.7715605, 43.4403728 ], [ 6.7713234, 43.4403881 ], [ 6.7712483, 43.4403408 ], [ 6.7713173, 43.4402187 ], [ 6.771306, 43.4401069 ], [ 6.7712315, 43.4399607 ], [ 6.771057, 43.4397629 ], [ 6.770808, 43.4395546 ], [ 6.7704236, 43.4392071 ], [ 6.7701923, 43.4389932 ], [ 6.7700683, 43.4388627 ], [ 6.7699442, 43.4387047 ] ] } },
{ "type": "Feature", "properties": { "element": "way", "id": 31797503, "name": null, "waterway": "stream" }, "geometry": { "type": "LineString", "coordinates": [ [ 6.6806459, 43.4630294 ], [ 6.6803196, 43.4626303 ] ] } },
{ "type": "Feature", "properties": { "element": "way", "id": 31854304, "name": "Le Pédégal", "waterway": "stream" }, "geometry": { "type": "LineString", "coordinates": [ [ 6.7687422, 43.4371471 ], [ 6.7687067, 43.4370916 ], [ 6.7687013, 43.4370465 ], [ 6.768764, 43.436339 ], [ 6.7687914, 43.4356525 ], [ 6.7688238, 43.4350769 ], [ 6.7687919, 43.4350212 ], [ 6.7687313, 43.434962 ], [ 6.7681866, 43.4346953 ] ] } },
{ "type": "Feature", "properties": { "element": "way", "id": 31854305, "name": "Le Pédégal", "waterway": "stream" }, "geometry": { "type": "LineString", "coordinates": [ [ 6.7699442, 43.4387047 ], [ 6.7695555, 43.4379103 ] ] } },
{ "type": "Feature", "properties": { "element": "way", "id": 31854321, "name": null, "waterway": "stream" }, "geometry": { "type": "LineString", "coordinates": [ [ 6.7678889, 43.4321519 ], [ 6.7680933, 43.4325773 ], [ 6.7682509, 43.4328493 ], [ 6.7682071, 43.4329128 ], [ 6.7681509, 43.4329397 ], [ 6.7680683, 43.4329973 ], [ 6.7678374, 43.4332556 ], [ 6.7676559, 43.4334932 ], [ 6.767419, 43.4338397 ], [ 6.7673562, 43.4339264 ], [ 6.7672707, 43.4340053 ], [ 6.7671405, 43.434032 ], [ 6.7670369, 43.4340601 ], [ 6.7669925, 43.4341251 ] ] } },
{ "type": "Feature", "properties": { "element": "way", "id": 31854322, "name": null, "waterway": "stream" }, "geometry": { "type": "LineString", "coordinates": [ [ 6.7718522, 43.4366654 ], [ 6.771629, 43.43636 ], [ 6.7713801, 43.4359673 ], [ 6.7713372, 43.4357991 ], [ 6.7713372, 43.4356246 ], [ 6.7713637, 43.4355062 ], [ 6.7713973, 43.4353566 ], [ 6.7714145, 43.4352319 ], [ 6.771363, 43.4350823 ], [ 6.771157, 43.4348455 ], [ 6.7709596, 43.434646 ], [ 6.7707278, 43.4344965 ], [ 6.7704873, 43.4343791 ], [ 6.7701839, 43.4341899 ], [ 6.7699475, 43.4340414 ], [ 6.7697523, 43.4339967 ], [ 6.7695778, 43.4339755 ] ] } },
{ "type": "Feature", "properties": { "element": "way", "id": 31895301, "name": "La Garonne", "waterway": "river" }, "geometry": { "type": "LineString", "coordinates": [ [ 6.7722049, 43.4280279 ], [ 6.7717593, 43.4280073 ] ] } },
{ "type": "Feature", "properties": { "element": "way", "id": 31895302, "name": "La Garonne", "waterway": "river" }, "geometry": { "type": "LineString", "coordinates": [ [ 6.7717593, 43.4280073 ], [ 6.7714263, 43.4279773 ], [ 6.771167, 43.4279195 ], [ 6.7705978, 43.4277284 ], [ 6.7702029, 43.4276152 ], [ 6.7700911, 43.4275742 ], [ 6.7697729, 43.427493 ], [ 6.7696017, 43.4274141 ], [ 6.7694893, 43.4273503 ], [ 6.7693659, 43.4272496 ], [ 6.7692407, 43.4270981 ], [ 6.7691658, 43.4269399 ], [ 6.7690754, 43.426733 ], [ 6.7689808, 43.426593 ], [ 6.7687802, 43.426375 ], [ 6.7685987, 43.4262623 ], [ 6.7682502, 43.4260866 ], [ 6.7677338, 43.4258177 ], [ 6.7668613, 43.4253814 ], [ 6.7665394, 43.425145 ], [ 6.7663678, 43.4250984 ], [ 6.7661462, 43.4250622 ], [ 6.7656793, 43.4250025 ] ] } },
{ "type": "Feature", "properties": { "element": "way", "id": 32035344, "name": "Vallon de Coste", "waterway": "stream" }, "geometry": { "type": "LineString", "coordinates": [ [ 6.7927176, 43.450938 ], [ 6.7925873, 43.450873 ], [ 6.7923515, 43.4508199 ], [ 6.7921642, 43.4508654 ], [ 6.7920541, 43.4508295 ], [ 6.7919135, 43.4507577 ], [ 6.7917831, 43.450656 ], [ 6.7915106, 43.4505176 ], [ 6.7913755, 43.4504293 ], [ 6.7913092, 43.4503974 ], [ 6.7912445, 43.4503406 ], [ 6.7911976, 43.4502929 ], [ 6.7911388, 43.4502197 ], [ 6.7910612, 43.4501668 ], [ 6.7910087, 43.4501222 ], [ 6.790872, 43.4500227 ], [ 6.7907666, 43.4498616 ], [ 6.7907292, 43.4498054 ], [ 6.7906246, 43.4497252 ], [ 6.7905707, 43.4496576 ], [ 6.7904726, 43.4495691 ], [ 6.7903694, 43.449487 ], [ 6.7903159, 43.4494165 ], [ 6.7902408, 43.4493379 ], [ 6.790212, 43.4492938 ], [ 6.790106, 43.449173 ], [ 6.7898958, 43.4489829 ], [ 6.7896071, 43.4489242 ], [ 6.7895137, 43.4488928 ], [ 6.7894588, 43.4488462 ], [ 6.7893421, 43.4487984 ], [ 6.7892304, 43.4487129 ], [ 6.7891645, 43.4486219 ], [ 6.7891605, 43.448534 ], [ 6.7891864, 43.4484319 ], [ 6.7892021, 43.448332 ], [ 6.7892118, 43.4482211 ], [ 6.7892205, 43.4480953 ], [ 6.7892253, 43.4479528 ], [ 6.7892153, 43.447852 ], [ 6.7891621, 43.4477586 ], [ 6.7891478, 43.4476356 ], [ 6.7891281, 43.447509 ], [ 6.7890916, 43.4473981 ], [ 6.7890253, 43.4473346 ], [ 6.7889685, 43.4472931 ], [ 6.788929, 43.4472571 ], [ 6.7888953, 43.4472009 ], [ 6.7888462, 43.4471353 ], [ 6.7887838, 43.4470611 ], [ 6.7887223, 43.4469975 ], [ 6.7886897, 43.4469413 ], [ 6.7886598, 43.4468617 ], [ 6.788664, 43.4468064 ], [ 6.788684, 43.4467217 ], [ 6.7887178, 43.4466461 ], [ 6.7887635, 43.4465748 ], [ 6.7888078, 43.4465287 ], [ 6.7888711, 43.4464722 ], [ 6.788937, 43.4464289 ], [ 6.7890063, 43.4463878 ], [ 6.7890787, 43.4463442 ], [ 6.7891232, 43.4463005 ], [ 6.7891774, 43.4462336 ], [ 6.7892247, 43.4461838 ], [ 6.7892848, 43.4461287 ], [ 6.7893803, 43.4460638 ], [ 6.7894488, 43.4460241 ], [ 6.7895065, 43.4459905 ], [ 6.7896069, 43.4459254 ], [ 6.7897792, 43.445808 ], [ 6.7898764, 43.4457352 ], [ 6.789978, 43.4456497 ], [ 6.790061, 43.4455802 ], [ 6.7901293, 43.4455257 ], [ 6.7901755, 43.4454913 ], [ 6.7902084, 43.4454565 ], [ 6.7902293, 43.4454192 ], [ 6.7902393, 43.4453766 ], [ 6.7902432, 43.4453228 ], [ 6.7902494, 43.4452813 ], [ 6.7902763, 43.4452361 ], [ 6.7903023, 43.4451967 ], [ 6.7903383, 43.4451675 ], [ 6.7903847, 43.4451187 ], [ 6.7904088, 43.4450708 ], [ 6.7904273, 43.445002 ], [ 6.7904267, 43.4449406 ], [ 6.7904166, 43.4448748 ], [ 6.7904098, 43.4448368 ], [ 6.7903924, 43.4447444 ], [ 6.7904309, 43.4446925 ], [ 6.7904443, 43.4446593 ], [ 6.7904416, 43.444624 ], [ 6.7904225, 43.4445796 ], [ 6.7903858, 43.4445274 ], [ 6.7903452, 43.4444772 ], [ 6.7902976, 43.444457 ], [ 6.7902397, 43.4444219 ], [ 6.7901903, 43.4443769 ], [ 6.7901525, 43.4443285 ], [ 6.7901264, 43.4442569 ], [ 6.7901186, 43.4442071 ], [ 6.7901093, 43.4441545 ], [ 6.790124, 43.4440798 ], [ 6.7901533, 43.4440207 ], [ 6.790196, 43.4439601 ], [ 6.7902258, 43.4439177 ], [ 6.7902556, 43.4438738 ], [ 6.7902721, 43.4438427 ], [ 6.7902776, 43.4438076 ], [ 6.7902706, 43.4437671 ], [ 6.7902542, 43.4437199 ], [ 6.7902096, 43.4436514 ], [ 6.790178, 43.4435544 ], [ 6.79016, 43.4434364 ], [ 6.7901673, 43.4433359 ], [ 6.7902056, 43.4432672 ], [ 6.7902197, 43.4431541 ], [ 6.7902022, 43.4430491 ], [ 6.7901282, 43.4429939 ], [ 6.7898897, 43.4428691 ], [ 6.7897481, 43.4427649 ], [ 6.7895307, 43.4425983 ], [ 6.7893575, 43.4423606 ], [ 6.7891715, 43.4420027 ], [ 6.7891372, 43.4416973 ], [ 6.7889741, 43.4415851 ], [ 6.7886908, 43.4415166 ], [ 6.7885793, 43.4414044 ], [ 6.7883861, 43.4411251 ], [ 6.7881465, 43.4408789 ], [ 6.7880408, 43.4405975 ], [ 6.7878051, 43.4405055 ], [ 6.7875708, 43.4402808 ], [ 6.7874625, 43.4399649 ], [ 6.7871452, 43.4395272 ], [ 6.7869178, 43.4393402 ], [ 6.7864871, 43.4392553 ], [ 6.7859103, 43.4389134 ], [ 6.7855948, 43.4387235 ], [ 6.7853442, 43.438427 ], [ 6.7849015, 43.438289 ], [ 6.7844537, 43.4378614 ], [ 6.784374, 43.4376139 ] ] } },
{ "type": "Feature", "properties": { "element": "way", "id": 32060362, "name": null, "waterway": "stream" }, "geometry": { "type": "LineString", "coordinates": [ [ 6.7702702, 43.4608999 ], [ 6.7702335, 43.4607933 ], [ 6.7701312, 43.4607217 ], [ 6.770119, 43.4606052 ], [ 6.7702968, 43.4604367 ], [ 6.7704074, 43.4601955 ], [ 6.7705505, 43.4600355 ], [ 6.7707117, 43.4598822 ], [ 6.7707921, 43.4598851 ], [ 6.7708864, 43.4598674 ], [ 6.7710069, 43.4597062 ], [ 6.7710991, 43.4594931 ], [ 6.7712195, 43.4593733 ], [ 6.7714232, 43.4593524 ], [ 6.7715282, 43.4592578 ], [ 6.7716666, 43.459201 ], [ 6.7717355, 43.4591251 ], [ 6.7719234, 43.4589929 ], [ 6.7719627, 43.4588249 ], [ 6.7719674, 43.4587988 ], [ 6.7719847, 43.4587026 ], [ 6.7720472, 43.4586156 ], [ 6.7720717, 43.4585192 ], [ 6.7721607, 43.4582788 ], [ 6.7720751, 43.458093 ] ] } },
{ "type": "Feature", "properties": { "element": "way", "id": 32111190, "name": null, "waterway": "stream" }, "geometry": { "type": "LineString", "coordinates": [ [ 6.8025454, 43.5499933 ], [ 6.801212, 43.5502385 ], [ 6.8006515, 43.5501927 ], [ 6.7997283, 43.550265 ] ] } },
{ "type": "Feature", "properties": { "element": "way", "id": 32231692, "name": null, "waterway": "stream" }, "geometry": { "type": "LineString", "coordinates": [ [ 6.8094816, 43.4675809 ], [ 6.8096193, 43.4673444 ], [ 6.8097314, 43.4672722 ], [ 6.8101222, 43.4662761 ], [ 6.8103171, 43.4661652 ], [ 6.8103151, 43.4659889 ], [ 6.8102281, 43.4657435 ], [ 6.8102468, 43.4654222 ], [ 6.8095429, 43.4649915 ], [ 6.8093761, 43.4649055 ], [ 6.8091597, 43.4645991 ], [ 6.8088973, 43.4643465 ], [ 6.8084697, 43.4635278 ], [ 6.8084223, 43.4632964 ], [ 6.8080481, 43.4628319 ], [ 6.8077497, 43.4624335 ], [ 6.8074711, 43.4622075 ], [ 6.8072226, 43.461961 ], [ 6.8070388, 43.4616012 ], [ 6.8066347, 43.4612324 ], [ 6.8064613, 43.4607515 ], [ 6.8062891, 43.4604449 ], [ 6.8061335, 43.4601679 ], [ 6.8057327, 43.4597076 ], [ 6.8056104, 43.4592012 ], [ 6.805677, 43.4589736 ], [ 6.8055412, 43.4587328 ], [ 6.8054736, 43.4585228 ], [ 6.8056077, 43.4579017 ], [ 6.8054828, 43.4574232 ], [ 6.8053144, 43.4567543 ], [ 6.8051862, 43.4560195 ], [ 6.805055, 43.4556936 ], [ 6.8050007, 43.4553813 ], [ 6.8049824, 43.4551902 ], [ 6.8048143, 43.4547293 ], [ 6.8047517, 43.4546056 ], [ 6.8046366, 43.4542062 ], [ 6.8045815, 43.4539785 ], [ 6.804582, 43.4537314 ], [ 6.8047212, 43.4535235 ], [ 6.8047413, 43.4531326 ], [ 6.8047647, 43.4531046 ], [ 6.8049419, 43.4528927 ], [ 6.8049705, 43.4526377 ], [ 6.8050438, 43.4525112 ], [ 6.8051165, 43.4523858 ], [ 6.8051078, 43.4521854 ], [ 6.8049441, 43.4517173 ], [ 6.8046992, 43.4514559 ], [ 6.8041815, 43.451277 ], [ 6.8035142, 43.4510212 ], [ 6.8032398, 43.4508675 ], [ 6.8029765, 43.4505321 ], [ 6.8026171, 43.4503095 ], [ 6.8020627, 43.4501458 ], [ 6.8016128, 43.4499026 ] ] } },
{ "type": "Feature", "properties": { "element": "way", "id": 32231717, "name": "La Garonne", "waterway": "river" }, "geometry": { "type": "LineString", "coordinates": [ [ 6.7656793, 43.4250025 ], [ 6.7643901, 43.4247015 ], [ 6.7638108, 43.4245784 ], [ 6.7635545, 43.4245467 ] ] } },
{ "type": "Feature", "properties": { "element": "way", "id": 32353943, "name": "Le Pédégal", "waterway": "river" }, "geometry": { "type": "LineString", "coordinates": [ [ 6.7635816, 43.4246966 ], [ 6.7635763, 43.4245761 ], [ 6.7635545, 43.4245467 ], [ 6.7634439, 43.4244437 ] ] } },
{ "type": "Feature", "properties": { "element": "way", "id": 32530308, "name": "L'Argens", "waterway": "river" }, "geometry": { "type": "LineString", "coordinates": [ [ 6.6858534, 43.4288958 ], [ 6.68623, 43.4282979 ], [ 6.6866478, 43.4275827 ], [ 6.6868586, 43.4271534 ], [ 6.6869509, 43.4270381 ], [ 6.687076, 43.4269732 ], [ 6.6871709, 43.4269446 ], [ 6.6874247, 43.4268913 ], [ 6.6877279, 43.4269031 ], [ 6.6888104, 43.4269619 ], [ 6.6892228, 43.4269679 ], [ 6.6895437, 43.4269426 ], [ 6.6897153, 43.4269165 ], [ 6.6900355, 43.4268121 ], [ 6.6902728, 43.426699 ], [ 6.6907922, 43.4263709 ], [ 6.69127, 43.4260251 ], [ 6.6922441, 43.425272 ], [ 6.6927633, 43.4249927 ], [ 6.6932164, 43.4248053 ], [ 6.6935331, 43.4246634 ], [ 6.6939028, 43.4244699 ], [ 6.6941017, 43.4242914 ], [ 6.6943627, 43.4238673 ], [ 6.6944073, 43.4237428 ], [ 6.6945426, 43.4230536 ], [ 6.6946029, 43.4227626 ], [ 6.6946489, 43.4225888 ], [ 6.6947132, 43.4224407 ], [ 6.6947803, 43.422353 ], [ 6.6949635, 43.4221188 ], [ 6.6953865, 43.4217394 ], [ 6.6954928, 43.4215962 ], [ 6.6954986, 43.4214399 ], [ 6.6954479, 43.4212594 ], [ 6.6953704, 43.4211686 ], [ 6.6952711, 43.4210946 ], [ 6.6951202, 43.4210202 ], [ 6.6947788, 43.4208555 ], [ 6.6943479, 43.4206455 ], [ 6.6941822, 43.4205491 ], [ 6.6940342, 43.4204491 ], [ 6.6938641, 43.4202633 ], [ 6.6938084, 43.4201764 ], [ 6.6937181, 43.4200484 ], [ 6.6936994, 43.4199266 ], [ 6.6937463, 43.4197601 ], [ 6.6938476, 43.419621 ], [ 6.6940556, 43.4193736 ], [ 6.6942868, 43.4191869 ], [ 6.6944517, 43.4191016 ], [ 6.6945647, 43.4190369 ], [ 6.6948192, 43.4189603 ], [ 6.695491, 43.4187908 ], [ 6.6958518, 43.4186739 ], [ 6.696234, 43.4185561 ], [ 6.6968469, 43.4184343 ], [ 6.6970454, 43.418408 ], [ 6.6972574, 43.4183946 ], [ 6.6975722, 43.4183976 ], [ 6.6979989, 43.4184314 ], [ 6.6983551, 43.4184833 ], [ 6.6986987, 43.4185434 ], [ 6.6992556, 43.4187265 ], [ 6.7000312, 43.4190143 ], [ 6.7005721, 43.4192212 ] ] } },
{ "type": "Feature", "properties": { "element": "way", "id": 32650445, "name": null, "waterway": "stream" }, "geometry": { "type": "LineString", "coordinates": [ [ 6.7315016, 43.5189625 ], [ 6.7319493, 43.5190401 ], [ 6.73282, 43.5194514 ], [ 6.7337293, 43.5192713 ], [ 6.7350916, 43.5194449 ], [ 6.736694, 43.5198743 ], [ 6.7371126, 43.5201825 ], [ 6.737206, 43.5202512 ], [ 6.7385352, 43.5203748 ], [ 6.7393393, 43.519792 ], [ 6.7396447, 43.51933 ], [ 6.7396261, 43.518933 ], [ 6.739276, 43.5184755 ], [ 6.7394066, 43.5179773 ], [ 6.7396556, 43.5177223 ], [ 6.7397855, 43.5176846 ], [ 6.7401191, 43.5177784 ], [ 6.7405926, 43.5180896 ], [ 6.7407879, 43.5179911 ], [ 6.7408091, 43.5176807 ], [ 6.7409707, 43.5174076 ], [ 6.7414658, 43.5173204 ], [ 6.7421034, 43.5172118 ], [ 6.7428998, 43.5168804 ], [ 6.7442077, 43.5163243 ], [ 6.7444949, 43.5162549 ], [ 6.7446386, 43.5162153 ], [ 6.7447971, 43.5161163 ], [ 6.7450862, 43.5159319 ], [ 6.7451743, 43.5159178 ] ] } },
{ "type": "Feature", "properties": { "element": "way", "id": 32650446, "name": null, "waterway": "stream" }, "geometry": { "type": "LineString", "coordinates": [ [ 6.7382296, 43.513562 ], [ 6.7385069, 43.5138181 ], [ 6.7387274, 43.5139105 ], [ 6.7389337, 43.5138963 ] ] } },
{ "type": "Feature", "properties": { "element": "way", "id": 32650447, "name": null, "waterway": "stream" }, "geometry": { "type": "LineString", "coordinates": [ [ 6.724688, 43.5177829 ], [ 6.7248375, 43.5177879 ], [ 6.725022, 43.517758 ], [ 6.7251665, 43.5176832 ], [ 6.7253759, 43.5176383 ], [ 6.725655, 43.5176134 ], [ 6.7260488, 43.5176284 ], [ 6.726303, 43.5176433 ], [ 6.7265123, 43.5176633 ], [ 6.726622, 43.5176982 ], [ 6.7266918, 43.5178028 ], [ 6.7267566, 43.5178527 ], [ 6.7268793, 43.5177969 ], [ 6.7270487, 43.5177324 ], [ 6.727331, 43.5176598 ], [ 6.7275489, 43.517571 ], [ 6.7278312, 43.5174419 ], [ 6.7280571, 43.5173935 ], [ 6.7282669, 43.5173371 ], [ 6.7285089, 43.5173774 ], [ 6.7289122, 43.5172886 ], [ 6.7292672, 43.5171757 ], [ 6.7298077, 43.5170063 ], [ 6.7301869, 43.5169337 ], [ 6.7303079, 43.5170063 ], [ 6.7304854, 43.5170305 ], [ 6.7308404, 43.516966 ], [ 6.7311308, 43.5169821 ], [ 6.7314374, 43.5168853 ], [ 6.7318891, 43.5167804 ], [ 6.7322199, 43.5167643 ], [ 6.7325507, 43.5166836 ], [ 6.7330347, 43.5165706 ], [ 6.73343, 43.5164738 ], [ 6.7337446, 43.5163851 ], [ 6.7340512, 43.5161915 ], [ 6.7341803, 43.515901 ], [ 6.7342368, 43.515651 ], [ 6.7343509, 43.5154797 ], [ 6.7344911, 43.5153781 ], [ 6.7347615, 43.5153312 ], [ 6.7349725, 43.5152368 ], [ 6.7351724, 43.5151646 ], [ 6.7354722, 43.515098 ], [ 6.7357054, 43.5151535 ], [ 6.7358497, 43.515209 ], [ 6.7360718, 43.5152701 ], [ 6.7362773, 43.5152479 ], [ 6.7364771, 43.5152035 ], [ 6.7366048, 43.5151924 ], [ 6.7367214, 43.5151202 ], [ 6.7369935, 43.5150924 ], [ 6.7371545, 43.5151146 ], [ 6.7373433, 43.5151868 ], [ 6.7374654, 43.5152257 ], [ 6.7376042, 43.5152035 ], [ 6.7376153, 43.5150203 ], [ 6.7376653, 43.5148148 ], [ 6.7377097, 43.5146649 ], [ 6.7378652, 43.5146594 ], [ 6.7380428, 43.5146372 ], [ 6.7382038, 43.5145039 ], [ 6.7383537, 43.5144095 ], [ 6.7385481, 43.514354 ], [ 6.7386425, 43.5141874 ], [ 6.7388146, 43.5141319 ], [ 6.7389256, 43.5140431 ], [ 6.7389337, 43.5138963 ], [ 6.7391364, 43.5138252 ], [ 6.7392388, 43.5137902 ], [ 6.7393599, 43.5137498 ], [ 6.7394838, 43.5136663 ], [ 6.7395861, 43.5136125 ], [ 6.7397422, 43.5135236 ], [ 6.7398607, 43.5134536 ], [ 6.7400195, 43.5133729 ], [ 6.7401111, 43.5133648 ], [ 6.7401703, 43.5133917 ], [ 6.7402026, 43.5134294 ], [ 6.7402618, 43.5134483 ], [ 6.7403588, 43.5134133 ], [ 6.7404826, 43.5133271 ], [ 6.7406011, 43.5133002 ], [ 6.7407249, 43.5133109 ], [ 6.7407734, 43.5133621 ], [ 6.7408084, 43.5134536 ], [ 6.7408972, 43.5135021 ], [ 6.7410022, 43.5135102 ], [ 6.7411341, 43.5135129 ], [ 6.7412634, 43.5135398 ], [ 6.7413926, 43.5135909 ], [ 6.7414841, 43.5136125 ], [ 6.7417163, 43.5136497 ], [ 6.7419788, 43.5136447 ], [ 6.7422463, 43.5136943 ], [ 6.7423949, 43.5137785 ], [ 6.7425484, 43.5138825 ], [ 6.7426772, 43.5139271 ], [ 6.7428654, 43.5139221 ], [ 6.743014, 43.5139023 ], [ 6.7430833, 43.5139469 ], [ 6.7432418, 43.5141153 ], [ 6.7434598, 43.5142391 ], [ 6.7436529, 43.5143976 ], [ 6.7437817, 43.5145462 ], [ 6.7438907, 43.5145214 ], [ 6.7441235, 43.5146502 ], [ 6.7442225, 43.5147988 ], [ 6.7441086, 43.5147938 ], [ 6.74396, 43.5147938 ], [ 6.7438362, 43.5148285 ], [ 6.7438164, 43.5149325 ], [ 6.743861, 43.5150316 ], [ 6.7439897, 43.5151108 ], [ 6.7442176, 43.5152 ], [ 6.7443661, 43.5152445 ], [ 6.7444355, 43.5153238 ], [ 6.7444702, 43.5154872 ], [ 6.7445692, 43.515621 ], [ 6.7447079, 43.5157002 ], [ 6.7450348, 43.5158339 ], [ 6.7451743, 43.5159178 ] ] } },
{ "type": "Feature", "properties": { "element": "way", "id": 32651620, "name": null, "waterway": "stream" }, "geometry": { "type": "LineString", "coordinates": [ [ 6.7296025, 43.5149384 ], [ 6.7297167, 43.5147728 ], [ 6.7298652, 43.5146243 ], [ 6.7301564, 43.5145101 ], [ 6.7303816, 43.5144456 ], [ 6.7306079, 43.5144413 ], [ 6.7309662, 43.5144981 ], [ 6.7311911, 43.5144981 ], [ 6.7314309, 43.5146607 ], [ 6.7317005, 43.5146203 ], [ 6.731923, 43.5147465 ], [ 6.7321456, 43.5147512 ], [ 6.7323602, 43.5149648 ], [ 6.7324939, 43.5151368 ], [ 6.7326408, 43.5152533 ], [ 6.7327877, 43.5153293 ], [ 6.732965, 43.5153394 ], [ 6.7331373, 43.5154154 ], [ 6.7333228, 43.5154422 ], [ 6.7334669, 43.5153925 ], [ 6.7335465, 43.5153875 ], [ 6.7336061, 43.515467 ], [ 6.7337503, 43.515472 ], [ 6.7338447, 43.5153925 ], [ 6.733959, 43.5153527 ], [ 6.7340734, 43.5153825 ], [ 6.7341131, 43.515472 ], [ 6.7342076, 43.5155068 ], [ 6.7343509, 43.5154797 ] ] } },
{ "type": "Feature", "properties": { "element": "way", "id": 32651621, "name": null, "waterway": "stream" }, "geometry": { "type": "LineString", "coordinates": [ [ 6.7458689, 43.513413 ], [ 6.7460577, 43.5135366 ], [ 6.7461847, 43.5135778 ], [ 6.7463358, 43.5136773 ], [ 6.746528, 43.5138009 ], [ 6.7466276, 43.5139726 ], [ 6.7466585, 43.5141957 ], [ 6.7467374, 43.5143193 ], [ 6.746831, 43.5144973 ] ] } },
{ "type": "Feature", "properties": { "element": "way", "id": 32651622, "name": null, "waterway": "stream" }, "geometry": { "type": "LineString", "coordinates": [ [ 6.7467761, 43.5108466 ], [ 6.7470061, 43.5110937 ], [ 6.7470998, 43.5112726 ], [ 6.7473554, 43.5114003 ], [ 6.7475163, 43.5115706 ], [ 6.7476711, 43.5117117 ], [ 6.7477914, 43.5118465 ], [ 6.7478679, 43.5119522 ], [ 6.7480392, 43.5120944 ], [ 6.7481012, 43.5121126 ], [ 6.7481886, 43.5121053 ], [ 6.7482688, 43.5121272 ], [ 6.7483636, 43.5121964 ], [ 6.7484948, 43.5123641 ], [ 6.7485896, 43.5124844 ], [ 6.7487135, 43.5126119 ], [ 6.7488374, 43.5127249 ], [ 6.7490014, 43.5128707 ], [ 6.7492237, 43.5129764 ], [ 6.7493732, 43.5131295 ], [ 6.7494607, 43.5133117 ], [ 6.7495518, 43.5135268 ], [ 6.749683, 43.5136179 ], [ 6.7497668, 43.5137491 ], [ 6.7497449, 43.5139204 ], [ 6.7497632, 43.514212 ], [ 6.749796, 43.5143906 ], [ 6.7498288, 43.5144635 ], [ 6.7499126, 43.5145692 ], [ 6.7499782, 43.514642 ], [ 6.74996, 43.5147915 ] ] } },
{ "type": "Feature", "properties": { "element": "way", "id": 32677403, "name": null, "waterway": "stream" }, "geometry": { "type": "LineString", "coordinates": [ [ 6.7495095, 43.5053342 ], [ 6.7497602, 43.5053441 ], [ 6.7500273, 43.5053276 ], [ 6.7503737, 43.5053144 ], [ 6.7506804, 43.5053012 ], [ 6.7508387, 43.5052715 ], [ 6.7510037, 43.5052781 ], [ 6.7511092, 43.505255 ], [ 6.7511851, 43.505189 ], [ 6.7512972, 43.5051429 ], [ 6.751416, 43.5051132 ], [ 6.7515776, 43.5051066 ], [ 6.7517491, 43.5051264 ], [ 6.7519305, 43.5051363 ], [ 6.7521152, 43.5051396 ], [ 6.752234, 43.5051297 ], [ 6.7523527, 43.5050967 ], [ 6.7525374, 43.5050472 ], [ 6.7526859, 43.5050208 ], [ 6.7528244, 43.5050241 ], [ 6.7529629, 43.5050472 ], [ 6.7530718, 43.5051132 ], [ 6.7532136, 43.5052088 ], [ 6.7533389, 43.5053111 ], [ 6.7535105, 43.5054199 ], [ 6.7536853, 43.5055189 ], [ 6.7538337, 43.5055585 ], [ 6.7540514, 43.5055453 ], [ 6.7542295, 43.5055387 ], [ 6.7544307, 43.5055453 ], [ 6.754533, 43.5056079 ], [ 6.7546583, 43.5056541 ], [ 6.75481, 43.505664 ], [ 6.7549453, 43.505697 ], [ 6.7550376, 43.5057432 ], [ 6.7551894, 43.5058388 ], [ 6.7552744, 43.5058557 ], [ 6.7558413, 43.5058871 ] ] } },
{ "type": "Feature", "properties": { "element": "way", "id": 32677405, "name": null, "waterway": "stream" }, "geometry": { "type": "LineString", "coordinates": [ [ 6.7486628, 43.5090663 ], [ 6.7489352, 43.5091571 ], [ 6.7491439, 43.5092569 ], [ 6.7493981, 43.5093477 ], [ 6.7496522, 43.5093477 ], [ 6.7499245, 43.5093568 ], [ 6.7501151, 43.5094112 ], [ 6.7502695, 43.5095474 ], [ 6.7503421, 43.5096563 ], [ 6.7504691, 43.5097108 ], [ 6.7506598, 43.5097924 ], [ 6.7508504, 43.5099014 ], [ 6.7509593, 43.5100103 ], [ 6.7512316, 43.5100012 ], [ 6.7514494, 43.5100375 ], [ 6.7517036, 43.5100738 ], [ 6.7520394, 43.5100284 ], [ 6.7522754, 43.5100557 ], [ 6.7525659, 43.5100557 ], [ 6.752811, 43.5101011 ], [ 6.7531287, 43.5101192 ], [ 6.753401, 43.5101192 ], [ 6.753575, 43.5101192 ], [ 6.753719, 43.5101099 ], [ 6.7539328, 43.5100588 ], [ 6.7540629, 43.5099519 ], [ 6.7541838, 43.5097288 ], [ 6.7542674, 43.5095708 ], [ 6.7543217, 43.5093828 ] ] } },
{ "type": "Feature", "properties": { "element": "way", "id": 32679001, "name": null, "waterway": "stream" }, "geometry": { "type": "LineString", "coordinates": [ [ 6.7423491, 43.4951982 ], [ 6.7424676, 43.4951653 ], [ 6.7426124, 43.4951916 ], [ 6.7427572, 43.4951916 ], [ 6.7429086, 43.4951455 ], [ 6.7430863, 43.4950205 ], [ 6.7431652, 43.4949349 ], [ 6.74331, 43.4949547 ], [ 6.7433956, 43.4949744 ], [ 6.7435009, 43.4949415 ], [ 6.7436325, 43.4948888 ], [ 6.7438431, 43.4948296 ], [ 6.7440274, 43.4948362 ], [ 6.7442249, 43.4947901 ], [ 6.7443565, 43.494698 ], [ 6.7445276, 43.4945729 ], [ 6.7447185, 43.4944479 ], [ 6.7449423, 43.4943294 ], [ 6.7450607, 43.4942439 ], [ 6.7451529, 43.4940938 ] ] } },
{ "type": "Feature", "properties": { "element": "way", "id": 32706007, "name": null, "waterway": "stream" }, "geometry": { "type": "LineString", "coordinates": [ [ 6.7319231, 43.5038871 ], [ 6.7318451, 43.5038481 ], [ 6.7317195, 43.5037787 ], [ 6.7315548, 43.5037397 ], [ 6.7313901, 43.5036877 ], [ 6.7312082, 43.5036617 ], [ 6.7310392, 43.5036184 ], [ 6.7308702, 43.5035534 ], [ 6.7307055, 43.5035014 ], [ 6.7305322, 43.5034277 ], [ 6.7303732, 43.5034214 ], [ 6.7301355, 43.5034129 ], [ 6.7299316, 43.5035064 ], [ 6.7297958, 43.5035149 ], [ 6.7296599, 43.5034384 ], [ 6.7293202, 43.503345 ], [ 6.7290909, 43.5032261 ], [ 6.7288107, 43.5030818 ], [ 6.7285644, 43.5030053 ], [ 6.7283436, 43.5029883 ], [ 6.7280889, 43.5030478 ], [ 6.7279785, 43.5030648 ], [ 6.7278002, 43.5029799 ], [ 6.7276388, 43.5029799 ], [ 6.727452, 43.5029629 ], [ 6.7272891, 43.5029164 ], [ 6.7271221, 43.5028017 ], [ 6.726983, 43.5027182 ], [ 6.7268647, 43.5026486 ], [ 6.7267604, 43.5025338 ], [ 6.7267013, 43.5024364 ], [ 6.7266804, 43.5022486 ], [ 6.7267013, 43.5019703 ], [ 6.7267465, 43.5016573 ], [ 6.7267326, 43.5013895 ], [ 6.7266312, 43.5012268 ], [ 6.7265332, 43.5011026 ], [ 6.7263927, 43.5010144 ], [ 6.7262653, 43.5009131 ], [ 6.7260562, 43.5006975 ], [ 6.7257719, 43.5005733 ], [ 6.7255792, 43.5005799 ], [ 6.7253929, 43.5005962 ], [ 6.7251512, 43.5006093 ], [ 6.7250205, 43.5005962 ], [ 6.7249747, 43.5005309 ], [ 6.724978, 43.5003728 ], [ 6.7249363, 43.5002965 ], [ 6.7248115, 43.5002063 ], [ 6.724645, 43.5001126 ], [ 6.7244819, 43.5000537 ], [ 6.7243397, 43.5000016 ], [ 6.7241655, 43.4999411 ], [ 6.7237314, 43.4997964 ], [ 6.7235169, 43.4996817 ], [ 6.7233972, 43.4995969 ], [ 6.7233074, 43.4994971 ], [ 6.7232325, 43.4994771 ], [ 6.7229681, 43.4994572 ], [ 6.7228633, 43.4994173 ], [ 6.7227586, 43.4993674 ], [ 6.7226239, 43.4993674 ], [ 6.7224792, 43.4993624 ], [ 6.7223495, 43.4993175 ], [ 6.72209, 43.4992576 ], [ 6.7219454, 43.4992027 ], [ 6.7217907, 43.4991179 ], [ 6.721646, 43.499073 ], [ 6.7215213, 43.4990032 ], [ 6.7213068, 43.4988585 ], [ 6.7210972, 43.4986789 ], [ 6.7210074, 43.4985941 ], [ 6.7209975, 43.4985342 ], [ 6.7210424, 43.4984544 ], [ 6.7210523, 43.4983646 ], [ 6.7210074, 43.4982648 ], [ 6.7209875, 43.498175 ], [ 6.7209376, 43.4979056 ], [ 6.7209526, 43.4978557 ], [ 6.7210125, 43.4978077 ], [ 6.7211071, 43.4977464 ], [ 6.7211388, 43.4976426 ], [ 6.7211567, 43.4975839 ], [ 6.721144, 43.4974919 ], [ 6.7210561, 43.4973327 ], [ 6.7210151, 43.4971717 ], [ 6.7208638, 43.4971431 ], [ 6.7206808, 43.4971126 ], [ 6.7205588, 43.4970668 ], [ 6.7204469, 43.4969753 ], [ 6.7203452, 43.4968888 ], [ 6.720274, 43.4968024 ], [ 6.7202537, 43.4966753 ], [ 6.7202842, 43.4965227 ], [ 6.7202943, 43.4963498 ], [ 6.7202943, 43.4962074 ], [ 6.7202587, 43.4960803 ], [ 6.7201926, 43.4959735 ], [ 6.7200808, 43.495882 ], [ 6.7199333, 43.4958261 ], [ 6.7197655, 43.49576 ], [ 6.7195672, 43.4957091 ], [ 6.7193638, 43.4956329 ] ] } },
{ "type": "Feature", "properties": { "element": "way", "id": 32759662, "name": "La Peyron", "waterway": "stream" }, "geometry": { "type": "LineString", "coordinates": [ [ 6.7844273, 43.4297697 ], [ 6.7840997, 43.4298747 ], [ 6.7838726, 43.4299025 ], [ 6.7837811, 43.4298768 ], [ 6.7836424, 43.4298832 ], [ 6.7832116, 43.4298961 ], [ 6.783011, 43.4298875 ], [ 6.782092, 43.4297212 ], [ 6.7817789, 43.4296872 ], [ 6.781633, 43.4296934 ], [ 6.7815043, 43.4297557 ], [ 6.7813755, 43.4297931 ], [ 6.7811485, 43.4298389 ], [ 6.7809416, 43.4298375 ], [ 6.7806964, 43.4298506 ], [ 6.7804295, 43.4298715 ], [ 6.7802092, 43.4298382 ], [ 6.7799736, 43.4297806 ], [ 6.7797877, 43.4297059 ], [ 6.7796246, 43.4296747 ], [ 6.7793671, 43.4296248 ], [ 6.7791096, 43.4295625 ], [ 6.7788006, 43.4294939 ], [ 6.7785174, 43.4295064 ], [ 6.7782685, 43.4295251 ], [ 6.7780453, 43.4295687 ], [ 6.7777706, 43.4296248 ], [ 6.7775303, 43.4296685 ], [ 6.7774016, 43.4296934 ], [ 6.777187, 43.4296934 ], [ 6.7769945, 43.4296624 ], [ 6.7767646, 43.4295809 ], [ 6.776641, 43.4295058 ] ] } },
{ "type": "Feature", "properties": { "element": "way", "id": 33926682, "name": "Reyran", "waterway": "river" }, "geometry": { "type": "LineString", "coordinates": [ [ 6.7769469, 43.5436208 ], [ 6.7769469, 43.543071 ], [ 6.7769659, 43.5426065 ], [ 6.776982, 43.5420556 ], [ 6.7770493, 43.5416182 ], [ 6.777083, 43.5412818 ], [ 6.7771839, 43.5409538 ], [ 6.7772932, 43.5408276 ], [ 6.7774951, 43.5407351 ], [ 6.7776128, 43.5405164 ], [ 6.7776801, 43.5402305 ], [ 6.7777642, 43.5400034 ], [ 6.7777642, 43.5399234 ], [ 6.7777642, 43.5397427 ], [ 6.7774951, 43.5393978 ], [ 6.7771334, 43.5389605 ], [ 6.7768054, 43.5386914 ], [ 6.7765699, 43.5384138 ], [ 6.7763008, 43.5382372 ], [ 6.7761073, 43.5381615 ], [ 6.775813, 43.5378755 ], [ 6.7755606, 43.5376148 ], [ 6.7753756, 43.5372111 ], [ 6.7751317, 43.5368663 ], [ 6.7749214, 43.5365467 ], [ 6.7747532, 43.5361261 ], [ 6.7745766, 43.5357813 ], [ 6.7743832, 43.5353776 ], [ 6.7742822, 43.535016 ], [ 6.774253, 43.5347969 ], [ 6.774264, 43.5345892 ], [ 6.7743046, 43.5343544 ], [ 6.7743635, 43.5341946 ], [ 6.7743046, 43.5339254 ], [ 6.7742234, 43.5336653 ], [ 6.7740298, 43.5333708 ], [ 6.7738448, 43.5331269 ], [ 6.7737018, 43.5330007 ], [ 6.7735085, 43.5329133 ], [ 6.773315, 43.5327956 ], [ 6.7733118, 43.5327902 ], [ 6.7731805, 43.5325685 ], [ 6.7731132, 43.5323162 ], [ 6.7731048, 43.532047 ], [ 6.7732057, 43.5316013 ], [ 6.7733739, 43.5311471 ], [ 6.7734455, 43.5307843 ], [ 6.7735967, 43.5305198 ], [ 6.7737856, 43.5302445 ], [ 6.7739367, 43.5299801 ], [ 6.7740285, 43.5296778 ], [ 6.7740825, 43.5294619 ], [ 6.7740339, 43.5293215 ], [ 6.7738935, 43.529192 ], [ 6.7736452, 43.5291542 ], [ 6.773397, 43.5291596 ], [ 6.7733896, 43.5291587 ], [ 6.7731649, 43.5291326 ], [ 6.7729705, 43.5290733 ], [ 6.7727924, 43.5289329 ], [ 6.7727895, 43.5289285 ], [ 6.7726413, 43.5287008 ], [ 6.7725603, 43.5285119 ], [ 6.7725657, 43.5283878 ], [ 6.7726899, 43.5283122 ], [ 6.7727385, 43.5281395 ], [ 6.7727382, 43.5281386 ], [ 6.7726899, 43.5279937 ], [ 6.7725603, 43.527902 ], [ 6.7724146, 43.5278102 ], [ 6.7722959, 43.5276429 ], [ 6.7723448, 43.5274594 ], [ 6.7723356, 43.527202 ] ] } },
{ "type": "Feature", "properties": { "element": "way", "id": 33926683, "name": "Reyran", "waterway": "river" }, "geometry": { "type": "LineString", "coordinates": [ [ 6.7577561, 43.515241 ], [ 6.7576426, 43.5149467 ], [ 6.7573191, 43.5146289 ], [ 6.7572813, 43.514468 ], [ 6.7573387, 43.5141974 ], [ 6.7574553, 43.513956 ], [ 6.7575801, 43.5137478 ], [ 6.7577591, 43.5135855 ], [ 6.7579191, 43.513478 ], [ 6.7580106, 43.5133252 ], [ 6.7581009, 43.5132166 ], [ 6.7580134, 43.5131076 ], [ 6.7577873, 43.5130447 ], [ 6.7576652, 43.5129977 ], [ 6.7575811, 43.5129267 ], [ 6.7575051, 43.5127104 ], [ 6.7573786, 43.5124598 ], [ 6.7573361, 43.5124186 ], [ 6.7573074, 43.5123017 ], [ 6.7572781, 43.5122649 ] ] } },
{ "type": "Feature", "properties": { "element": "way", "id": 33926684, "name": null, "waterway": "stream" }, "geometry": { "type": "LineString", "coordinates": [ [ 6.7451743, 43.5159178 ], [ 6.7453787, 43.5158368 ], [ 6.7455056, 43.5157698 ], [ 6.7456501, 43.5156781 ], [ 6.7458511, 43.5155724 ], [ 6.7460555, 43.5154525 ], [ 6.7462459, 43.5153186 ], [ 6.7464679, 43.5151353 ], [ 6.7465913, 43.515019 ], [ 6.7466054, 43.5148921 ], [ 6.7465631, 43.514744 ], [ 6.7465878, 43.5145889 ], [ 6.7466266, 43.5145114 ], [ 6.746831, 43.5144973 ], [ 6.746965, 43.5144973 ], [ 6.7471518, 43.5145043 ], [ 6.7473175, 43.5145537 ], [ 6.7475008, 43.5146383 ], [ 6.7476594, 43.5147229 ], [ 6.7477687, 43.5148357 ], [ 6.7479026, 43.515026 ], [ 6.7480577, 43.5151741 ], [ 6.7482304, 43.5152869 ], [ 6.7484173, 43.5153292 ], [ 6.7485653, 43.5152904 ], [ 6.7486887, 43.5152093 ], [ 6.748805, 43.5150366 ], [ 6.7489178, 43.5149167 ], [ 6.7490236, 43.514818 ], [ 6.7491293, 43.5147687 ], [ 6.7492633, 43.5147546 ], [ 6.7494642, 43.5147687 ], [ 6.7497603, 43.5147898 ], [ 6.74996, 43.5147915 ], [ 6.7500568, 43.514816 ], [ 6.7504699, 43.5148246 ], [ 6.7507711, 43.5149365 ], [ 6.7512566, 43.5150735 ], [ 6.7515649, 43.5150634 ], [ 6.7518192, 43.5150321 ], [ 6.7521927, 43.5149654 ], [ 6.7525764, 43.5148944 ], [ 6.752947, 43.5148612 ], [ 6.7532152, 43.514859 ], [ 6.7536255, 43.5148732 ], [ 6.7540674, 43.5149423 ], [ 6.7543785, 43.5149913 ], [ 6.7548603, 43.5150415 ], [ 6.7552394, 43.5151104 ], [ 6.7557313, 43.5152056 ], [ 6.7560446, 43.5152267 ], [ 6.7564293, 43.5153017 ], [ 6.7572008, 43.5153456 ], [ 6.7575064, 43.515343 ], [ 6.7576793, 43.5153415 ], [ 6.7577561, 43.515241 ] ] } },
{ "type": "Feature", "properties": { "element": "way", "id": 37703091, "name": null, "waterway": "stream" }, "geometry": { "type": "LineString", "coordinates": [ [ 6.7873465, 43.4485562 ], [ 6.7872581, 43.4485006 ], [ 6.7872071, 43.4484381 ], [ 6.7871236, 43.4483078 ], [ 6.7869666, 43.4481367 ], [ 6.7866843, 43.4478895 ], [ 6.7864499, 43.4477414 ], [ 6.7860671, 43.4475246 ], [ 6.785968, 43.4472682 ], [ 6.7859041, 43.4470875 ], [ 6.7858677, 43.446909 ], [ 6.7858095, 43.4467482 ], [ 6.7857337, 43.4465938 ], [ 6.7856553, 43.4464987 ] ] } },
{ "type": "Feature", "properties": { "element": "way", "id": 37703096, "name": null, "waterway": "river" }, "geometry": { "type": "LineString", "coordinates": [ [ 6.786258, 43.4441451 ], [ 6.7862512, 43.4440945 ], [ 6.7862549, 43.444056 ], [ 6.7862711, 43.4440074 ], [ 6.7862929, 43.4439681 ], [ 6.7863159, 43.4439456 ], [ 6.7863494, 43.4439311 ], [ 6.7863946, 43.4439185 ], [ 6.7864615, 43.4439111 ], [ 6.7865235, 43.4439082 ] ] } },
{ "type": "Feature", "properties": { "element": "way", "id": 37703100, "name": "Ruisseau de Suveret", "waterway": "stream" }, "geometry": { "type": "LineString", "coordinates": [ [ 6.7819934, 43.4507618 ], [ 6.7820207, 43.4506975 ], [ 6.7820214, 43.4506612 ], [ 6.7820166, 43.4506307 ], [ 6.7819932, 43.4505886 ], [ 6.7819606, 43.4505353 ], [ 6.781934, 43.4504835 ], [ 6.7819185, 43.4504442 ], [ 6.7819115, 43.4504076 ], [ 6.7819037, 43.4503133 ], [ 6.7818993, 43.4502091 ], [ 6.7818964, 43.4501355 ], [ 6.7818952, 43.4500619 ], [ 6.7819098, 43.4499856 ], [ 6.7819346, 43.4499079 ], [ 6.7820137, 43.449752 ], [ 6.782056, 43.449676 ], [ 6.7820788, 43.4496351 ], [ 6.7821331, 43.4495155 ], [ 6.7821767, 43.4494208 ], [ 6.7823879, 43.4491861 ], [ 6.7824807, 43.4491007 ], [ 6.7825548, 43.4490213 ], [ 6.7826235, 43.4489242 ], [ 6.7826768, 43.4488483 ], [ 6.7826845, 43.4488373 ], [ 6.7827338, 43.4488055 ], [ 6.782846, 43.4487412 ], [ 6.7829589, 43.448673 ], [ 6.7831036, 43.4485775 ], [ 6.7832135, 43.4484971 ], [ 6.7833356, 43.448424 ], [ 6.7835006, 43.4483308 ], [ 6.7838303, 43.4481461 ] ] } },
{ "type": "Feature", "properties": { "element": "way", "id": 37703104, "name": null, "waterway": "stream" }, "geometry": { "type": "LineString", "coordinates": [ [ 6.7802985, 43.4489178 ], [ 6.7804323, 43.4487922 ], [ 6.7805052, 43.4487372 ], [ 6.7805551, 43.4487145 ], [ 6.7805986, 43.4487036 ], [ 6.7808269, 43.4486992 ], [ 6.7810272, 43.4487 ], [ 6.7810789, 43.4487002 ], [ 6.7812589, 43.448701 ], [ 6.7813735, 43.448706 ], [ 6.7816276, 43.4487171 ], [ 6.7818195, 43.4487297 ], [ 6.782144, 43.4487544 ], [ 6.7824026, 43.4487778 ], [ 6.7825992, 43.4488193 ], [ 6.7826845, 43.4488373 ] ] } },
{ "type": "Feature", "properties": { "element": "way", "id": 37703105, "name": null, "waterway": "stream" }, "geometry": { "type": "LineString", "coordinates": [ [ 6.7858846, 43.4426517 ], [ 6.7859268, 43.4426641 ], [ 6.785953, 43.4426656 ], [ 6.7859846, 43.4426588 ], [ 6.7860273, 43.4426332 ], [ 6.7860871, 43.4425982 ], [ 6.7861269, 43.4425782 ], [ 6.7861664, 43.442565 ], [ 6.7861908, 43.4425647 ], [ 6.7862155, 43.442568 ], [ 6.7862483, 43.4425667 ], [ 6.7862807, 43.4425599 ], [ 6.7863235, 43.4425349 ], [ 6.7863946, 43.4425051 ], [ 6.7864594, 43.4424914 ], [ 6.7864923, 43.442492 ], [ 6.7865457, 43.442496 ], [ 6.786584, 43.4425013 ], [ 6.786627, 43.442502 ], [ 6.7866627, 43.4424945 ], [ 6.7866957, 43.442484 ], [ 6.7867149, 43.4424709 ], [ 6.7867432, 43.4424317 ], [ 6.7867794, 43.442375 ], [ 6.786811, 43.4423345 ], [ 6.7868404, 43.4423039 ], [ 6.7868645, 43.4422915 ], [ 6.7869227, 43.4422776 ], [ 6.786964, 43.4422655 ], [ 6.7869894, 43.4422529 ], [ 6.7870275, 43.4422169 ], [ 6.7870763, 43.4421823 ], [ 6.7871182, 43.4421605 ], [ 6.7871452, 43.4421518 ], [ 6.7871753, 43.4421496 ], [ 6.7872308, 43.4421523 ], [ 6.7873118, 43.4421491 ] ] } },
{ "type": "Feature", "properties": { "element": "way", "id": 38435084, "name": "Reyran", "waterway": "river" }, "geometry": { "type": "LineString", "coordinates": [ [ 6.7723356, 43.527202 ], [ 6.7721639, 43.5270329 ], [ 6.7718256, 43.5267228 ], [ 6.7716585, 43.526436 ], [ 6.77146, 43.5262403 ], [ 6.7711981, 43.5260605 ], [ 6.7709157, 43.5259353 ], [ 6.7706672, 43.5257633 ], [ 6.7702782, 43.5256768 ], [ 6.7699561, 43.5255663 ], [ 6.7695803, 43.5254157 ], [ 6.7693148, 43.5252496 ], [ 6.7690768, 43.5250682 ], [ 6.7688942, 43.5248624 ], [ 6.7687555, 43.5246171 ], [ 6.7686284, 43.5243689 ], [ 6.7685096, 43.5242195 ], [ 6.7683446, 43.5239925 ], [ 6.7681334, 43.523679 ], [ 6.7679951, 43.5235165 ], [ 6.7677198, 43.5231803 ], [ 6.7673974, 43.5228144 ], [ 6.7671115, 43.5225326 ], [ 6.7667355, 43.5223842 ], [ 6.7663873, 43.5222507 ], [ 6.7659439, 43.5220762 ], [ 6.765032, 43.5217316 ], [ 6.7644952, 43.5214317 ], [ 6.7640932, 43.5211594 ], [ 6.7638975, 43.5210272 ], [ 6.7632799, 43.5206188 ], [ 6.7621791, 43.5199807 ], [ 6.7615286, 43.519531 ], [ 6.761142, 43.519155 ], [ 6.7606411, 43.518657 ], [ 6.7603752, 43.5183352 ], [ 6.7601208, 43.5179933 ], [ 6.7599713, 43.5176775 ], [ 6.7596768, 43.5171182 ], [ 6.7595619, 43.5168971 ], [ 6.7593277, 43.5166192 ], [ 6.7591332, 43.51641 ], [ 6.7587524, 43.5160415 ], [ 6.7585692, 43.5159081 ], [ 6.7582646, 43.5156706 ], [ 6.7579184, 43.5154071 ], [ 6.7577561, 43.515241 ] ] } },
{ "type": "Feature", "properties": { "element": "way", "id": 38532587, "name": "Le Reyrannet", "waterway": "river" }, "geometry": { "type": "LineString", "coordinates": [ [ 6.7401126, 43.4579887 ], [ 6.7406425, 43.4573687 ], [ 6.7412356, 43.4566683 ], [ 6.7412435, 43.4561 ], [ 6.7410854, 43.45335 ], [ 6.7407216, 43.4524544 ], [ 6.7401996, 43.4510822 ], [ 6.7395772, 43.4494402 ], [ 6.7394647, 43.4491241 ], [ 6.7393242, 43.4487376 ], [ 6.7392661, 43.4485999 ], [ 6.739227, 43.4485035 ], [ 6.7391887, 43.4482817 ], [ 6.7391329, 43.4477882 ], [ 6.739052, 43.4471547 ], [ 6.7389928, 43.4466451 ] ] } },
{ "type": "Feature", "properties": { "element": "way", "id": 38533581, "name": null, "waterway": "stream" }, "geometry": { "type": "LineString", "coordinates": [ [ 6.7442496, 43.4297836 ], [ 6.7446073, 43.4296493 ], [ 6.7449099, 43.4295418 ], [ 6.7452592, 43.4294162 ], [ 6.7454508, 43.4293667 ], [ 6.745816, 43.4293268 ], [ 6.7459522, 43.4293075 ], [ 6.7460395, 43.4292761 ], [ 6.746106, 43.4292222 ], [ 6.7462496, 43.4290859 ], [ 6.746392, 43.4289334 ], [ 6.7464856, 43.4287688 ], [ 6.7467491, 43.4284785 ], [ 6.7468617, 43.4284858 ], [ 6.7469753, 43.428507 ], [ 6.7470998, 43.4285465 ], [ 6.7471716, 43.4285647 ], [ 6.7472354, 43.4285622 ], [ 6.7473059, 43.4285198 ], [ 6.7474252, 43.4284008 ], [ 6.7476852, 43.4281503 ], [ 6.7477153, 43.4280744 ], [ 6.7476891, 43.4279951 ], [ 6.747608, 43.4279449 ], [ 6.7474798, 43.4278869 ], [ 6.7473669, 43.427806 ], [ 6.747361, 43.4276739 ], [ 6.7473834, 43.4275203 ], [ 6.7474649, 43.4273008 ], [ 6.7475857, 43.4271094 ], [ 6.7476963, 43.4269971 ], [ 6.7479028, 43.4268777 ], [ 6.7481432, 43.4267683 ], [ 6.7483279, 43.4266503 ], [ 6.7485484, 43.4265118 ], [ 6.7488049, 43.4264297 ], [ 6.7491537, 43.4263374 ], [ 6.749441, 43.4262605 ], [ 6.7497128, 43.4261733 ], [ 6.7499078, 43.4261989 ], [ 6.7500103, 43.4262451 ], [ 6.7501283, 43.4263374 ], [ 6.7502412, 43.4263836 ], [ 6.7504156, 43.4264092 ], [ 6.7505797, 43.426399 ], [ 6.7507131, 43.4263425 ], [ 6.7508105, 43.426281 ], [ 6.7509285, 43.4262246 ], [ 6.751026, 43.4262092 ], [ 6.751144, 43.42624 ], [ 6.7512414, 43.4262861 ], [ 6.7512978, 43.4263631 ], [ 6.7513748, 43.4263887 ], [ 6.7514723, 43.4264092 ], [ 6.75158, 43.4263938 ], [ 6.751662, 43.4263272 ], [ 6.7517133, 43.4262502 ], [ 6.7517903, 43.426204 ], [ 6.7519749, 43.4261835 ], [ 6.7522725, 43.4261681 ], [ 6.7525033, 43.4261374 ] ] } },
{ "type": "Feature", "properties": { "element": "way", "id": 38541321, "name": null, "waterway": "stream" }, "geometry": { "type": "LineString", "coordinates": [ [ 6.7893242, 43.4470536 ], [ 6.7892595, 43.4469101 ], [ 6.7892058, 43.4467399 ], [ 6.7891413, 43.4465645 ], [ 6.7890787, 43.4463442 ] ] } },
{ "type": "Feature", "properties": { "element": "way", "id": 38571772, "name": "Le Gonfaron", "waterway": "stream" }, "geometry": { "type": "LineString", "coordinates": [ [ 6.7193638, 43.4956329 ], [ 6.7189597, 43.4955093 ], [ 6.7185466, 43.4950989 ], [ 6.7185111, 43.4949456 ], [ 6.718588, 43.4946996 ], [ 6.7186777, 43.494055 ], [ 6.7188003, 43.4939493 ], [ 6.719001, 43.4940681 ], [ 6.7202787, 43.4940396 ], [ 6.7210133, 43.4938992 ], [ 6.7209115, 43.4931356 ], [ 6.7208191, 43.492742 ], [ 6.7202127, 43.4927848 ], [ 6.7200145, 43.4923529 ], [ 6.7202405, 43.4921813 ], [ 6.7203533, 43.4920916 ], [ 6.7201025, 43.4918571 ], [ 6.7201204, 43.4916218 ], [ 6.7204096, 43.4916046 ], [ 6.7211003, 43.4911206 ], [ 6.7213576, 43.4906804 ], [ 6.7216467, 43.4904359 ], [ 6.7217074, 43.4903094 ], [ 6.7215765, 43.4901559 ], [ 6.721477, 43.4899572 ], [ 6.7214975, 43.4894198 ], [ 6.7214619, 43.4892715 ], [ 6.721317, 43.489077 ], [ 6.7212984, 43.4889586 ], [ 6.7214991, 43.4885731 ], [ 6.7215111, 43.4879088 ], [ 6.7216113, 43.4875068 ], [ 6.7216502, 43.4874863 ], [ 6.7219345, 43.487543 ], [ 6.72294, 43.4872424 ], [ 6.7230364, 43.4871859 ], [ 6.7234176, 43.4867328 ], [ 6.7235089, 43.4865083 ], [ 6.7234986, 43.4864223 ], [ 6.7233659, 43.4863357 ], [ 6.7232991, 43.4862651 ], [ 6.7232776, 43.486184 ], [ 6.7233725, 43.486006 ], [ 6.7234687, 43.4858098 ], [ 6.723447, 43.48574 ], [ 6.723333, 43.4856313 ], [ 6.7232467, 43.4854693 ], [ 6.7232929, 43.4852883 ], [ 6.7233915, 43.4850363 ], [ 6.7234435, 43.48477 ], [ 6.7235552, 43.4845696 ], [ 6.7236738, 43.4844762 ], [ 6.7237549, 43.484452 ], [ 6.723781, 43.4844194 ], [ 6.723781, 43.4843278 ], [ 6.7235877, 43.4840348 ], [ 6.7234929, 43.48383 ], [ 6.7235188, 43.4836939 ], [ 6.7237001, 43.4833189 ], [ 6.7236847, 43.4832444 ], [ 6.7233779, 43.4831348 ], [ 6.7232902, 43.4827092 ], [ 6.7232192, 43.4822498 ], [ 6.7230468, 43.4820225 ], [ 6.7230458, 43.4816528 ], [ 6.723475, 43.4812888 ], [ 6.7237935, 43.4811807 ], [ 6.7239853, 43.4809769 ], [ 6.7239525, 43.4807921 ], [ 6.7237836, 43.4805765 ], [ 6.723754, 43.4804444 ], [ 6.7240656, 43.480135 ], [ 6.7242925, 43.479846 ], [ 6.7244074, 43.4796583 ], [ 6.7245377, 43.4796365 ], [ 6.7246781, 43.4797807 ], [ 6.7248696, 43.4798371 ], [ 6.7250426, 43.47981 ], [ 6.725322, 43.4795897 ], [ 6.7253882, 43.4793233 ], [ 6.725534, 43.4790686 ], [ 6.7256483, 43.4786764 ], [ 6.7256296, 43.4783384 ], [ 6.7256396, 43.4779019 ], [ 6.7255799, 43.4774834 ], [ 6.7256435, 43.4771837 ], [ 6.7256502, 43.4766836 ], [ 6.7257895, 43.4763201 ], [ 6.7260803, 43.4761653 ], [ 6.726516, 43.4762467 ], [ 6.7269868, 43.4758674 ], [ 6.727498, 43.4752963 ], [ 6.727573, 43.4749159 ], [ 6.7277766, 43.474565 ], [ 6.7277573, 43.4743709 ], [ 6.727761, 43.4741868 ], [ 6.727956, 43.4739127 ], [ 6.7281133, 43.473629 ], [ 6.7282584, 43.4730237 ], [ 6.7283552, 43.4726751 ], [ 6.7287005, 43.4721781 ], [ 6.7291821, 43.4718488 ], [ 6.7295485, 43.4715692 ], [ 6.7299272, 43.4711187 ], [ 6.7302527, 43.4708214 ], [ 6.7305425, 43.47067 ], [ 6.7309497, 43.4705568 ], [ 6.7313441, 43.4704089 ], [ 6.7315014, 43.4703208 ], [ 6.7316438, 43.4702356 ], [ 6.7321621, 43.4700141 ] ] } },
{ "type": "Feature", "properties": { "element": "way", "id": 62327086, "name": "Le Reyran", "waterway": "stream" }, "geometry": { "type": "LineString", "coordinates": [ [ 6.7822662, 43.5513677 ], [ 6.7822476, 43.551214 ], [ 6.7822832, 43.5510437 ], [ 6.7823327, 43.5509035 ], [ 6.7824234, 43.550784 ], [ 6.7825265, 43.5506644 ], [ 6.7825883, 43.5505572 ], [ 6.7825938, 43.5504582 ], [ 6.7822716, 43.5500143 ], [ 6.7819763, 43.5498048 ], [ 6.7812601, 43.5492671 ], [ 6.7809252, 43.5490099 ], [ 6.7807796, 43.548772 ], [ 6.7806437, 43.5484371 ], [ 6.7805515, 43.5482187 ], [ 6.780401, 43.5479469 ], [ 6.7802117, 43.5477139 ], [ 6.779935, 43.547544 ], [ 6.7795225, 43.5472868 ], [ 6.7791778, 43.5471023 ], [ 6.778805, 43.5470337 ], [ 6.7784637, 43.5468346 ], [ 6.7781224, 43.5466924 ], [ 6.7780561, 43.5464459 ], [ 6.7779802, 43.54619 ], [ 6.7776958, 43.5459624 ], [ 6.7775062, 43.5457254 ], [ 6.7774588, 43.5454789 ], [ 6.7772503, 43.5452609 ], [ 6.7770986, 43.5451377 ], [ 6.7770512, 43.5449765 ], [ 6.7771081, 43.5446257 ], [ 6.7772408, 43.5443129 ], [ 6.7772408, 43.5440569 ], [ 6.7771175, 43.5438294 ], [ 6.7769469, 43.5436208 ] ] } },
{ "type": "Feature", "properties": { "element": "way", "id": 113949219, "name": "Le Blavet", "waterway": "river" }, "geometry": { "type": "LineString", "coordinates": [ [ 6.6503392, 43.4762009 ], [ 6.6500716, 43.4756117 ], [ 6.6495962, 43.4755089 ], [ 6.6494537, 43.4754007 ], [ 6.6493376, 43.4749412 ], [ 6.6492515, 43.4745203 ], [ 6.6490327, 43.4741186 ], [ 6.6488371, 43.4740151 ], [ 6.6484592, 43.4739478 ], [ 6.6482471, 43.4738877 ], [ 6.6480813, 43.473688 ], [ 6.6479289, 43.4734739 ], [ 6.647793, 43.4733103 ], [ 6.6475974, 43.4730505 ], [ 6.6471996, 43.4724371 ], [ 6.6465208, 43.4716607 ], [ 6.6464635, 43.4716253 ], [ 6.6463744, 43.4716253 ], [ 6.6462111, 43.4716869 ], [ 6.6461581, 43.471673 ], [ 6.6459362, 43.4715407 ], [ 6.6456254, 43.4713092 ], [ 6.6450619, 43.4709363 ], [ 6.644805, 43.4708641 ], [ 6.6446517, 43.4707559 ], [ 6.6444694, 43.4704522 ], [ 6.6442042, 43.4702958 ], [ 6.6439805, 43.4700883 ], [ 6.6441522, 43.4699473 ], [ 6.6442572, 43.469682 ], [ 6.6441345, 43.4693721 ], [ 6.6441426, 43.4691397 ], [ 6.6443007, 43.4689574 ], [ 6.6445519, 43.4687192 ], [ 6.6445924, 43.4685516 ], [ 6.6445397, 43.4683986 ], [ 6.6441895, 43.4679039 ], [ 6.6441637, 43.4677512 ], [ 6.6442195, 43.4675454 ], [ 6.6445132, 43.467402 ], [ 6.6445639, 43.4672549 ], [ 6.6445234, 43.4668432 ], [ 6.6445297, 43.4663065 ], [ 6.6445957, 43.4658997 ], [ 6.6448569, 43.4652449 ] ] } },
{ "type": "Feature", "properties": { "element": "way", "id": 136803843, "name": "La Garonne", "waterway": "river" }, "geometry": { "type": "LineString", "coordinates": [ [ 6.784374, 43.4376139 ], [ 6.7842259, 43.4375683 ], [ 6.7841971, 43.4375541 ], [ 6.7839108, 43.4374797 ], [ 6.7837606, 43.4374474 ], [ 6.7835627, 43.4374147 ], [ 6.7833951, 43.4374105 ], [ 6.7832411, 43.4374117 ], [ 6.7831178, 43.4374339 ], [ 6.7830186, 43.4374456 ], [ 6.7828839, 43.4374451 ], [ 6.7827641, 43.4374124 ], [ 6.7825143, 43.4372939 ], [ 6.7824689, 43.4372658 ], [ 6.7823724, 43.4372268 ], [ 6.7820795, 43.4370643 ], [ 6.7817035, 43.4368181 ], [ 6.7813512, 43.4365703 ], [ 6.7811833, 43.4363573 ], [ 6.78108, 43.4362495 ], [ 6.7809932, 43.4362098 ], [ 6.7808939, 43.4361891 ], [ 6.7806076, 43.436183 ], [ 6.7804913, 43.4361663 ], [ 6.7803924, 43.4361285 ], [ 6.78015, 43.435987 ], [ 6.7800725, 43.4359104 ], [ 6.7800001, 43.4358144 ], [ 6.7799731, 43.4357469 ], [ 6.7799142, 43.4356349 ], [ 6.7798443, 43.4355634 ], [ 6.7795765, 43.4353332 ], [ 6.7795146, 43.4352311 ], [ 6.7794399, 43.4350121 ], [ 6.7794281, 43.4349467 ], [ 6.7794291, 43.4348222 ], [ 6.779418, 43.4347552 ], [ 6.7793523, 43.4346599 ], [ 6.7791735, 43.4345372 ], [ 6.7790527, 43.4343905 ], [ 6.778967, 43.4342576 ], [ 6.7788605, 43.434172 ], [ 6.778766, 43.4341503 ], [ 6.7782031, 43.4341343 ], [ 6.7780815, 43.4340721 ], [ 6.777991, 43.4339673 ], [ 6.7778115, 43.4336528 ], [ 6.7777105, 43.4333979 ], [ 6.7776362, 43.4331393 ], [ 6.7775512, 43.4330235 ], [ 6.7773109, 43.4329986 ], [ 6.7767594, 43.4328667 ], [ 6.7763066, 43.4327056 ], [ 6.7756202, 43.432497 ], [ 6.7753737, 43.4323496 ], [ 6.7752253, 43.4322088 ], [ 6.7750879, 43.4320497 ], [ 6.7749466, 43.431869 ], [ 6.7747274, 43.431671 ], [ 6.7744079, 43.4315386 ], [ 6.7741852, 43.431392 ], [ 6.7740958, 43.4311745 ], [ 6.7740965, 43.4308961 ], [ 6.7742347, 43.4303496 ], [ 6.7743605, 43.4297845 ], [ 6.7743853, 43.4296672 ], [ 6.7744421, 43.4292493 ], [ 6.7744711, 43.4289906 ], [ 6.7744233, 43.4287285 ], [ 6.7742578, 43.4285848 ], [ 6.774117, 43.4285196 ], [ 6.7739176, 43.4284866 ], [ 6.7735659, 43.4284273 ], [ 6.7731742, 43.4283856 ], [ 6.7729564, 43.4283519 ], [ 6.7726731, 43.4282659 ], [ 6.7725266, 43.4281929 ], [ 6.7722815, 43.4280498 ], [ 6.7722049, 43.4280279 ] ] } },
{ "type": "Feature", "properties": { "element": "way", "id": 159697995, "name": "Riou de l'Argentière", "waterway": "stream" }, "geometry": { "type": "LineString", "coordinates": [ [ 6.8125494, 43.5137801 ], [ 6.8127566, 43.5139398 ], [ 6.813051, 43.5141482 ], [ 6.8134409, 43.5144044 ], [ 6.8134691, 43.5144684 ], [ 6.8138024, 43.5147145 ], [ 6.8138733, 43.5148083 ], [ 6.8140736, 43.5149478 ], [ 6.8142838, 43.5150085 ], [ 6.8143987, 43.5151509 ], [ 6.8148614, 43.515325 ], [ 6.8152253, 43.5154943 ], [ 6.8154301, 43.5156784 ], [ 6.8155444, 43.5157206 ], [ 6.8158703, 43.5160265 ], [ 6.8159283, 43.5160922 ], [ 6.8157842, 43.516247 ], [ 6.8160546, 43.5164169 ], [ 6.8158757, 43.5165297 ], [ 6.816215, 43.5168419 ], [ 6.8160493, 43.5169868 ], [ 6.8162554, 43.5171613 ], [ 6.8164666, 43.5175941 ], [ 6.8167648, 43.5178946 ], [ 6.8172194, 43.5180361 ], [ 6.8177091, 43.5186113 ], [ 6.8181779, 43.5188231 ], [ 6.818595, 43.51895 ], [ 6.8187224, 43.5190852 ], [ 6.8201991, 43.5193246 ], [ 6.8209192, 43.5197784 ], [ 6.8211542, 43.5203859 ], [ 6.8213582, 43.5204338 ], [ 6.8218251, 43.5203763 ], [ 6.8224999, 43.5208479 ], [ 6.8227414, 43.5209125 ], [ 6.8228177, 43.5210228 ], [ 6.8231164, 43.5213093 ], [ 6.8231497, 43.5214854 ], [ 6.8237514, 43.5212639 ], [ 6.823785, 43.5212594 ], [ 6.8247657, 43.5209763 ], [ 6.8257877, 43.5209589 ], [ 6.8268657, 43.5208863 ], [ 6.8283312, 43.5208963 ] ] } },
{ "type": "Feature", "properties": { "element": "way", "id": 160011831, "name": null, "waterway": "stream" }, "geometry": { "type": "LineString", "coordinates": [ [ 6.7794226, 43.5591356 ], [ 6.7799695, 43.5584365 ], [ 6.7794746, 43.5579127 ], [ 6.7792472, 43.5572873 ], [ 6.7789937, 43.5570543 ], [ 6.7784607, 43.5568017 ], [ 6.7782066, 43.5566286 ], [ 6.7781968, 43.5564696 ], [ 6.7783208, 43.5563106 ], [ 6.7783503, 43.5560012 ], [ 6.7782221, 43.5559768 ], [ 6.7780467, 43.5559808 ], [ 6.7778965, 43.5557818 ], [ 6.7781049, 43.5554672 ], [ 6.7780479, 43.5552398 ], [ 6.7777694, 43.555106 ], [ 6.7774231, 43.5548415 ], [ 6.7772473, 43.5548175 ], [ 6.7773389, 43.554525 ], [ 6.7771059, 43.5544091 ], [ 6.7769228, 43.5541631 ], [ 6.7769472, 43.5539307 ], [ 6.7767605, 43.5538336 ], [ 6.7761944, 43.5536565 ], [ 6.7760309, 43.5535163 ], [ 6.7757831, 43.5531974 ], [ 6.7754116, 43.5534177 ], [ 6.7754825, 43.5529647 ], [ 6.775149, 43.5527206 ], [ 6.7748679, 43.5523839 ], [ 6.7745303, 43.5521775 ], [ 6.7743558, 43.552069 ], [ 6.7741539, 43.5513448 ], [ 6.773589, 43.5511145 ], [ 6.7732588, 43.5511331 ], [ 6.7730872, 43.5510026 ], [ 6.7730402, 43.5506239 ], [ 6.7730798, 43.5502549 ], [ 6.7728802, 43.5501237 ], [ 6.772109, 43.5501082 ], [ 6.7716015, 43.5499539 ], [ 6.771148, 43.5498392 ], [ 6.770976, 43.5496664 ], [ 6.7710847, 43.5494767 ], [ 6.7716804, 43.5493336 ], [ 6.7720786, 43.5491626 ], [ 6.7724794, 43.5487207 ] ] } },
{ "type": "Feature", "properties": { "element": "way", "id": 177666663, "name": null, "waterway": "stream" }, "geometry": { "type": "LineString", "coordinates": [ [ 6.6762121, 43.4583322 ], [ 6.6760931, 43.4580635 ], [ 6.6760742, 43.4579771 ] ] } },
{ "type": "Feature", "properties": { "element": "way", "id": 177666667, "name": "Le Gabron", "waterway": "stream" }, "geometry": { "type": "LineString", "coordinates": [ [ 6.6764481, 43.4571407 ], [ 6.6764239, 43.4570109 ], [ 6.6763734, 43.4569048 ], [ 6.6763264, 43.4567999 ], [ 6.6763347, 43.4566569 ], [ 6.6771002, 43.4564389 ], [ 6.6772289, 43.4563844 ], [ 6.6773577, 43.4562754 ], [ 6.6773899, 43.4561352 ], [ 6.6774006, 43.4559327 ], [ 6.6773491, 43.4556917 ], [ 6.6772418, 43.4550219 ], [ 6.6771667, 43.4538848 ], [ 6.6769414, 43.4526542 ], [ 6.6769843, 43.4520623 ], [ 6.6771023, 43.451447 ], [ 6.6772096, 43.4509252 ], [ 6.677274, 43.4506759 ], [ 6.6771882, 43.4503644 ], [ 6.6769414, 43.4492505 ], [ 6.6770011, 43.4489236 ], [ 6.6759674, 43.4468725 ] ] } },
{ "type": "Feature", "properties": { "element": "way", "id": 177666671, "name": null, "waterway": "stream" }, "geometry": { "type": "LineString", "coordinates": [ [ 6.6818468, 43.4749581 ], [ 6.6822653, 43.4745898 ], [ 6.6823276, 43.4744121 ], [ 6.6823944, 43.4737174 ], [ 6.6823189, 43.4734227 ], [ 6.6823724, 43.4733656 ], [ 6.6824904, 43.4733541 ], [ 6.6826667, 43.4733587 ], [ 6.6828304, 43.4732993 ], [ 6.6829012, 43.4732274 ], [ 6.6828429, 43.4730687 ], [ 6.6829593, 43.4725387 ], [ 6.6833654, 43.472139 ], [ 6.6838722, 43.4714925 ], [ 6.6843666, 43.4707528 ], [ 6.6844579, 43.4703301 ], [ 6.6843068, 43.4699943 ], [ 6.684317, 43.4698857 ], [ 6.6843288, 43.4697316 ], [ 6.6844422, 43.4693935 ], [ 6.6846908, 43.4687401 ], [ 6.6848671, 43.4683677 ], [ 6.6847949, 43.4679957 ] ] } },
{ "type": "Feature", "properties": { "element": "way", "id": 184559795, "name": "Le Blavet", "waterway": "river" }, "geometry": { "type": "LineString", "coordinates": [ [ 6.645108, 43.4647497 ], [ 6.6453008, 43.4645582 ], [ 6.6453997, 43.4642803 ], [ 6.6454935, 43.4641661 ], [ 6.6456736, 43.4640446 ], [ 6.6458359, 43.4638366 ], [ 6.6460591, 43.4635531 ], [ 6.6463479, 43.4633947 ], [ 6.646723, 43.4632134 ], [ 6.6469964, 43.4630868 ], [ 6.6473808, 43.4628481 ], [ 6.6475829, 43.4626496 ], [ 6.6479742, 43.4624513 ], [ 6.6480101, 43.4623972 ], [ 6.6481083, 43.4622489 ], [ 6.6483763, 43.4616487 ], [ 6.64863, 43.461036 ], [ 6.6486815, 43.460803 ], [ 6.6488955, 43.4602737 ], [ 6.6490262, 43.4599976 ], [ 6.649558, 43.4587222 ], [ 6.6496036, 43.4584313 ], [ 6.6497431, 43.458133 ], [ 6.6506717, 43.456144 ], [ 6.6519914, 43.4532672 ], [ 6.6520984, 43.4528357 ], [ 6.6521014, 43.4524942 ] ] } },
{ "type": "Feature", "properties": { "element": "way", "id": 186053005, "name": "La Cabre", "waterway": "stream" }, "geometry": { "type": "LineString", "coordinates": [ [ 6.8114856, 43.4929383 ], [ 6.8113759, 43.4926622 ], [ 6.8113947, 43.4923294 ], [ 6.8113269, 43.4921231 ], [ 6.811228, 43.4918912 ], [ 6.811264, 43.491706 ], [ 6.8112287, 43.4915901 ], [ 6.8110623, 43.4914192 ], [ 6.8107885, 43.4910627 ], [ 6.810693, 43.4909432 ], [ 6.8104594, 43.4907582 ], [ 6.8102603, 43.4905406 ], [ 6.8099927, 43.4902458 ], [ 6.8097591, 43.4899616 ], [ 6.8095233, 43.489713 ], [ 6.8092781, 43.4892431 ], [ 6.8092708, 43.4891496 ], [ 6.8091228, 43.4889037 ], [ 6.8089592, 43.4887254 ], [ 6.8088739, 43.4885723 ], [ 6.8088174, 43.4884619 ], [ 6.8086608, 43.4883164 ], [ 6.8084885, 43.4881388 ], [ 6.8083155, 43.4878441 ], [ 6.8081908, 43.4876271 ], [ 6.808113, 43.4874772 ], [ 6.8080813, 43.4872748 ], [ 6.8080538, 43.4870751 ], [ 6.8081767, 43.4867582 ], [ 6.8083133, 43.4865158 ], [ 6.8083221, 43.4864012 ], [ 6.8081623, 43.4862545 ], [ 6.808041, 43.4860159 ], [ 6.8079076, 43.485781 ], [ 6.8078395, 43.4855709 ], [ 6.8078124, 43.4853958 ], [ 6.8078008, 43.4851894 ], [ 6.8077493, 43.4845804 ], [ 6.8075831, 43.4843011 ], [ 6.8075108, 43.4841904 ], [ 6.807362, 43.4841261 ], [ 6.8072755, 43.4840733 ], [ 6.8072109, 43.483936 ], [ 6.8071854, 43.4837927 ], [ 6.8072828, 43.4835413 ], [ 6.8074482, 43.4832914 ], [ 6.8074954, 43.4830989 ], [ 6.8074329, 43.4828253 ], [ 6.8073187, 43.482628 ], [ 6.8072954, 43.4825244 ], [ 6.8072534, 43.4824064 ], [ 6.8072734, 43.4823063 ], [ 6.8072287, 43.4821137 ], [ 6.8072329, 43.4820674 ], [ 6.8072439, 43.481948 ], [ 6.8072942, 43.4818631 ], [ 6.8073563, 43.481803 ], [ 6.8074679, 43.4817205 ], [ 6.8075599, 43.4816841 ], [ 6.8076829, 43.4816656 ], [ 6.8080132, 43.4816611 ], [ 6.808164, 43.4816283 ], [ 6.8082947, 43.4815205 ], [ 6.8083304, 43.4814489 ], [ 6.808365, 43.4814099 ], [ 6.8088357, 43.4808798 ], [ 6.8090279, 43.4806777 ], [ 6.8092614, 43.4804205 ], [ 6.8095214, 43.4800464 ], [ 6.8097239, 43.4797996 ], [ 6.8099126, 43.4796103 ], [ 6.8101134, 43.4794399 ], [ 6.8103314, 43.4792556 ], [ 6.8107069, 43.4791851 ], [ 6.8108852, 43.479129 ], [ 6.8110366, 43.4790397 ], [ 6.8113181, 43.4787542 ], [ 6.8113623, 43.4787093 ], [ 6.8113845, 43.4785665 ], [ 6.8116719, 43.4782683 ], [ 6.8118038, 43.4781685 ], [ 6.8121538, 43.4779349 ], [ 6.8123416, 43.4775933 ], [ 6.8127108, 43.4769875 ], [ 6.8130087, 43.4766023 ], [ 6.8131334, 43.4765304 ], [ 6.8133011, 43.4765429 ], [ 6.8135151, 43.4766656 ], [ 6.8135937, 43.4766737 ], [ 6.8136586, 43.4766597 ], [ 6.8137199, 43.4766472 ], [ 6.8138156, 43.4764728 ], [ 6.813833, 43.4764127 ], [ 6.813975, 43.4763246 ], [ 6.8148393, 43.4760615 ], [ 6.815095, 43.4758359 ], [ 6.8153455, 43.4756364 ], [ 6.8154847, 43.4755216 ], [ 6.8157042, 43.475471 ], [ 6.8158864, 43.4754004 ], [ 6.8160215, 43.4752956 ], [ 6.8160567, 43.4752602 ], [ 6.8160804, 43.4752364 ], [ 6.8161337, 43.4751208 ], [ 6.8162553, 43.4749633 ], [ 6.8163655, 43.4748542 ], [ 6.8163981, 43.4747732 ], [ 6.8164927, 43.4746414 ], [ 6.8167006, 43.4745092 ], [ 6.8169446, 43.4744433 ], [ 6.8171712, 43.4743804 ], [ 6.8173867, 43.4742683 ], [ 6.8177045, 43.4740594 ], [ 6.817877, 43.4739611 ], [ 6.818019, 43.4738568 ], [ 6.818327, 43.4738039 ], [ 6.8185492, 43.473761 ], [ 6.8186654, 43.4737345 ], [ 6.8187734, 43.4737372 ], [ 6.8191853, 43.4737884 ], [ 6.8193803, 43.4737929 ], [ 6.81956, 43.4737793 ], [ 6.8197482, 43.473806 ], [ 6.8200447, 43.4738227 ], [ 6.8202316, 43.4738251 ], [ 6.8205506, 43.473804 ], [ 6.8208285, 43.4737426 ], [ 6.8210045, 43.4735966 ], [ 6.8210565, 43.4735535 ], [ 6.8212407, 43.4733755 ], [ 6.821451, 43.4731467 ], [ 6.8217402, 43.4730254 ], [ 6.8223991, 43.4728318 ], [ 6.8225449, 43.472791 ], [ 6.823027, 43.4727318 ], [ 6.823174, 43.4726887 ], [ 6.8233128, 43.4725694 ], [ 6.8234285, 43.4724228 ], [ 6.823489, 43.472373 ], [ 6.8235993, 43.4723663 ], [ 6.8239545, 43.4724172 ], [ 6.8241214, 43.4724258 ], [ 6.8242343, 43.4723946 ], [ 6.8243499, 43.4723172 ], [ 6.8244487, 43.472185 ], [ 6.8245698, 43.4718645 ], [ 6.8245889, 43.4717586 ], [ 6.8246966, 43.4716628 ], [ 6.8248223, 43.4715857 ], [ 6.8249496, 43.4715833 ], [ 6.8250445, 43.4715688 ], [ 6.8251157, 43.4715679 ], [ 6.8252404, 43.4715677 ], [ 6.8253652, 43.4715855 ], [ 6.8254711, 43.471586 ], [ 6.8255573, 43.4715813 ], [ 6.8257739, 43.4715503 ], [ 6.8259523, 43.4714922 ], [ 6.8260947, 43.4713698 ], [ 6.8263439, 43.4712284 ], [ 6.8265198, 43.4711196 ], [ 6.8266647, 43.4710691 ], [ 6.8270337, 43.4710093 ], [ 6.8271389, 43.4709884 ], [ 6.8272579, 43.4709585 ], [ 6.8275888, 43.4708028 ], [ 6.8278209, 43.4707577 ], [ 6.8279336, 43.4707412 ], [ 6.8280213, 43.4707096 ], [ 6.8280499, 43.470668 ], [ 6.8280758, 43.4706304 ], [ 6.8281123, 43.4705222 ], [ 6.828166, 43.470413 ], [ 6.8282461, 43.4702816 ], [ 6.8283388, 43.4702068 ], [ 6.8284489, 43.4701624 ], [ 6.8285726, 43.4701373 ], [ 6.8287654, 43.4701834 ], [ 6.828943, 43.4701952 ], [ 6.8289996, 43.4701693 ], [ 6.8290127, 43.4701162 ], [ 6.8290479, 43.4700811 ], [ 6.829111, 43.4700302 ], [ 6.8293552, 43.4700291 ], [ 6.8295107, 43.4699837 ], [ 6.8296184, 43.4698931 ], [ 6.8296713, 43.4697935 ], [ 6.8297624, 43.4696732 ], [ 6.829899, 43.4696103 ], [ 6.830034, 43.4695887 ], [ 6.8304435, 43.4695353 ], [ 6.8309302, 43.4694084 ], [ 6.8310933, 43.4692746 ], [ 6.8311623, 43.4692007 ], [ 6.8312253, 43.4690994 ], [ 6.8313679, 43.4688895 ], [ 6.8315732, 43.46871 ], [ 6.8318465, 43.4685055 ], [ 6.8319612, 43.4684738 ], [ 6.8320759, 43.4684292 ], [ 6.8322151, 43.4682185 ], [ 6.8322929, 43.4681072 ], [ 6.8323539, 43.4680453 ], [ 6.8324149, 43.4679466 ], [ 6.8324642, 43.4678359 ], [ 6.8325721, 43.4677319 ], [ 6.8326665, 43.4676534 ], [ 6.8327127, 43.467615 ], [ 6.8331333, 43.4672032 ], [ 6.8333346, 43.4669098 ], [ 6.83338, 43.4667165 ], [ 6.8334936, 43.4666091 ], [ 6.8335863, 43.4665179 ], [ 6.8344305, 43.4660071 ], [ 6.8345846, 43.4658598 ], [ 6.8346566, 43.4657557 ], [ 6.834722, 43.4656619 ], [ 6.8347647, 43.4655814 ], [ 6.8348179, 43.4655048 ], [ 6.83485, 43.4654587 ], [ 6.8350193, 43.4654165 ], [ 6.8354703, 43.4654311 ], [ 6.8356241, 43.4653878 ], [ 6.8357803, 43.4652475 ], [ 6.8358521, 43.4650725 ], [ 6.8359595, 43.4649019 ], [ 6.8361395, 43.4647669 ], [ 6.8364753, 43.4646266 ], [ 6.8365833, 43.4645863 ], [ 6.8367024, 43.4644785 ], [ 6.8367514, 43.4643428 ], [ 6.8368296, 43.4639233 ], [ 6.8369441, 43.4638361 ], [ 6.8370369, 43.4637349 ], [ 6.8370448, 43.4636704 ], [ 6.8371788, 43.463545 ], [ 6.8373944, 43.463392 ], [ 6.8376063, 43.4632404 ], [ 6.8378229, 43.4630754 ], [ 6.8379352, 43.4629229 ], [ 6.8380205, 43.4627952 ], [ 6.8380296, 43.462654 ], [ 6.8379695, 43.462358 ], [ 6.8379696, 43.4622781 ], [ 6.837994, 43.4622028 ], [ 6.8380417, 43.4621537 ], [ 6.8381921, 43.462124 ], [ 6.8383639, 43.4621323 ], [ 6.8384495, 43.4621259 ], [ 6.8384879, 43.4621047 ], [ 6.8385412, 43.4620512 ], [ 6.83853, 43.4618804 ], [ 6.8385813, 43.4617523 ], [ 6.838693, 43.4616469 ], [ 6.8387884, 43.4616058 ], [ 6.8389804, 43.4615862 ], [ 6.8390816, 43.461562 ], [ 6.8393039, 43.461026 ], [ 6.8394277, 43.4606737 ], [ 6.8395602, 43.4603256 ], [ 6.8395441, 43.4601144 ], [ 6.8395381, 43.4598454 ], [ 6.8395122, 43.4595982 ], [ 6.8394525, 43.4593176 ], [ 6.8393264, 43.4590503 ], [ 6.8392305, 43.4589961 ], [ 6.8390528, 43.4588878 ], [ 6.8389094, 43.4587565 ], [ 6.8388886, 43.4586665 ], [ 6.8389159, 43.4585854 ], [ 6.8389485, 43.4584262 ], [ 6.8389724, 43.4583915 ], [ 6.8390657, 43.4582557 ], [ 6.8392149, 43.4581163 ], [ 6.8393608, 43.457907 ], [ 6.8394934, 43.4576741 ], [ 6.8395686, 43.4575237 ], [ 6.8396744, 43.4573785 ], [ 6.8397781, 43.4573278 ] ] } },
{ "type": "Feature", "properties": { "element": "way", "id": 186053006, "name": null, "waterway": "stream" }, "geometry": { "type": "LineString", "coordinates": [ [ 6.7978029, 43.465923 ], [ 6.797752, 43.4657702 ], [ 6.7976893, 43.4656727 ], [ 6.7976464, 43.4655609 ], [ 6.7976341, 43.4654559 ], [ 6.7976222, 43.4654037 ], [ 6.7974631, 43.4651708 ], [ 6.7974336, 43.4651149 ], [ 6.7975128, 43.465087 ], [ 6.7976815, 43.4650077 ], [ 6.7977249, 43.464962 ], [ 6.7977478, 43.4649107 ], [ 6.7977448, 43.464816 ], [ 6.7977142, 43.4647433 ], [ 6.7977563, 43.4646281 ], [ 6.7978004, 43.4645002 ], [ 6.7978301, 43.4644192 ], [ 6.7978889, 43.4643414 ], [ 6.79789, 43.4641265 ], [ 6.7978918, 43.4640632 ], [ 6.7979852, 43.4639822 ], [ 6.7980373, 43.4638898 ], [ 6.7980374, 43.4638824 ], [ 6.7980385, 43.4638161 ], [ 6.7980101, 43.4637791 ], [ 6.7980193, 43.4637408 ], [ 6.7981176, 43.463647 ], [ 6.7982785, 43.4635827 ], [ 6.7983085, 43.4635522 ], [ 6.7982831, 43.4635172 ], [ 6.7981921, 43.4634486 ] ] } },
{ "type": "Feature", "properties": { "element": "way", "id": 186053007, "name": null, "waterway": "stream" }, "geometry": { "type": "LineString", "coordinates": [ [ 6.7956158, 43.4640962 ], [ 6.7956905, 43.4640885 ], [ 6.7957331, 43.4640997 ], [ 6.7958255, 43.4641672 ], [ 6.7958513, 43.4641854 ], [ 6.7958867, 43.4641979 ], [ 6.7959329, 43.4641953 ], [ 6.7959866, 43.4641756 ], [ 6.7961568, 43.4640984 ], [ 6.796234, 43.4640843 ], [ 6.7962736, 43.4640924 ], [ 6.7963239, 43.4641098 ], [ 6.7963998, 43.4641684 ], [ 6.7964485, 43.4642068 ], [ 6.7964733, 43.4642576 ], [ 6.7964978, 43.4643021 ], [ 6.7965054, 43.4643777 ], [ 6.7965151, 43.4644174 ], [ 6.7965381, 43.4644398 ], [ 6.796589, 43.4644434 ], [ 6.796714, 43.4644309 ], [ 6.796905, 43.4643845 ], [ 6.7970222, 43.4643385 ], [ 6.79712, 43.4642837 ], [ 6.7972029, 43.464222 ], [ 6.7972506, 43.4641972 ], [ 6.7973312, 43.4641672 ], [ 6.7973921, 43.4641473 ], [ 6.7974771, 43.4641181 ], [ 6.7975176, 43.4640947 ], [ 6.797559, 43.4640638 ], [ 6.797576, 43.4640337 ], [ 6.7975975, 43.4639846 ], [ 6.7976088, 43.4639336 ], [ 6.7976281, 43.4638719 ], [ 6.7976444, 43.4638313 ], [ 6.7976632, 43.4637854 ], [ 6.7976846, 43.4637573 ], [ 6.7977471, 43.463692 ], [ 6.7978109, 43.4636246 ], [ 6.7978758, 43.4635983 ], [ 6.797965, 43.4635679 ], [ 6.7980533, 43.4635218 ], [ 6.7981461, 43.4634798 ], [ 6.7981921, 43.4634486 ] ] } },
{ "type": "Feature", "properties": { "element": "way", "id": 186942310, "name": "Reyran", "waterway": "river" }, "geometry": { "type": "LineString", "coordinates": [ [ 6.7572781, 43.5122649 ], [ 6.7572364, 43.5121443 ] ] } },
{ "type": "Feature", "properties": { "element": "way", "id": 186942311, "name": "Le Reyran", "waterway": "river" }, "geometry": { "type": "LineString", "coordinates": [ [ 6.7578675, 43.5043174 ], [ 6.7579942, 43.5042782 ], [ 6.7581853, 43.5041486 ], [ 6.7583036, 43.5040508 ], [ 6.7585547, 43.5036203 ], [ 6.7584029, 43.5032834 ], [ 6.7583327, 43.5031493 ], [ 6.7582956, 43.5030279 ], [ 6.7582678, 43.5029094 ], [ 6.7582787, 43.5027877 ], [ 6.7582642, 43.5026976 ], [ 6.7582796, 43.5025753 ], [ 6.758328, 43.5024622 ], [ 6.7584251, 43.5022984 ], [ 6.7584504, 43.5021637 ], [ 6.7585643, 43.5020347 ], [ 6.7586483, 43.5019803 ], [ 6.7587175, 43.5018024 ], [ 6.7587076, 43.5016146 ], [ 6.7587718, 43.5014664 ], [ 6.7588212, 43.5012885 ], [ 6.7587381, 43.5009991 ], [ 6.7586328, 43.5009766 ], [ 6.7584025, 43.5008864 ], [ 6.7582618, 43.5008622 ], [ 6.7581688, 43.5008166 ], [ 6.7580671, 43.5007087 ], [ 6.7578796, 43.5004972 ], [ 6.7577569, 43.5002221 ], [ 6.7576669, 43.4998538 ], [ 6.7576513, 43.4995475 ], [ 6.7575282, 43.499178 ], [ 6.7575632, 43.4990182 ], [ 6.7576222, 43.4987584 ], [ 6.7576574, 43.4985251 ], [ 6.7575726, 43.4982972 ], [ 6.757392, 43.4981354 ], [ 6.7572315, 43.4980285 ], [ 6.7564415, 43.497736 ], [ 6.7562167, 43.4976301 ], [ 6.7559425, 43.4973866 ], [ 6.7558087, 43.4971138 ], [ 6.7556536, 43.4967234 ], [ 6.7555413, 43.496595 ], [ 6.7553648, 43.496472 ], [ 6.7552257, 43.4962955 ], [ 6.7551268, 43.4960919 ], [ 6.754617, 43.4958579 ], [ 6.7541155, 43.4956322 ], [ 6.7536141, 43.4953564 ], [ 6.753004, 43.4950138 ], [ 6.7524357, 43.4947046 ], [ 6.7519552, 43.4944622 ], [ 6.751274, 43.4941613 ], [ 6.7505636, 43.494036 ], [ 6.7499201, 43.4939691 ], [ 6.7492432, 43.493919 ], [ 6.748608, 43.4938688 ], [ 6.7478308, 43.4937936 ], [ 6.7474129, 43.4937518 ], [ 6.7468112, 43.4936265 ], [ 6.7462679, 43.4934927 ], [ 6.7458918, 43.4933172 ], [ 6.7455492, 43.4929829 ], [ 6.7452232, 43.4926486 ], [ 6.7446967, 43.4922391 ], [ 6.7442036, 43.4918463 ], [ 6.7437774, 43.4916625 ], [ 6.743301, 43.4915204 ], [ 6.7427494, 43.4912697 ], [ 6.7422981, 43.4909521 ], [ 6.7418803, 43.4903503 ], [ 6.741663, 43.4898155 ], [ 6.7416797, 43.4892555 ], [ 6.7418012, 43.4886153 ], [ 6.7418064, 43.4885811 ], [ 6.7416489, 43.4881481 ], [ 6.7416425, 43.4880754 ], [ 6.7416253, 43.4878254 ], [ 6.7415749, 43.4876263 ], [ 6.7417277, 43.4874318 ], [ 6.7416175, 43.4871248 ], [ 6.7414994, 43.486865 ], [ 6.7415151, 43.4866525 ], [ 6.7415309, 43.4864084 ], [ 6.7413892, 43.4861487 ], [ 6.7413262, 43.4856449 ], [ 6.7412947, 43.4851647 ], [ 6.7411373, 43.4846294 ], [ 6.7410743, 43.4842201 ], [ 6.7411927, 43.4836612 ], [ 6.7414057, 43.4831 ], [ 6.7416965, 43.4827274 ], [ 6.7417966, 43.4826152 ], [ 6.7419847, 43.4824042 ], [ 6.7423873, 43.4815833 ], [ 6.7429556, 43.4808018 ], [ 6.7438082, 43.4798783 ], [ 6.744008, 43.4796638 ], [ 6.7443449, 43.479302 ], [ 6.7445501, 43.47886 ], [ 6.7447001, 43.4781417 ], [ 6.7448106, 43.4775418 ], [ 6.7448279, 43.477449 ], [ 6.7448975, 43.4770761 ], [ 6.744858, 43.4767209 ], [ 6.7446922, 43.4759867 ], [ 6.7444554, 43.4754658 ], [ 6.7441713, 43.4753316 ], [ 6.7440433, 43.4751989 ], [ 6.7439581, 43.4751106 ], [ 6.7436819, 43.474929 ], [ 6.7434608, 43.4746369 ], [ 6.7432083, 43.4741867 ], [ 6.7427899, 43.4733819 ], [ 6.7427088, 43.4731369 ], [ 6.7425957, 43.4729752 ], [ 6.7420897, 43.4725929 ], [ 6.7413785, 43.471879 ], [ 6.7393931, 43.4695206 ], [ 6.7380744, 43.4670279 ], [ 6.7378744, 43.466586 ], [ 6.736867, 43.4646692 ], [ 6.7366494, 43.4641855 ], [ 6.7363735, 43.4635697 ], [ 6.7362156, 43.4629734 ], [ 6.7361365, 43.4619976 ], [ 6.7365122, 43.4600078 ], [ 6.7367178, 43.459505 ], [ 6.7368386, 43.4592913 ], [ 6.7379841, 43.4576509 ], [ 6.7382238, 43.4571896 ], [ 6.7382822, 43.4568857 ], [ 6.7382795, 43.4565128 ], [ 6.7380761, 43.4560062 ], [ 6.7377561, 43.4554068 ], [ 6.7364046, 43.453087 ], [ 6.7358813, 43.4520408 ], [ 6.7352767, 43.450685 ], [ 6.7349861, 43.4492167 ], [ 6.7345242, 43.4467575 ], [ 6.7342823, 43.445651 ], [ 6.7341038, 43.4447469 ], [ 6.7340444, 43.4441773 ], [ 6.7340529, 43.4439912 ], [ 6.7340782, 43.4437719 ], [ 6.7342474, 43.4432928 ], [ 6.7345435, 43.4428075 ], [ 6.7347128, 43.4424021 ], [ 6.734751, 43.4420363 ], [ 6.734751, 43.4417909 ], [ 6.7347349, 43.441528 ], [ 6.7346159, 43.4409714 ], [ 6.7345318, 43.4407524 ], [ 6.7344048, 43.4405567 ], [ 6.734229, 43.4403473 ], [ 6.7338623, 43.4401059 ], [ 6.7337293, 43.4400184 ], [ 6.7296346, 43.4379038 ], [ 6.7273165, 43.4367253 ], [ 6.7268446, 43.4364099 ], [ 6.7255336, 43.4351642 ], [ 6.724384, 43.4341224 ], [ 6.7237897, 43.4335771 ], [ 6.7232354, 43.4330517 ], [ 6.7229006, 43.4326061 ], [ 6.7216106, 43.4306458 ], [ 6.7197001, 43.4277492 ], [ 6.7189141, 43.4265475 ], [ 6.7186851, 43.4261332 ], [ 6.7185128, 43.4257187 ], [ 6.7184132, 43.4253411 ], [ 6.7183319, 43.4249357 ], [ 6.7182983, 43.424392 ], [ 6.7183504, 43.4238457 ], [ 6.7184883, 43.4231838 ], [ 6.71864, 43.4227351 ], [ 6.7188345, 43.4223292 ], [ 6.7189962, 43.4220742 ], [ 6.7192788, 43.4216487 ], [ 6.7197422, 43.4211409 ], [ 6.720483, 43.4204445 ], [ 6.7212161, 43.4198129 ], [ 6.7221285, 43.4191116 ], [ 6.7249965, 43.4169146 ], [ 6.726872, 43.4154888 ], [ 6.7292976, 43.4136124 ], [ 6.730887, 43.4124326 ], [ 6.7321674, 43.4114414 ], [ 6.7326115, 43.4110884 ], [ 6.7333988, 43.4104704 ] ] } },
{ "type": "Feature", "properties": { "element": "way", "id": 189884226, "name": null, "waterway": "stream" }, "geometry": { "type": "LineString", "coordinates": [ [ 6.7934825, 43.5096413 ], [ 6.7933968, 43.5096619 ], [ 6.7932376, 43.5096956 ], [ 6.792663, 43.5099873 ], [ 6.7924002, 43.5103452 ], [ 6.7919251, 43.5109941 ], [ 6.7916523, 43.511519 ], [ 6.7910171, 43.51225 ] ] } },
{ "type": "Feature", "properties": { "element": "way", "id": 190018806, "name": null, "waterway": "stream" }, "geometry": { "type": "LineString", "coordinates": [ [ 6.8046497, 43.4750455 ], [ 6.8046702, 43.4742146 ], [ 6.8046887, 43.4740712 ], [ 6.80473, 43.474008 ], [ 6.8048369, 43.4738442 ], [ 6.8050395, 43.4735703 ], [ 6.8051517, 43.4732352 ], [ 6.8051952, 43.473118 ], [ 6.805331, 43.4724239 ], [ 6.8053416, 43.4723698 ], [ 6.8054856, 43.4722974 ], [ 6.8055021, 43.4719318 ], [ 6.8056018, 43.4718185 ], [ 6.805595, 43.4715909 ], [ 6.8055331, 43.4714473 ], [ 6.8055793, 43.4713098 ], [ 6.805715, 43.4712529 ], [ 6.805797, 43.4712306 ], [ 6.8058279, 43.4711209 ], [ 6.8059961, 43.4709501 ], [ 6.8061748, 43.4707303 ], [ 6.8062461, 43.4705252 ], [ 6.8062982, 43.4704333 ], [ 6.8062922, 43.4703322 ], [ 6.8064937, 43.4701109 ], [ 6.8065639, 43.4699333 ], [ 6.806535, 43.4697875 ], [ 6.8064495, 43.4693565 ], [ 6.8064449, 43.4692755 ], [ 6.8064784, 43.469208 ], [ 6.8066513, 43.4690915 ], [ 6.8069795, 43.4687562 ], [ 6.8071035, 43.4684434 ], [ 6.808195, 43.4684368 ], [ 6.8084306, 43.4683676 ], [ 6.8083597, 43.4680923 ], [ 6.8085112, 43.4680775 ], [ 6.8089327, 43.4676455 ], [ 6.8091964, 43.4677022 ], [ 6.8094047, 43.4676286 ], [ 6.8094816, 43.4675809 ] ] } },
{ "type": "Feature", "properties": { "element": "way", "id": 190018807, "name": null, "waterway": "stream" }, "geometry": { "type": "LineString", "coordinates": [ [ 6.7981921, 43.4634486 ], [ 6.7984055, 43.4633341 ], [ 6.7985019, 43.4632134 ], [ 6.7987449, 43.4629973 ], [ 6.7987563, 43.4628238 ], [ 6.7989295, 43.4626425 ], [ 6.7991939, 43.4625183 ], [ 6.7996701, 43.4621193 ], [ 6.8001029, 43.4618394 ], [ 6.8002978, 43.4617477 ], [ 6.8004919, 43.4615679 ], [ 6.800865, 43.4612969 ], [ 6.8011183, 43.4610524 ], [ 6.8012191, 43.4609735 ], [ 6.8014241, 43.4608027 ], [ 6.8018472, 43.4601629 ], [ 6.8025506, 43.4595947 ], [ 6.8029403, 43.4595145 ], [ 6.8038889, 43.4591632 ], [ 6.8041721, 43.4590414 ], [ 6.8045556, 43.4589534 ], [ 6.8048434, 43.4588533 ], [ 6.8051573, 43.4587645 ], [ 6.8052922, 43.4587296 ], [ 6.8053774, 43.4586356 ], [ 6.8054736, 43.4585228 ] ] } },
{ "type": "Feature", "properties": { "element": "way", "id": 190018808, "name": null, "waterway": "stream" }, "geometry": { "type": "LineString", "coordinates": [ [ 6.8154961, 43.4677436 ], [ 6.8154803, 43.4677176 ], [ 6.8153596, 43.4675192 ], [ 6.8153803, 43.4674192 ], [ 6.8153549, 43.4672918 ], [ 6.8154139, 43.467246 ], [ 6.8154177, 43.4671801 ], [ 6.8153349, 43.4671239 ], [ 6.815171, 43.4670889 ], [ 6.8151609, 43.4670292 ], [ 6.8149509, 43.4670419 ], [ 6.8149668, 43.4668913 ], [ 6.8148896, 43.4667714 ], [ 6.8147598, 43.4666476 ], [ 6.814422, 43.466519 ], [ 6.814213, 43.4664728 ], [ 6.8139537, 43.4664837 ], [ 6.8133932, 43.4661916 ], [ 6.8126983, 43.465852 ], [ 6.8117194, 43.4654848 ], [ 6.8112626, 43.4655588 ], [ 6.810989, 43.4653971 ], [ 6.8107377, 43.465358 ], [ 6.8102468, 43.4654222 ] ] } },
{ "type": "Feature", "properties": { "element": "way", "id": 190034078, "name": "Le Pédégal", "waterway": "river" }, "geometry": { "type": "LineString", "coordinates": [ [ 6.7681866, 43.4346953 ], [ 6.767679, 43.4344344 ], [ 6.7671039, 43.4341664 ], [ 6.7669925, 43.4341251 ], [ 6.7666347, 43.4340136 ], [ 6.7661436, 43.4337555 ], [ 6.7657455, 43.4336359 ], [ 6.7646707, 43.4333391 ], [ 6.7645421, 43.4332319 ], [ 6.764496, 43.4331395 ], [ 6.7644993, 43.4330297 ], [ 6.7645, 43.432561 ], [ 6.7644646, 43.4323569 ], [ 6.7644835, 43.4319665 ], [ 6.7644833, 43.4316963 ], [ 6.764487, 43.4315397 ], [ 6.7644387, 43.4313149 ], [ 6.7643372, 43.430986 ], [ 6.7642935, 43.4306032 ], [ 6.7642588, 43.4303386 ], [ 6.764191, 43.4297827 ], [ 6.7641007, 43.4288952 ], [ 6.7640289, 43.4286935 ], [ 6.7639874, 43.4285539 ], [ 6.7639608, 43.4284101 ], [ 6.763923, 43.4282935 ], [ 6.7639187, 43.4281422 ], [ 6.7639615, 43.4280138 ], [ 6.7640059, 43.427928 ], [ 6.7640604, 43.427742 ], [ 6.7640683, 43.4275103 ], [ 6.764066, 43.4271051 ], [ 6.7639674, 43.4267263 ], [ 6.7638157, 43.4259168 ], [ 6.7636992, 43.4254057 ], [ 6.7637037, 43.4250855 ], [ 6.7636218, 43.4247932 ], [ 6.7635816, 43.4246966 ] ] } },
{ "type": "Feature", "properties": { "element": "way", "id": 190034079, "name": null, "waterway": "stream" }, "geometry": { "type": "LineString", "coordinates": [ [ 6.7720751, 43.458093 ], [ 6.7715651, 43.4574727 ], [ 6.7706751, 43.4570211 ], [ 6.7698991, 43.4566618 ], [ 6.7694118, 43.4564289 ], [ 6.7692384, 43.4564019 ], [ 6.7691862, 43.4563821 ], [ 6.7689063, 43.4562762 ], [ 6.7683835, 43.4561651 ], [ 6.7680604, 43.4561113 ], [ 6.7676782, 43.4560193 ], [ 6.767449, 43.456063 ], [ 6.7672151, 43.4560102 ], [ 6.7670384, 43.4559299 ], [ 6.7662678, 43.4554093 ], [ 6.7659435, 43.4551825 ], [ 6.7654616, 43.454979 ], [ 6.7652821, 43.4547018 ], [ 6.7652019, 43.4543315 ], [ 6.7650792, 43.4540894 ], [ 6.7648463, 43.4538337 ], [ 6.7646813, 43.4536426 ], [ 6.7645717, 43.4534023 ], [ 6.764606, 43.4531919 ], [ 6.7644908, 43.4529226 ], [ 6.7646115, 43.452625 ], [ 6.7646867, 43.452432 ], [ 6.7647876, 43.4522725 ], [ 6.7646976, 43.4518841 ], [ 6.764829, 43.4516047 ], [ 6.7648866, 43.4514392 ], [ 6.7649653, 43.4512445 ], [ 6.7649033, 43.4510778 ], [ 6.764936, 43.4507465 ], [ 6.7648501, 43.4504341 ], [ 6.7646601, 43.4502408 ], [ 6.7643436, 43.4501266 ], [ 6.7640838, 43.4500334 ], [ 6.7638057, 43.4499125 ], [ 6.7634804, 43.4495915 ], [ 6.7635139, 43.4493532 ], [ 6.7632872, 43.4490653 ], [ 6.7628007, 43.4490857 ], [ 6.7624102, 43.4488427 ], [ 6.7620926, 43.4483833 ], [ 6.7620411, 43.4480281 ], [ 6.7619848, 43.4476014 ], [ 6.7620231, 43.4473874 ], [ 6.7621751, 43.4470714 ], [ 6.7623404, 43.4468632 ], [ 6.762347, 43.4466788 ], [ 6.7622454, 43.4464753 ], [ 6.7623148, 43.4461161 ], [ 6.7622785, 43.4460538 ], [ 6.7621042, 43.4459449 ], [ 6.762202, 43.4457474 ], [ 6.7621932, 43.4455422 ], [ 6.7620781, 43.4454317 ], [ 6.7619836, 43.44521 ], [ 6.7617955, 43.4449819 ], [ 6.7617616, 43.444896 ], [ 6.7617694, 43.4446757 ], [ 6.7617267, 43.4445353 ], [ 6.7615275, 43.4442413 ], [ 6.7615235, 43.4441892 ], [ 6.761672, 43.4440817 ], [ 6.7616856, 43.4440008 ], [ 6.7615974, 43.4438008 ], [ 6.7615447, 43.4433974 ], [ 6.7614776, 43.4431994 ], [ 6.7614703, 43.4430545 ], [ 6.7613872, 43.4428397 ], [ 6.7614168, 43.4427926 ], [ 6.7616475, 43.4426589 ], [ 6.7617534, 43.442563 ], [ 6.761779, 43.442403 ], [ 6.7617471, 43.4423339 ], [ 6.761658, 43.4421999 ], [ 6.7616545, 43.4420916 ], [ 6.7617134, 43.4420415 ], [ 6.7618507, 43.441997 ], [ 6.7618962, 43.441956 ], [ 6.7620035, 43.4417162 ], [ 6.7620181, 43.441638 ], [ 6.7619695, 43.4414822 ], [ 6.7620399, 43.4413081 ], [ 6.7621527, 43.4411982 ], [ 6.7621924, 43.4411204 ], [ 6.7621688, 43.4408153 ], [ 6.7622042, 43.4407121 ], [ 6.7623243, 43.4404192 ], [ 6.7624359, 43.4402322 ], [ 6.7625475, 43.4398645 ], [ 6.7627449, 43.4393847 ], [ 6.7628402, 43.4391637 ], [ 6.7628321, 43.4388371 ], [ 6.7628246, 43.4385873 ], [ 6.7628601, 43.4381868 ], [ 6.762956, 43.437872 ], [ 6.7630196, 43.4376957 ], [ 6.7631468, 43.4376174 ], [ 6.7632466, 43.4375437 ], [ 6.7633008, 43.4374839 ], [ 6.763425, 43.4369442 ], [ 6.7634688, 43.4368016 ], [ 6.763507, 43.4365614 ], [ 6.7635223, 43.4364665 ], [ 6.7634966, 43.4362672 ], [ 6.7634696, 43.4361902 ], [ 6.7632553, 43.4356568 ], [ 6.7631566, 43.4355456 ], [ 6.7628503, 43.4352851 ], [ 6.7625273, 43.4349443 ], [ 6.7624415, 43.4347948 ], [ 6.7624336, 43.4347232 ], [ 6.7624521, 43.4346409 ], [ 6.7626247, 43.4343613 ], [ 6.7626785, 43.4342488 ] ] } },
{ "type": "Feature", "properties": { "element": "way", "id": 190034080, "name": null, "waterway": "stream" }, "geometry": { "type": "LineString", "coordinates": [ [ 6.7771699, 43.4592713 ], [ 6.7766916, 43.4587071 ], [ 6.7764558, 43.4586469 ], [ 6.7762909, 43.4585063 ], [ 6.7760206, 43.4585087 ], [ 6.7757288, 43.4585531 ], [ 6.7753607, 43.4586246 ], [ 6.7751083, 43.4587311 ], [ 6.7744984, 43.4588519 ], [ 6.7739165, 43.4587068 ], [ 6.773603, 43.4586861 ], [ 6.7733914, 43.4587072 ], [ 6.7732351, 43.4587056 ], [ 6.773083, 43.4587041 ], [ 6.7729191, 43.4586455 ], [ 6.7728104, 43.458578 ], [ 6.7727385, 43.4583829 ], [ 6.7726647, 43.4583251 ], [ 6.7725239, 43.4583155 ], [ 6.7724688, 43.4583315 ], [ 6.7722971, 43.4583289 ], [ 6.7720751, 43.458093 ] ] } },
{ "type": "Feature", "properties": { "element": "way", "id": 190034081, "name": null, "waterway": "stream" }, "geometry": { "type": "LineString", "coordinates": [ [ 6.7626785, 43.4342488 ], [ 6.7627286, 43.4341399 ] ] } },
{ "type": "Feature", "properties": { "element": "way", "id": 190034082, "name": null, "waterway": "stream" }, "geometry": { "type": "LineString", "coordinates": [ [ 6.7627286, 43.4341399 ], [ 6.7627413, 43.4341017 ], [ 6.7628089, 43.433942 ], [ 6.762965, 43.4337282 ], [ 6.7630511, 43.4335012 ], [ 6.7634831, 43.4330836 ], [ 6.763938, 43.432747 ], [ 6.7644111, 43.43237 ], [ 6.7644646, 43.4323569 ] ] } },
{ "type": "Feature", "properties": { "element": "way", "id": 190083595, "name": null, "waterway": "stream" }, "geometry": { "type": "LineString", "coordinates": [ [ 6.7910171, 43.51225 ], [ 6.7904928, 43.5123199 ], [ 6.7903642, 43.5123246 ], [ 6.7896367, 43.5122157 ], [ 6.7894749, 43.5119946 ], [ 6.7892828, 43.5117973 ], [ 6.7891393, 43.5117922 ], [ 6.7889819, 43.511799 ], [ 6.7886997, 43.5117934 ], [ 6.7884423, 43.5117721 ], [ 6.7882984, 43.5117549 ], [ 6.7882206, 43.5117456 ], [ 6.7880749, 43.5117902 ], [ 6.7879204, 43.5118244 ], [ 6.7878154, 43.511846 ], [ 6.7876932, 43.5118324 ], [ 6.7875678, 43.5118153 ], [ 6.7874252, 43.5117947 ], [ 6.7872041, 43.5118297 ], [ 6.7870229, 43.5118458 ], [ 6.786866, 43.5118738 ], [ 6.7867511, 43.5119189 ], [ 6.7865877, 43.5119806 ], [ 6.7863657, 43.5121426 ], [ 6.7861642, 43.5122155 ], [ 6.7859525, 43.5122202 ], [ 6.7857689, 43.5122505 ], [ 6.7856349, 43.5123097 ], [ 6.7855962, 43.512354 ], [ 6.7854884, 43.5124675 ], [ 6.7854107, 43.5124589 ], [ 6.7853571, 43.512454 ], [ 6.785225, 43.5124023 ], [ 6.7850298, 43.5123051 ], [ 6.7849896, 43.5122725 ], [ 6.7849243, 43.5122533 ], [ 6.7848317, 43.5122526 ], [ 6.7847543, 43.5122624 ], [ 6.7845942, 43.5122457 ], [ 6.7845228, 43.512218 ], [ 6.7844201, 43.5121597 ], [ 6.7842927, 43.5121011 ], [ 6.7841192, 43.5120462 ], [ 6.7839972, 43.5120345 ], [ 6.7839177, 43.5120426 ], [ 6.783795, 43.5120316 ], [ 6.7835434, 43.5120425 ], [ 6.7834064, 43.5120527 ], [ 6.7832642, 43.5120725 ], [ 6.7830888, 43.5121415 ], [ 6.7830226, 43.5121785 ], [ 6.7829282, 43.5122201 ], [ 6.7828705, 43.5122347 ], [ 6.7828085, 43.5122415 ], [ 6.7827519, 43.5122387 ], [ 6.7826584, 43.5122117 ], [ 6.7825476, 43.5121667 ], [ 6.7824179, 43.5121589 ], [ 6.7821657, 43.5122381 ], [ 6.7814992, 43.5125927 ], [ 6.780176, 43.5129006 ], [ 6.7790592, 43.5129271 ], [ 6.7785792, 43.513304 ], [ 6.7782379, 43.5133254 ], [ 6.777713, 43.513541 ], [ 6.7773741, 43.5139387 ], [ 6.7770912, 43.5139989 ], [ 6.776967, 43.5138944 ], [ 6.7767602, 43.5136079 ], [ 6.7764855, 43.513522 ], [ 6.7755038, 43.5133983 ], [ 6.7752791, 43.5134416 ], [ 6.7749841, 43.5137102 ], [ 6.7749309, 43.5138246 ], [ 6.7748875, 43.513918 ], [ 6.7746484, 43.5139907 ], [ 6.7743491, 43.5139901 ], [ 6.7739386, 43.5139064 ], [ 6.773413, 43.5139233 ], [ 6.7721011, 43.5136559 ], [ 6.7714061, 43.5136402 ], [ 6.7709384, 43.5135908 ], [ 6.7703977, 43.51372 ], [ 6.7700914, 43.5137203 ], [ 6.7698101, 43.5135701 ], [ 6.7695789, 43.5132683 ], [ 6.7693135, 43.5132593 ], [ 6.7688689, 43.513348 ], [ 6.7686852, 43.5133382 ], [ 6.7686564, 43.5132457 ], [ 6.7687035, 43.513059 ], [ 6.7687356, 43.512874 ], [ 6.7685813, 43.5124267 ], [ 6.7681226, 43.5116409 ], [ 6.767901, 43.5114395 ], [ 6.7675513, 43.5113724 ], [ 6.7666143, 43.5113385 ], [ 6.76547, 43.5111959 ], [ 6.765256, 43.5110333 ], [ 6.7651829, 43.5107694 ], [ 6.7652684, 43.5104111 ], [ 6.7648747, 43.5098771 ], [ 6.7638458, 43.5089825 ], [ 6.7640042, 43.5085852 ], [ 6.7636154, 43.5081302 ], [ 6.7627603, 43.5078092 ], [ 6.7618566, 43.5070184 ], [ 6.7605938, 43.5059823 ], [ 6.7597664, 43.5060088 ], [ 6.7596812, 43.5060029 ], [ 6.7596045, 43.5060102 ], [ 6.7595181, 43.5060019 ], [ 6.7594373, 43.5059656 ], [ 6.75906, 43.5054013 ], [ 6.7588604, 43.5047867 ], [ 6.7588295, 43.5047093 ], [ 6.7583345, 43.5040812 ], [ 6.7583036, 43.5040508 ] ] } },
{ "type": "Feature", "properties": { "element": "way", "id": 190169942, "name": "Le Gargalon", "waterway": "stream" }, "geometry": { "type": "LineString", "coordinates": [ [ 6.769838, 43.4726558 ], [ 6.7696316, 43.4726432 ], [ 6.769391, 43.4725807 ], [ 6.7692019, 43.4725693 ], [ 6.7687129, 43.4727085 ], [ 6.7684005, 43.4728137 ], [ 6.7682371, 43.4727776 ], [ 6.7680248, 43.4728244 ], [ 6.7677084, 43.4728447 ], [ 6.7675586, 43.4729128 ], [ 6.7675256, 43.4729278 ], [ 6.7674508, 43.4730447 ], [ 6.7672691, 43.4730904 ], [ 6.7670333, 43.4730334 ], [ 6.7666518, 43.4728295 ], [ 6.76567, 43.4724187 ], [ 6.7652925, 43.4722793 ], [ 6.76473, 43.4721882 ], [ 6.7641491, 43.4719633 ], [ 6.7636796, 43.4716055 ], [ 6.7635379, 43.4714683 ], [ 6.7633762, 43.4714487 ], [ 6.7632734, 43.4714993 ], [ 6.7630617, 43.4717171 ], [ 6.7624759, 43.4717462 ], [ 6.7615576, 43.4715348 ], [ 6.7610887, 43.471687 ], [ 6.7605088, 43.4718104 ], [ 6.7603878, 43.4717322 ], [ 6.7603438, 43.4716065 ], [ 6.7602251, 43.4715656 ], [ 6.759865, 43.4715425 ], [ 6.7591571, 43.4715855 ], [ 6.7589104, 43.4715736 ], [ 6.7585029, 43.4716405 ], [ 6.7582356, 43.4714909 ], [ 6.757957, 43.4714274 ], [ 6.7576942, 43.4714615 ], [ 6.7571078, 43.4717021 ], [ 6.7564855, 43.4716378 ], [ 6.7560726, 43.4718104 ], [ 6.7551784, 43.47227 ], [ 6.7543733, 43.4725102 ], [ 6.7538175, 43.4725697 ], [ 6.7533817, 43.4723078 ], [ 6.7528534, 43.4723533 ], [ 6.7523503, 43.4723269 ], [ 6.7488998, 43.4732254 ], [ 6.7484669, 43.4734154 ], [ 6.7463937, 43.4742709 ], [ 6.7454601, 43.4746461 ], [ 6.7450292, 43.4747439 ], [ 6.7443914, 43.4751424 ], [ 6.7440433, 43.4751989 ] ] } },
{ "type": "Feature", "properties": { "element": "way", "id": 190225428, "name": "La Garonne", "waterway": "stream" }, "geometry": { "type": "LineString", "coordinates": [ [ 6.7253025, 43.4390736 ], [ 6.7242451, 43.4387869 ], [ 6.7240134, 43.4387694 ], [ 6.7239085, 43.4388193 ], [ 6.7235189, 43.4391108 ], [ 6.7226333, 43.4395578 ], [ 6.7222761, 43.4396552 ], [ 6.7219622, 43.4396582 ], [ 6.7214323, 43.439661 ], [ 6.7202139, 43.4398711 ], [ 6.7196622, 43.4398469 ], [ 6.7191606, 43.4399096 ], [ 6.7185087, 43.4399711 ], [ 6.7133645, 43.440124 ] ] } },
{ "type": "Feature", "properties": { "element": "way", "id": 190225429, "name": "La Grande Garonne", "waterway": "stream" }, "geometry": { "type": "LineString", "coordinates": [ [ 6.7128678, 43.4385783 ], [ 6.7127498, 43.4381864 ] ] } },
{ "type": "Feature", "properties": { "element": "way", "id": 190225430, "name": "La Grande Garonne", "waterway": "river" }, "geometry": { "type": "LineString", "coordinates": [ [ 6.7092191, 43.4302454 ], [ 6.7094308, 43.4301175 ], [ 6.7101599, 43.4297834 ], [ 6.7104694, 43.4295792 ], [ 6.7106595, 43.4294107 ], [ 6.7109369, 43.4290988 ], [ 6.7110833, 43.4286985 ], [ 6.7112655, 43.428506 ], [ 6.7115608, 43.4282271 ], [ 6.7119435, 43.4279865 ], [ 6.7121189, 43.4278884 ], [ 6.7125765, 43.4277382 ], [ 6.7128117, 43.4275633 ], [ 6.7144933, 43.4257418 ], [ 6.7147196, 43.4255066 ], [ 6.7149733, 43.42535 ], [ 6.7152558, 43.4251454 ], [ 6.7162462, 43.4241647 ], [ 6.7163946, 43.4240425 ], [ 6.7166564, 43.4236521 ], [ 6.7175297, 43.4227456 ], [ 6.7181212, 43.4221236 ], [ 6.7190726, 43.4211538 ], [ 6.7198885, 43.4203184 ], [ 6.7207985, 43.4195212 ], [ 6.7214785, 43.4190085 ], [ 6.7219597, 43.41865 ], [ 6.7227284, 43.4180646 ], [ 6.7231423, 43.4177501 ], [ 6.7232687, 43.4176367 ], [ 6.7233308, 43.4175078 ], [ 6.7233875, 43.4172556 ], [ 6.7234029, 43.4170209 ], [ 6.7233605, 43.416453 ], [ 6.7233123, 43.4163118 ], [ 6.7227926, 43.4154633 ], [ 6.7222018, 43.4142677 ], [ 6.7220127, 43.41355 ] ] } },
{ "type": "Feature", "properties": { "element": "way", "id": 190225431, "name": "Le Compassis", "waterway": "stream" }, "geometry": { "type": "LineString", "coordinates": [ [ 6.712063, 43.463187 ], [ 6.7117811, 43.4630155 ], [ 6.7115481, 43.4621676 ], [ 6.7110304, 43.4609688 ], [ 6.7110179, 43.4606501 ] ] } },
{ "type": "Feature", "properties": { "element": "way", "id": 190225432, "name": "La Grande Garonne", "waterway": "stream" }, "geometry": { "type": "LineString", "coordinates": [ [ 6.7127498, 43.4381864 ], [ 6.7125433, 43.4376436 ], [ 6.7118176, 43.4359541 ], [ 6.7107637, 43.4336279 ] ] } },
{ "type": "Feature", "properties": { "element": "way", "id": 190238458, "name": "Le Gonfaron", "waterway": "river" }, "geometry": { "type": "LineString", "coordinates": [ [ 6.7321621, 43.4700141 ], [ 6.7327354, 43.469651 ] ] } },
{ "type": "Feature", "properties": { "element": "way", "id": 190238459, "name": "Le Gonfaron", "waterway": "river" }, "geometry": { "type": "LineString", "coordinates": [ [ 6.7334002, 43.4688946 ], [ 6.7334583, 43.4688236 ], [ 6.7338878, 43.4683147 ], [ 6.7345453, 43.4677592 ], [ 6.7348502, 43.4675668 ], [ 6.7350537, 43.4674375 ], [ 6.735101, 43.4674229 ], [ 6.7353029, 43.4672825 ], [ 6.735446, 43.4671815 ], [ 6.7359803, 43.4668838 ], [ 6.7361284, 43.4667713 ], [ 6.7362525, 43.4666588 ], [ 6.7363756, 43.4665401 ], [ 6.736485, 43.4663377 ], [ 6.7365505, 43.4661321 ], [ 6.7365528, 43.4660822 ], [ 6.7367052, 43.4656971 ], [ 6.736808, 43.465465 ], [ 6.7368724, 43.4649861 ], [ 6.736867, 43.4646692 ] ] } },
{ "type": "Feature", "properties": { "element": "way", "id": 190238460, "name": "Le Compassis", "waterway": "stream" }, "geometry": { "type": "LineString", "coordinates": [ [ 6.7092511, 43.4668154 ], [ 6.7097652, 43.4659885 ], [ 6.7101691, 43.4657035 ], [ 6.7103581, 43.4654138 ], [ 6.7106374, 43.4654337 ], [ 6.7110059, 43.4652193 ], [ 6.7112092, 43.4647728 ], [ 6.7115001, 43.4645898 ], [ 6.7113544, 43.4644151 ], [ 6.711791, 43.4634923 ], [ 6.7120209, 43.4633518 ], [ 6.712063, 43.463187 ] ] } },
{ "type": "Feature", "properties": { "element": "way", "id": 190238461, "name": null, "waterway": "stream" }, "geometry": { "type": "LineString", "coordinates": [ [ 6.7169461, 43.4737884 ], [ 6.716879, 43.47373 ], [ 6.7168334, 43.4735451 ], [ 6.7168951, 43.4733544 ], [ 6.7168924, 43.4731675 ], [ 6.7167154, 43.472967 ], [ 6.7165813, 43.4728191 ], [ 6.7165571, 43.4726556 ], [ 6.7165625, 43.4725018 ], [ 6.7165008, 43.4722624 ], [ 6.7163376, 43.4718833 ], [ 6.7162217, 43.4713898 ], [ 6.7164524, 43.4710004 ], [ 6.7166824, 43.4703389 ], [ 6.7172624, 43.4696097 ], [ 6.7174444, 43.4691286 ], [ 6.7175312, 43.4689633 ] ] } },
{ "type": "Feature", "properties": { "element": "way", "id": 198970740, "name": "Reyran", "waterway": "stream" }, "geometry": { "type": "LineString", "coordinates": [ [ 6.7724794, 43.5487207 ], [ 6.7728105, 43.5485785 ], [ 6.7729757, 43.5483618 ], [ 6.7729243, 43.547844 ], [ 6.7739233, 43.5472988 ], [ 6.7738996, 43.5464233 ], [ 6.7742753, 43.5462934 ], [ 6.7747676, 43.5464878 ], [ 6.7753926, 43.5457725 ], [ 6.7762178, 43.5454402 ], [ 6.7767517, 43.5448252 ], [ 6.7769469, 43.5436208 ] ] } },
{ "type": "Feature", "properties": { "element": "way", "id": 198970741, "name": "Reyran", "waterway": "stream" }, "geometry": { "type": "LineString", "coordinates": [ [ 6.7002406, 43.5511908 ], [ 6.7009047, 43.5512239 ], [ 6.7018387, 43.5514916 ], [ 6.7025402, 43.551636 ], [ 6.7035488, 43.5518015 ], [ 6.7045035, 43.5519218 ], [ 6.7048937, 43.552006 ], [ 6.7055246, 43.552009 ], [ 6.7060351, 43.5518977 ], [ 6.7064834, 43.5520512 ], [ 6.7069587, 43.5518715 ], [ 6.7071538, 43.5519196 ], [ 6.7079673, 43.5520068 ], [ 6.7084488, 43.5518023 ], [ 6.7088099, 43.5518564 ], [ 6.7089967, 43.5519738 ], [ 6.7096359, 43.5520851 ], [ 6.7102005, 43.5520219 ], [ 6.7104578, 43.5521272 ], [ 6.7111219, 43.5521964 ], [ 6.7121472, 43.5524942 ], [ 6.7126328, 43.5523949 ], [ 6.7140249, 43.5515259 ], [ 6.7146516, 43.5517335 ], [ 6.7147471, 43.5519892 ], [ 6.7151497, 43.5522479 ], [ 6.7155607, 43.5520765 ], [ 6.7160214, 43.5517516 ], [ 6.7165734, 43.5521426 ], [ 6.7168889, 43.5521878 ], [ 6.7173995, 43.5520283 ], [ 6.7183043, 43.5517516 ], [ 6.7187568, 43.5518358 ], [ 6.7192922, 43.5518478 ], [ 6.7194375, 43.5516914 ], [ 6.7198982, 43.5516222 ], [ 6.7210771, 43.5517486 ], [ 6.7213194, 43.5519882 ], [ 6.7210039, 43.5522575 ], [ 6.7213007, 43.5523718 ], [ 6.7214543, 43.5523823 ], [ 6.7217282, 43.5523703 ], [ 6.7221231, 43.5521457 ], [ 6.7227101, 43.5519798 ], [ 6.7245853, 43.55128 ], [ 6.7251457, 43.5506332 ], [ 6.7253473, 43.5506294 ], [ 6.7254653, 43.5506272 ], [ 6.7256853, 43.5508498 ], [ 6.7265842, 43.5507475 ], [ 6.7272534, 43.5510368 ], [ 6.7284568, 43.5510326 ], [ 6.7289264, 43.5511219 ], [ 6.7300946, 43.551726 ], [ 6.7308518, 43.5520366 ], [ 6.7315151, 43.5517558 ], [ 6.732493, 43.5522823 ], [ 6.7333031, 43.5524142 ], [ 6.7336905, 43.5525206 ], [ 6.7341484, 43.5531247 ], [ 6.7346297, 43.5531162 ], [ 6.7356864, 43.5529673 ], [ 6.7364495, 43.552963 ], [ 6.7365962, 43.5531374 ], [ 6.7365375, 43.5537926 ], [ 6.7369895, 43.5542223 ], [ 6.7380872, 43.5543499 ], [ 6.7386625, 43.5547413 ], [ 6.7385862, 43.5553581 ], [ 6.7391145, 43.5557197 ], [ 6.7399304, 43.556009 ], [ 6.7407464, 43.5565918 ], [ 6.7416915, 43.5563281 ], [ 6.7429406, 43.5564586 ], [ 6.7434043, 43.5571392 ], [ 6.7437879, 43.5577677 ], [ 6.7438094, 43.5578029 ], [ 6.7445877, 43.5575324 ], [ 6.7457665, 43.557027 ], [ 6.7465718, 43.5572556 ], [ 6.7479, 43.5574421 ], [ 6.7491147, 43.5566792 ], [ 6.7495931, 43.5563197 ], [ 6.7499248, 43.5562517 ], [ 6.7504061, 43.5562219 ], [ 6.7507407, 43.5564899 ], [ 6.7512837, 43.5565601 ], [ 6.7511751, 43.5564197 ], [ 6.7513297, 43.5563092 ], [ 6.7518071, 43.5561829 ], [ 6.7524131, 43.5561378 ], [ 6.7527082, 43.5559413 ], [ 6.7535577, 43.5557957 ], [ 6.7536266, 43.5554005 ], [ 6.753684, 43.5544938 ], [ 6.7543325, 43.5538324 ], [ 6.7545047, 43.5535787 ], [ 6.7545277, 43.5532376 ], [ 6.7538619, 43.5530837 ], [ 6.7532018, 43.5528466 ], [ 6.7535462, 43.5525762 ], [ 6.7533396, 43.5521602 ], [ 6.7535347, 43.5518482 ], [ 6.7534945, 43.551503 ], [ 6.7536323, 43.5514073 ], [ 6.7541202, 43.5513532 ], [ 6.754344, 43.551216 ], [ 6.7548835, 43.5511452 ], [ 6.7555436, 43.5512451 ], [ 6.7563627, 43.5514814 ], [ 6.7568923, 43.5511452 ], [ 6.7571908, 43.5508374 ], [ 6.757833, 43.5503877 ], [ 6.7578847, 43.5507579 ], [ 6.758714, 43.5510948 ], [ 6.7595348, 43.551361 ], [ 6.760522, 43.5514567 ], [ 6.7607688, 43.5512487 ], [ 6.7608836, 43.551099 ], [ 6.7608577, 43.5509201 ], [ 6.7607659, 43.5506144 ], [ 6.760852, 43.5504459 ], [ 6.7607429, 43.5501589 ], [ 6.7608262, 43.5500153 ], [ 6.7608606, 43.5499155 ], [ 6.7613083, 43.5498822 ], [ 6.7618277, 43.5494558 ], [ 6.7623672, 43.5492562 ], [ 6.7631794, 43.5491563 ], [ 6.7639858, 43.5491855 ], [ 6.7646716, 43.549148 ], [ 6.7650964, 43.5492915 ], [ 6.7656492, 43.5495874 ], [ 6.7660338, 43.5497249 ], [ 6.7667836, 43.5497315 ], [ 6.7673883, 43.5499109 ], [ 6.7678915, 43.5497962 ], [ 6.7679498, 43.5494109 ], [ 6.7679891, 43.5490245 ], [ 6.7685923, 43.548874 ], [ 6.7692096, 43.5488171 ], [ 6.7696473, 43.5489188 ], [ 6.7699784, 43.5487825 ], [ 6.7701552, 43.5485364 ], [ 6.7703586, 43.5484962 ], [ 6.7712761, 43.5484454 ], [ 6.7720085, 43.5486345 ], [ 6.7724794, 43.5487207 ] ] } },
{ "type": "Feature", "properties": { "element": "way", "id": 221987882, "name": "Le Béalon", "waterway": "stream" }, "geometry": { "type": "LineString", "coordinates": [ [ 6.6759674, 43.4468725 ], [ 6.675924, 43.4465391 ], [ 6.675842, 43.4461185 ], [ 6.6755833, 43.4454772 ], [ 6.6757363, 43.4451995 ], [ 6.6755906, 43.4445832 ], [ 6.675709, 43.4438664 ], [ 6.6754996, 43.4431761 ], [ 6.6753795, 43.4425025 ], [ 6.6753113, 43.4422894 ], [ 6.6752367, 43.4420696 ] ] } },
{ "type": "Feature", "properties": { "element": "way", "id": 221987884, "name": "Le Béal", "waterway": "stream" }, "geometry": { "type": "LineString", "coordinates": [ [ 6.6729944, 43.4508404 ], [ 6.6736756, 43.4506526 ], [ 6.6740144, 43.450486 ], [ 6.6744406, 43.4502665 ], [ 6.6748887, 43.450084 ], [ 6.6751583, 43.449957 ], [ 6.6752348, 43.4498645 ], [ 6.6753513, 43.4493038 ], [ 6.6752712, 43.4489679 ], [ 6.6753987, 43.4487008 ], [ 6.6756573, 43.448484 ], [ 6.6758468, 43.4483359 ], [ 6.6758468, 43.4479524 ], [ 6.6757593, 43.4474393 ], [ 6.6757448, 43.447188 ], [ 6.6759674, 43.4468725 ] ] } },
{ "type": "Feature", "properties": { "element": "way", "id": 221987885, "name": "Canal Le Gabron", "waterway": "stream" }, "geometry": { "type": "LineString", "coordinates": [ [ 6.6803196, 43.4626303 ], [ 6.679918, 43.4621366 ], [ 6.6798283, 43.462025 ], [ 6.6797527, 43.4619678 ], [ 6.6796685, 43.4619175 ], [ 6.6795673, 43.461886 ], [ 6.6794432, 43.4618639 ], [ 6.6793843, 43.4618568 ], [ 6.6792918, 43.4618349 ], [ 6.6792193, 43.4618016 ], [ 6.679106, 43.4617084 ], [ 6.6788994, 43.4615205 ], [ 6.6784234, 43.4611284 ], [ 6.6782289, 43.4610185 ], [ 6.6780787, 43.4608628 ], [ 6.6779606, 43.4606837 ], [ 6.6778212, 43.46045 ], [ 6.6777117, 43.4603017 ], [ 6.6775853, 43.4601929 ], [ 6.6774274, 43.4600894 ], [ 6.6772075, 43.4600369 ], [ 6.6770116, 43.459957 ], [ 6.6768975, 43.4598312 ], [ 6.6768447, 43.4596213 ], [ 6.6767052, 43.4593864 ], [ 6.6766127, 43.4592524 ], [ 6.6765444, 43.4591573 ], [ 6.6765444, 43.4589704 ], [ 6.676523, 43.4587835 ], [ 6.6764912, 43.4587012 ], [ 6.6762686, 43.4585189 ], [ 6.6762121, 43.4583322 ] ] } },
{ "type": "Feature", "properties": { "element": "way", "id": 221987886, "name": null, "waterway": "stream" }, "geometry": { "type": "LineString", "coordinates": [ [ 6.6760742, 43.4579771 ], [ 6.6761048, 43.4577559 ], [ 6.6761477, 43.4575846 ], [ 6.6763086, 43.4573665 ], [ 6.6764266, 43.4572263 ], [ 6.6764481, 43.4571407 ] ] } },
{ "type": "Feature", "properties": { "element": "way", "id": 222007604, "name": "Le Compassis", "waterway": "stream" }, "geometry": { "type": "LineString", "coordinates": [ [ 6.7128323, 43.4536065 ], [ 6.7127873, 43.4534466 ], [ 6.7126731, 43.4533454 ], [ 6.7127193, 43.4531562 ], [ 6.7128214, 43.4528972 ], [ 6.7129365, 43.4524278 ], [ 6.7130766, 43.4513397 ], [ 6.7133958, 43.4508574 ], [ 6.715496, 43.446672 ] ] } },
{ "type": "Feature", "properties": { "element": "way", "id": 222007605, "name": "La Vernède", "waterway": "stream" }, "geometry": { "type": "LineString", "coordinates": [ [ 6.7099453, 43.4508437 ], [ 6.7108047, 43.4499533 ], [ 6.7116526, 43.4490656 ], [ 6.7119325, 43.4482763 ], [ 6.7121755, 43.4466855 ], [ 6.7124286, 43.4461225 ], [ 6.7129311, 43.4454612 ], [ 6.713253, 43.4448893 ], [ 6.7136142, 43.4443192 ], [ 6.7137189, 43.4440513 ], [ 6.7137032, 43.4438175 ], [ 6.7136927, 43.4434527 ], [ 6.7136692, 43.4431144 ], [ 6.7136211, 43.4426645 ], [ 6.7134878, 43.4413987 ], [ 6.7133645, 43.440124 ] ] } },
{ "type": "Feature", "properties": { "element": "way", "id": 222007608, "name": "Le Compassis", "waterway": "stream" }, "geometry": { "type": "LineString", "coordinates": [ [ 6.7128245, 43.4536958 ], [ 6.7128323, 43.4536065 ] ] } },
{ "type": "Feature", "properties": { "element": "way", "id": 224793820, "name": null, "waterway": "stream" }, "geometry": { "type": "LineString", "coordinates": [ [ 6.7451529, 43.4940938 ], [ 6.7454887, 43.4937823 ] ] } },
{ "type": "Feature", "properties": { "element": "way", "id": 224793825, "name": "Le Compassis", "waterway": "stream" }, "geometry": { "type": "LineString", "coordinates": [ [ 6.7110179, 43.4606501 ], [ 6.7109913, 43.4599716 ] ] } },
{ "type": "Feature", "properties": { "element": "way", "id": 224793827, "name": "Le Compassis", "waterway": "stream" }, "geometry": { "type": "LineString", "coordinates": [ [ 6.7109913, 43.4599716 ], [ 6.7110221, 43.4596688 ], [ 6.7111148, 43.4595676 ], [ 6.7114778, 43.4592295 ], [ 6.7114766, 43.4591416 ], [ 6.711378, 43.4589235 ], [ 6.7114818, 43.458735 ], [ 6.7116048, 43.4586008 ], [ 6.7117788, 43.4581293 ], [ 6.7118077, 43.4578852 ], [ 6.7120529, 43.4574751 ], [ 6.7121297, 43.4572353 ], [ 6.7122991, 43.4571459 ] ] } },
{ "type": "Feature", "properties": { "element": "way", "id": 224793831, "name": null, "waterway": "stream" }, "geometry": { "type": "LineString", "coordinates": [ [ 6.7454887, 43.4937823 ], [ 6.7455384, 43.4937051 ], [ 6.7455662, 43.4935641 ], [ 6.7457649, 43.493408 ], [ 6.7458918, 43.4933172 ] ] } },
{ "type": "Feature", "properties": { "element": "way", "id": 240697911, "name": "Le Blavet", "waterway": "stream" }, "geometry": { "type": "LineString", "coordinates": [ [ 6.6522803, 43.5234395 ], [ 6.6524869, 43.5231244 ], [ 6.6527132, 43.5229816 ], [ 6.6527668, 43.5228568 ], [ 6.6527431, 43.5227409 ], [ 6.6523043, 43.5224208 ], [ 6.6521247, 43.5223349 ], [ 6.6516501, 43.5220391 ], [ 6.6515165, 43.5217537 ], [ 6.651708, 43.5214686 ], [ 6.6519706, 43.5211645 ], [ 6.6520758, 43.5210112 ], [ 6.6521652, 43.520543 ], [ 6.6521784, 43.5204739 ], [ 6.6525929, 43.5201141 ], [ 6.6530339, 43.5199549 ], [ 6.6536742, 43.5198959 ], [ 6.6541212, 43.5195303 ], [ 6.6548408, 43.518953 ], [ 6.6550717, 43.5187663 ], [ 6.6554385, 43.5184605 ], [ 6.6556679, 43.5182579 ], [ 6.6562213, 43.5177041 ], [ 6.6564435, 43.5174527 ], [ 6.6564518, 43.5172244 ], [ 6.656411, 43.5169191 ], [ 6.6568261, 43.5164834 ], [ 6.6570295, 43.5162718 ], [ 6.6571777, 43.5160045 ], [ 6.6571642, 43.5156674 ], [ 6.6571292, 43.5153419 ], [ 6.6570767, 43.5149487 ], [ 6.6570359, 43.5146613 ], [ 6.6570068, 43.5144076 ], [ 6.6569344, 43.5142126 ], [ 6.6566686, 43.5134212 ], [ 6.6564959, 43.5128649 ], [ 6.656469, 43.5126947 ], [ 6.6564318, 43.5125363 ], [ 6.6563609, 43.5122899 ], [ 6.6564563, 43.5121978 ], [ 6.656457, 43.5121206 ], [ 6.656382, 43.5120272 ], [ 6.6563236, 43.5119305 ], [ 6.6562714, 43.5118368 ], [ 6.6560181, 43.5108332 ], [ 6.6559852, 43.5100401 ], [ 6.6556474, 43.5088696 ], [ 6.6545083, 43.508156 ], [ 6.6536188, 43.5071337 ], [ 6.653022, 43.5063435 ], [ 6.6530423, 43.5060167 ], [ 6.6533, 43.5057634 ], [ 6.6535278, 43.5055682 ], [ 6.6539925, 43.5050555 ], [ 6.6541963, 43.5049771 ], [ 6.6544851, 43.5049605 ], [ 6.6547413, 43.5049143 ], [ 6.6549041, 43.5045821 ], [ 6.6549327, 43.5044859 ], [ 6.65524, 43.5039439 ], [ 6.6554661, 43.5032544 ], [ 6.6547779, 43.5025328 ], [ 6.6542642, 43.5021929 ], [ 6.6541954, 43.5019723 ], [ 6.6543184, 43.5016999 ], [ 6.6546121, 43.5015631 ], [ 6.6550107, 43.5014127 ], [ 6.6552954, 43.5011798 ], [ 6.6554054, 43.5008387 ], [ 6.6554054, 43.4999527 ], [ 6.6558151, 43.4994051 ], [ 6.6565131, 43.4990612 ], [ 6.6571655, 43.4984971 ], [ 6.6574765, 43.4979633 ], [ 6.6575183, 43.4974653 ], [ 6.6573058, 43.4971598 ], [ 6.6562968, 43.4966233 ], [ 6.6558445, 43.4959715 ], [ 6.6554873, 43.4953347 ] ] } },
{ "type": "Feature", "properties": { "element": "way", "id": 253022884, "name": null, "waterway": "stream" }, "geometry": { "type": "LineString", "coordinates": [ [ 6.6903172, 43.4840194 ], [ 6.6903914, 43.4839857 ], [ 6.6907638, 43.4838683 ], [ 6.6910342, 43.4837267 ], [ 6.6911162, 43.4835546 ], [ 6.6911628, 43.4833118 ], [ 6.6912093, 43.4830544 ], [ 6.6913889, 43.4828855 ], [ 6.6914953, 43.4828099 ], [ 6.6916615, 43.4826764 ], [ 6.691963, 43.4825832 ], [ 6.6922543, 43.4825271 ] ] } },
{ "type": "Feature", "properties": { "element": "way", "id": 253022885, "name": "Le Réal", "waterway": "stream" }, "geometry": { "type": "LineString", "coordinates": [ [ 6.6920347, 43.4853637 ], [ 6.6920717, 43.4852278 ], [ 6.692008, 43.4849444 ], [ 6.6918944, 43.4845845 ], [ 6.6916589, 43.4842408 ], [ 6.6915841, 43.4840197 ], [ 6.6917226, 43.4838468 ], [ 6.6919193, 43.4837604 ], [ 6.6919193, 43.4836554 ], [ 6.6919193, 43.4835493 ], [ 6.6919387, 43.4833021 ], [ 6.6920107, 43.4831534 ], [ 6.6919609, 43.4828579 ], [ 6.6921714, 43.4826568 ], [ 6.6922543, 43.4825271 ] ] } },
{ "type": "Feature", "properties": { "element": "way", "id": 253022886, "name": "Le Réal", "waterway": "stream" }, "geometry": { "type": "LineString", "coordinates": [ [ 6.6919967, 43.4854173 ], [ 6.6920347, 43.4853637 ] ] } },
{ "type": "Feature", "properties": { "element": "way", "id": 253022887, "name": null, "waterway": "stream" }, "geometry": { "type": "LineString", "coordinates": [ [ 6.6902334, 43.484062 ], [ 6.6903172, 43.4840194 ] ] } },
{ "type": "Feature", "properties": { "element": "way", "id": 253022888, "name": "Le Réal", "waterway": "stream" }, "geometry": { "type": "LineString", "coordinates": [ [ 6.6898111, 43.4913159 ], [ 6.6901823, 43.4910024 ], [ 6.6905591, 43.4907813 ], [ 6.6912655, 43.4902326 ], [ 6.6918113, 43.4898105 ], [ 6.6921354, 43.4895271 ], [ 6.6922019, 43.4893663 ], [ 6.6921908, 43.489105 ], [ 6.6919498, 43.4885825 ], [ 6.6918916, 43.4883272 ], [ 6.6919609, 43.4880056 ], [ 6.6918334, 43.4876599 ], [ 6.6915426, 43.4876921 ], [ 6.691429, 43.4873323 ], [ 6.6914123, 43.4869524 ], [ 6.6914816, 43.4866107 ], [ 6.6915619, 43.4864157 ], [ 6.6917115, 43.486273 ], [ 6.6918307, 43.4860298 ], [ 6.6918972, 43.4857926 ], [ 6.6919443, 43.4855052 ], [ 6.6919967, 43.4854173 ] ] } },
{ "type": "Feature", "properties": { "element": "way", "id": 253022889, "name": "Le Réal", "waterway": "stream" }, "geometry": { "type": "LineString", "coordinates": [ [ 6.6922543, 43.4825271 ], [ 6.6924623, 43.4822026 ], [ 6.6928391, 43.4818367 ], [ 6.6929665, 43.4814045 ], [ 6.6932408, 43.4809241 ], [ 6.6934347, 43.4806728 ], [ 6.6939722, 43.4804255 ], [ 6.6941107, 43.480114 ], [ 6.6944182, 43.4799853 ], [ 6.6951745, 43.4792978 ], [ 6.6955901, 43.4788978 ], [ 6.6957369, 43.4786143 ], [ 6.6957591, 43.4783228 ], [ 6.6959364, 43.4778444 ], [ 6.6959364, 43.4774222 ], [ 6.6961636, 43.4770322 ], [ 6.6965542, 43.4765035 ], [ 6.6968229, 43.4760049 ], [ 6.6971083, 43.4755807 ], [ 6.6973631, 43.4752008 ], [ 6.6973798, 43.4747806 ], [ 6.6973995, 43.4746383 ], [ 6.6974518, 43.4744408 ], [ 6.6975765, 43.4741172 ], [ 6.6975561, 43.4736814 ], [ 6.6976059, 43.4733135 ], [ 6.6978663, 43.4729778 ], [ 6.6980658, 43.4727767 ], [ 6.6982043, 43.4725616 ], [ 6.6985285, 43.4723767 ], [ 6.6987418, 43.4721334 ], [ 6.6990853, 43.4717554 ], [ 6.6999073, 43.4707681 ], [ 6.7004118, 43.4709035 ], [ 6.7009094, 43.4705825 ], [ 6.7012162, 43.4703994 ] ] } },
{ "type": "Feature", "properties": { "element": "way", "id": 253022890, "name": null, "waterway": "stream" }, "geometry": { "type": "LineString", "coordinates": [ [ 6.6797201, 43.4907566 ], [ 6.6797822, 43.4904574 ], [ 6.6797489, 43.4900522 ], [ 6.6798088, 43.4898383 ], [ 6.6799174, 43.4895793 ], [ 6.6802499, 43.4893269 ], [ 6.6804405, 43.4893252 ], [ 6.680578, 43.4892722 ], [ 6.680793, 43.4889923 ], [ 6.6809415, 43.4888942 ], [ 6.6812474, 43.4887945 ], [ 6.6816331, 43.4886787 ], [ 6.6821496, 43.4884632 ], [ 6.6826351, 43.488296 ], [ 6.6829454, 43.4881737 ], [ 6.6832912, 43.4878971 ], [ 6.6835284, 43.487754 ], [ 6.6836082, 43.487561 ], [ 6.6841358, 43.4872747 ], [ 6.6843663, 43.4872635 ], [ 6.6845193, 43.4870206 ], [ 6.6848961, 43.4867697 ], [ 6.68512, 43.4867102 ], [ 6.6854968, 43.4865767 ], [ 6.685856, 43.486485 ], [ 6.6860355, 43.4863516 ], [ 6.6861951, 43.4861795 ], [ 6.6863481, 43.4860733 ], [ 6.686583, 43.4860411 ], [ 6.6871017, 43.4858305 ], [ 6.6876581, 43.4855892 ], [ 6.6878222, 43.4854493 ], [ 6.6879197, 43.4853158 ], [ 6.6879973, 43.4851099 ], [ 6.688199, 43.4849941 ], [ 6.6882478, 43.4848301 ], [ 6.6882057, 43.4846982 ], [ 6.6882522, 43.4844569 ], [ 6.6884805, 43.4842752 ], [ 6.6886934, 43.4842366 ], [ 6.6889283, 43.4842929 ], [ 6.6891988, 43.4842977 ], [ 6.6894049, 43.4843041 ], [ 6.689498, 43.4843363 ], [ 6.6896731, 43.4842704 ], [ 6.6898061, 43.484235 ], [ 6.6899879, 43.4841127 ], [ 6.6901054, 43.484124 ], [ 6.6902334, 43.484062 ] ] } },
{ "type": "Feature", "properties": { "element": "way", "id": 253034930, "name": "Canal Le Gabron", "waterway": "stream" }, "geometry": { "type": "LineString", "coordinates": [ [ 6.6847949, 43.4679957 ], [ 6.6847198, 43.4678633 ], [ 6.6845782, 43.4677072 ], [ 6.6844065, 43.467567 ], [ 6.6843422, 43.4673101 ], [ 6.6843121, 43.4670769 ], [ 6.6842655, 43.4669545 ], [ 6.6841593, 43.4666532 ], [ 6.6840823, 43.466591 ], [ 6.6839862, 43.4665424 ], [ 6.6835979, 43.4663649 ], [ 6.6832478, 43.4662121 ], [ 6.6830266, 43.4662083 ], [ 6.6827757, 43.4661966 ], [ 6.6825397, 43.4661654 ], [ 6.6825182, 43.4660486 ], [ 6.6825826, 43.4657683 ], [ 6.6826041, 43.4654257 ], [ 6.6825504, 43.4651687 ], [ 6.6824539, 43.4649117 ], [ 6.6823144, 43.464756 ], [ 6.6822929, 43.4645925 ], [ 6.6822715, 43.4644134 ], [ 6.6820784, 43.4642343 ], [ 6.6818638, 43.4640396 ], [ 6.6815527, 43.4637904 ], [ 6.6811879, 43.4635256 ], [ 6.6810806, 43.4634478 ], [ 6.6806459, 43.4630294 ] ] } },
{ "type": "Feature", "properties": { "element": "way", "id": 253034935, "name": "Le Blavet", "waterway": "stream" }, "geometry": { "type": "LineString", "coordinates": [ [ 6.6554873, 43.4953347 ], [ 6.6546054, 43.4952157 ], [ 6.6543336, 43.4951034 ], [ 6.6541042, 43.4948855 ], [ 6.6530808, 43.4943083 ], [ 6.6524988, 43.4936187 ], [ 6.6521271, 43.4926996 ], [ 6.6516909, 43.4921327 ], [ 6.6512357, 43.4916704 ], [ 6.6510916, 43.4908834 ], [ 6.651084, 43.4905118 ], [ 6.650936, 43.4902834 ], [ 6.6506288, 43.4899835 ], [ 6.6503102, 43.4897716 ], [ 6.6502229, 43.489689 ], [ 6.6503064, 43.4894936 ], [ 6.6507464, 43.4891964 ], [ 6.6509702, 43.4890175 ], [ 6.6510233, 43.4889515 ], [ 6.650955, 43.488591 ], [ 6.6510726, 43.488258 ], [ 6.6511902, 43.4879195 ], [ 6.6514823, 43.4876333 ], [ 6.6517933, 43.4875259 ], [ 6.6521423, 43.4874213 ], [ 6.6522978, 43.4873058 ], [ 6.6524533, 43.4869205 ], [ 6.6522484, 43.4859629 ], [ 6.6526353, 43.4856409 ], [ 6.6527605, 43.4849639 ], [ 6.6530488, 43.4846033 ], [ 6.6530185, 43.4842345 ], [ 6.6525064, 43.4835272 ], [ 6.6525405, 43.4831529 ], [ 6.6531247, 43.4822034 ], [ 6.6532731, 43.4816489 ], [ 6.6531555, 43.4812664 ], [ 6.6526662, 43.4807751 ], [ 6.6523324, 43.4800773 ], [ 6.6521086, 43.4795805 ], [ 6.6519436, 43.4790328 ], [ 6.6516723, 43.4786494 ], [ 6.6512324, 43.4778378 ], [ 6.6509346, 43.4773668 ], [ 6.6505296, 43.4769016 ], [ 6.650543, 43.4764636 ], [ 6.6503392, 43.4762009 ] ] } },
{ "type": "Feature", "properties": { "element": "way", "id": 253034936, "name": "Le Raphaël", "waterway": "stream" }, "geometry": { "type": "LineString", "coordinates": [ [ 6.6616459, 43.4991343 ], [ 6.6610429, 43.4989563 ], [ 6.6605189, 43.4984767 ], [ 6.6602777, 43.4979427 ], [ 6.6600906, 43.4976381 ], [ 6.6597454, 43.4970257 ], [ 6.6592464, 43.4967934 ], [ 6.6579526, 43.4963047 ], [ 6.6575115, 43.4958432 ], [ 6.6574066, 43.4957714 ], [ 6.6574358, 43.4955925 ], [ 6.6573171, 43.4954002 ], [ 6.6568129, 43.4952432 ], [ 6.6564381, 43.4952315 ], [ 6.6561229, 43.4952295 ], [ 6.6554873, 43.4953347 ] ] } },
{ "type": "Feature", "properties": { "element": "way", "id": 253034937, "name": "Le Ronflon", "waterway": "stream" }, "geometry": { "type": "LineString", "coordinates": [ [ 6.7020641, 43.4953727 ], [ 6.7021471, 43.4951521 ], [ 6.7023337, 43.4949441 ], [ 6.7024166, 43.4948914 ], [ 6.7024512, 43.4947285 ], [ 6.702427, 43.4945806 ], [ 6.702014, 43.4943737 ], [ 6.701999, 43.4943037 ], [ 6.7020313, 43.4941306 ], [ 6.7020918, 43.4940065 ], [ 6.7018879, 43.493821 ], [ 6.7019207, 43.493747 ], [ 6.7020002, 43.4936881 ], [ 6.7020417, 43.4934713 ], [ 6.7020693, 43.4933234 ] ] } },
{ "type": "Feature", "properties": { "element": "way", "id": 253034938, "name": "Le Ronflon", "waterway": "stream" }, "geometry": { "type": "LineString", "coordinates": [ [ 6.7020693, 43.4933234 ], [ 6.7020617, 43.4932504 ] ] } },
{ "type": "Feature", "properties": { "element": "way", "id": 253034939, "name": "Le Ronflon", "waterway": "stream" }, "geometry": { "type": "LineString", "coordinates": [ [ 6.7020617, 43.4932504 ], [ 6.7020693, 43.493203 ], [ 6.7021695, 43.4930438 ], [ 6.7021542, 43.4927263 ], [ 6.7023497, 43.4926305 ], [ 6.703332, 43.4924568 ], [ 6.7036789, 43.4923469 ], [ 6.7037474, 43.4921165 ], [ 6.7034639, 43.4915527 ], [ 6.7028726, 43.4913542 ], [ 6.7027304, 43.4912242 ], [ 6.7027357, 43.4910452 ], [ 6.7029627, 43.4910171 ], [ 6.7032684, 43.4908082 ], [ 6.7036154, 43.490677 ], [ 6.7039673, 43.4905068 ], [ 6.704109, 43.4903083 ], [ 6.7044462, 43.4896807 ], [ 6.7046026, 43.4896063 ], [ 6.7046661, 43.4894254 ], [ 6.7047199, 43.4890177 ], [ 6.7048274, 43.4887589 ], [ 6.7050522, 43.4885887 ], [ 6.7053014, 43.4885071 ], [ 6.7054305, 43.4884782 ] ] } },
{ "type": "Feature", "properties": { "element": "way", "id": 253034940, "name": "La Vernède", "waterway": "stream" }, "geometry": { "type": "LineString", "coordinates": [ [ 6.7012162, 43.4703994 ], [ 6.7010089, 43.4701887 ], [ 6.7008396, 43.4698602 ], [ 6.7007186, 43.4695718 ], [ 6.7003495, 43.4688946 ], [ 6.7001724, 43.4685352 ], [ 6.6999932, 43.4682703 ], [ 6.7000059, 43.4680266 ], [ 6.7002793, 43.4675164 ], [ 6.7005523, 43.467208 ], [ 6.700524, 43.4667002 ], [ 6.7003834, 43.4663623 ], [ 6.7002649, 43.466246 ], [ 6.6989941, 43.466032 ], [ 6.698758, 43.4659457 ], [ 6.6985967, 43.4657521 ], [ 6.6984644, 43.4652255 ], [ 6.6985005, 43.4648497 ], [ 6.6986217, 43.4646174 ], [ 6.6990952, 43.4644389 ], [ 6.6994151, 43.4642014 ], [ 6.6994875, 43.4640692 ], [ 6.6993786, 43.4638345 ], [ 6.6986113, 43.4632466 ], [ 6.6986668, 43.463008 ], [ 6.6991174, 43.4625797 ], [ 6.6996458, 43.462315 ], [ 6.69989, 43.4620612 ], [ 6.700436, 43.4615495 ], [ 6.7012682, 43.4611717 ], [ 6.7014295, 43.461032 ], [ 6.7016011, 43.4606095 ], [ 6.7019012, 43.4603104 ], [ 6.7028412, 43.4595278 ], [ 6.7032144, 43.4589735 ], [ 6.703355, 43.4584017 ], [ 6.7035012, 43.4581934 ], [ 6.7041803, 43.4578084 ], [ 6.7053634, 43.4572645 ], [ 6.7060141, 43.4570194 ], [ 6.7064997, 43.4570069 ], [ 6.7067885, 43.4569396 ], [ 6.7070025, 43.4567313 ], [ 6.7077017, 43.4565931 ], [ 6.7080143, 43.456373 ], [ 6.7082102, 43.4559924 ], [ 6.7086465, 43.4555648 ], [ 6.7086933, 43.4552266 ], [ 6.708607, 43.4549887 ], [ 6.7086834, 43.4547382 ], [ 6.7087055, 43.4543262 ], [ 6.7087347, 43.4537734 ], [ 6.7086193, 43.4533457 ], [ 6.7083709, 43.4526978 ], [ 6.70843, 43.4524282 ], [ 6.7085912, 43.4522608 ], [ 6.7091274, 43.4521615 ], [ 6.7092785, 43.452028 ], [ 6.7094219, 43.4513441 ], [ 6.7096514, 43.4510639 ], [ 6.709849, 43.4509159 ] ] } },
{ "type": "Feature", "properties": { "element": "way", "id": 253034941, "name": null, "waterway": "stream" }, "geometry": { "type": "LineString", "coordinates": [ [ 6.6635406, 43.4991627 ], [ 6.6632942, 43.4991102 ], [ 6.6631077, 43.4989808 ], [ 6.6629916, 43.4988709 ], [ 6.6625402, 43.4989808 ], [ 6.6616459, 43.4991343 ] ] } },
{ "type": "Feature", "properties": { "element": "way", "id": 253034942, "name": "Le Ronflon", "waterway": "stream" }, "geometry": { "type": "LineString", "coordinates": [ [ 6.7054305, 43.4884782 ], [ 6.7053216, 43.4883378 ], [ 6.7050676, 43.4882087 ], [ 6.7049173, 43.4880708 ], [ 6.7048171, 43.4878852 ], [ 6.704665, 43.487785 ], [ 6.7046478, 43.4875894 ], [ 6.7045735, 43.4874177 ], [ 6.7045579, 43.4872898 ], [ 6.7044145, 43.4869889 ], [ 6.7042936, 43.486732 ], [ 6.7042642, 43.4864637 ], [ 6.7042797, 43.4863471 ], [ 6.703948, 43.485956 ], [ 6.7039031, 43.4857667 ], [ 6.7040188, 43.4854859 ], [ 6.70424, 43.4852301 ], [ 6.7043454, 43.4849506 ], [ 6.7046409, 43.4847324 ], [ 6.7049691, 43.4844967 ], [ 6.7051765, 43.4841996 ], [ 6.7054685, 43.4838599 ], [ 6.7059022, 43.4834876 ], [ 6.7064689, 43.4829209 ], [ 6.7066918, 43.4826426 ], [ 6.706735, 43.4825561 ], [ 6.7067419, 43.4823806 ], [ 6.7066555, 43.4822527 ], [ 6.7066572, 43.4821123 ], [ 6.706754, 43.4820295 ], [ 6.7068248, 43.4819292 ], [ 6.7068991, 43.4815995 ], [ 6.7070581, 43.4813989 ], [ 6.7073553, 43.4812234 ], [ 6.7076646, 43.4810027 ], [ 6.7078736, 43.4807921 ], [ 6.707884, 43.4806881 ], [ 6.7075903, 43.4804649 ], [ 6.7073881, 43.4801352 ], [ 6.7073484, 43.4799408 ], [ 6.7069371, 43.4796475 ], [ 6.706481, 43.4792726 ], [ 6.7065518, 43.4789504 ], [ 6.7066935, 43.4787034 ], [ 6.7067644, 43.4786244 ], [ 6.7068335, 43.4784489 ], [ 6.7068266, 43.4783172 ], [ 6.7069164, 43.4782332 ], [ 6.7069959, 43.4781066 ], [ 6.7067367, 43.4776866 ], [ 6.706348, 43.477412 ], [ 6.7061665, 43.477249 ], [ 6.7060577, 43.4769105 ], [ 6.7060421, 43.4767513 ], [ 6.7058814, 43.476335 ], [ 6.7058866, 43.476098 ], [ 6.7059955, 43.4758761 ], [ 6.7060007, 43.4757081 ], [ 6.705897, 43.4754987 ], [ 6.7059765, 43.4753206 ], [ 6.7060559, 43.475204 ], [ 6.7060646, 43.474878 ], [ 6.7060041, 43.4744242 ], [ 6.7059281, 43.4741119 ], [ 6.7056603, 43.4736593 ], [ 6.7053441, 43.4733032 ], [ 6.7052404, 43.4731991 ], [ 6.7049087, 43.4729684 ], [ 6.7048601, 43.4729455 ], [ 6.7046875, 43.4728643 ], [ 6.7043419, 43.472591 ], [ 6.7041778, 43.4724004 ], [ 6.7040258, 43.4720518 ], [ 6.7039255, 43.4717371 ], [ 6.7036854, 43.4714763 ], [ 6.702094, 43.4705172 ], [ 6.701814, 43.470437 ], [ 6.7012162, 43.4703994 ] ] } },
{ "type": "Feature", "properties": { "element": "way", "id": 253034943, "name": "Le Raphaël", "waterway": "stream" }, "geometry": { "type": "LineString", "coordinates": [ [ 6.6852059, 43.5260803 ], [ 6.6848543, 43.52605 ], [ 6.6845741, 43.5259981 ], [ 6.6840198, 43.5258901 ], [ 6.6836383, 43.5258512 ], [ 6.6834178, 43.5259031 ], [ 6.6832151, 43.5259593 ], [ 6.6828694, 43.5259895 ], [ 6.6824403, 43.5260327 ], [ 6.6822197, 43.5258901 ], [ 6.6819515, 43.5257734 ], [ 6.6815224, 43.5257302 ], [ 6.6811546, 43.5256413 ], [ 6.6810038, 43.5256049 ], [ 6.6808608, 43.5256049 ], [ 6.680521, 43.5256697 ], [ 6.6802826, 43.525674 ], [ 6.6799488, 43.5256481 ], [ 6.6798058, 43.525566 ], [ 6.6794362, 43.5255444 ], [ 6.6790249, 43.5255228 ], [ 6.6788044, 43.5254752 ], [ 6.6785243, 43.5253326 ], [ 6.6783574, 43.5251468 ], [ 6.6783156, 43.5249609 ], [ 6.6783633, 43.5247276 ], [ 6.6783752, 43.5245201 ], [ 6.6786673, 43.5243429 ], [ 6.6787746, 43.5242262 ], [ 6.6788282, 43.524075 ], [ 6.6788163, 43.5238891 ], [ 6.67887, 43.5236773 ], [ 6.67887, 43.5235045 ], [ 6.6789117, 43.5232365 ], [ 6.6789773, 43.5230161 ], [ 6.6791203, 43.5227914 ], [ 6.6792038, 43.522692 ], [ 6.6792455, 43.5225623 ], [ 6.6791918, 43.5224326 ], [ 6.6790905, 43.5222598 ], [ 6.6789653, 43.5220826 ], [ 6.678864, 43.5218448 ], [ 6.6787746, 43.5216374 ], [ 6.6787329, 43.5214213 ], [ 6.6786256, 43.5210366 ], [ 6.6786375, 43.5209588 ], [ 6.6786256, 43.5207687 ], [ 6.6785064, 43.5205612 ], [ 6.6784109, 43.5204124 ], [ 6.6782918, 43.5202327 ], [ 6.6781726, 43.5200858 ], [ 6.6781547, 43.5198826 ], [ 6.6783395, 43.5196968 ], [ 6.6785183, 43.5194936 ], [ 6.6783156, 43.5192646 ], [ 6.6781547, 43.519096 ], [ 6.6780455, 43.5190096 ], [ 6.677958, 43.5189404 ], [ 6.6777732, 43.5187978 ], [ 6.677666, 43.5186378 ], [ 6.6775587, 43.5183915 ], [ 6.6774275, 43.5182013 ], [ 6.6771355, 43.5179549 ], [ 6.6768732, 43.5177561 ], [ 6.6766944, 43.5175097 ], [ 6.6765275, 43.5173412 ], [ 6.6764023, 43.5170775 ], [ 6.6764262, 43.5168873 ], [ 6.6764858, 43.5166798 ], [ 6.6763725, 43.5164507 ], [ 6.6763666, 43.516226 ], [ 6.6764441, 43.5160574 ], [ 6.6765931, 43.5158067 ], [ 6.6766467, 43.5156511 ], [ 6.6766288, 43.5154307 ], [ 6.6765573, 43.5152361 ], [ 6.6764679, 43.5151324 ], [ 6.6763368, 43.5149898 ], [ 6.6762116, 43.5148341 ], [ 6.6762772, 43.5147174 ], [ 6.6763487, 43.5145489 ], [ 6.6762652, 43.5143198 ], [ 6.6760756, 43.5141224 ], [ 6.6759911, 43.5140345 ], [ 6.675848, 43.5139307 ], [ 6.6757109, 43.5136325 ], [ 6.6757884, 43.5134985 ], [ 6.6760387, 43.5134207 ], [ 6.676295, 43.5133385 ], [ 6.6764977, 43.5132348 ], [ 6.6766348, 43.5130489 ], [ 6.6766133, 43.5128824 ], [ 6.676599, 43.5127723 ], [ 6.6765811, 43.5125994 ], [ 6.6766288, 43.5122622 ], [ 6.6767719, 43.5121152 ], [ 6.6769269, 43.5120763 ], [ 6.6771772, 43.5118386 ], [ 6.6772845, 43.5118515 ], [ 6.6774871, 43.5118083 ], [ 6.6774871, 43.5117175 ], [ 6.6774991, 43.5116181 ], [ 6.6776242, 43.5116008 ], [ 6.6777434, 43.5115576 ], [ 6.6777077, 43.5114668 ], [ 6.6776898, 43.5113717 ], [ 6.677803, 43.5112723 ], [ 6.6778746, 43.5111469 ], [ 6.677958, 43.5110345 ], [ 6.6780713, 43.5108746 ], [ 6.6780772, 43.5107017 ], [ 6.6780891, 43.5104466 ], [ 6.678262, 43.5101613 ], [ 6.6782501, 43.5100619 ], [ 6.6782322, 43.5099236 ], [ 6.6780951, 43.5097809 ], [ 6.677964, 43.509595 ], [ 6.6778924, 43.5094135 ], [ 6.6776958, 43.509219 ], [ 6.6774395, 43.5091455 ], [ 6.6772547, 43.5090979 ], [ 6.6769924, 43.5089725 ], [ 6.6765513, 43.5088169 ], [ 6.6762772, 43.5087564 ], [ 6.6759255, 43.5087132 ], [ 6.6756215, 43.5086483 ], [ 6.6754725, 43.5085446 ], [ 6.6754606, 43.5083371 ], [ 6.6754516, 43.5081101 ], [ 6.6751357, 43.5080582 ], [ 6.6749271, 43.5080366 ], [ 6.6747423, 43.5080669 ], [ 6.6745635, 43.5081101 ], [ 6.6743311, 43.5081144 ], [ 6.6740688, 43.5080755 ], [ 6.6738662, 43.5080712 ], [ 6.6736635, 43.5080626 ], [ 6.6735085, 43.5081101 ], [ 6.6733714, 43.5081101 ], [ 6.6731867, 43.5081231 ], [ 6.6729959, 43.5082571 ], [ 6.672835, 43.5083392 ], [ 6.6727039, 43.5083738 ], [ 6.6725668, 43.5083825 ], [ 6.6724118, 43.508309 ], [ 6.6722091, 43.5081144 ], [ 6.6720542, 43.5078334 ], [ 6.6719588, 43.5077124 ], [ 6.6719111, 43.5075697 ], [ 6.6720005, 43.5074228 ], [ 6.6718515, 43.5072023 ], [ 6.6717323, 43.507025 ], [ 6.6716012, 43.5069559 ], [ 6.6714462, 43.5069256 ], [ 6.6712162, 43.5068635 ], [ 6.6711899, 43.5068564 ], [ 6.6710767, 43.50677 ], [ 6.6709098, 43.506744 ], [ 6.670731, 43.5067397 ], [ 6.6706177, 43.5067354 ], [ 6.6704508, 43.5066922 ], [ 6.670278, 43.5066273 ], [ 6.6701349, 43.5064976 ], [ 6.6700813, 43.5064241 ], [ 6.6702005, 43.5063809 ], [ 6.6702899, 43.5063204 ], [ 6.6702362, 43.5061993 ], [ 6.6700693, 43.5060394 ], [ 6.6699263, 43.5059486 ], [ 6.6698607, 43.5058621 ], [ 6.6698071, 43.505793 ], [ 6.6696057, 43.5056704 ], [ 6.6695466, 43.5056345 ], [ 6.6694495, 43.5055303 ], [ 6.6692915, 43.5054633 ], [ 6.6691395, 43.5054222 ], [ 6.6689577, 43.5054114 ], [ 6.6687402, 43.5053985 ], [ 6.6686779, 43.5053824 ], [ 6.6685554, 43.5053509 ], [ 6.6684332, 43.5052688 ], [ 6.668311, 43.5051585 ], [ 6.6682574, 43.5050742 ], [ 6.6682663, 43.5049683 ], [ 6.6681352, 43.5048883 ], [ 6.6680428, 43.5047867 ], [ 6.6679474, 43.5046614 ], [ 6.6678938, 43.5045598 ], [ 6.6678342, 43.5044733 ], [ 6.6678073, 43.5044063 ], [ 6.6677328, 43.5043609 ], [ 6.6675928, 43.5043112 ], [ 6.667557, 43.5042096 ], [ 6.6676017, 43.5040572 ], [ 6.6676315, 43.5039275 ], [ 6.6674348, 43.50372 ], [ 6.6672381, 43.5036465 ], [ 6.6670772, 43.5035816 ], [ 6.6669222, 43.5034865 ], [ 6.6667553, 43.5033568 ], [ 6.6666063, 43.5032185 ], [ 6.6663798, 43.5031233 ], [ 6.666201, 43.5030326 ], [ 6.6660162, 43.5029374 ], [ 6.6658314, 43.5028596 ], [ 6.6655751, 43.5027688 ], [ 6.6652473, 43.5026305 ], [ 6.6649612, 43.502544 ], [ 6.6646394, 43.5024662 ], [ 6.6644605, 43.5023538 ], [ 6.664234, 43.5021549 ], [ 6.6640552, 43.5019863 ], [ 6.6638645, 43.5018263 ], [ 6.6637805, 43.5017682 ], [ 6.6636848, 43.5017021 ], [ 6.6631857, 43.5013612 ], [ 6.6627574, 43.5010355 ], [ 6.6626119, 43.5007308 ], [ 6.6625744, 43.5003749 ], [ 6.6625037, 43.5000008 ], [ 6.6618467, 43.4991954 ], [ 6.6616459, 43.4991343 ] ] } },
{ "type": "Feature", "properties": { "element": "way", "id": 340455416, "name": null, "waterway": "stream" }, "geometry": { "type": "LineString", "coordinates": [ [ 6.7875841, 43.4780821 ], [ 6.7873722, 43.4781203 ], [ 6.7870767, 43.4781427 ], [ 6.7869472, 43.4781399 ], [ 6.7867767, 43.4781213 ], [ 6.7866214, 43.4781124 ], [ 6.7865007, 43.4781084 ], [ 6.7864172, 43.4781371 ], [ 6.7863503, 43.478126 ], [ 6.7860524, 43.4781056 ], [ 6.7859477, 43.4780882 ], [ 6.785753, 43.4780543 ], [ 6.7856176, 43.47807 ], [ 6.7854571, 43.478081 ], [ 6.7852575, 43.4780609 ], [ 6.7851518, 43.4780212 ], [ 6.7850547, 43.4779752 ], [ 6.7849669, 43.4779201 ], [ 6.7848617, 43.4778613 ], [ 6.7847412, 43.4778395 ], [ 6.7846294, 43.4777993 ], [ 6.78457, 43.4777571 ], [ 6.7844711, 43.4776737 ], [ 6.7843457, 43.4775128 ], [ 6.7842985, 43.4774278 ], [ 6.7842345, 43.4773494 ], [ 6.7841472, 43.4773131 ], [ 6.7840858, 43.4772759 ], [ 6.7839688, 43.4771221 ], [ 6.7839015, 43.4770379 ], [ 6.7838291, 43.4769795 ], [ 6.7838099, 43.4769165 ], [ 6.7837629, 43.4767805 ], [ 6.7837129, 43.4766981 ], [ 6.7836595, 43.4765911 ], [ 6.7836669, 43.4765025 ], [ 6.7836777, 43.4764295 ], [ 6.7836314, 43.4763322 ], [ 6.7836384, 43.4762693 ], [ 6.7836408, 43.4761937 ], [ 6.7836085, 43.4761154 ], [ 6.7835803, 43.4759882 ], [ 6.7835722, 43.4759034 ], [ 6.7835986, 43.4757963 ], [ 6.7835834, 43.4757111 ], [ 6.7835285, 43.4756466 ], [ 6.7834174, 43.4755517 ], [ 6.7834077, 43.4754827 ], [ 6.7834094, 43.4753929 ], [ 6.7833939, 43.475318 ], [ 6.783305, 43.4751874 ], [ 6.7832647, 43.4751185 ], [ 6.783259, 43.4750564 ], [ 6.7832991, 43.4749991 ], [ 6.7833215, 43.4749408 ], [ 6.7832816, 43.4748847 ], [ 6.783224, 43.4748156 ], [ 6.7831815, 43.4747559 ], [ 6.7831683, 43.4747101 ], [ 6.7832007, 43.4746826 ], [ 6.7832474, 43.4746433 ], [ 6.7832736, 43.4746028 ], [ 6.7832656, 43.4744975 ], [ 6.7832721, 43.474424 ], [ 6.7832342, 43.4743699 ], [ 6.7831713, 43.474304 ], [ 6.78316, 43.4742416 ], [ 6.7831367, 43.474096 ], [ 6.7831066, 43.4740213 ], [ 6.7830555, 43.4739365 ], [ 6.782993, 43.4738634 ], [ 6.782981, 43.4737988 ], [ 6.782961, 43.4736631 ], [ 6.7829052, 43.4735808 ], [ 6.7828556, 43.4734991 ], [ 6.7827733, 43.4733988 ], [ 6.7826751, 43.473297 ], [ 6.7826015, 43.4732394 ], [ 6.7825801, 43.4731614 ], [ 6.7825453, 43.4730851 ], [ 6.7824842, 43.4729778 ], [ 6.7824725, 43.472863 ], [ 6.7824447, 43.4728013 ], [ 6.7823558, 43.472776 ], [ 6.782278, 43.4727476 ], [ 6.7821932, 43.4726967 ], [ 6.7821122, 43.4726224 ], [ 6.7820969, 43.4725637 ], [ 6.782119, 43.4724975 ], [ 6.7821342, 43.4723668 ], [ 6.7821172, 43.4722577 ], [ 6.7820687, 43.4721819 ], [ 6.7820239, 43.4721277 ], [ 6.7819338, 43.4720841 ], [ 6.7818603, 43.4720367 ], [ 6.7818145, 43.4719393 ], [ 6.7817875, 43.4718144 ], [ 6.7817918, 43.4716197 ], [ 6.7817718, 43.4714749 ], [ 6.7817568, 43.4713408 ], [ 6.7816952, 43.4711874 ], [ 6.7816264, 43.4710095 ], [ 6.781633, 43.4708533 ], [ 6.7816645, 43.47064 ], [ 6.7815713, 43.4704209 ], [ 6.7814303, 43.4702844 ], [ 6.7812251, 43.4698258 ], [ 6.7810015, 43.4695318 ], [ 6.7810053, 43.4692977 ], [ 6.7810091, 43.4690682 ], [ 6.7814327, 43.4681754 ], [ 6.7817467, 43.4677213 ], [ 6.7819003, 43.467367 ], [ 6.7820149, 43.4669261 ], [ 6.7815294, 43.4661226 ], [ 6.7811485, 43.4658499 ], [ 6.7809147, 43.4656286 ], [ 6.7808253, 43.465251 ], [ 6.7809514, 43.4647237 ], [ 6.7811852, 43.464015 ], [ 6.7811989, 43.4638187 ] ] } },
{ "type": "Feature", "properties": { "element": "way", "id": 420482605, "name": null, "waterway": "stream" }, "geometry": { "type": "LineString", "coordinates": [ [ 6.799395, 43.4146741 ], [ 6.7992374, 43.4145505 ], [ 6.7991474, 43.4143961 ], [ 6.7991048, 43.4142489 ], [ 6.7990741, 43.4140249 ] ] } },
{ "type": "Feature", "properties": { "element": "way", "id": 420482606, "name": null, "waterway": "stream" }, "geometry": { "type": "LineString", "coordinates": [ [ 6.7990033, 43.4137265 ], [ 6.7990741, 43.4140249 ] ] } },
{ "type": "Feature", "properties": { "element": "way", "id": 420482607, "name": null, "waterway": "stream" }, "geometry": { "type": "LineString", "coordinates": [ [ 6.7988502, 43.413547 ], [ 6.7990033, 43.4137265 ] ] } },
{ "type": "Feature", "properties": { "element": "way", "id": 473147854, "name": null, "waterway": "stream" }, "geometry": { "type": "LineString", "coordinates": [ [ 6.7695778, 43.4339755 ], [ 6.7694202, 43.4339833 ] ] } },
{ "type": "Feature", "properties": { "element": "way", "id": 473147869, "name": null, "waterway": "stream" }, "geometry": { "type": "LineString", "coordinates": [ [ 6.7688364, 43.4343622 ], [ 6.7687448, 43.4345044 ], [ 6.7686419, 43.434612 ], [ 6.7685196, 43.4346901 ], [ 6.7683746, 43.4347089 ], [ 6.7681866, 43.4346953 ] ] } },
{ "type": "Feature", "properties": { "element": "way", "id": 504405065, "name": "Reyran", "waterway": "river" }, "geometry": { "type": "LineString", "coordinates": [ [ 6.7568358, 43.5121638 ], [ 6.7568756, 43.5120553 ], [ 6.756894, 43.5119801 ], [ 6.7568549, 43.5118774 ] ] } },
{ "type": "Feature", "properties": { "element": "way", "id": 504405066, "name": "Reyran", "waterway": "river" }, "geometry": { "type": "LineString", "coordinates": [ [ 6.7568821, 43.5122953 ], [ 6.7568358, 43.5121638 ] ] } },
{ "type": "Feature", "properties": { "element": "way", "id": 504405067, "name": "Reyran", "waterway": "river" }, "geometry": { "type": "LineString", "coordinates": [ [ 6.7573361, 43.5124186 ], [ 6.7572525, 43.5123567 ], [ 6.7569485, 43.5123237 ], [ 6.7568821, 43.5122953 ] ] } },
{ "type": "Feature", "properties": { "element": "way", "id": 522870588, "name": "Le Blavet", "waterway": "stream" }, "geometry": { "type": "LineString", "coordinates": [ [ 6.6634534, 43.5339738 ], [ 6.663432, 43.5338231 ], [ 6.6633609, 43.5337327 ], [ 6.6632228, 43.5335684 ], [ 6.6630538, 43.5334478 ], [ 6.6629197, 43.5333564 ], [ 6.6626823, 43.533268 ], [ 6.6626085, 43.5331892 ], [ 6.6624074, 43.5330473 ], [ 6.6621807, 43.5329189 ], [ 6.661993, 43.5328567 ], [ 6.6617811, 43.5328081 ], [ 6.6616188, 43.532774 ], [ 6.6613895, 43.5326574 ], [ 6.6611306, 43.5325358 ], [ 6.6610081, 43.5324445 ], [ 6.6609442, 43.5323968 ], [ 6.6608021, 43.5323054 ], [ 6.6606237, 43.5322228 ], [ 6.6604212, 43.5321226 ], [ 6.6602764, 43.5320691 ], [ 6.6600215, 43.5320526 ], [ 6.6598552, 43.5319914 ], [ 6.6596702, 43.5318766 ], [ 6.6595012, 43.5317804 ], [ 6.6593309, 43.5316997 ], [ 6.659182, 43.5315713 ], [ 6.658891, 43.5313895 ], [ 6.6586147, 43.5312767 ], [ 6.6585436, 43.531231 ], [ 6.6583948, 43.5311581 ], [ 6.6581856, 43.5310424 ], [ 6.657975, 43.5309831 ], [ 6.6577712, 43.5308684 ], [ 6.6575754, 43.5307536 ], [ 6.6574346, 43.5306632 ], [ 6.6572079, 43.5305514 ], [ 6.6569544, 43.5304532 ], [ 6.6566165, 43.5303579 ], [ 6.6564381, 43.5302869 ], [ 6.6562946, 43.5302412 ], [ 6.6560693, 43.530176 ], [ 6.655986, 43.5300939 ], [ 6.6558265, 43.5300526 ], [ 6.6556267, 43.5299223 ], [ 6.6555785, 43.5298319 ], [ 6.6555033, 43.5296637 ], [ 6.6553934, 43.5293934 ], [ 6.6554001, 43.529159 ], [ 6.6553974, 43.5288061 ], [ 6.6552484, 43.5285272 ], [ 6.6550906, 43.5282927 ], [ 6.6549589, 43.5280797 ], [ 6.6548703, 43.5279106 ], [ 6.6548084, 43.5278638 ] ] } },
{ "type": "Feature", "properties": { "element": "way", "id": 522870589, "name": "Le Blavet", "waterway": "stream" }, "geometry": { "type": "LineString", "coordinates": [ [ 6.663503, 43.5341333 ], [ 6.6634534, 43.5339738 ] ] } },
{ "type": "Feature", "properties": { "element": "way", "id": 522870595, "name": "Le Blavet", "waterway": "stream" }, "geometry": { "type": "LineString", "coordinates": [ [ 6.6821618, 43.5426739 ], [ 6.6820545, 43.5425689 ], [ 6.6819459, 43.5424173 ], [ 6.6818507, 43.5423346 ], [ 6.6817501, 43.5422899 ], [ 6.6815677, 43.5422851 ], [ 6.6814242, 43.5423084 ], [ 6.681266, 43.5423473 ], [ 6.6809803, 43.5424163 ], [ 6.6807416, 43.5425193 ], [ 6.6804975, 43.5426807 ], [ 6.6803178, 43.5427935 ], [ 6.6801971, 43.5428576 ], [ 6.6799048, 43.5429568 ], [ 6.6796929, 43.5430268 ], [ 6.6794836, 43.5431026 ], [ 6.6792127, 43.5430754 ], [ 6.6790223, 43.5429704 ], [ 6.6789284, 43.5428032 ], [ 6.6788131, 43.5425252 ], [ 6.6788211, 43.5423463 ], [ 6.6787943, 43.5421927 ], [ 6.6787407, 43.5420819 ], [ 6.6786602, 43.541975 ], [ 6.6785181, 43.5418739 ], [ 6.678341, 43.5418214 ], [ 6.6781586, 43.5417455 ], [ 6.678113, 43.5416658 ], [ 6.6781372, 43.5415608 ], [ 6.6781318, 43.5413606 ], [ 6.678164, 43.5411895 ], [ 6.6781908, 43.5410728 ], [ 6.6781479, 43.5408706 ], [ 6.6780111, 43.5403962 ], [ 6.6778743, 43.5399198 ], [ 6.6777831, 43.5396068 ], [ 6.6775551, 43.5390993 ], [ 6.6775042, 43.5388971 ], [ 6.6774398, 43.5387474 ], [ 6.6772869, 43.5382905 ], [ 6.6771716, 43.5379269 ], [ 6.6770992, 43.5376605 ], [ 6.6770589, 43.5373863 ], [ 6.6770536, 43.53719 ], [ 6.6769892, 43.5369936 ], [ 6.6768765, 43.5367836 ], [ 6.6768041, 43.5365541 ], [ 6.6767478, 43.5363908 ], [ 6.6766217, 43.5363461 ], [ 6.6764072, 43.5363247 ], [ 6.6761389, 43.5363169 ], [ 6.6759002, 43.5363577 ], [ 6.6756159, 43.5364452 ], [ 6.6752806, 43.5365561 ], [ 6.674948, 43.5365716 ], [ 6.6745323, 43.5365911 ], [ 6.6741058, 43.5365464 ], [ 6.6735372, 43.5364647 ], [ 6.6732395, 43.5364064 ], [ 6.6728908, 43.53635 ], [ 6.6725528, 43.5363111 ], [ 6.6722739, 43.5362586 ], [ 6.6718045, 43.5361652 ], [ 6.6715631, 43.5360466 ], [ 6.6713566, 43.5359552 ], [ 6.6712198, 43.5359164 ], [ 6.6710025, 43.5359339 ], [ 6.6707289, 43.5360272 ], [ 6.6704795, 43.5361827 ], [ 6.6703185, 43.5362741 ], [ 6.6701308, 43.5363383 ], [ 6.6697687, 43.5363033 ], [ 6.6696051, 43.5363266 ], [ 6.6694334, 43.536315 ], [ 6.669125, 43.5362391 ], [ 6.6688165, 43.536243 ], [ 6.6685161, 43.5363033 ], [ 6.6682184, 43.5363791 ], [ 6.6680735, 43.5364258 ], [ 6.6679609, 43.5365308 ], [ 6.6676015, 43.536628 ], [ 6.6673976, 43.5366689 ], [ 6.667175, 43.5366689 ], [ 6.6668585, 43.536628 ], [ 6.6664588, 43.53663 ], [ 6.6662255, 43.536595 ], [ 6.6657346, 43.5364064 ], [ 6.6653243, 43.5362391 ], [ 6.6649836, 43.5361808 ], [ 6.664812, 43.5360797 ], [ 6.6646939, 43.5359689 ], [ 6.6645652, 43.5358114 ], [ 6.6643721, 43.5355275 ], [ 6.6642246, 43.5352864 ], [ 6.6641092, 43.5350977 ], [ 6.6639563, 43.5349344 ], [ 6.6638625, 43.5348022 ], [ 6.6636988, 43.5346272 ], [ 6.6635996, 43.5344697 ], [ 6.6635674, 43.534353 ], [ 6.663503, 43.5341333 ] ] } },
{ "type": "Feature", "properties": { "element": "way", "id": 522870596, "name": "Le Blavet", "waterway": "stream" }, "geometry": { "type": "LineString", "coordinates": [ [ 6.6822691, 43.5427458 ], [ 6.6821618, 43.5426739 ] ] } },
{ "type": "Feature", "properties": { "element": "way", "id": 522870597, "name": "Le Blavet", "waterway": "stream" }, "geometry": { "type": "LineString", "coordinates": [ [ 6.6927096, 43.545284 ], [ 6.6924977, 43.5452898 ], [ 6.692192, 43.5452665 ], [ 6.6918486, 43.5451732 ], [ 6.6914302, 43.5449962 ], [ 6.6911459, 43.5449068 ], [ 6.6908187, 43.5447727 ], [ 6.6905048, 43.5446385 ], [ 6.6901186, 43.5445433 ], [ 6.6896385, 43.5444305 ], [ 6.6892791, 43.5444033 ], [ 6.688976, 43.5443197 ], [ 6.68874, 43.5442361 ], [ 6.6883215, 43.5440339 ], [ 6.6880426, 43.54389 ], [ 6.6878065, 43.5438006 ], [ 6.6875356, 43.5437267 ], [ 6.6872218, 43.5437111 ], [ 6.6868973, 43.5437111 ], [ 6.6865888, 43.5436898 ], [ 6.6863394, 43.5436412 ], [ 6.6860926, 43.5435789 ], [ 6.6858968, 43.5434565 ], [ 6.6857922, 43.5433515 ], [ 6.6855696, 43.5432912 ], [ 6.6853765, 43.5432815 ], [ 6.6851699, 43.5432348 ], [ 6.6848803, 43.5431726 ], [ 6.6846174, 43.5431823 ], [ 6.6843519, 43.5431687 ], [ 6.6839549, 43.5431882 ], [ 6.6837054, 43.5431745 ], [ 6.6835365, 43.5430987 ], [ 6.6832307, 43.5430093 ], [ 6.6829008, 43.5429199 ], [ 6.6825186, 43.5428149 ], [ 6.6824391, 43.5427945 ], [ 6.682371, 43.542777 ], [ 6.6822691, 43.5427458 ] ] } },
{ "type": "Feature", "properties": { "element": "way", "id": 522870598, "name": "Le Blavet", "waterway": "stream" }, "geometry": { "type": "LineString", "coordinates": [ [ 6.6928276, 43.5452704 ], [ 6.6927096, 43.545284 ] ] } },
{ "type": "Feature", "properties": { "element": "way", "id": 522870599, "name": "Le Blavet", "waterway": "stream" }, "geometry": { "type": "LineString", "coordinates": [ [ 6.6987124, 43.5452568 ], [ 6.6979668, 43.5452898 ], [ 6.6971111, 43.5453151 ], [ 6.6964459, 43.5453209 ], [ 6.6959605, 43.5453306 ], [ 6.695357, 43.545352 ], [ 6.6949922, 43.5453501 ], [ 6.6945925, 43.5453773 ], [ 6.6943645, 43.545387 ], [ 6.6940668, 43.5453948 ], [ 6.6937557, 43.5454123 ], [ 6.6935357, 43.5453929 ], [ 6.6933534, 43.5453034 ], [ 6.6932943, 43.5452607 ], [ 6.6929617, 43.5452529 ], [ 6.6928276, 43.5452704 ] ] } },
{ "type": "Feature", "properties": { "element": "way", "id": 580264782, "name": "La Peyron", "waterway": "stream" }, "geometry": { "type": "LineString", "coordinates": [ [ 6.776641, 43.4295058 ], [ 6.7759739, 43.4291369 ], [ 6.7756304, 43.4289924 ], [ 6.7752583, 43.4288298 ], [ 6.7746614, 43.4286122 ], [ 6.7744197, 43.4285384 ], [ 6.774117, 43.4285196 ] ] } },
{ "type": "Feature", "properties": { "element": "way", "id": 580264785, "name": "La Garonne", "waterway": "river" }, "geometry": { "type": "LineString", "coordinates": [ [ 6.7998466, 43.4485066 ], [ 6.7994129, 43.4481906 ], [ 6.7991395, 43.4479057 ], [ 6.7989787, 43.4477138 ], [ 6.7988835, 43.4475255 ], [ 6.798908, 43.447324 ], [ 6.7988271, 43.4468868 ], [ 6.7987542, 43.4463928 ], [ 6.7985837, 43.446057 ], [ 6.7987147, 43.4458133 ], [ 6.7985395, 43.4455134 ], [ 6.7983458, 43.4451562 ], [ 6.7980639, 43.4448133 ], [ 6.7979793, 43.4444698 ], [ 6.7980372, 43.4441418 ], [ 6.7981368, 43.4438666 ], [ 6.7980862, 43.4436034 ], [ 6.7976813, 43.4432391 ], [ 6.7975295, 43.4430265 ], [ 6.7972157, 43.442733 ], [ 6.7968413, 43.442399 ], [ 6.7964769, 43.4421662 ], [ 6.796072, 43.4420144 ], [ 6.7956976, 43.4419739 ], [ 6.7952421, 43.4420346 ], [ 6.7949283, 43.4420954 ], [ 6.7946348, 43.4420954 ], [ 6.7943717, 43.441984 ], [ 6.7941085, 43.4417816 ], [ 6.7939466, 43.4415185 ], [ 6.7937037, 43.4411338 ], [ 6.7934405, 43.4408505 ], [ 6.7931571, 43.4406379 ], [ 6.7930964, 43.440476 ], [ 6.7930458, 43.4401318 ], [ 6.7929547, 43.4398282 ], [ 6.7927523, 43.4395347 ], [ 6.7923576, 43.4392817 ], [ 6.7919223, 43.4391096 ], [ 6.7915074, 43.438978 ], [ 6.7912645, 43.4388262 ], [ 6.7909406, 43.4387554 ], [ 6.7903333, 43.4386744 ], [ 6.7900803, 43.4385833 ], [ 6.7899487, 43.4384416 ], [ 6.7897362, 43.4383809 ], [ 6.789473, 43.4383201 ], [ 6.7891896, 43.4383303 ], [ 6.7889163, 43.4383606 ], [ 6.7886431, 43.438391 ], [ 6.7882888, 43.4384112 ], [ 6.7879447, 43.4384214 ], [ 6.7876309, 43.4383809 ], [ 6.7873577, 43.4383303 ], [ 6.7870945, 43.4382797 ], [ 6.7868516, 43.4382392 ], [ 6.7865806, 43.4381716 ], [ 6.7862373, 43.4380532 ], [ 6.7858339, 43.4379971 ], [ 6.7854648, 43.4379597 ], [ 6.7850442, 43.4378164 ], [ 6.7845641, 43.4376786 ], [ 6.784374, 43.4376139 ] ] } },
{ "type": "Feature", "properties": { "element": "way", "id": 581017181, "name": "Ruisseau de Suveret", "waterway": "stream" }, "geometry": { "type": "LineString", "coordinates": [ [ 6.7862727, 43.4442123 ], [ 6.786258, 43.4441451 ], [ 6.7862983, 43.444086 ], [ 6.7863862, 43.4440096 ], [ 6.7864617, 43.4439442 ], [ 6.7865235, 43.4439082 ], [ 6.7866323, 43.4438828 ], [ 6.7867767, 43.4438517 ], [ 6.7868604, 43.4438324 ], [ 6.7869824, 43.4437729 ], [ 6.7870381, 43.4437388 ], [ 6.7871086, 43.4436906 ], [ 6.7871625, 43.4436442 ], [ 6.7872135, 43.4435925 ], [ 6.7872694, 43.4435172 ], [ 6.7873008, 43.4434278 ], [ 6.7873142, 43.4433947 ], [ 6.7874201, 43.4433391 ], [ 6.7874431, 43.4433038 ], [ 6.7874537, 43.443259 ], [ 6.787461, 43.4431921 ] ] } },
{ "type": "Feature", "properties": { "element": "way", "id": 581017182, "name": "Ruisseau de Suveret", "waterway": "stream" }, "geometry": { "type": "LineString", "coordinates": [ [ 6.7856962, 43.4452257 ], [ 6.7858034, 43.4452105 ] ] } },
{ "type": "Feature", "properties": { "element": "way", "id": 581017193, "name": "Ruisseau de Suveret", "waterway": "stream" }, "geometry": { "type": "LineString", "coordinates": [ [ 6.787461, 43.4431921 ], [ 6.7874839, 43.4431244 ], [ 6.7874848, 43.4430716 ], [ 6.7874448, 43.4429335 ] ] } },
{ "type": "Feature", "properties": { "element": "way", "id": 581017194, "name": "Ruisseau de Suveret", "waterway": "stream" }, "geometry": { "type": "LineString", "coordinates": [ [ 6.7874448, 43.4429335 ], [ 6.7874585, 43.4428899 ], [ 6.7874951, 43.4428205 ], [ 6.7875013, 43.4427734 ], [ 6.7874759, 43.4427346 ], [ 6.787429, 43.4426662 ], [ 6.787411, 43.4425966 ], [ 6.7874058, 43.4424398 ], [ 6.7873748, 43.4423684 ], [ 6.7873335, 43.4422459 ], [ 6.7873118, 43.4421491 ], [ 6.7873183, 43.4420848 ], [ 6.7873313, 43.4419999 ], [ 6.787304, 43.441762 ], [ 6.787327, 43.4416815 ], [ 6.787371, 43.4415813 ], [ 6.7873746, 43.4415437 ], [ 6.7873585, 43.4414998 ], [ 6.7873169, 43.4414593 ], [ 6.7870318, 43.441344 ], [ 6.787016, 43.4413048 ], [ 6.7871585, 43.4410579 ], [ 6.7871889, 43.4409911 ], [ 6.7871782, 43.4408908 ], [ 6.7871871, 43.4408365 ], [ 6.7875708, 43.4402808 ] ] } },
{ "type": "Feature", "properties": { "element": "way", "id": 665637152, "name": null, "waterway": "stream" }, "geometry": { "type": "LineString", "coordinates": [ [ 6.724121, 43.4636038 ], [ 6.723724, 43.4635454 ], [ 6.7234531, 43.4634986 ], [ 6.7233136, 43.4634967 ], [ 6.7225814, 43.4634577 ], [ 6.7223588, 43.4634013 ], [ 6.72223, 43.4632806 ], [ 6.7220557, 43.4629399 ], [ 6.7218679, 43.4626031 ], [ 6.7218223, 43.4624065 ], [ 6.7217311, 43.4622527 ], [ 6.7215916, 43.4621028 ], [ 6.7212993, 43.4619373 ], [ 6.7211464, 43.4618575 ], [ 6.7209506, 43.4618088 ], [ 6.7207199, 43.4617017 ], [ 6.7205965, 43.4615908 ], [ 6.7204973, 43.4614447 ], [ 6.7204329, 43.4613396 ], [ 6.7203283, 43.4612734 ], [ 6.720221, 43.4612598 ], [ 6.7200386, 43.461254 ], [ 6.7198536, 43.4612345 ], [ 6.7196685, 43.461178 ], [ 6.7194191, 43.4610709 ], [ 6.7192233, 43.4609269 ], [ 6.7191026, 43.4607964 ], [ 6.7189926, 43.4605628 ], [ 6.7189926, 43.4603603 ], [ 6.7189658, 43.4601773 ], [ 6.7189175, 43.4600995 ], [ 6.7187673, 43.4599457 ], [ 6.7185983, 43.4598308 ], [ 6.7181987, 43.4595933 ], [ 6.7178741, 43.4594648 ], [ 6.7173806, 43.4592798 ], [ 6.7165035, 43.4589664 ], [ 6.7160743, 43.458834 ], [ 6.7156854, 43.4586802 ], [ 6.7152214, 43.4585575 ], [ 6.7149103, 43.4584913 ], [ 6.7147037, 43.4585322 ], [ 6.7144999, 43.4586003 ], [ 6.7143309, 43.4586451 ], [ 6.7140037, 43.4586179 ], [ 6.7138052, 43.4585127 ], [ 6.7136013, 43.4583472 ], [ 6.7134485, 43.4582694 ], [ 6.7132473, 43.4582109 ], [ 6.7130542, 43.4581759 ], [ 6.7128208, 43.4581428 ], [ 6.7126974, 43.4580941 ], [ 6.7126062, 43.4578839 ], [ 6.7125794, 43.4577203 ], [ 6.7124882, 43.4576015 ], [ 6.71244, 43.457403 ], [ 6.7124078, 43.4573484 ], [ 6.7123434, 43.4572725 ], [ 6.7122991, 43.4571459 ] ] } },
{ "type": "Feature", "properties": { "element": "way", "id": 665637153, "name": "Le Compassis", "waterway": "stream" }, "geometry": { "type": "LineString", "coordinates": [ [ 6.7122991, 43.4571459 ], [ 6.7121458, 43.4564064 ], [ 6.7124532, 43.4561256 ], [ 6.7128023, 43.4554767 ], [ 6.7129862, 43.4550227 ], [ 6.712959, 43.4541982 ], [ 6.7128858, 43.4540063 ], [ 6.7128245, 43.4536958 ] ] } },
{ "type": "Feature", "properties": { "element": "way", "id": 665637154, "name": null, "waterway": "stream" }, "geometry": { "type": "LineString", "coordinates": [ [ 6.7172581, 43.4675278 ], [ 6.7172666, 43.467467 ] ] } },
{ "type": "Feature", "properties": { "element": "way", "id": 665637155, "name": null, "waterway": "stream" }, "geometry": { "type": "LineString", "coordinates": [ [ 6.7175115, 43.4688569 ], [ 6.7174588, 43.4685984 ], [ 6.7172581, 43.4675278 ] ] } },
{ "type": "Feature", "properties": { "element": "way", "id": 665637156, "name": "Le Compassis", "waterway": "stream" }, "geometry": { "type": "LineString", "coordinates": [ [ 6.7172666, 43.467467 ], [ 6.7172692, 43.4670014 ], [ 6.7174392, 43.4666602 ], [ 6.7172246, 43.4662678 ], [ 6.7166972, 43.4658275 ], [ 6.7164299, 43.4651493 ], [ 6.7162024, 43.4650708 ], [ 6.7160234, 43.4649276 ], [ 6.7154521, 43.4646927 ], [ 6.7153461, 43.464581 ], [ 6.7150025, 43.4643541 ], [ 6.7148965, 43.4642341 ], [ 6.7142516, 43.4638979 ], [ 6.7137483, 43.4637231 ], [ 6.7131246, 43.4633959 ], [ 6.7125371, 43.4631428 ], [ 6.712063, 43.463187 ] ] } },
{ "type": "Feature", "properties": { "element": "way", "id": 665637157, "name": null, "waterway": "stream" }, "geometry": { "type": "LineString", "coordinates": [ [ 6.7175312, 43.4689633 ], [ 6.7175115, 43.4688569 ] ] } },
{ "type": "Feature", "properties": { "element": "way", "id": 665637159, "name": "Le Compassis", "waterway": "stream" }, "geometry": { "type": "LineString", "coordinates": [ [ 6.7155025, 43.44662 ], [ 6.715616, 43.4464614 ], [ 6.7186153, 43.4452649 ], [ 6.7189992, 43.4449593 ], [ 6.7194738, 43.4446937 ] ] } },
{ "type": "Feature", "properties": { "element": "way", "id": 665637160, "name": "Le Compassis", "waterway": "stream" }, "geometry": { "type": "LineString", "coordinates": [ [ 6.715496, 43.446672 ], [ 6.7155025, 43.44662 ] ] } },
{ "type": "Feature", "properties": { "element": "way", "id": 665637167, "name": "La Grande Garonne", "waterway": "river" }, "geometry": { "type": "LineString", "coordinates": [ [ 6.7107637, 43.4336279 ], [ 6.7102721, 43.432563 ], [ 6.7097889, 43.431461 ], [ 6.7092191, 43.4302454 ] ] } },
{ "type": "Feature", "properties": { "element": "way", "id": 665637168, "name": "La Grande Garonne", "waterway": "stream" }, "geometry": { "type": "LineString", "coordinates": [ [ 6.7133645, 43.440124 ], [ 6.7132066, 43.4396376 ], [ 6.7128678, 43.4385783 ] ] } },
{ "type": "Feature", "properties": { "element": "way", "id": 665637176, "name": "Le Ronflon", "waterway": "stream" }, "geometry": { "type": "LineString", "coordinates": [ [ 6.7102888, 43.513625 ], [ 6.7101252, 43.5133371 ], [ 6.7099616, 43.5131484 ], [ 6.7098007, 43.512915 ], [ 6.7096719, 43.5126543 ], [ 6.7095914, 43.5124326 ], [ 6.7095646, 43.5120299 ], [ 6.7095163, 43.5117051 ], [ 6.7093447, 43.5113841 ], [ 6.7092937, 43.5111837 ], [ 6.7092535, 43.5108978 ], [ 6.7092213, 43.5106896 ], [ 6.7093179, 43.5105457 ], [ 6.7095056, 43.5104115 ], [ 6.709747, 43.5103706 ], [ 6.7098489, 43.51025 ], [ 6.7100367, 43.5101352 ], [ 6.7101896, 43.5100711 ], [ 6.7101735, 43.5099718 ], [ 6.7101252, 43.5097851 ], [ 6.7101386, 43.5096762 ], [ 6.7101091, 43.5094836 ], [ 6.7100072, 43.5092676 ], [ 6.7098945, 43.5089875 ], [ 6.7097256, 43.5086665 ], [ 6.7094439, 43.5082911 ], [ 6.7090201, 43.5079001 ], [ 6.708599, 43.5077639 ], [ 6.708304, 43.5077075 ], [ 6.7078695, 43.5075849 ], [ 6.7074215, 43.5073787 ], [ 6.7071614, 43.5073029 ], [ 6.7069575, 43.5070966 ], [ 6.7067698, 43.5067854 ], [ 6.7066303, 43.5063088 ], [ 6.7062736, 43.5058127 ], [ 6.7060778, 43.505589 ], [ 6.7058524, 43.5053049 ], [ 6.7057157, 43.5050462 ], [ 6.7055842, 43.5048186 ], [ 6.7054608, 43.5047213 ], [ 6.7052945, 43.5045695 ], [ 6.7050505, 43.5043789 ], [ 6.7048466, 43.5042641 ], [ 6.7046025, 43.5041513 ], [ 6.7044899, 43.5040939 ], [ 6.7044175, 43.5040093 ], [ 6.7043504, 43.5039091 ], [ 6.7043464, 43.5038633 ], [ 6.7043437, 43.5037106 ], [ 6.7043437, 43.5036182 ], [ 6.7043236, 43.5035686 ], [ 6.7042485, 43.5034538 ], [ 6.7042042, 43.5033458 ], [ 6.7041948, 43.5032476 ], [ 6.7042203, 43.5030706 ], [ 6.7042217, 43.5029529 ], [ 6.7042109, 43.5028361 ], [ 6.7042163, 43.5027719 ], [ 6.7042538, 43.5026435 ], [ 6.7042458, 43.502482 ], [ 6.7042136, 43.5024062 ], [ 6.7041278, 43.502342 ], [ 6.7039159, 43.5022972 ], [ 6.7036691, 43.5022739 ], [ 6.7035082, 43.5022525 ], [ 6.7034599, 43.5021999 ], [ 6.7034197, 43.5021318 ], [ 6.7033607, 43.501982 ], [ 6.7033526, 43.5017719 ], [ 6.7033285, 43.5013536 ], [ 6.7032641, 43.5011785 ], [ 6.7031273, 43.5009217 ], [ 6.7030388, 43.5007349 ], [ 6.7028913, 43.5005034 ], [ 6.7027625, 43.5003711 ], [ 6.7025453, 43.5002135 ], [ 6.7022797, 43.4999645 ], [ 6.7021832, 43.4997913 ], [ 6.7019284, 43.4996143 ], [ 6.7019311, 43.4994664 ], [ 6.7020357, 43.4993107 ], [ 6.7020732, 43.4992076 ], [ 6.7022637, 43.4990111 ], [ 6.7023173, 43.4988749 ], [ 6.7021832, 43.4987913 ], [ 6.7019927, 43.4986706 ], [ 6.7018291, 43.4985189 ], [ 6.7016762, 43.498336 ], [ 6.701577, 43.4980791 ], [ 6.7015555, 43.4979332 ], [ 6.7016682, 43.4977892 ], [ 6.7016253, 43.497655 ], [ 6.7015368, 43.4975772 ], [ 6.7015529, 43.4974351 ], [ 6.7014831, 43.49719 ], [ 6.7013866, 43.4969993 ], [ 6.7013222, 43.4968553 ], [ 6.7012686, 43.4966199 ], [ 6.7012659, 43.4964545 ], [ 6.701231, 43.4962288 ], [ 6.7012122, 43.4960478 ], [ 6.7012203, 43.4958941 ], [ 6.7012873, 43.4956567 ], [ 6.7014053, 43.4955225 ], [ 6.7016119, 43.4954544 ], [ 6.7018023, 43.4954291 ], [ 6.7020641, 43.4953727 ] ] } },
{ "type": "Feature", "properties": { "element": "way", "id": 665637178, "name": "Le Ronflon", "waterway": "stream" }, "geometry": { "type": "LineString", "coordinates": [ [ 6.7106536, 43.5137183 ], [ 6.7102888, 43.513625 ] ] } },
{ "type": "Feature", "properties": { "element": "way", "id": 665637179, "name": "Le Ronflon", "waterway": "stream" }, "geometry": { "type": "LineString", "coordinates": [ [ 6.7109111, 43.513979 ], [ 6.710785, 43.5139109 ], [ 6.710718, 43.5138565 ], [ 6.7106536, 43.5137183 ] ] } },
{ "type": "Feature", "properties": { "element": "way", "id": 665637180, "name": "Le Ronflon", "waterway": "stream" }, "geometry": { "type": "LineString", "coordinates": [ [ 6.7108333, 43.5140432 ], [ 6.7109111, 43.513979 ] ] } },
{ "type": "Feature", "properties": { "element": "way", "id": 665637181, "name": "Le Ronflon", "waterway": "stream" }, "geometry": { "type": "LineString", "coordinates": [ [ 6.7072874, 43.5198395 ], [ 6.7076468, 43.51961 ], [ 6.7078185, 43.5194349 ], [ 6.7079419, 43.5191276 ], [ 6.708194, 43.5189292 ], [ 6.7085695, 43.5187542 ], [ 6.7089397, 43.5184585 ], [ 6.7091169, 43.5183258 ], [ 6.7094332, 43.518089 ], [ 6.7100179, 43.51777 ], [ 6.710785, 43.5175094 ], [ 6.7112678, 43.5173576 ], [ 6.7116433, 43.5170776 ], [ 6.7119384, 43.5169219 ], [ 6.7123729, 43.5167858 ], [ 6.7125016, 43.5166769 ], [ 6.7126465, 43.5164785 ], [ 6.7125472, 43.5161556 ], [ 6.7124668, 43.5159727 ], [ 6.7123836, 43.5157354 ], [ 6.7121556, 43.5155429 ], [ 6.7117935, 43.5154067 ], [ 6.7114663, 43.5153211 ], [ 6.7113617, 43.515255 ], [ 6.7113429, 43.5151461 ], [ 6.7112678, 43.5150372 ], [ 6.7110452, 43.5149671 ], [ 6.7110318, 43.5148971 ], [ 6.711013, 43.514759 ], [ 6.7110318, 43.5146248 ], [ 6.710726, 43.5145781 ], [ 6.7106643, 43.5144167 ], [ 6.7106938, 43.5141949 ], [ 6.7108333, 43.5140432 ] ] } },
{ "type": "Feature", "properties": { "element": "way", "id": 703827607, "name": "Le Béal", "waterway": "stream" }, "geometry": { "type": "LineString", "coordinates": [ [ 6.6586706, 43.4516269 ], [ 6.6592472, 43.4516345 ], [ 6.6595033, 43.4516533 ], [ 6.6597066, 43.4517233 ], [ 6.6601098, 43.4517717 ], [ 6.6605744, 43.4517704 ], [ 6.6609917, 43.4517297 ], [ 6.6612879, 43.4517144 ], [ 6.6616421, 43.4517424 ], [ 6.6629639, 43.4520211 ], [ 6.6633145, 43.4520224 ], [ 6.6635424, 43.451932 ], [ 6.6637581, 43.4518951 ], [ 6.6641174, 43.451974 ], [ 6.6649116, 43.4520784 ], [ 6.6652482, 43.4520937 ], [ 6.6657233, 43.4521204 ], [ 6.6661212, 43.4520733 ], [ 6.6663597, 43.4518875 ], [ 6.6666647, 43.451759 ], [ 6.6671486, 43.4515973 ], [ 6.6674782, 43.4515477 ], [ 6.6680304, 43.4512982 ], [ 6.6687729, 43.4509916 ], [ 6.6692576, 43.4509037 ], [ 6.6697695, 43.4509088 ], [ 6.6709055, 43.451171 ], [ 6.6711053, 43.4511659 ], [ 6.6720993, 43.4509215 ], [ 6.6727112, 43.4508923 ], [ 6.6728164, 43.4508859 ], [ 6.6729944, 43.4508404 ] ] } },
{ "type": "Feature", "properties": { "element": "way", "id": 727502732, "name": "Vauloube", "waterway": "stream" }, "geometry": { "type": "LineString", "coordinates": [ [ 6.7141879, 43.5404576 ], [ 6.7135815, 43.5406087 ], [ 6.7132884, 43.5406383 ], [ 6.7131551, 43.5406499 ], [ 6.7126624, 43.5406636 ], [ 6.7116865, 43.5408216 ], [ 6.7109474, 43.5407735 ], [ 6.7104547, 43.5406842 ], [ 6.7096872, 43.5408765 ], [ 6.7091187, 43.5408491 ], [ 6.708247, 43.5411169 ], [ 6.7071952, 43.5408903 ], [ 6.7067099, 43.5407739 ], [ 6.7056792, 43.540643 ], [ 6.7047305, 43.5402748 ], [ 6.7040685, 43.5403683 ], [ 6.7036632, 43.5404745 ], [ 6.7034867, 43.5405208 ], [ 6.7031778, 43.5406018 ], [ 6.7027988, 43.5404438 ], [ 6.7012259, 43.5407186 ], [ 6.7010364, 43.540801 ], [ 6.7006006, 43.5407048 ], [ 6.7003526, 43.540601 ], [ 6.7001742, 43.5405262 ], [ 6.699113, 43.5403408 ], [ 6.6989812, 43.5403873 ], [ 6.6987624, 43.5404644 ], [ 6.6984767, 43.540298 ], [ 6.6982318, 43.5401554 ], [ 6.6974454, 43.5400798 ], [ 6.6968674, 43.5401347 ], [ 6.6962474, 43.5400237 ], [ 6.6959657, 43.5400599 ], [ 6.6959086, 43.5400673 ], [ 6.6956277, 43.540026 ], [ 6.6953097, 43.5399356 ], [ 6.6952011, 43.5395304 ], [ 6.6950861, 43.5394434 ], [ 6.6949603, 43.5393977 ], [ 6.6946407, 43.539077 ], [ 6.6942996, 43.5385893 ], [ 6.6939823, 43.538203 ], [ 6.6937974, 43.537978 ], [ 6.6940323, 43.5374713 ], [ 6.6940931, 43.5374033 ], [ 6.6941336, 43.5373084 ], [ 6.6942049, 43.5370988 ], [ 6.6940627, 43.5367142 ], [ 6.6946028, 43.5363433 ], [ 6.6950671, 43.5353747 ], [ 6.6955693, 43.5351618 ], [ 6.6959957, 43.5351618 ], [ 6.6963652, 43.5350794 ], [ 6.6964694, 43.5345161 ], [ 6.6966873, 43.5343581 ], [ 6.6975401, 43.5343925 ], [ 6.6981086, 43.5339872 ], [ 6.6992172, 43.5336918 ], [ 6.70025, 43.5333071 ], [ 6.7007901, 43.5329912 ], [ 6.701027, 43.5326408 ], [ 6.7018702, 43.5324279 ], [ 6.7023724, 43.5320707 ], [ 6.7030546, 43.5317135 ], [ 6.7039642, 43.5308273 ], [ 6.7047033, 43.530525 ], [ 6.705594, 43.5303602 ], [ 6.7060582, 43.5297763 ], [ 6.7066362, 43.5298175 ], [ 6.707309, 43.5296114 ], [ 6.7069868, 43.5290962 ], [ 6.7079627, 43.5288489 ], [ 6.7083986, 43.527468 ], [ 6.7082312, 43.5271197 ], [ 6.7082944, 43.5266711 ], [ 6.7087776, 43.5262864 ], [ 6.7096683, 43.5263345 ], [ 6.7107579, 43.5261146 ], [ 6.7121792, 43.5262246 ], [ 6.7129182, 43.5259635 ], [ 6.7132119, 43.5259292 ], [ 6.7141595, 43.5261902 ], [ 6.7148796, 43.5259154 ], [ 6.7159313, 43.5258673 ], [ 6.7168978, 43.5259841 ], [ 6.7176368, 43.526465 ], [ 6.7184422, 43.526465 ], [ 6.7194845, 43.5273444 ], [ 6.7214837, 43.5275299 ], [ 6.7224597, 43.5275573 ], [ 6.7238809, 43.5280932 ], [ 6.7245916, 43.527997 ], [ 6.7251795, 43.528307 ], [ 6.7254254, 43.5284367 ], [ 6.726714, 43.5276535 ], [ 6.729007, 43.5280794 ], [ 6.7299166, 43.5280932 ], [ 6.7311389, 43.5279489 ], [ 6.7322569, 43.5281138 ], [ 6.7332234, 43.5285466 ], [ 6.7333788, 43.528523 ], [ 6.7336133, 43.5284875 ], [ 6.7338582, 43.5284504 ], [ 6.7351089, 43.5276947 ], [ 6.7374303, 43.5268223 ], [ 6.7378093, 43.5266024 ], [ 6.737743, 43.5264307 ], [ 6.7376862, 43.5263414 ], [ 6.7369566, 43.5261971 ], [ 6.7368145, 43.5260459 ], [ 6.7371556, 43.5249399 ], [ 6.7379799, 43.5246444 ], [ 6.7381978, 43.5240879 ], [ 6.7378472, 43.5230093 ], [ 6.7374967, 43.5215596 ], [ 6.7366723, 43.5213535 ], [ 6.7366155, 43.5209069 ], [ 6.7365776, 43.5205703 ], [ 6.7371126, 43.5201825 ] ] } },
{ "type": "Feature", "properties": { "element": "way", "id": 772953189, "name": "L'Argens", "waterway": "river" }, "geometry": { "type": "LineString", "coordinates": [ [ 6.7005721, 43.4192212 ], [ 6.7008945, 43.4194857 ], [ 6.7010808, 43.4197659 ], [ 6.7013231, 43.4204376 ], [ 6.7015421, 43.4207536 ], [ 6.701776, 43.4209779 ], [ 6.701974, 43.4211179 ], [ 6.7021339, 43.421192 ], [ 6.7024139, 43.4212933 ], [ 6.7027867, 43.4213848 ], [ 6.7033001, 43.4214794 ], [ 6.703822, 43.4215163 ], [ 6.7039561, 43.4215134 ], [ 6.7041077, 43.4215076 ], [ 6.7044428, 43.4214619 ], [ 6.7050324, 43.4213429 ], [ 6.7051802, 43.4213165 ], [ 6.7062494, 43.4212475 ], [ 6.7067319, 43.4212463 ], [ 6.707274, 43.4212972 ], [ 6.70773, 43.4212835 ], [ 6.708131, 43.4212247 ], [ 6.7088002, 43.4210848 ], [ 6.7094797, 43.4209385 ], [ 6.7099455, 43.4207828 ], [ 6.7103883, 43.4205979 ], [ 6.710954, 43.4203094 ], [ 6.7114947, 43.4199927 ], [ 6.7120725, 43.4195691 ], [ 6.712587, 43.4191571 ], [ 6.7132714, 43.4184002 ], [ 6.7136094, 43.4180047 ], [ 6.7139486, 43.4176681 ], [ 6.7143095, 43.4174378 ], [ 6.7147426, 43.4172182 ], [ 6.7152724, 43.4169663 ], [ 6.7157602, 43.4167125 ], [ 6.7166349, 43.4159941 ], [ 6.7170802, 43.4156317 ], [ 6.7175901, 43.4152847 ], [ 6.7182362, 43.4149439 ], [ 6.7187753, 43.4147413 ], [ 6.7192652, 43.4145913 ], [ 6.719698, 43.4144958 ], [ 6.7201138, 43.4144081 ], [ 6.7204848, 43.4143049 ], [ 6.720913, 43.4141665 ], [ 6.7213119, 43.4140124 ], [ 6.7217123, 43.4137905 ], [ 6.7220127, 43.41355 ], [ 6.7228706, 43.4127774 ], [ 6.7240222, 43.4116534 ], [ 6.7245233, 43.4113063 ], [ 6.7250945, 43.4110422 ], [ 6.7257008, 43.4108016 ], [ 6.7263432, 43.4105747 ], [ 6.7280358, 43.4102634 ], [ 6.7293755, 43.4101301 ], [ 6.7303652, 43.4101255 ], [ 6.7310572, 43.4101917 ], [ 6.7317408, 43.4102979 ], [ 6.732468, 43.4104256 ], [ 6.7326492, 43.4104343 ], [ 6.7333988, 43.4104704 ], [ 6.7341697, 43.4104219 ], [ 6.7350264, 43.4102771 ], [ 6.7356759, 43.4101294 ] ] } },
{ "type": "Feature", "properties": { "element": "way", "id": 772953190, "name": "L'Argens", "waterway": "river" }, "geometry": { "type": "LineString", "coordinates": [ [ 6.6598134, 43.4506932 ], [ 6.6601463, 43.4505229 ], [ 6.6603729, 43.4504567 ], [ 6.6606284, 43.4504136 ], [ 6.6608235, 43.450335 ], [ 6.6610759, 43.4501819 ], [ 6.6613412, 43.4499475 ], [ 6.6615188, 43.4497446 ], [ 6.6615893, 43.4496155 ], [ 6.6616039, 43.4494989 ], [ 6.6615665, 43.4493935 ], [ 6.6614659, 43.4492689 ], [ 6.6613148, 43.4491432 ], [ 6.6609161, 43.4488955 ], [ 6.6605473, 43.4487558 ], [ 6.6601212, 43.4486329 ], [ 6.6598391, 43.448491 ], [ 6.659602, 43.448364 ], [ 6.659351, 43.4481483 ], [ 6.6592701, 43.4478338 ], [ 6.6592732, 43.4476264 ], [ 6.6592544, 43.4473577 ], [ 6.6592321, 43.4465961 ], [ 6.6593027, 43.4458816 ], [ 6.6592276, 43.4454493 ], [ 6.6592415, 43.4450942 ], [ 6.6593617, 43.4447326 ], [ 6.6594779, 43.4445968 ], [ 6.6595923, 43.4445615 ], [ 6.6607572, 43.4442018 ], [ 6.6610504, 43.4441118 ], [ 6.6618694, 43.4437201 ], [ 6.6625564, 43.4433619 ], [ 6.6629708, 43.4430799 ], [ 6.6630839, 43.443064 ], [ 6.6632429, 43.4430754 ], [ 6.6633922, 43.4431051 ], [ 6.6635406, 43.4431806 ], [ 6.6638695, 43.443369 ], [ 6.6643373, 43.4435681 ], [ 6.6647304, 43.4436636 ], [ 6.6650936, 43.44372 ], [ 6.6653398, 43.4437807 ], [ 6.6655576, 43.443868 ], [ 6.665866, 43.4440487 ], [ 6.6660726, 43.4442263 ], [ 6.6662184, 43.4444334 ], [ 6.6662738, 43.4447171 ], [ 6.6663301, 43.4448865 ], [ 6.6664208, 43.4450292 ], [ 6.6665795, 43.4451377 ], [ 6.6668397, 43.4452506 ], [ 6.6671476, 43.4452952 ], [ 6.6674405, 43.4452467 ], [ 6.6680859, 43.4450396 ], [ 6.6687918, 43.4447359 ], [ 6.6690788, 43.44456 ], [ 6.6694704, 43.4442688 ], [ 6.6699028, 43.4438699 ], [ 6.6701387, 43.4436277 ], [ 6.67023, 43.4434551 ], [ 6.6702273, 43.4433286 ], [ 6.6702005, 43.4432015 ], [ 6.6700289, 43.4429663 ], [ 6.6699216, 43.4428359 ], [ 6.669848, 43.4426981 ], [ 6.669817, 43.4424834 ], [ 6.669817, 43.4422633 ], [ 6.6699968, 43.441703 ], [ 6.6703722, 43.4407696 ], [ 6.6704902, 43.4404482 ], [ 6.670568, 43.4403294 ], [ 6.6706685, 43.4402222 ], [ 6.6708193, 43.4401489 ], [ 6.6714799, 43.4400217 ], [ 6.6716543, 43.4400237 ], [ 6.6718267, 43.4400472 ], [ 6.6720486, 43.4401775 ], [ 6.6726001, 43.4405389 ], [ 6.673611, 43.4413329 ], [ 6.6741863, 43.4417063 ], [ 6.6749474, 43.4420044 ], [ 6.6752367, 43.4420696 ], [ 6.6755623, 43.442051 ], [ 6.6758868, 43.441979 ], [ 6.6760643, 43.4418757 ], [ 6.6761255, 43.4417531 ], [ 6.6761433, 43.4415873 ], [ 6.6761584, 43.441329 ], [ 6.6765396, 43.4405822 ], [ 6.6766164, 43.4401561 ], [ 6.6766079, 43.4396976 ], [ 6.6765075, 43.4391931 ], [ 6.6764662, 43.4389173 ], [ 6.6764658, 43.4386137 ], [ 6.6765359, 43.4383468 ], [ 6.6766461, 43.4380762 ], [ 6.6769428, 43.4375944 ], [ 6.6771495, 43.4373645 ], [ 6.6773486, 43.4372932 ], [ 6.6775974, 43.437295 ], [ 6.678009, 43.4373756 ], [ 6.6783199, 43.4375101 ], [ 6.6786194, 43.4376187 ], [ 6.6803534, 43.4379398 ], [ 6.6809354, 43.4380575 ], [ 6.6812683, 43.4380999 ], [ 6.6816209, 43.4380669 ], [ 6.6821542, 43.4377719 ], [ 6.6834357, 43.4370037 ], [ 6.6837789, 43.4367804 ], [ 6.6842539, 43.4365404 ], [ 6.684466, 43.4363669 ], [ 6.6846925, 43.4360856 ], [ 6.6848213, 43.4358544 ], [ 6.6848588, 43.4356922 ], [ 6.6848664, 43.4355066 ], [ 6.68475, 43.4353697 ], [ 6.6839572, 43.4351291 ], [ 6.683059, 43.4349209 ], [ 6.6826502, 43.4348507 ], [ 6.6819939, 43.4346605 ], [ 6.6817126, 43.4345314 ], [ 6.68149, 43.4343915 ], [ 6.681278, 43.4341496 ], [ 6.6811526, 43.433897 ], [ 6.6809252, 43.4334054 ], [ 6.6808041, 43.4331663 ], [ 6.6807626, 43.4329384 ], [ 6.6808608, 43.4326879 ], [ 6.6811042, 43.4324453 ], [ 6.6813469, 43.4321089 ], [ 6.6814688, 43.4317453 ], [ 6.6816675, 43.4314273 ], [ 6.6820581, 43.4310048 ], [ 6.6831197, 43.430266 ], [ 6.6835464, 43.4300685 ], [ 6.6842874, 43.429905 ], [ 6.6847515, 43.4297047 ], [ 6.6856419, 43.4291726 ], [ 6.6858534, 43.4288958 ] ] } },
{ "type": "Feature", "properties": { "element": "way", "id": 772953191, "name": "L'Argens", "waterway": "river" }, "geometry": { "type": "LineString", "coordinates": [ [ 6.61068, 43.4659276 ], [ 6.6110261, 43.4660275 ], [ 6.6113279, 43.4660201 ], [ 6.611746, 43.4660506 ], [ 6.6123977, 43.4660296 ], [ 6.6137036, 43.4657248 ], [ 6.6147005, 43.4654536 ], [ 6.6150368, 43.4653072 ], [ 6.6152593, 43.4650927 ], [ 6.6151832, 43.4647986 ], [ 6.6156607, 43.4632089 ], [ 6.6163152, 43.4617997 ], [ 6.61638, 43.4612391 ], [ 6.6162451, 43.4600905 ], [ 6.6150989, 43.457493 ], [ 6.6148976, 43.4567078 ], [ 6.6149331, 43.4557343 ], [ 6.6152287, 43.4524025 ], [ 6.6154407, 43.4516203 ], [ 6.6156521, 43.4514021 ], [ 6.6159823, 43.4512479 ], [ 6.6164734, 43.4511285 ], [ 6.6168426, 43.4511481 ], [ 6.6173467, 43.4510672 ], [ 6.6176075, 43.4509173 ], [ 6.6191588, 43.4503141 ], [ 6.6215843, 43.4496877 ], [ 6.6231464, 43.4492844 ], [ 6.6238783, 43.4489849 ], [ 6.6243019, 43.4489153 ], [ 6.6260561, 43.4489712 ], [ 6.6269593, 43.449058 ], [ 6.627708, 43.4493052 ], [ 6.6293851, 43.4498752 ], [ 6.6301756, 43.449914 ], [ 6.6321088, 43.4498355 ], [ 6.6338665, 43.4498148 ], [ 6.6361425, 43.4497179 ], [ 6.6365995, 43.4497683 ], [ 6.63745, 43.4498501 ], [ 6.6381964, 43.4497596 ], [ 6.6393896, 43.4496838 ], [ 6.6401772, 43.4497087 ], [ 6.6407776, 43.4499325 ], [ 6.6410555, 43.4500857 ], [ 6.6412953, 43.4501552 ], [ 6.6423794, 43.4504114 ], [ 6.6443234, 43.4508786 ], [ 6.6472083, 43.4517758 ], [ 6.6485889, 43.4522486 ], [ 6.6491437, 43.4525139 ], [ 6.6495737, 43.4526279 ], [ 6.6504718, 43.4526803 ], [ 6.6512403, 43.4526555 ], [ 6.6519178, 43.4525402 ], [ 6.6521014, 43.4524942 ], [ 6.6548001, 43.4518175 ], [ 6.6560391, 43.4515094 ], [ 6.6566252, 43.4514406 ], [ 6.6573583, 43.4515354 ], [ 6.6586706, 43.4516269 ], [ 6.6598134, 43.4506932 ] ] } },
{ "type": "Feature", "properties": { "element": "way", "id": 858317664, "name": null, "waterway": "stream" }, "geometry": { "type": "LineString", "coordinates": [ [ 6.7937341, 43.4876241 ], [ 6.7942812, 43.4872544 ], [ 6.7945548, 43.4871454 ], [ 6.7946889, 43.4869664 ], [ 6.7947479, 43.4867679 ], [ 6.7948874, 43.4863864 ], [ 6.794925, 43.4861373 ], [ 6.7949464, 43.485896 ], [ 6.7949679, 43.4856897 ], [ 6.795043, 43.4854912 ], [ 6.7951771, 43.4852655 ], [ 6.7951985, 43.4850398 ], [ 6.7951395, 43.4848996 ], [ 6.7949625, 43.4846778 ], [ 6.7948391, 43.4843703 ], [ 6.7947747, 43.4841952 ], [ 6.7947587, 43.4839305 ], [ 6.7947479, 43.4837359 ], [ 6.794705, 43.4836308 ], [ 6.794705, 43.4835568 ], [ 6.7946728, 43.4834673 ], [ 6.7946031, 43.4834323 ], [ 6.7944314, 43.4833155 ], [ 6.7939755, 43.483082 ], [ 6.7936429, 43.4828212 ], [ 6.7936053, 43.4826382 ], [ 6.7936408, 43.482381 ], [ 6.7936482, 43.4823269 ], [ 6.7936965, 43.48214 ], [ 6.7938038, 43.4819882 ], [ 6.7937609, 43.4818247 ], [ 6.7937931, 43.4816496 ], [ 6.793777, 43.4814861 ], [ 6.7938145, 43.4812759 ], [ 6.7937609, 43.4811708 ], [ 6.7936965, 43.4810034 ], [ 6.7936053, 43.4807971 ], [ 6.7934927, 43.4804818 ], [ 6.7935892, 43.4800809 ], [ 6.7937072, 43.4798474 ], [ 6.7936858, 43.4797111 ], [ 6.793777, 43.4795827 ], [ 6.7938896, 43.4793297 ], [ 6.7939647, 43.4791506 ], [ 6.7941686, 43.4789599 ], [ 6.7943402, 43.478594 ], [ 6.7948177, 43.4781891 ], [ 6.794923, 43.478073 ], [ 6.7949625, 43.4780295 ], [ 6.7950805, 43.4778894 ], [ 6.7949598, 43.4776948 ], [ 6.7949786, 43.4774846 ], [ 6.7951073, 43.4772627 ], [ 6.7951073, 43.4770369 ], [ 6.7950054, 43.4767644 ], [ 6.7950644, 43.4765854 ], [ 6.7952736, 43.4763518 ], [ 6.7954882, 43.4762817 ], [ 6.7955526, 43.4761182 ], [ 6.7957564, 43.4758574 ], [ 6.7960247, 43.4756784 ], [ 6.796781, 43.4755304 ], [ 6.7969527, 43.4754526 ], [ 6.7973926, 43.4748803 ], [ 6.7975428, 43.4746351 ], [ 6.7974731, 43.4744093 ], [ 6.7975374, 43.4742575 ], [ 6.797634, 43.4740161 ], [ 6.7979129, 43.473658 ], [ 6.7981061, 43.473366 ], [ 6.7982026, 43.4731791 ], [ 6.7981758, 43.4729923 ], [ 6.7980363, 43.4728521 ], [ 6.7980095, 43.4726808 ], [ 6.797929, 43.4724979 ], [ 6.7979076, 43.472385 ], [ 6.7979719, 43.4722526 ], [ 6.7979421, 43.4721989 ], [ 6.7978164, 43.4719723 ], [ 6.7979122, 43.4717436 ], [ 6.797811, 43.4716219 ], [ 6.7977788, 43.4714896 ], [ 6.7977453, 43.4712793 ], [ 6.7977402, 43.4712577 ], [ 6.797697, 43.4710769 ], [ 6.7975669, 43.4709212 ], [ 6.7974785, 43.4706993 ], [ 6.797528, 43.4705173 ], [ 6.797398, 43.4703348 ], [ 6.7973949, 43.4703305 ], [ 6.7972746, 43.4702331 ], [ 6.797238, 43.470128 ], [ 6.7972599, 43.4699868 ], [ 6.7972277, 43.4698584 ], [ 6.7973885, 43.4696131 ], [ 6.7973483, 43.4694827 ], [ 6.7973041, 43.4692627 ], [ 6.7972273, 43.4691664 ], [ 6.7972273, 43.4690379 ], [ 6.7971914, 43.4688773 ], [ 6.7972933, 43.4685552 ], [ 6.7973305, 43.4685124 ], [ 6.7974261, 43.4684023 ], [ 6.7975026, 43.4682592 ], [ 6.7975334, 43.4681677 ], [ 6.7976108, 43.4681191 ], [ 6.7976041, 43.4680403 ], [ 6.7975411, 43.4678992 ], [ 6.7975213, 43.4677327 ], [ 6.7974811, 43.4674718 ], [ 6.7974891, 43.4672723 ], [ 6.7974248, 43.4670387 ], [ 6.7974838, 43.4668216 ], [ 6.7972799, 43.4666776 ], [ 6.7972759, 43.4664537 ], [ 6.7975428, 43.4660391 ], [ 6.7977413, 43.4660001 ], [ 6.7978029, 43.465923 ] ] } },
{ "type": "Feature", "properties": { "element": "way", "id": 858317665, "name": null, "waterway": "stream" }, "geometry": { "type": "LineString", "coordinates": [ [ 6.7903867, 43.484852 ], [ 6.790451, 43.4846029 ], [ 6.7905911, 43.4844834 ], [ 6.7906656, 43.4844199 ], [ 6.7908212, 43.4843382 ], [ 6.7910304, 43.4842798 ], [ 6.7911967, 43.4841553 ], [ 6.7914005, 43.4840657 ], [ 6.7916258, 43.4839568 ], [ 6.7918082, 43.4838828 ], [ 6.792114, 43.4835792 ], [ 6.7926129, 43.4831355 ], [ 6.7927366, 43.4830635 ], [ 6.7928167, 43.4829798 ], [ 6.7930305, 43.4829119 ], [ 6.7931332, 43.4828786 ], [ 6.7932834, 43.4828163 ], [ 6.7933693, 43.4826957 ], [ 6.7934605, 43.4825555 ], [ 6.7936408, 43.482381 ] ] } },
{ "type": "Feature", "properties": { "element": "way", "id": 858317666, "name": null, "waterway": "stream" }, "geometry": { "type": "LineString", "coordinates": [ [ 6.7966791, 43.4802162 ], [ 6.796427, 43.4799281 ], [ 6.7961695, 43.4797179 ], [ 6.7959978, 43.479426 ], [ 6.7959281, 43.4791652 ], [ 6.7957296, 43.4787954 ], [ 6.7955633, 43.4786397 ], [ 6.7952736, 43.4782816 ], [ 6.7951985, 43.478196 ], [ 6.7950591, 43.4781376 ], [ 6.794923, 43.478073 ] ] } },
{ "type": "Feature", "properties": { "element": "way", "id": 868308009, "name": null, "waterway": "stream" }, "geometry": { "type": "LineString", "coordinates": [ [ 6.7385089, 43.4306042 ], [ 6.7385647, 43.4305569 ], [ 6.7386631, 43.4305205 ], [ 6.7387429, 43.4303867 ], [ 6.7387766, 43.4302361 ], [ 6.7388663, 43.430018 ], [ 6.7389771, 43.429827 ], [ 6.7392113, 43.4296173 ], [ 6.7394046, 43.4295024 ], [ 6.7396481, 43.4294183 ], [ 6.7399197, 43.429368 ], [ 6.7402489, 43.4293179 ], [ 6.7413816, 43.429269 ], [ 6.742461, 43.4292339 ], [ 6.7426093, 43.4292491 ], [ 6.7428009, 43.4292859 ], [ 6.7430538, 43.429374 ], [ 6.7433276, 43.4294847 ], [ 6.7438107, 43.4297854 ], [ 6.7439309, 43.429853 ], [ 6.7440124, 43.4298732 ], [ 6.7441034, 43.4298486 ], [ 6.7442496, 43.4297836 ] ] } },
{ "type": "Feature", "properties": { "element": "way", "id": 868308056, "name": null, "waterway": "stream" }, "geometry": { "type": "LineString", "coordinates": [ [ 6.738562, 43.430741 ], [ 6.7385315, 43.4306958 ] ] } },
{ "type": "Feature", "properties": { "element": "way", "id": 868308057, "name": null, "waterway": "stream" }, "geometry": { "type": "LineString", "coordinates": [ [ 6.7385977, 43.4308534 ], [ 6.738562, 43.430741 ] ] } },
{ "type": "Feature", "properties": { "element": "way", "id": 868308058, "name": null, "waterway": "stream" }, "geometry": { "type": "LineString", "coordinates": [ [ 6.7385315, 43.4306958 ], [ 6.7385089, 43.4306042 ] ] } },
{ "type": "Feature", "properties": { "element": "way", "id": 868308059, "name": null, "waterway": "stream" }, "geometry": { "type": "LineString", "coordinates": [ [ 6.743232, 43.4303195 ], [ 6.7431808, 43.4303544 ], [ 6.7430359, 43.4304505 ], [ 6.7429248, 43.4305258 ], [ 6.7428197, 43.430591 ], [ 6.742786, 43.4306015 ], [ 6.742739, 43.4306119 ], [ 6.7425504, 43.4306266 ], [ 6.7424519, 43.4306341 ], [ 6.7422433, 43.4306496 ], [ 6.7420435, 43.4306618 ], [ 6.7418108, 43.4306739 ], [ 6.7417656, 43.4306819 ], [ 6.7417335, 43.4306918 ], [ 6.7417149, 43.4307059 ], [ 6.7417154, 43.4308731 ], [ 6.741694, 43.4315094 ], [ 6.741533, 43.4318153 ], [ 6.7414855, 43.4318974 ], [ 6.7414995, 43.4319363 ], [ 6.7414738, 43.4320009 ], [ 6.7414535, 43.432117 ], [ 6.7414207, 43.4321604 ], [ 6.7414292, 43.4322255 ], [ 6.7412177, 43.4322665 ], [ 6.7410726, 43.4322954 ], [ 6.7409483, 43.4323026 ], [ 6.7408058, 43.4322802 ], [ 6.740607, 43.432232 ], [ 6.7404112, 43.4321813 ], [ 6.7402759, 43.4321259 ], [ 6.7401724, 43.4321113 ], [ 6.7399422, 43.4320713 ], [ 6.7397363, 43.432014 ], [ 6.7395292, 43.4319404 ], [ 6.739346, 43.4318426 ], [ 6.7392254, 43.431726 ], [ 6.7391548, 43.4315934 ], [ 6.738972, 43.4312833 ], [ 6.7386847, 43.4309533 ] ] } },
{ "type": "Feature", "properties": { "element": "way", "id": 868463550, "name": "Le Canavère", "waterway": "stream" }, "geometry": { "type": "LineString", "coordinates": [ [ 6.6583639, 43.4616365 ], [ 6.658317, 43.4614175 ], [ 6.6583438, 43.4609094 ], [ 6.6583747, 43.4603788 ], [ 6.6585168, 43.460153 ], [ 6.6602308, 43.4583784 ], [ 6.6603675, 43.457989 ], [ 6.6603783, 43.4577125 ], [ 6.6603139, 43.4574945 ], [ 6.6602737, 43.4572258 ], [ 6.6605204, 43.4571245 ], [ 6.6639161, 43.4563701 ], [ 6.6646738, 43.4562153 ], [ 6.6649662, 43.4561257 ], [ 6.6652974, 43.4559554 ], [ 6.6654664, 43.4558142 ], [ 6.6655228, 43.4556098 ], [ 6.6654932, 43.4551542 ], [ 6.6660297, 43.4547102 ], [ 6.6664723, 43.4542546 ], [ 6.6669711, 43.4534115 ], [ 6.6671428, 43.4531934 ], [ 6.6676792, 43.4522744 ], [ 6.6679072, 43.4519882 ], [ 6.6679394, 43.4517857 ], [ 6.6679072, 43.4516455 ], [ 6.6678911, 43.4515131 ], [ 6.6679528, 43.4513709 ], [ 6.6680304, 43.4512982 ] ] } },
{ "type": "Feature", "properties": { "element": "way", "id": 885974039, "name": "La Vernède", "waterway": "stream" }, "geometry": { "type": "LineString", "coordinates": [ [ 6.709937, 43.4508499 ], [ 6.7099453, 43.4508437 ] ] } },
{ "type": "Feature", "properties": { "element": "way", "id": 885974040, "name": "La Vernède", "waterway": "stream" }, "geometry": { "type": "LineString", "coordinates": [ [ 6.709849, 43.4509159 ], [ 6.709937, 43.4508499 ] ] } },
{ "type": "Feature", "properties": { "element": "way", "id": 888375807, "name": null, "waterway": "stream" }, "geometry": { "type": "LineString", "coordinates": [ [ 6.7525329, 43.478857 ], [ 6.7518251, 43.4789443 ], [ 6.7515098, 43.479071 ], [ 6.7510186, 43.4791729 ], [ 6.7505746, 43.4791817 ], [ 6.7499364, 43.4791659 ], [ 6.7490929, 43.4792867 ], [ 6.7485774, 43.4792947 ], [ 6.7481386, 43.479495 ], [ 6.7476128, 43.4794959 ], [ 6.7472332, 43.4792851 ], [ 6.7471397, 43.4788512 ], [ 6.746113, 43.4786058 ], [ 6.7457568, 43.4778594 ] ] } },
{ "type": "Feature", "properties": { "element": "way", "id": 888375808, "name": null, "waterway": "stream" }, "geometry": { "type": "LineString", "coordinates": [ [ 6.751425, 43.4805616 ], [ 6.7508183, 43.4799885 ], [ 6.750695, 43.4796509 ], [ 6.7505746, 43.4791817 ] ] } },
{ "type": "Feature", "properties": { "element": "way", "id": 888375810, "name": null, "waterway": "stream" }, "geometry": { "type": "LineString", "coordinates": [ [ 6.7518307, 43.4826436 ], [ 6.7517163, 43.4826311 ], [ 6.7514887, 43.4826212 ], [ 6.7514169, 43.4825989 ], [ 6.7513791, 43.4825644 ], [ 6.7513131, 43.4825474 ], [ 6.7511242, 43.4825775 ], [ 6.7509078, 43.4826347 ], [ 6.7507212, 43.4826057 ], [ 6.7505133, 43.482621 ], [ 6.7504193, 43.4826052 ], [ 6.7503413, 43.4825487 ], [ 6.7501653, 43.4825694 ], [ 6.7500558, 43.4825543 ], [ 6.7499584, 43.4825654 ], [ 6.7497715, 43.4826138 ], [ 6.7496362, 43.4826143 ], [ 6.7492946, 43.4824523 ], [ 6.7491818, 43.4823932 ], [ 6.749115, 43.4823907 ], [ 6.7490736, 43.4823713 ], [ 6.7489868, 43.4823672 ], [ 6.7489622, 43.4823121 ], [ 6.7488874, 43.4823175 ], [ 6.7488165, 43.4823055 ], [ 6.7487884, 43.4822455 ], [ 6.7487931, 43.4821887 ], [ 6.74847, 43.4820618 ], [ 6.7479283, 43.4811582 ], [ 6.7478773, 43.4807447 ], [ 6.7473653, 43.4804062 ], [ 6.7460091, 43.4802948 ], [ 6.7458759, 43.4802704 ] ] } },
{ "type": "Feature", "properties": { "element": "way", "id": 946133096, "name": "Le Pédégal", "waterway": "stream" }, "geometry": { "type": "LineString", "coordinates": [ [ 6.7688126, 43.4373116 ], [ 6.7687422, 43.4371471 ] ] } },
{ "type": "Feature", "properties": { "element": "way", "id": 946133097, "name": "Le Pédégal", "waterway": "stream" }, "geometry": { "type": "LineString", "coordinates": [ [ 6.7688967, 43.4374251 ], [ 6.7688126, 43.4373116 ] ] } },
{ "type": "Feature", "properties": { "element": "way", "id": 946133098, "name": "Le Pédégal", "waterway": "stream" }, "geometry": { "type": "LineString", "coordinates": [ [ 6.7689764, 43.437485 ], [ 6.7688967, 43.4374251 ] ] } },
{ "type": "Feature", "properties": { "element": "way", "id": 946133099, "name": "Le Pédégal", "waterway": "stream" }, "geometry": { "type": "LineString", "coordinates": [ [ 6.7691653, 43.4376019 ], [ 6.7689764, 43.437485 ] ] } },
{ "type": "Feature", "properties": { "element": "way", "id": 946133100, "name": "Le Pédégal", "waterway": "stream" }, "geometry": { "type": "LineString", "coordinates": [ [ 6.7692492, 43.4376554 ], [ 6.7691653, 43.4376019 ] ] } },
{ "type": "Feature", "properties": { "element": "way", "id": 946133101, "name": "Le Pédégal", "waterway": "stream" }, "geometry": { "type": "LineString", "coordinates": [ [ 6.7695555, 43.4379103 ], [ 6.7692492, 43.4376554 ] ] } },
{ "type": "Feature", "properties": { "element": "way", "id": 991277236, "name": "Le Blavet", "waterway": "stream" }, "geometry": { "type": "LineString", "coordinates": [ [ 6.6547449, 43.5278199 ], [ 6.6546088, 43.5277296 ], [ 6.6544332, 43.5275615 ], [ 6.6543098, 43.5273485 ], [ 6.6541434, 43.5271881 ], [ 6.6538967, 43.5269236 ], [ 6.6537659, 43.5267392 ], [ 6.6537693, 43.5266465 ], [ 6.6537371, 43.526524 ], [ 6.6535789, 43.5263626 ], [ 6.6532946, 43.526135 ], [ 6.6528547, 43.5259794 ], [ 6.6525998, 43.5257674 ], [ 6.6524121, 43.5254057 ], [ 6.6523558, 43.5251315 ], [ 6.652329, 43.5246939 ], [ 6.6522539, 43.5244119 ], [ 6.6521788, 43.5241552 ], [ 6.6521009, 43.5238207 ], [ 6.6521573, 43.5236087 ], [ 6.6522803, 43.5234395 ] ] } },
{ "type": "Feature", "properties": { "element": "way", "id": 991277237, "name": "Le Blavet", "waterway": "stream" }, "geometry": { "type": "LineString", "coordinates": [ [ 6.6548084, 43.5278638 ], [ 6.6547449, 43.5278199 ] ] } },
{ "type": "Feature", "properties": { "element": "way", "id": 992045717, "name": null, "waterway": "stream" }, "geometry": { "type": "LineString", "coordinates": [ [ 6.813706, 43.4995397 ], [ 6.8134809, 43.4993462 ], [ 6.8132517, 43.4991496 ], [ 6.8130224, 43.4989954 ], [ 6.8126931, 43.4987989 ], [ 6.8124889, 43.4987082 ], [ 6.8122013, 43.4985721 ], [ 6.8119053, 43.4983998 ], [ 6.8116177, 43.498164 ], [ 6.8114677, 43.4978556 ], [ 6.8113718, 43.4975562 ], [ 6.8113635, 43.4972236 ], [ 6.8113934, 43.4970647 ], [ 6.8114093, 43.4969424 ], [ 6.8114927, 43.496764 ], [ 6.8114427, 43.496504 ], [ 6.8112759, 43.4961563 ], [ 6.8113343, 43.4957239 ], [ 6.8112843, 43.4954759 ], [ 6.8111217, 43.4952038 ], [ 6.8110508, 43.495101 ], [ 6.8110425, 43.4948379 ], [ 6.8110759, 43.4947018 ], [ 6.8111926, 43.4946021 ], [ 6.8114135, 43.4944872 ], [ 6.8115635, 43.4943813 ], [ 6.8116761, 43.494209 ], [ 6.811822, 43.4939701 ], [ 6.8119387, 43.493834 ], [ 6.811922, 43.4937282 ], [ 6.8117344, 43.493574 ], [ 6.811576, 43.4933351 ], [ 6.8114635, 43.4930902 ], [ 6.811481, 43.4929698 ], [ 6.8114856, 43.4929383 ] ] } },
{ "type": "Feature", "properties": { "element": "way", "id": 1013478780, "name": null, "waterway": "stream" }, "geometry": { "type": "LineString", "coordinates": [ [ 6.6446733, 43.5318668 ], [ 6.6455797, 43.5312892 ], [ 6.6464688, 43.5309501 ], [ 6.6470346, 43.5306613 ], [ 6.6473406, 43.5304855 ], [ 6.6476293, 43.5303055 ], [ 6.6477043, 43.5301799 ], [ 6.647941, 43.5301046 ], [ 6.6483452, 43.5298158 ], [ 6.6489144, 43.5297123 ], [ 6.6493613, 43.5295228 ], [ 6.6495578, 43.5295001 ], [ 6.6498578, 43.5293888 ], [ 6.6502239, 43.5293009 ], [ 6.650398, 43.5293032 ], [ 6.6506039, 43.5293401 ], [ 6.650754, 43.5293512 ], [ 6.6508682, 43.5293344 ], [ 6.6511453, 43.5292465 ], [ 6.6514014, 43.5291893 ], [ 6.6521787, 43.5292925 ], [ 6.6524311, 43.5293361 ], [ 6.6526808, 43.5295684 ], [ 6.6531486, 43.5296065 ], [ 6.6533869, 43.5296646 ], [ 6.6535932, 43.52964 ], [ 6.6539728, 43.5295963 ], [ 6.6542647, 43.5295979 ], [ 6.6548403, 43.5295981 ], [ 6.6550481, 43.5295269 ], [ 6.6550814, 43.5295169 ] ] } },
{ "type": "Feature", "properties": { "element": "way", "id": 1013478781, "name": null, "waterway": "stream" }, "geometry": { "type": "LineString", "coordinates": [ [ 6.6552361, 43.5294542 ], [ 6.6553934, 43.5293934 ] ] } },
{ "type": "Feature", "properties": { "element": "way", "id": 1013478782, "name": null, "waterway": "stream" }, "geometry": { "type": "LineString", "coordinates": [ [ 6.6550814, 43.5295169 ], [ 6.6552361, 43.5294542 ] ] } },
{ "type": "Feature", "properties": { "element": "way", "id": 1020005639, "name": null, "waterway": "stream" }, "geometry": { "type": "LineString", "coordinates": [ [ 6.6596534, 43.5137157 ], [ 6.6596147, 43.5135558 ], [ 6.659573, 43.5134196 ], [ 6.6595521, 43.513331 ], [ 6.6594657, 43.5132272 ], [ 6.659412, 43.5131581 ], [ 6.6592898, 43.5130803 ], [ 6.659272, 43.5130457 ], [ 6.6592636, 43.5130077 ], [ 6.6592511, 43.5129506 ], [ 6.6592243, 43.5127517 ], [ 6.6592362, 43.5126566 ], [ 6.6591498, 43.5125097 ], [ 6.6590782, 43.5123757 ], [ 6.6590216, 43.512326 ], [ 6.6589441, 43.5121682 ], [ 6.6588428, 43.5119931 ], [ 6.6586789, 43.5119477 ], [ 6.6586133, 43.5118959 ], [ 6.6587962, 43.5117656 ], [ 6.658509, 43.5117575 ], [ 6.6583765, 43.5116663 ], [ 6.6582408, 43.5115414 ], [ 6.6581514, 43.5114009 ], [ 6.6577848, 43.5112691 ], [ 6.6576209, 43.5112021 ], [ 6.6575404, 43.5111502 ], [ 6.6572931, 43.5110119 ], [ 6.6571947, 43.5109838 ], [ 6.6570249, 43.5109427 ], [ 6.6569563, 43.5109059 ], [ 6.6566672, 43.5107698 ], [ 6.6565301, 43.5106379 ], [ 6.6563275, 43.5104391 ], [ 6.656256, 43.5103202 ], [ 6.6559852, 43.5100401 ] ] } },
{ "type": "Feature", "properties": { "element": "way", "id": 1020005642, "name": null, "waterway": "stream" }, "geometry": { "type": "LineString", "coordinates": [ [ 6.6601899, 43.5127755 ], [ 6.6600945, 43.5126869 ], [ 6.6599067, 43.5125421 ], [ 6.6597458, 43.5124362 ], [ 6.659564, 43.5122633 ], [ 6.6594359, 43.5121336 ], [ 6.659272, 43.5120428 ], [ 6.6590872, 43.511991 ], [ 6.6588428, 43.5119931 ] ] } },
{ "type": "Feature", "properties": { "element": "way", "id": 1020005643, "name": null, "waterway": "stream" }, "geometry": { "type": "LineString", "coordinates": [ [ 6.6615697, 43.5183461 ], [ 6.6616591, 43.5181732 ], [ 6.6618618, 43.5179009 ], [ 6.6622075, 43.5177626 ], [ 6.6625472, 43.5177021 ], [ 6.6629823, 43.5176372 ], [ 6.6634234, 43.5175897 ], [ 6.6637274, 43.5174254 ], [ 6.6642042, 43.517192 ], [ 6.664687, 43.517071 ], [ 6.6651639, 43.5171272 ], [ 6.6656407, 43.516937 ], [ 6.6659685, 43.5167382 ], [ 6.6661593, 43.5164875 ], [ 6.6662666, 43.5162584 ], [ 6.6663739, 43.5160509 ], [ 6.6665884, 43.5158262 ], [ 6.666809, 43.5156878 ], [ 6.6670116, 43.5156316 ], [ 6.6677507, 43.5156619 ], [ 6.6682454, 43.5156922 ], [ 6.6691276, 43.5154977 ], [ 6.6693898, 43.515342 ], [ 6.6697058, 43.5152167 ], [ 6.6701409, 43.5151432 ], [ 6.6705402, 43.5150222 ], [ 6.6710349, 43.5146591 ], [ 6.6711124, 43.5144041 ], [ 6.6711243, 43.5140972 ], [ 6.6711243, 43.5134963 ], [ 6.6711601, 43.5132932 ], [ 6.6711303, 43.5131159 ], [ 6.6711124, 43.5127917 ], [ 6.6710111, 43.5125108 ], [ 6.6706594, 43.5122557 ], [ 6.6702839, 43.5120266 ], [ 6.6699263, 43.5119056 ], [ 6.6695567, 43.5117716 ], [ 6.6691097, 43.5116332 ], [ 6.6689547, 43.5115252 ], [ 6.6688057, 43.5113955 ], [ 6.6686984, 43.5112701 ], [ 6.6686269, 43.5111016 ], [ 6.6686984, 43.5109589 ], [ 6.6687819, 43.5108292 ], [ 6.6690143, 43.5106779 ], [ 6.6691932, 43.5105655 ], [ 6.6693958, 43.5104185 ], [ 6.6696104, 43.5101635 ], [ 6.6697773, 43.5100684 ], [ 6.670123, 43.5099214 ], [ 6.6704091, 43.5097831 ], [ 6.670576, 43.5096534 ], [ 6.6707131, 43.5095151 ], [ 6.6707488, 43.5093594 ], [ 6.6707429, 43.5091952 ], [ 6.6707786, 43.5089725 ], [ 6.6708114, 43.5088061 ], [ 6.6706475, 43.5084127 ], [ 6.6708442, 43.5082787 ], [ 6.670868, 43.5080172 ], [ 6.6708442, 43.5077772 ], [ 6.6706803, 43.5074141 ], [ 6.6710498, 43.5072434 ], [ 6.6712242, 43.507131 ], [ 6.6712525, 43.5070207 ], [ 6.6712162, 43.5068635 ] ] } },
{ "type": "Feature", "properties": { "element": "way", "id": 1020005645, "name": null, "waterway": "stream" }, "geometry": { "type": "LineString", "coordinates": [ [ 6.6676285, 43.511804 ], [ 6.6676226, 43.5115879 ], [ 6.667706, 43.511376 ], [ 6.6675987, 43.5112031 ], [ 6.6677358, 43.5110562 ], [ 6.667712, 43.5108746 ], [ 6.6675928, 43.5107492 ], [ 6.6676226, 43.5106369 ], [ 6.6673484, 43.5105504 ], [ 6.667253, 43.5104553 ], [ 6.6673305, 43.5103386 ], [ 6.6671517, 43.5102175 ], [ 6.6670265, 43.5101484 ], [ 6.6671577, 43.5100187 ], [ 6.6671159, 43.509889 ], [ 6.6670802, 43.5097291 ], [ 6.6671696, 43.5095864 ], [ 6.6670444, 43.5095043 ], [ 6.6668716, 43.5094481 ], [ 6.6668, 43.5093227 ], [ 6.6668239, 43.5092665 ], [ 6.6665914, 43.5092622 ], [ 6.6664782, 43.5091152 ], [ 6.6664722, 43.5089553 ], [ 6.6665735, 43.508765 ], [ 6.6668119, 43.508631 ], [ 6.6669073, 43.5084884 ], [ 6.6669133, 43.5083371 ], [ 6.6670504, 43.5081425 ], [ 6.6671159, 43.5079696 ], [ 6.6671517, 43.5078702 ], [ 6.6673305, 43.5075762 ], [ 6.6673067, 43.5074076 ], [ 6.6671577, 43.5070002 ], [ 6.6670206, 43.5066889 ], [ 6.6670951, 43.5062739 ], [ 6.6672709, 43.5059464 ], [ 6.6672351, 43.5054795 ], [ 6.6670742, 43.5052569 ], [ 6.6669137, 43.5049323 ], [ 6.6664662, 43.5042247 ], [ 6.6661325, 43.5038734 ], [ 6.6659979, 43.5037517 ], [ 6.6654768, 43.50364 ], [ 6.6653099, 43.5032249 ], [ 6.6650715, 43.5030217 ], [ 6.6648092, 43.5027451 ], [ 6.6646394, 43.5024662 ] ] } },
{ "type": "Feature", "properties": { "element": "way", "id": 1020005646, "name": null, "waterway": "stream" }, "geometry": { "type": "LineString", "coordinates": [ [ 6.6755917, 43.5039296 ], [ 6.6751268, 43.504042 ], [ 6.6745069, 43.5042409 ], [ 6.6742685, 43.5042755 ], [ 6.6740003, 43.5043144 ], [ 6.6735532, 43.5043922 ], [ 6.6731181, 43.5043447 ], [ 6.6724505, 43.5043144 ], [ 6.6722181, 43.5042669 ], [ 6.6718605, 43.5041804 ], [ 6.6713419, 43.5041242 ], [ 6.6708114, 43.5041588 ], [ 6.6705194, 43.5042366 ], [ 6.6701021, 43.5042452 ], [ 6.6694465, 43.5041934 ], [ 6.6690352, 43.5041242 ], [ 6.668618, 43.5040031 ], [ 6.668159, 43.5038216 ], [ 6.6675808, 43.5036832 ], [ 6.6670772, 43.5035816 ] ] } },
{ "type": "Feature", "properties": { "element": "way", "id": 1020005647, "name": null, "waterway": "stream" }, "geometry": { "type": "LineString", "coordinates": [ [ 6.6682007, 43.5025332 ], [ 6.6679087, 43.50233 ], [ 6.6676047, 43.5020965 ], [ 6.6671934, 43.502049 ], [ 6.666926, 43.5020858 ], [ 6.6667225, 43.5021138 ], [ 6.6663888, 43.5022392 ], [ 6.6658046, 43.5025937 ], [ 6.6655751, 43.5027688 ] ] } },
{ "type": "Feature", "properties": { "element": "way", "id": 1020005648, "name": null, "waterway": "stream" }, "geometry": { "type": "LineString", "coordinates": [ [ 6.6694822, 43.5046084 ], [ 6.6692975, 43.5045176 ], [ 6.6689458, 43.5044052 ], [ 6.6683378, 43.5043014 ], [ 6.6678908, 43.5040983 ], [ 6.6676315, 43.5039275 ] ] } },
{ "type": "Feature", "properties": { "element": "way", "id": 1020005662, "name": null, "waterway": "stream" }, "geometry": { "type": "LineString", "coordinates": [ [ 6.6741493, 43.5072239 ], [ 6.6740778, 43.50661 ], [ 6.6740241, 43.5058448 ], [ 6.6745248, 43.5052742 ], [ 6.6744115, 43.5047856 ], [ 6.6742685, 43.5042755 ] ] } },
{ "type": "Feature", "properties": { "element": "way", "id": 1020005666, "name": null, "waterway": "stream" }, "geometry": { "type": "LineString", "coordinates": [ [ 6.6777136, 43.5261192 ], [ 6.6778269, 43.5258426 ], [ 6.6779699, 43.5256222 ], [ 6.6781487, 43.5254623 ], [ 6.6782858, 43.5252937 ], [ 6.6783574, 43.5251468 ] ] } },
{ "type": "Feature", "properties": { "element": "way", "id": 1020005667, "name": null, "waterway": "stream" }, "geometry": { "type": "LineString", "coordinates": [ [ 6.6861775, 43.5191911 ], [ 6.6857245, 43.5193035 ], [ 6.6851106, 43.5193726 ], [ 6.6843476, 43.5194763 ], [ 6.6837993, 43.5195023 ], [ 6.6832628, 43.5195455 ], [ 6.6829529, 43.5195628 ], [ 6.6824731, 43.5196773 ], [ 6.682251, 43.5196783 ], [ 6.6819694, 43.5196795 ], [ 6.681576, 43.5197313 ], [ 6.6812661, 43.5198351 ], [ 6.6810277, 43.5198524 ], [ 6.6807356, 43.5198308 ], [ 6.6804912, 43.5197962 ], [ 6.6801693, 43.5198005 ], [ 6.679925, 43.5198264 ], [ 6.6793945, 43.5199691 ], [ 6.6791322, 43.5199388 ], [ 6.6789296, 43.5197789 ], [ 6.6786673, 43.5196492 ], [ 6.6785183, 43.5194936 ] ] } },
{ "type": "Feature", "properties": { "element": "way", "id": 1020005668, "name": null, "waterway": "stream" }, "geometry": { "type": "LineString", "coordinates": [ [ 6.6828694, 43.5223937 ], [ 6.6826549, 43.5222036 ], [ 6.6824284, 43.5220048 ], [ 6.6822436, 43.5218059 ], [ 6.6820469, 43.5215207 ], [ 6.6816475, 43.5211836 ], [ 6.6814389, 43.5209199 ], [ 6.681272, 43.5207427 ], [ 6.6810694, 43.520518 ], [ 6.6809566, 43.5202749 ], [ 6.6809084, 43.5201765 ], [ 6.6808488, 43.5200339 ], [ 6.6807356, 43.5198308 ] ] } },
{ "type": "Feature", "properties": { "element": "way", "id": 1026353212, "name": null, "waterway": "stream" }, "geometry": { "type": "LineString", "coordinates": [ [ 6.7457313, 43.4802439 ], [ 6.7448447, 43.4800813 ], [ 6.744008, 43.4796638 ] ] } },
{ "type": "Feature", "properties": { "element": "way", "id": 1026353213, "name": null, "waterway": "stream" }, "geometry": { "type": "LineString", "coordinates": [ [ 6.7458759, 43.4802704 ], [ 6.7457313, 43.4802439 ] ] } },
{ "type": "Feature", "properties": { "element": "way", "id": 1034077522, "name": "Le Reyran", "waterway": "river" }, "geometry": { "type": "LineString", "coordinates": [ [ 6.7572364, 43.5121443 ], [ 6.7572215, 43.5120946 ], [ 6.7568549, 43.5118774 ], [ 6.7567566, 43.5116861 ], [ 6.756738, 43.5116231 ], [ 6.7567814, 43.5115631 ], [ 6.7568523, 43.5113874 ], [ 6.7568788, 43.511176 ], [ 6.7569646, 43.5109581 ], [ 6.7572701, 43.510559 ], [ 6.7573028, 43.5103589 ], [ 6.7572865, 43.5102037 ], [ 6.7572579, 43.5100076 ], [ 6.757266, 43.5097789 ], [ 6.7573722, 43.5096196 ], [ 6.7576223, 43.5092079 ], [ 6.7577269, 43.5090177 ], [ 6.7577769, 43.5087122 ], [ 6.7578157, 43.5084789 ], [ 6.7577451, 43.5083349 ], [ 6.7575096, 43.5081167 ], [ 6.7573432, 43.5080723 ], [ 6.757132, 43.5080469 ], [ 6.7569725, 43.5080684 ], [ 6.7567071, 43.5081295 ], [ 6.7564414, 43.508209 ], [ 6.7561882, 43.5082845 ], [ 6.7559271, 43.5083956 ], [ 6.7554438, 43.50849 ], [ 6.7551883, 43.5085289 ], [ 6.7549883, 43.50849 ], [ 6.7547515, 43.5084704 ], [ 6.7545678, 43.5083616 ], [ 6.7544616, 43.5082088 ], [ 6.7544527, 43.5080902 ], [ 6.7545919, 43.5079266 ], [ 6.7547243, 43.5078384 ], [ 6.7548449, 43.5078109 ], [ 6.7551232, 43.5075805 ], [ 6.7552614, 43.5071735 ], [ 6.7555874, 43.5067432 ], [ 6.7557574, 43.5065248 ], [ 6.7558483, 43.506259 ], [ 6.7558413, 43.5058871 ], [ 6.7559137, 43.5057148 ], [ 6.7559663, 43.5056142 ], [ 6.7559296, 43.5054418 ], [ 6.7559698, 43.5052188 ], [ 6.7561027, 43.5050987 ], [ 6.7563501, 43.5049945 ], [ 6.7564968, 43.5048735 ], [ 6.7568563, 43.5047073 ], [ 6.7571876, 43.5045608 ], [ 6.7574981, 43.5044422 ] ] } },
{ "type": "Feature", "properties": { "element": "way", "id": 1034077523, "name": "Le Reyran", "waterway": "river" }, "geometry": { "type": "LineString", "coordinates": [ [ 6.7574981, 43.5044422 ], [ 6.7578675, 43.5043174 ] ] } },
{ "type": "Feature", "properties": { "element": "way", "id": 1034077528, "name": null, "waterway": "stream" }, "geometry": { "type": "LineString", "coordinates": [ [ 6.7543582, 43.5092916 ], [ 6.7543743, 43.5092037 ], [ 6.7544905, 43.5090317 ], [ 6.7546371, 43.5086816 ], [ 6.7546819, 43.5085745 ], [ 6.7547135, 43.5084997 ], [ 6.7547515, 43.5084704 ] ] } },
{ "type": "Feature", "properties": { "element": "way", "id": 1034077529, "name": null, "waterway": "stream" }, "geometry": { "type": "LineString", "coordinates": [ [ 6.7543217, 43.5093828 ], [ 6.7543582, 43.5092916 ] ] } },
{ "type": "Feature", "properties": { "element": "way", "id": 1040131007, "name": null, "waterway": "stream" }, "geometry": { "type": "LineString", "coordinates": [ [ 6.8196666, 43.4908613 ], [ 6.8192348, 43.4912281 ], [ 6.8189773, 43.4914304 ], [ 6.8188915, 43.4916601 ], [ 6.8188593, 43.4917622 ], [ 6.8188164, 43.4918897 ], [ 6.8188727, 43.4920687 ], [ 6.818874, 43.4922185 ], [ 6.8188351, 43.4924666 ], [ 6.8186957, 43.4925522 ], [ 6.8185374, 43.4925386 ], [ 6.8183094, 43.492631 ], [ 6.8181177, 43.4927507 ], [ 6.8179581, 43.492812 ], [ 6.8177059, 43.4929502 ], [ 6.8173438, 43.4929297 ], [ 6.8169978, 43.4928159 ], [ 6.8168463, 43.4928188 ], [ 6.8167323, 43.4927624 ], [ 6.8165901, 43.4927741 ], [ 6.8164211, 43.4927857 ], [ 6.8162696, 43.4928966 ], [ 6.816047, 43.492918 ], [ 6.8158284, 43.4928976 ], [ 6.8156648, 43.4928217 ], [ 6.8155213, 43.4928626 ], [ 6.8152812, 43.4928568 ], [ 6.8150237, 43.4929258 ], [ 6.8148239, 43.493062 ], [ 6.8145879, 43.4930766 ], [ 6.8140152, 43.4932556 ], [ 6.813755, 43.4932284 ], [ 6.8132736, 43.4933364 ], [ 6.8128954, 43.4932313 ], [ 6.8126674, 43.4932342 ], [ 6.8125306, 43.4932712 ], [ 6.8124528, 43.4932605 ], [ 6.8123831, 43.4932265 ], [ 6.8123053, 43.4930144 ], [ 6.8121913, 43.4929784 ], [ 6.8119405, 43.4929988 ], [ 6.8117595, 43.4930192 ], [ 6.811481, 43.4929698 ] ] } },
{ "type": "Feature", "properties": { "element": "way", "id": 1061719848, "name": "Le Gonfaron", "waterway": "river" }, "geometry": { "type": "LineString", "coordinates": [ [ 6.7327354, 43.469651 ], [ 6.7329946, 43.4695341 ], [ 6.7331641, 43.4694227 ], [ 6.7332848, 43.4692416 ], [ 6.7333283, 43.4690475 ], [ 6.7333483, 43.4689857 ] ] } },
{ "type": "Feature", "properties": { "element": "way", "id": 1061719849, "name": "Le Gonfaron", "waterway": "river" }, "geometry": { "type": "LineString", "coordinates": [ [ 6.7333483, 43.4689857 ], [ 6.7334002, 43.4688946 ] ] } },
{ "type": "Feature", "properties": { "element": "way", "id": 1064523727, "name": null, "waterway": "stream" }, "geometry": { "type": "LineString", "coordinates": [ [ 6.8175075, 43.4892447 ], [ 6.8174836, 43.4889281 ], [ 6.8174817, 43.4886547 ], [ 6.8175081, 43.4884577 ], [ 6.8175919, 43.4882675 ], [ 6.8177822, 43.4881058 ], [ 6.8180155, 43.4880348 ], [ 6.8182949, 43.4879065 ], [ 6.8184497, 43.4876039 ], [ 6.8187537, 43.4871984 ], [ 6.8188619, 43.487095 ], [ 6.8190584, 43.4870363 ], [ 6.8192247, 43.4869586 ], [ 6.8192692, 43.4867937 ], [ 6.8194961, 43.4866877 ], [ 6.8198144, 43.4865292 ], [ 6.8203389, 43.4863267 ], [ 6.8205859, 43.4861427 ], [ 6.8209314, 43.4860014 ], [ 6.8211784, 43.4858685 ], [ 6.821359, 43.4857597 ], [ 6.8214819, 43.4856144 ], [ 6.8215984, 43.4855569 ], [ 6.8217034, 43.4855287 ], [ 6.8217815, 43.4854612 ], [ 6.8218394, 43.4853304 ], [ 6.82199, 43.4852469 ], [ 6.8221541, 43.4852314 ], [ 6.8221965, 43.4850626 ], [ 6.8223395, 43.4849909 ], [ 6.8224748, 43.4849483 ], [ 6.8226054, 43.4849138 ], [ 6.8227426, 43.4847694 ], [ 6.8228927, 43.4846737 ], [ 6.823039, 43.4844118 ], [ 6.8230941, 43.4842205 ], [ 6.8230598, 43.4841325 ], [ 6.8230388, 43.4840134 ], [ 6.8230703, 43.4839189 ], [ 6.8230348, 43.4838215 ], [ 6.8230271, 43.4836984 ], [ 6.8230182, 43.483522 ], [ 6.8230412, 43.483444 ] ] } },
{ "type": "Feature", "properties": { "element": "way", "id": 1064523729, "name": null, "waterway": "stream" }, "geometry": { "type": "LineString", "coordinates": [ [ 6.8162871, 43.4862234 ], [ 6.8161961, 43.4857829 ], [ 6.8161559, 43.4856366 ], [ 6.8160346, 43.4853841 ], [ 6.8160129, 43.4851657 ], [ 6.8161063, 43.4849851 ], [ 6.816235, 43.4847585 ], [ 6.8164061, 43.4844448 ], [ 6.8164931, 43.4842713 ], [ 6.8166212, 43.4841538 ], [ 6.8167341, 43.4839985 ], [ 6.816824, 43.4838478 ], [ 6.8169842, 43.4837299 ], [ 6.8169935, 43.4835162 ], [ 6.8172093, 43.4833593 ], [ 6.817285, 43.4832617 ], [ 6.8173015, 43.4830689 ], [ 6.8173292, 43.4828324 ], [ 6.8173867, 43.4825944 ], [ 6.8174098, 43.4823728 ], [ 6.8174044, 43.4821709 ], [ 6.8176207, 43.482081 ], [ 6.817796, 43.4819057 ], [ 6.8178585, 43.4817737 ], [ 6.8180316, 43.4814706 ], [ 6.8180597, 43.4813504 ], [ 6.8181919, 43.481106 ], [ 6.8181828, 43.4808833 ], [ 6.8181266, 43.4807498 ], [ 6.8180981, 43.4805841 ], [ 6.8181284, 43.4804468 ], [ 6.8181662, 43.4803187 ], [ 6.8180957, 43.4802041 ], [ 6.8179698, 43.4801804 ], [ 6.8178194, 43.4801033 ], [ 6.8177728, 43.4799783 ], [ 6.8176739, 43.4797694 ], [ 6.8175025, 43.4796392 ], [ 6.8174419, 43.4795242 ], [ 6.8174302, 43.4793843 ], [ 6.817428, 43.4792579 ], [ 6.8174071, 43.4790937 ], [ 6.8173301, 43.4789956 ], [ 6.8171843, 43.4788567 ], [ 6.8171494, 43.4786947 ], [ 6.8171214, 43.4785013 ], [ 6.8171423, 43.4781914 ], [ 6.8171342, 43.4779335 ], [ 6.8170941, 43.4776866 ], [ 6.8170165, 43.477565 ], [ 6.8169083, 43.4773334 ], [ 6.8169107, 43.4771558 ], [ 6.8167153, 43.476783 ], [ 6.8167368, 43.4765886 ], [ 6.8167614, 43.4764379 ], [ 6.8166959, 43.476164 ], [ 6.8166339, 43.4758297 ], [ 6.8166105, 43.47568 ], [ 6.8165896, 43.4755836 ], [ 6.8164774, 43.4754037 ], [ 6.816371, 43.4753771 ], [ 6.8162317, 43.4753318 ], [ 6.8161916, 43.4753198 ], [ 6.8161667, 43.4753039 ], [ 6.8160567, 43.4752602 ] ] } },
{ "type": "Feature", "properties": { "element": "way", "id": 1065089556, "name": null, "waterway": "stream" }, "geometry": { "type": "LineString", "coordinates": [ [ 6.8042507, 43.4708048 ], [ 6.8042867, 43.4708226 ], [ 6.8044003, 43.470849 ], [ 6.8046101, 43.4708926 ], [ 6.8047467, 43.4709121 ], [ 6.8048617, 43.4709296 ], [ 6.8049457, 43.4709487 ], [ 6.8050283, 43.4709692 ], [ 6.8051528, 43.4709488 ], [ 6.8052607, 43.4709323 ], [ 6.8053929, 43.470915 ], [ 6.8054714, 43.4709223 ], [ 6.8055731, 43.4709402 ], [ 6.8056948, 43.4709492 ], [ 6.8058754, 43.470975 ], [ 6.8059961, 43.4709501 ] ] } },
{ "type": "Feature", "properties": { "element": "way", "id": 1065194235, "name": null, "waterway": "stream" }, "geometry": { "type": "LineString", "coordinates": [ [ 6.8019962, 43.462726 ], [ 6.8020962, 43.4626414 ], [ 6.8021752, 43.4625525 ], [ 6.8022806, 43.4624429 ], [ 6.8023438, 43.462389 ], [ 6.8024775, 43.4623104 ], [ 6.8026372, 43.462212 ], [ 6.80281, 43.4621233 ], [ 6.8029118, 43.462098 ], [ 6.8031609, 43.461971 ], [ 6.8033836, 43.461883 ], [ 6.8035159, 43.4617995 ], [ 6.8036155, 43.4616942 ], [ 6.8037718, 43.4616125 ], [ 6.8040301, 43.4615074 ], [ 6.8043208, 43.4613961 ], [ 6.8045121, 43.4613253 ], [ 6.8046611, 43.4612596 ], [ 6.8050877, 43.4611398 ], [ 6.8052942, 43.4610998 ], [ 6.8055845, 43.4609898 ], [ 6.8057857, 43.460893 ], [ 6.8059211, 43.4608071 ], [ 6.805975, 43.4607023 ], [ 6.8059945, 43.4606633 ], [ 6.8060376, 43.4605942 ] ] } },
{ "type": "Feature", "properties": { "element": "way", "id": 1065194238, "name": null, "waterway": "stream" }, "geometry": { "type": "LineString", "coordinates": [ [ 6.8061121, 43.4605461 ], [ 6.8062891, 43.4604449 ] ] } },
{ "type": "Feature", "properties": { "element": "way", "id": 1065194239, "name": null, "waterway": "stream" }, "geometry": { "type": "LineString", "coordinates": [ [ 6.8060376, 43.4605942 ], [ 6.8061121, 43.4605461 ] ] } },
{ "type": "Feature", "properties": { "element": "way", "id": 1125639813, "name": "L'Argens", "waterway": "river" }, "geometry": { "type": "LineString", "coordinates": [ [ 6.7356759, 43.4101294 ], [ 6.7357115, 43.4094688 ], [ 6.7357107, 43.4091932 ], [ 6.735704, 43.4087757 ], [ 6.7348529, 43.4080424 ], [ 6.734752, 43.4078641 ], [ 6.7347395, 43.4076686 ], [ 6.7349187, 43.4073713 ] ] } },
{ "type": "Feature", "properties": { "element": "way", "id": 1168360756, "name": null, "waterway": "stream" }, "geometry": { "type": "LineString", "coordinates": [ [ 6.7999449, 43.4805996 ], [ 6.8005451, 43.4807772 ], [ 6.8009501, 43.4809245 ], [ 6.8011631, 43.4809721 ], [ 6.8012599, 43.4809735 ], [ 6.8013523, 43.4810325 ], [ 6.8014804, 43.4811049 ], [ 6.8015685, 43.4811199 ], [ 6.8016436, 43.4811283 ], [ 6.801711, 43.4811567 ], [ 6.8017908, 43.481197 ], [ 6.80185, 43.4812613 ], [ 6.8019354, 43.4813117 ], [ 6.802001, 43.4813567 ], [ 6.8020738, 43.4813997 ], [ 6.8021219, 43.4814415 ], [ 6.8021843, 43.4814805 ], [ 6.8022041, 43.4815491 ], [ 6.8022906, 43.481616 ], [ 6.8023959, 43.4816886 ], [ 6.8023892, 43.4817431 ], [ 6.8024307, 43.4818092 ], [ 6.8025126, 43.4818462 ], [ 6.8026038, 43.4819503 ], [ 6.8026789, 43.481999 ], [ 6.8028867, 43.4821245 ], [ 6.80288, 43.4821683 ], [ 6.802986, 43.4823104 ], [ 6.8030825, 43.4823551 ], [ 6.8032247, 43.4823765 ], [ 6.803399, 43.4823522 ], [ 6.8034741, 43.4823736 ], [ 6.8036351, 43.4823668 ], [ 6.803733, 43.4823551 ], [ 6.8038148, 43.4823931 ], [ 6.8039958, 43.4824155 ], [ 6.8042262, 43.4823907 ], [ 6.8043914, 43.4823756 ], [ 6.8045846, 43.4823756 ], [ 6.804716, 43.4823931 ], [ 6.8047602, 43.4823649 ], [ 6.8048125, 43.4822948 ], [ 6.8049695, 43.4822364 ], [ 6.8051411, 43.4822179 ], [ 6.8054429, 43.4820661 ], [ 6.805577, 43.4820408 ], [ 6.805746, 43.4820496 ], [ 6.8059096, 43.4820914 ], [ 6.8060651, 43.4820885 ], [ 6.806442, 43.4821761 ], [ 6.8067518, 43.4821586 ], [ 6.8068309, 43.4821401 ], [ 6.8069302, 43.4821693 ], [ 6.8070254, 43.4821508 ], [ 6.8072329, 43.4820674 ] ] } },
{ "type": "Feature", "properties": { "element": "way", "id": 1168360757, "name": null, "waterway": "stream" }, "geometry": { "type": "LineString", "coordinates": [ [ 6.7958124, 43.4889299 ], [ 6.7958969, 43.4889445 ], [ 6.7959867, 43.488928 ], [ 6.7960753, 43.488929 ], [ 6.7961504, 43.488965 ], [ 6.7962228, 43.489036 ], [ 6.7963341, 43.4890914 ], [ 6.7964897, 43.4891372 ], [ 6.7966063, 43.489144 ], [ 6.796715, 43.4891498 ], [ 6.7968162, 43.4891333 ], [ 6.7968397, 43.4891289 ], [ 6.7968732, 43.4891537 ], [ 6.7969074, 43.4891591 ], [ 6.7969235, 43.4891294 ], [ 6.796959, 43.4891401 ], [ 6.7970402, 43.4891518 ], [ 6.7970999, 43.4891099 ], [ 6.7971924, 43.4891304 ], [ 6.7974418, 43.4891391 ], [ 6.7975304, 43.4891138 ], [ 6.7976256, 43.4891411 ], [ 6.7977047, 43.4891868 ], [ 6.7978334, 43.4891975 ], [ 6.7979702, 43.4891537 ], [ 6.7980507, 43.4891488 ], [ 6.7981137, 43.4891907 ], [ 6.7981513, 43.489288 ], [ 6.798221, 43.4893152 ], [ 6.7983055, 43.4893016 ], [ 6.7983524, 43.4892238 ], [ 6.798445, 43.489214 ], [ 6.7986032, 43.4891994 ], [ 6.7987052, 43.4891566 ], [ 6.7989063, 43.4891547 ], [ 6.7990512, 43.4890875 ], [ 6.7992121, 43.4890584 ], [ 6.7993247, 43.4890477 ], [ 6.7993931, 43.4889912 ], [ 6.799597, 43.4889397 ], [ 6.7998008, 43.4889669 ], [ 6.8000342, 43.4889251 ], [ 6.8002327, 43.4888686 ], [ 6.8003654, 43.4887528 ], [ 6.8004768, 43.4887548 ], [ 6.8005358, 43.4888219 ], [ 6.8006484, 43.4888803 ], [ 6.8007544, 43.4889153 ], [ 6.8008965, 43.4889319 ], [ 6.8010682, 43.4889163 ], [ 6.8011902, 43.488857 ], [ 6.8014182, 43.4888326 ], [ 6.8016583, 43.4887382 ], [ 6.8019949, 43.4887441 ], [ 6.8023248, 43.4887626 ], [ 6.8024911, 43.4887022 ], [ 6.8026453, 43.4885933 ], [ 6.8027177, 43.4885952 ], [ 6.8027499, 43.4886195 ], [ 6.8027405, 43.4886935 ], [ 6.8027674, 43.4887305 ], [ 6.8028371, 43.4887344 ], [ 6.8028961, 43.488675 ], [ 6.8029256, 43.4885806 ], [ 6.8030316, 43.4884989 ], [ 6.803226, 43.4883958 ], [ 6.8033051, 43.488386 ], [ 6.8034044, 43.4884347 ], [ 6.8035506, 43.4884512 ], [ 6.8036994, 43.4884249 ], [ 6.8037987, 43.4883598 ], [ 6.8037987, 43.4882702 ], [ 6.8038657, 43.4882459 ], [ 6.8039797, 43.4881593 ], [ 6.804083, 43.4881379 ], [ 6.804193, 43.4880815 ], [ 6.8043177, 43.4879569 ], [ 6.8044277, 43.4879355 ], [ 6.8045738, 43.4879287 ], [ 6.804602, 43.4878859 ], [ 6.8047442, 43.4878022 ], [ 6.8048769, 43.4877944 ], [ 6.80529, 43.4876251 ], [ 6.8054026, 43.4876417 ], [ 6.8056588, 43.4875989 ], [ 6.8057325, 43.4876008 ], [ 6.8058372, 43.4876631 ], [ 6.8058452, 43.4877361 ], [ 6.8059015, 43.4877799 ], [ 6.8060115, 43.4877944 ], [ 6.8062073, 43.4878363 ], [ 6.8062851, 43.4878363 ], [ 6.8064822, 43.487882 ], [ 6.8065667, 43.4879715 ], [ 6.8067116, 43.4880542 ], [ 6.8067679, 43.4881389 ], [ 6.8069302, 43.4882722 ], [ 6.8069985, 43.4882848 ], [ 6.8071286, 43.4882313 ], [ 6.8073231, 43.4882012 ], [ 6.8073848, 43.4882216 ], [ 6.8074156, 43.4882634 ], [ 6.8074062, 43.4883276 ], [ 6.8074357, 43.4883646 ], [ 6.8075417, 43.4884055 ], [ 6.8077107, 43.48846 ], [ 6.8078327, 43.4884765 ], [ 6.8079789, 43.4884395 ], [ 6.8082686, 43.4883345 ], [ 6.8084161, 43.4882488 ], [ 6.8084617, 43.4881914 ], [ 6.8084885, 43.4881388 ] ] } },
{ "type": "Feature", "properties": { "element": "way", "id": 1176592714, "name": "Ruisseau du Plan Florent", "waterway": "stream" }, "geometry": { "type": "LineString", "coordinates": [ [ 6.6644287, 43.5456546 ], [ 6.6644287, 43.5455165 ], [ 6.6643357, 43.5450701 ], [ 6.6642692, 43.5447843 ], [ 6.664473, 43.5445178 ], [ 6.6646325, 43.5442416 ], [ 6.6646015, 43.5440265 ], [ 6.6644915, 43.5438564 ], [ 6.6644995, 43.5437879 ], [ 6.6645074, 43.5437062 ], [ 6.6645552, 43.5434087 ], [ 6.6647505, 43.5432701 ], [ 6.6647943, 43.5430621 ], [ 6.6650414, 43.5426953 ], [ 6.6651968, 43.5425393 ], [ 6.6651609, 43.5424296 ], [ 6.6652566, 43.5422216 ], [ 6.6654956, 43.5418519 ], [ 6.6656192, 43.5415804 ], [ 6.6656431, 43.5413898 ], [ 6.6657507, 43.5411673 ], [ 6.6657347, 43.5410778 ], [ 6.6656391, 43.5407861 ], [ 6.6655753, 43.5404452 ], [ 6.6656032, 43.5400524 ], [ 6.6655714, 43.5396595 ], [ 6.6654478, 43.5394227 ], [ 6.6653203, 43.5392147 ], [ 6.6652087, 43.538819 ], [ 6.6649776, 43.5383366 ], [ 6.6648661, 43.5381604 ], [ 6.6648461, 43.5378686 ], [ 6.6648302, 43.5376664 ], [ 6.6647625, 43.5374267 ], [ 6.6647425, 43.5372331 ], [ 6.6648382, 43.5369732 ], [ 6.6649258, 43.536846 ], [ 6.6651171, 43.5367623 ], [ 6.6651809, 43.5367103 ], [ 6.6651809, 43.5366467 ], [ 6.6649976, 43.5364156 ], [ 6.6649418, 43.5362828 ], [ 6.6649836, 43.5361808 ] ] } },
{ "type": "Feature", "properties": { "element": "way", "id": 1182754771, "name": null, "waterway": "stream" }, "geometry": { "type": "LineString", "coordinates": [ [ 6.808508, 43.4956922 ], [ 6.8086874, 43.4955955 ], [ 6.8087748, 43.4955233 ], [ 6.80885, 43.4954582 ], [ 6.8089251, 43.4954055 ], [ 6.8090342, 43.495372 ], [ 6.8092665, 43.4953329 ], [ 6.8094296, 43.4952678 ], [ 6.8095386, 43.4952503 ], [ 6.8098507, 43.4952469 ], [ 6.8099799, 43.4951938 ], [ 6.8100939, 43.4951867 ], [ 6.810221, 43.4952097 ], [ 6.8103258, 43.4952239 ], [ 6.8104731, 43.4952219 ], [ 6.8106089, 43.4952483 ], [ 6.8109327, 43.4952609 ], [ 6.8111217, 43.4952038 ] ] } },
{ "type": "Feature", "properties": { "element": "way", "id": 1182754773, "name": null, "waterway": "stream" }, "geometry": { "type": "LineString", "coordinates": [ [ 6.8031187, 43.4925069 ], [ 6.8032042, 43.4924924 ], [ 6.8034525, 43.4924485 ], [ 6.8036173, 43.4924091 ], [ 6.8036973, 43.4923695 ], [ 6.8038212, 43.4923581 ], [ 6.8039758, 43.4923405 ], [ 6.8041456, 43.4922945 ], [ 6.8043655, 43.4922388 ], [ 6.804574, 43.4922102 ], [ 6.8046813, 43.492197 ], [ 6.8048001, 43.4921944 ], [ 6.8049165, 43.4922089 ], [ 6.8050619, 43.4922393 ], [ 6.8052649, 43.492291 ], [ 6.8054382, 43.4923384 ], [ 6.805553, 43.4923188 ], [ 6.8056835, 43.4923041 ], [ 6.8057735, 43.4922796 ], [ 6.8058365, 43.4922388 ], [ 6.8059682, 43.4922239 ], [ 6.8060994, 43.4921844 ], [ 6.8062305, 43.4921288 ], [ 6.8063685, 43.4921025 ], [ 6.8064045, 43.4920374 ], [ 6.8063957, 43.4919879 ], [ 6.8063906, 43.4919098 ], [ 6.8064806, 43.4917968 ], [ 6.806622, 43.4916961 ], [ 6.8066867, 43.4916206 ], [ 6.8066876, 43.4915571 ], [ 6.8067091, 43.4915121 ], [ 6.8067834, 43.4914872 ], [ 6.8069677, 43.4914343 ], [ 6.8070651, 43.4913561 ], [ 6.8072108, 43.4911673 ], [ 6.8073057, 43.4910511 ], [ 6.807371, 43.4910187 ], [ 6.8074364, 43.4909996 ], [ 6.807528, 43.4909411 ], [ 6.807595, 43.4909124 ], [ 6.8077292, 43.490878 ], [ 6.807831, 43.4908387 ], [ 6.8079242, 43.4908308 ], [ 6.8080296, 43.4907727 ], [ 6.8081706, 43.4906923 ], [ 6.8083491, 43.4905803 ], [ 6.8084223, 43.4905318 ], [ 6.8085017, 43.490495 ], [ 6.8086424, 43.4904665 ], [ 6.8087911, 43.4904176 ], [ 6.8089007, 43.4903527 ], [ 6.8089835, 43.4903117 ], [ 6.8091259, 43.4902603 ], [ 6.8092017, 43.4902403 ], [ 6.8092809, 43.4902255 ], [ 6.8093904, 43.4901638 ], [ 6.8094371, 43.4901021 ], [ 6.8094726, 43.4900724 ], [ 6.8095807, 43.4900407 ], [ 6.8097591, 43.4899616 ] ] } },
{ "type": "Feature", "properties": { "element": "way", "id": 1209970522, "name": "Le Reyrannet", "waterway": "river" }, "geometry": { "type": "LineString", "coordinates": [ [ 6.7389813, 43.4465466 ], [ 6.7389248, 43.4464521 ], [ 6.7388426, 43.4463392 ], [ 6.7387895, 43.446244 ], [ 6.7387493, 43.4461538 ], [ 6.7387487, 43.4460542 ], [ 6.7387713, 43.4459389 ], [ 6.7387911, 43.4458311 ], [ 6.738753, 43.4457476 ], [ 6.7381722, 43.4447875 ], [ 6.7380806, 43.4446596 ], [ 6.7380113, 43.4445278 ], [ 6.7379649, 43.4443302 ], [ 6.7379331, 43.4441834 ], [ 6.7378769, 43.4440584 ], [ 6.7377835, 43.4439514 ], [ 6.7376704, 43.4438512 ], [ 6.7374958, 43.4436684 ], [ 6.737383, 43.4435603 ], [ 6.7372925, 43.4434379 ], [ 6.7371946, 43.4432466 ], [ 6.7371441, 43.4430614 ], [ 6.7371027, 43.4429212 ], [ 6.7370151, 43.4427564 ], [ 6.7368675, 43.4424961 ], [ 6.7365424, 43.4419975 ], [ 6.736259, 43.4416015 ], [ 6.7361228, 43.4413899 ], [ 6.735939, 43.4412441 ], [ 6.7357116, 43.4411125 ], [ 6.7354181, 43.440972 ], [ 6.7350448, 43.4406521 ], [ 6.7348941, 43.440576 ], [ 6.7347311, 43.4405215 ], [ 6.7338755, 43.4400918 ], [ 6.7337293, 43.4400184 ] ] } },
{ "type": "Feature", "properties": { "element": "way", "id": 1209970523, "name": "Le Reyrannet", "waterway": "river" }, "geometry": { "type": "LineString", "coordinates": [ [ 6.7389928, 43.4466451 ], [ 6.7389813, 43.4465466 ] ] } },
{ "type": "Feature", "properties": { "element": "way", "id": 1223183267, "name": null, "waterway": "stream" }, "geometry": { "type": "LineString", "coordinates": [ [ 6.7386335, 43.4308925 ], [ 6.7385977, 43.4308534 ] ] } },
{ "type": "Feature", "properties": { "element": "way", "id": 1223183268, "name": null, "waterway": "stream" }, "geometry": { "type": "LineString", "coordinates": [ [ 6.7386847, 43.4309533 ], [ 6.7386335, 43.4308925 ] ] } },
{ "type": "Feature", "properties": { "element": "way", "id": 1228840424, "name": null, "waterway": "stream" }, "geometry": { "type": "LineString", "coordinates": [ [ 6.691761, 43.5395226 ], [ 6.6921844, 43.5395792 ], [ 6.6923858, 43.5395196 ], [ 6.6926201, 43.5393677 ], [ 6.6927928, 43.5392216 ], [ 6.6931217, 43.5389981 ], [ 6.6933683, 43.5388819 ], [ 6.6934999, 43.5386942 ], [ 6.6937054, 43.5385512 ], [ 6.6937917, 43.5383664 ], [ 6.6938164, 43.5382621 ], [ 6.6939823, 43.538203 ] ] } },
{ "type": "Feature", "properties": { "element": "way", "id": 1234868126, "name": null, "waterway": "stream" }, "geometry": { "type": "LineString", "coordinates": [ [ 6.744103, 43.4608117 ], [ 6.7438981, 43.4607101 ], [ 6.7435958, 43.4605685 ], [ 6.7434649, 43.4604802 ], [ 6.7433802, 43.4604822 ], [ 6.7431955, 43.4604033 ] ] } },
{ "type": "Feature", "properties": { "element": "way", "id": 1272155002, "name": "Ruisseau de Suveret", "waterway": "stream" }, "geometry": { "type": "LineString", "coordinates": [ [ 6.7838303, 43.4481461 ], [ 6.7839229, 43.4480967 ] ] } },
{ "type": "Feature", "properties": { "element": "way", "id": 1272155003, "name": "Ruisseau de Suveret", "waterway": "stream" }, "geometry": { "type": "LineString", "coordinates": [ [ 6.7839229, 43.4480967 ], [ 6.7840494, 43.4480743 ], [ 6.7841778, 43.4480063 ], [ 6.7843448, 43.4479133 ], [ 6.7845104, 43.4478205 ], [ 6.784648, 43.4477402 ], [ 6.7847834, 43.4476302 ], [ 6.7849054, 43.4475343 ], [ 6.7849853, 43.4474745 ], [ 6.7850641, 43.4474186 ], [ 6.7851436, 43.4473584 ], [ 6.7851824, 43.4473266 ], [ 6.7852448, 43.4472618 ], [ 6.7852905, 43.4472043 ], [ 6.7853279, 43.4471395 ], [ 6.7853439, 43.4470625 ], [ 6.785365, 43.4469941 ], [ 6.785393, 43.4469181 ], [ 6.7854214, 43.4468574 ], [ 6.7854678, 43.4467782 ], [ 6.7855261, 43.4466887 ], [ 6.785582, 43.4466134 ], [ 6.785635, 43.4465444 ], [ 6.7856553, 43.4464987 ], [ 6.7856424, 43.4464274 ], [ 6.7856172, 43.4463602 ], [ 6.7855789, 43.4462763 ], [ 6.7855337, 43.4461903 ], [ 6.7854868, 43.446084 ] ] } },
{ "type": "Feature", "properties": { "element": "way", "id": 1272155004, "name": null, "waterway": "stream" }, "geometry": { "type": "LineString", "coordinates": [ [ 6.7876133, 43.4487576 ], [ 6.7875121, 43.4486718 ], [ 6.7874685, 43.4486382 ], [ 6.7873465, 43.4485562 ] ] } },
{ "type": "Feature", "properties": { "element": "way", "id": 1272155005, "name": null, "waterway": "stream" }, "geometry": { "type": "LineString", "coordinates": [ [ 6.7877389, 43.4495583 ], [ 6.7877601, 43.4495076 ], [ 6.7877637, 43.4494495 ], [ 6.7877537, 43.4493716 ], [ 6.7877376, 43.4492817 ], [ 6.7877311, 43.4491944 ], [ 6.7877375, 43.4491251 ], [ 6.7877552, 43.4490652 ], [ 6.7877574, 43.4490099 ], [ 6.7877454, 43.4489466 ], [ 6.787711, 43.4488812 ], [ 6.7876727, 43.448819 ], [ 6.7876133, 43.4487576 ] ] } },
{ "type": "Feature", "properties": { "element": "way", "id": 1272155006, "name": "Ruisseau de Suveret", "waterway": "stream" }, "geometry": { "type": "LineString", "coordinates": [ [ 6.786285, 43.4442731 ], [ 6.7862727, 43.4442123 ] ] } },
{ "type": "Feature", "properties": { "element": "way", "id": 1272155007, "name": "Ruisseau de Suveret", "waterway": "stream" }, "geometry": { "type": "LineString", "coordinates": [ [ 6.7858034, 43.4452105 ], [ 6.7858437, 43.4451993 ], [ 6.7858871, 43.4451774 ], [ 6.7859617, 43.4451377 ], [ 6.7860655, 43.4450414 ], [ 6.7861919, 43.4448756 ], [ 6.7862821, 43.4447431 ], [ 6.7863357, 43.4445907 ], [ 6.7863366, 43.444486 ], [ 6.7863117, 43.4444434 ], [ 6.786285, 43.4442731 ] ] } },
{ "type": "Feature", "properties": { "element": "way", "id": 1272155008, "name": "Ruisseau de Suveret", "waterway": "stream" }, "geometry": { "type": "LineString", "coordinates": [ [ 6.7854868, 43.446084 ], [ 6.7854405, 43.4460128 ] ] } },
{ "type": "Feature", "properties": { "element": "way", "id": 1272155009, "name": "Ruisseau de Suveret", "waterway": "stream" }, "geometry": { "type": "LineString", "coordinates": [ [ 6.7854405, 43.4460128 ], [ 6.7854221, 43.4459809 ], [ 6.7853656, 43.4458782 ], [ 6.785322, 43.4458019 ], [ 6.785279, 43.4457219 ], [ 6.785252, 43.4456658 ], [ 6.7852393, 43.4455957 ], [ 6.7852353, 43.4455418 ], [ 6.7852407, 43.4455047 ], [ 6.7852471, 43.4454671 ], [ 6.7852705, 43.4454095 ], [ 6.785291, 43.4453665 ], [ 6.7852976, 43.4453136 ], [ 6.7853258, 43.4452712 ], [ 6.7853837, 43.4452383 ], [ 6.7854394, 43.4452219 ], [ 6.7854909, 43.4452269 ], [ 6.7856962, 43.4452257 ] ] } },
{ "type": "Feature", "properties": { "element": "way", "id": 1272155012, "name": null, "waterway": "stream" }, "geometry": { "type": "LineString", "coordinates": [ [ 6.7689043, 43.4342553 ], [ 6.7688364, 43.4343622 ] ] } },
{ "type": "Feature", "properties": { "element": "way", "id": 1272155013, "name": null, "waterway": "stream" }, "geometry": { "type": "LineString", "coordinates": [ [ 6.7694202, 43.4339833 ], [ 6.769179, 43.4340498 ], [ 6.7690114, 43.4341537 ], [ 6.7689043, 43.4342553 ] ] } },
{ "type": "Feature", "properties": { "element": "way", "id": 1284798407, "name": null, "waterway": "stream" }, "geometry": { "type": "LineString", "coordinates": [ [ 6.7529386, 43.4915219 ], [ 6.7529601, 43.4918216 ], [ 6.7528474, 43.492238 ], [ 6.7528474, 43.4926466 ], [ 6.7529118, 43.492993 ], [ 6.7528689, 43.4934016 ], [ 6.7526221, 43.4939036 ], [ 6.7524666, 43.4940476 ], [ 6.7519552, 43.4944622 ] ] } },
{ "type": "Feature", "properties": { "element": "way", "id": 1284798413, "name": null, "waterway": "stream" }, "geometry": { "type": "LineString", "coordinates": [ [ 6.7427177, 43.4863167 ], [ 6.7413892, 43.4861487 ] ] } },
{ "type": "Feature", "properties": { "element": "way", "id": 1284798414, "name": null, "waterway": "stream" }, "geometry": { "type": "LineString", "coordinates": [ [ 6.7428233, 43.4863301 ], [ 6.7427177, 43.4863167 ] ] } },
{ "type": "Feature", "properties": { "element": "way", "id": 1284798415, "name": null, "waterway": "stream" }, "geometry": { "type": "LineString", "coordinates": [ [ 6.7493927, 43.4877701 ], [ 6.748631, 43.4876067 ], [ 6.747939, 43.4874977 ], [ 6.7471504, 43.4873654 ], [ 6.7465764, 43.4871357 ], [ 6.7456055, 43.4870073 ], [ 6.7451388, 43.4870151 ], [ 6.7444736, 43.4870073 ], [ 6.7441571, 43.4869022 ], [ 6.7438915, 43.486838 ], [ 6.7437735, 43.4866765 ], [ 6.7436609, 43.486511 ], [ 6.7434396, 43.4864673 ], [ 6.7431901, 43.4864517 ], [ 6.7429836, 43.4863953 ], [ 6.7428233, 43.4863301 ] ] } },
{ "type": "Feature", "properties": { "element": "way", "id": 1284798417, "name": null, "waterway": "stream" }, "geometry": { "type": "LineString", "coordinates": [ [ 6.7457568, 43.4778594 ], [ 6.7455947, 43.4777766 ] ] } },
{ "type": "Feature", "properties": { "element": "way", "id": 1284798418, "name": null, "waterway": "stream" }, "geometry": { "type": "LineString", "coordinates": [ [ 6.7455947, 43.4777766 ], [ 6.7455044, 43.4776671 ], [ 6.7448279, 43.477449 ] ] } },
{ "type": "Feature", "properties": { "element": "way", "id": 1347338140, "name": null, "waterway": "stream" }, "geometry": { "type": "LineString", "coordinates": [ [ 6.7724962, 43.4758493 ], [ 6.7720481, 43.4756917 ] ] } },
{ "type": "Feature", "properties": { "element": "way", "id": 1347338143, "name": null, "waterway": "stream" }, "geometry": { "type": "LineString", "coordinates": [ [ 6.7902608, 43.4972928 ], [ 6.7901352, 43.4972247 ], [ 6.7899858, 43.4971325 ], [ 6.7899537, 43.4970504 ], [ 6.7898037, 43.497007 ], [ 6.7896666, 43.4969133 ], [ 6.7895821, 43.4968026 ], [ 6.7895177, 43.4967701 ], [ 6.789363, 43.4967332 ], [ 6.7892742, 43.4967209 ], [ 6.7891122, 43.4967092 ], [ 6.7889645, 43.4966585 ], [ 6.7887657, 43.4965605 ], [ 6.7886679, 43.4965863 ], [ 6.7885829, 43.4965499 ], [ 6.7883849, 43.4965596 ], [ 6.7883209, 43.4965299 ], [ 6.7881547, 43.4964709 ], [ 6.7880567, 43.4963684 ], [ 6.7879507, 43.4962439 ], [ 6.7878641, 43.4962057 ], [ 6.7877304, 43.4960916 ], [ 6.7876296, 43.4960328 ], [ 6.7875417, 43.4959897 ], [ 6.7873846, 43.4959154 ], [ 6.7873279, 43.4958992 ], [ 6.787048, 43.4958192 ], [ 6.7868799, 43.4958299 ], [ 6.7866583, 43.4957922 ], [ 6.786502, 43.4957337 ], [ 6.786362, 43.4956796 ], [ 6.7861538, 43.4957024 ], [ 6.7859105, 43.495722 ], [ 6.7857872, 43.4957271 ], [ 6.7856424, 43.4957394 ], [ 6.7855066, 43.495775 ], [ 6.7852508, 43.4958106 ], [ 6.7851201, 43.4958297 ], [ 6.7849941, 43.4958175 ], [ 6.7848294, 43.4957939 ], [ 6.784698, 43.4957305 ], [ 6.7846252, 43.4956983 ], [ 6.7844946, 43.4956653 ], [ 6.7843497, 43.4956449 ], [ 6.7842302, 43.495659 ], [ 6.7841176, 43.495647 ], [ 6.7839467, 43.4955799 ], [ 6.7838712, 43.4955597 ], [ 6.7838017, 43.4955519 ], [ 6.7836937, 43.4955965 ], [ 6.7836446, 43.4956494 ], [ 6.7835045, 43.4956322 ], [ 6.7834115, 43.4956075 ], [ 6.7831865, 43.4955112 ], [ 6.7829837, 43.4955315 ], [ 6.782809, 43.4954723 ], [ 6.7826297, 43.4954097 ], [ 6.7824801, 43.4954058 ], [ 6.7822314, 43.4954531 ], [ 6.7818126, 43.4955422 ], [ 6.7816343, 43.4956552 ], [ 6.7814904, 43.4957054 ], [ 6.7813722, 43.4956685 ], [ 6.7812002, 43.495637 ], [ 6.7810932, 43.4956491 ], [ 6.7809632, 43.4956215 ], [ 6.780879, 43.4955407 ], [ 6.780849, 43.4954483 ], [ 6.78084, 43.4952982 ], [ 6.7808211, 43.4951755 ], [ 6.7807402, 43.4950278 ], [ 6.7806747, 43.4949625 ], [ 6.7805542, 43.4949314 ], [ 6.7803947, 43.4948799 ], [ 6.7802514, 43.4948465 ], [ 6.7801635, 43.4948077 ], [ 6.7800956, 43.4947532 ], [ 6.7800257, 43.4946784 ], [ 6.7799716, 43.494615 ], [ 6.7799153, 43.4945683 ], [ 6.7798383, 43.4945541 ], [ 6.7796591, 43.4945254 ], [ 6.7795243, 43.4945171 ], [ 6.7794114, 43.4944979 ], [ 6.7793316, 43.4944664 ], [ 6.7792776, 43.4944115 ], [ 6.7792411, 43.4943237 ], [ 6.7792298, 43.4942167 ], [ 6.7792304, 43.4939531 ], [ 6.7792628, 43.4938878 ], [ 6.7793168, 43.4938352 ], [ 6.7793779, 43.4937534 ], [ 6.7794092, 43.4936668 ], [ 6.7794227, 43.4935852 ], [ 6.7794499, 43.4935049 ], [ 6.7794569, 43.4934143 ], [ 6.7794194, 43.4933329 ], [ 6.7794086, 43.4932834 ], [ 6.7794261, 43.4931993 ], [ 6.7794584, 43.4931234 ], [ 6.7795317, 43.4930729 ], [ 6.7797552, 43.4929821 ], [ 6.779861, 43.4929551 ], [ 6.779936, 43.4928933 ], [ 6.7799774, 43.4928073 ], [ 6.779987, 43.4927297 ], [ 6.7799363, 43.4925476 ], [ 6.7798831, 43.4924491 ], [ 6.7798138, 43.4923911 ], [ 6.7797486, 43.4923488 ], [ 6.7796719, 43.4923186 ], [ 6.7795917, 43.492305 ], [ 6.779491, 43.4923162 ], [ 6.7793793, 43.4923384 ], [ 6.7792302, 43.4923826 ], [ 6.7791133, 43.492412 ], [ 6.7790109, 43.4924288 ], [ 6.7789254, 43.4924095 ], [ 6.7788587, 43.4923775 ], [ 6.7788102, 43.4923207 ], [ 6.7787847, 43.492248 ], [ 6.7787865, 43.4921334 ], [ 6.7788776, 43.4919847 ], [ 6.778939, 43.4918272 ], [ 6.7789923, 43.4917788 ], [ 6.7790776, 43.4917337 ], [ 6.7791609, 43.4916877 ], [ 6.7792311, 43.4916102 ], [ 6.7792726, 43.4915459 ], [ 6.779313, 43.4913823 ], [ 6.7793004, 43.4912914 ], [ 6.7793018, 43.4912085 ], [ 6.7793287, 43.4911323 ], [ 6.7793779, 43.4910687 ], [ 6.7794482, 43.4910299 ], [ 6.7795583, 43.4910033 ], [ 6.7796631, 43.4909619 ], [ 6.7797704, 43.490895 ], [ 6.7798427, 43.4908425 ], [ 6.7798614, 43.4907546 ], [ 6.779866, 43.490702 ], [ 6.7798677, 43.4906343 ], [ 6.7799108, 43.4905487 ], [ 6.7799793, 43.4904708 ], [ 6.7800565, 43.4904176 ], [ 6.7802703, 43.4903097 ], [ 6.7803886, 43.4902348 ], [ 6.7804573, 43.4901807 ], [ 6.7805216, 43.4901359 ], [ 6.7805316, 43.4900551 ], [ 6.7805082, 43.4899409 ], [ 6.7804778, 43.4898079 ], [ 6.7805084, 43.4897033 ], [ 6.7805517, 43.4896012 ], [ 6.7805843, 43.4895264 ], [ 6.7805941, 43.4894552 ], [ 6.780573, 43.4893863 ], [ 6.7804953, 43.4892643 ], [ 6.7804035, 43.4891811 ], [ 6.7803507, 43.4891069 ], [ 6.7803182, 43.4890279 ], [ 6.7803195, 43.4889447 ], [ 6.7804296, 43.4887977 ], [ 6.780444, 43.4887062 ], [ 6.7804464, 43.4886123 ], [ 6.7804608, 43.4885139 ], [ 6.7804878, 43.4884357 ], [ 6.7804864, 43.4883707 ], [ 6.7804772, 43.4882754 ], [ 6.7805342, 43.4881252 ], [ 6.7805608, 43.4880359 ], [ 6.7805764, 43.4879483 ], [ 6.7805424, 43.4878501 ], [ 6.780477, 43.4877009 ], [ 6.780402, 43.4876501 ], [ 6.780325, 43.4876157 ], [ 6.7802204, 43.487587 ], [ 6.7801309, 43.4875676 ], [ 6.7800691, 43.4875362 ], [ 6.7800454, 43.4874828 ], [ 6.7800591, 43.4873972 ], [ 6.7800743, 43.4873343 ], [ 6.7800328, 43.4873001 ], [ 6.7799446, 43.4872719 ], [ 6.7798297, 43.4872276 ], [ 6.7797395, 43.4871523 ], [ 6.7796524, 43.4870905 ], [ 6.779499, 43.4870462 ], [ 6.778982, 43.4868356 ], [ 6.778438, 43.4866206 ], [ 6.7780484, 43.4864436 ], [ 6.7779183, 43.4863815 ], [ 6.7778443, 43.4863031 ], [ 6.777816, 43.4861967 ], [ 6.7778401, 43.4861137 ], [ 6.7779953, 43.4860127 ], [ 6.7784688, 43.4858005 ], [ 6.7786364, 43.4857226 ], [ 6.7789107, 43.485594 ], [ 6.7790177, 43.4855497 ], [ 6.7791809, 43.4855124 ], [ 6.7792491, 43.4854773 ], [ 6.7793486, 43.4854262 ], [ 6.7793636, 43.4853656 ], [ 6.7793304, 43.4852893 ], [ 6.7792869, 43.4851682 ], [ 6.7792157, 43.485025 ], [ 6.7791526, 43.4849231 ], [ 6.7789907, 43.4847129 ], [ 6.7788721, 43.4846092 ], [ 6.7788144, 43.4845046 ], [ 6.7788385, 43.4844259 ], [ 6.7789559, 43.4843084 ], [ 6.779008, 43.4842295 ], [ 6.7790301, 43.4841328 ], [ 6.7790338, 43.4840039 ], [ 6.7790393, 43.4837775 ], [ 6.779059, 43.483615 ], [ 6.7790589, 43.4835274 ], [ 6.7790356, 43.4834739 ], [ 6.7789716, 43.4834102 ], [ 6.7788984, 43.4833622 ], [ 6.7788114, 43.4832922 ], [ 6.7787486, 43.4831638 ], [ 6.7787189, 43.4830594 ], [ 6.778656, 43.4829413 ], [ 6.7786136, 43.4828168 ], [ 6.7785763, 43.4827073 ], [ 6.778509, 43.4824775 ], [ 6.7784912, 43.4822838 ], [ 6.7785061, 43.4821649 ], [ 6.7785445, 43.4820421 ], [ 6.7786221, 43.4818229 ], [ 6.7786561, 43.4817039 ], [ 6.7786425, 43.4815784 ], [ 6.7786033, 43.4815185 ], [ 6.7785144, 43.4814694 ], [ 6.7783807, 43.481421 ], [ 6.7782288, 43.4813651 ], [ 6.778108, 43.4813272 ], [ 6.7779638, 43.4812459 ], [ 6.7779406, 43.4811746 ], [ 6.7779554, 43.4811126 ], [ 6.7780045, 43.4810474 ], [ 6.778097, 43.480951 ], [ 6.7781637, 43.4808405 ], [ 6.7781708, 43.4807559 ], [ 6.7781485, 43.4806288 ], [ 6.7780339, 43.4804602 ], [ 6.7779813, 43.4803531 ], [ 6.7779089, 43.4800772 ], [ 6.7778437, 43.4799488 ], [ 6.7777398, 43.4798008 ], [ 6.7775433, 43.4795237 ], [ 6.7773984, 43.4793543 ], [ 6.77731, 43.4792566 ], [ 6.7771758, 43.4791463 ], [ 6.7769017, 43.4789869 ], [ 6.776626, 43.4788873 ], [ 6.776311, 43.4787833 ], [ 6.7761919, 43.4787279 ], [ 6.7760626, 43.4786424 ], [ 6.776024, 43.4785641 ], [ 6.775978, 43.4783509 ], [ 6.7758944, 43.4782021 ], [ 6.7757752, 43.4780405 ], [ 6.7756091, 43.4778984 ], [ 6.7755435, 43.4778363 ], [ 6.7753513, 43.4778032 ], [ 6.7751503, 43.4777494 ], [ 6.7744334, 43.477366 ], [ 6.7739985, 43.4771592 ], [ 6.7736148, 43.4769729 ], [ 6.7733471, 43.4768478 ], [ 6.7731383, 43.4767231 ], [ 6.7729906, 43.4765859 ], [ 6.7729189, 43.4765043 ], [ 6.7728651, 43.4763392 ], [ 6.7726577, 43.4760405 ], [ 6.7724962, 43.4758493 ] ] } },
{ "type": "Feature", "properties": { "element": "way", "id": 1347338147, "name": null, "waterway": "stream" }, "geometry": { "type": "LineString", "coordinates": [ [ 6.786253, 43.5002528 ], [ 6.786193, 43.5002037 ], [ 6.7861401, 43.5001604 ], [ 6.7859304, 43.5000122 ], [ 6.7856515, 43.499977 ], [ 6.7853375, 43.4999772 ], [ 6.7849603, 43.5000693 ], [ 6.7847653, 43.500073 ], [ 6.7846428, 43.5000162 ], [ 6.7845038, 43.4999213 ], [ 6.784368, 43.4998879 ], [ 6.7840606, 43.4998107 ], [ 6.7836741, 43.4998094 ], [ 6.783396, 43.4998113 ], [ 6.7832785, 43.4997756 ], [ 6.7831742, 43.499687 ], [ 6.783067, 43.4995618 ], [ 6.7829136, 43.4993769 ], [ 6.7828144, 43.4992103 ], [ 6.7827739, 43.4990324 ], [ 6.7827362, 43.4988306 ], [ 6.7826499, 43.4985596 ], [ 6.7825478, 43.4983388 ], [ 6.7825, 43.4981605 ], [ 6.7824848, 43.4977468 ], [ 6.7824538, 43.4975202 ], [ 6.7823529, 43.4973943 ], [ 6.7822285, 43.4972678 ], [ 6.7820897, 43.497146 ], [ 6.781889, 43.4970098 ], [ 6.7817471, 43.496872 ], [ 6.7816782, 43.4967436 ], [ 6.7815951, 43.496635 ], [ 6.7815143, 43.4965197 ], [ 6.7814645, 43.4963971 ], [ 6.7813953, 43.4963066 ], [ 6.7813855, 43.4962433 ], [ 6.7814409, 43.4961637 ], [ 6.7814853, 43.4961144 ], [ 6.7814545, 43.4960329 ], [ 6.7813973, 43.4958563 ], [ 6.7814854, 43.4957632 ], [ 6.7814904, 43.4957054 ] ] } },
{ "type": "Feature", "properties": { "element": "way", "id": 1347338154, "name": null, "waterway": "stream" }, "geometry": { "type": "LineString", "coordinates": [ [ 6.7720481, 43.4756917 ], [ 6.7714903, 43.4755185 ], [ 6.7712104, 43.4754386 ], [ 6.7710147, 43.475378 ], [ 6.7707939, 43.4753017 ], [ 6.7703821, 43.4751175 ], [ 6.7702011, 43.4750127 ], [ 6.7700545, 43.4748972 ], [ 6.7699267, 43.4747607 ], [ 6.7697983, 43.4746547 ], [ 6.7696899, 43.4745894 ], [ 6.769545, 43.4744425 ], [ 6.7694871, 43.4743172 ], [ 6.7694111, 43.4742571 ], [ 6.7693056, 43.4742111 ], [ 6.7691782, 43.4741492 ], [ 6.769059, 43.4740618 ], [ 6.7687242, 43.4737856 ], [ 6.768551, 43.4736839 ], [ 6.7682594, 43.4734518 ], [ 6.7679872, 43.4732555 ], [ 6.7676812, 43.4730085 ], [ 6.7675586, 43.4729128 ] ] } },
{ "type": "Feature", "properties": { "element": "way", "id": 1371150129, "name": null, "waterway": "stream" }, "geometry": { "type": "LineString", "coordinates": [ [ 6.81605, 43.4720128 ], [ 6.8161005, 43.4718938 ], [ 6.8162082, 43.4717443 ], [ 6.8163092, 43.4716759 ], [ 6.8162652, 43.4714958 ], [ 6.8162452, 43.4713286 ], [ 6.8162236, 43.4711419 ], [ 6.8162401, 43.4709586 ], [ 6.8162494, 43.4707903 ], [ 6.8162911, 43.4706543 ], [ 6.8163216, 43.4705068 ], [ 6.816311, 43.4703457 ], [ 6.816322, 43.4702158 ], [ 6.8163526, 43.4701166 ], [ 6.8163843, 43.469995 ], [ 6.8163593, 43.4698554 ], [ 6.8163255, 43.4697217 ], [ 6.8162682, 43.469466 ], [ 6.8163172, 43.4693342 ], [ 6.8163556, 43.4692391 ], [ 6.8163215, 43.4691321 ], [ 6.8162882, 43.4690408 ], [ 6.8163006, 43.468938 ], [ 6.816227, 43.4688512 ], [ 6.8162262, 43.4687761 ], [ 6.8161891, 43.4685977 ], [ 6.8161247, 43.4684989 ], [ 6.8154961, 43.4677436 ] ] } },
{ "type": "Feature", "properties": { "element": "way", "id": 1426015748, "name": null, "waterway": "stream" }, "geometry": { "type": "LineString", "coordinates": [ [ 6.8145584, 43.4806124 ], [ 6.8144762, 43.4805427 ], [ 6.81433, 43.4804819 ], [ 6.8142882, 43.4804001 ], [ 6.8142498, 43.4803108 ], [ 6.8140974, 43.4802306 ], [ 6.8140344, 43.4801773 ], [ 6.8139594, 43.4800817 ], [ 6.8139032, 43.4799557 ], [ 6.8138246, 43.4798603 ], [ 6.8137567, 43.4797825 ], [ 6.8136487, 43.4797348 ], [ 6.813552, 43.4797048 ], [ 6.8134837, 43.4796302 ], [ 6.813426, 43.4795089 ], [ 6.8133332, 43.4794536 ], [ 6.8132273, 43.4794121 ], [ 6.8131067, 43.4793764 ], [ 6.8130052, 43.4793471 ], [ 6.8128906, 43.4793306 ], [ 6.8127838, 43.4792795 ], [ 6.8126868, 43.4792667 ], [ 6.8126178, 43.4792604 ], [ 6.8125421, 43.4791628 ], [ 6.8124684, 43.4791319 ], [ 6.8123142, 43.4791312 ], [ 6.8122455, 43.4791324 ], [ 6.8121517, 43.479053 ], [ 6.812035, 43.4789806 ], [ 6.8119114, 43.4788991 ], [ 6.8118023, 43.4788971 ], [ 6.8117119, 43.4788773 ], [ 6.8116031, 43.4788452 ], [ 6.8113181, 43.4787542 ] ] } },
{ "type": "Feature", "properties": { "element": "way", "id": 1426015749, "name": null, "waterway": "stream" }, "geometry": { "type": "LineString", "coordinates": [ [ 6.8128667, 43.472837 ], [ 6.8126697, 43.472841 ], [ 6.812408, 43.4728944 ], [ 6.8121471, 43.47294 ], [ 6.8119251, 43.4730114 ], [ 6.8117962, 43.4729971 ], [ 6.8116067, 43.4730145 ], [ 6.811471, 43.4730311 ], [ 6.8113817, 43.4730569 ], [ 6.8112861, 43.4730786 ], [ 6.8111131, 43.4731022 ], [ 6.810919, 43.473112 ], [ 6.8107098, 43.4731459 ], [ 6.8105828, 43.4731282 ], [ 6.8104812, 43.4731163 ], [ 6.8103849, 43.4731271 ], [ 6.8102861, 43.4731688 ], [ 6.810233, 43.4731868 ], [ 6.8101042, 43.4731326 ], [ 6.8099884, 43.473088 ], [ 6.809927, 43.473025 ], [ 6.8098832, 43.4729571 ], [ 6.8098039, 43.4729213 ], [ 6.8097074, 43.4729199 ], [ 6.8095421, 43.4729257 ], [ 6.8094355, 43.4729038 ], [ 6.809346, 43.4728581 ], [ 6.8092479, 43.4727568 ], [ 6.8091308, 43.472737 ], [ 6.8089347, 43.4727019 ], [ 6.8087794, 43.4726574 ], [ 6.8086632, 43.4726287 ], [ 6.8083916, 43.4725544 ], [ 6.8081826, 43.4725071 ], [ 6.8077389, 43.472363 ], [ 6.8075555, 43.4723839 ], [ 6.807401, 43.4723805 ], [ 6.807343, 43.4723278 ], [ 6.8071838, 43.4723085 ], [ 6.8070658, 43.4723063 ], [ 6.8068838, 43.4723855 ], [ 6.8067597, 43.4723736 ], [ 6.8066325, 43.4723826 ], [ 6.8065159, 43.4724062 ], [ 6.8061614, 43.4724331 ], [ 6.8057677, 43.4724433 ], [ 6.8056134, 43.4724427 ], [ 6.8054484, 43.472447 ], [ 6.805331, 43.4724239 ] ] } },
{ "type": "Feature", "properties": { "element": "way", "id": 1426015750, "name": null, "waterway": "stream" }, "geometry": { "type": "LineString", "coordinates": [ [ 6.812945, 43.4835828 ], [ 6.8128986, 43.4834023 ], [ 6.8127956, 43.483279 ], [ 6.8126626, 43.4830299 ], [ 6.8124349, 43.4827562 ], [ 6.8123382, 43.4826477 ], [ 6.8122473, 43.4825763 ], [ 6.8121689, 43.4824617 ], [ 6.8120848, 43.4823272 ], [ 6.8120042, 43.4822142 ], [ 6.8116904, 43.4821488 ], [ 6.8115588, 43.4821204 ], [ 6.8114053, 43.482091 ], [ 6.8112665, 43.4820991 ], [ 6.8111632, 43.4820792 ], [ 6.8109998, 43.482062 ], [ 6.8108234, 43.4820194 ], [ 6.8106888, 43.4819976 ], [ 6.810612, 43.4819613 ], [ 6.8105321, 43.4819017 ], [ 6.810389, 43.4818865 ], [ 6.8102805, 43.4819021 ], [ 6.8102038, 43.4819472 ], [ 6.8100901, 43.4819716 ], [ 6.8099786, 43.4820223 ], [ 6.8098663, 43.4820532 ], [ 6.8097555, 43.4820668 ], [ 6.8096746, 43.4820455 ], [ 6.809608, 43.4819869 ], [ 6.8095224, 43.4819356 ], [ 6.8093967, 43.4819313 ], [ 6.8092654, 43.4819258 ], [ 6.8091733, 43.4818736 ], [ 6.8089423, 43.4818729 ], [ 6.808763, 43.4818113 ], [ 6.8086226, 43.4817364 ], [ 6.8085091, 43.4816177 ], [ 6.8084449, 43.4815279 ], [ 6.8083946, 43.4814651 ], [ 6.808365, 43.4814099 ] ] } },
{ "type": "Feature", "properties": { "element": "way", "id": 1426015754, "name": null, "waterway": "stream" }, "geometry": { "type": "LineString", "coordinates": [ [ 6.8082742, 43.4770528 ], [ 6.8081403, 43.476954 ], [ 6.8080151, 43.4769208 ], [ 6.8079749, 43.4768327 ], [ 6.8078118, 43.4767595 ], [ 6.8077085, 43.4766851 ], [ 6.8076092, 43.4766484 ], [ 6.8073975, 43.4765902 ], [ 6.8072711, 43.4766038 ], [ 6.8071336, 43.476571 ], [ 6.8069331, 43.4765355 ], [ 6.8067521, 43.4765333 ], [ 6.8066503, 43.4765175 ], [ 6.8065004, 43.4764595 ], [ 6.8063592, 43.4764809 ], [ 6.8061491, 43.4764787 ], [ 6.8060061, 43.476492 ], [ 6.8057947, 43.476468 ], [ 6.8054474, 43.4763934 ], [ 6.8052638, 43.4763546 ], [ 6.8051637, 43.4763159 ], [ 6.8051343, 43.4762665 ], [ 6.8050689, 43.476121 ], [ 6.8049816, 43.4759458 ], [ 6.8048906, 43.475773 ], [ 6.8048048, 43.4755513 ], [ 6.8047978, 43.4753846 ], [ 6.8047648, 43.4751911 ], [ 6.8046497, 43.4750455 ] ] } },
{ "type": "Feature", "properties": { "element": "way", "id": 1426015760, "name": null, "waterway": "stream" }, "geometry": { "type": "LineString", "coordinates": [ [ 6.8059435, 43.4784546 ], [ 6.8058915, 43.478375 ], [ 6.8057959, 43.4783674 ], [ 6.8057695, 43.4782254 ], [ 6.8057106, 43.4781686 ], [ 6.8056343, 43.4781082 ], [ 6.8055841, 43.477996 ], [ 6.8054951, 43.4779526 ], [ 6.8054164, 43.4779299 ], [ 6.8053667, 43.4778108 ], [ 6.8053568, 43.4776937 ], [ 6.8053067, 43.4775756 ], [ 6.8052384, 43.4774039 ], [ 6.8051972, 43.4772425 ], [ 6.8052392, 43.4770578 ], [ 6.8052723, 43.4769139 ], [ 6.8052734, 43.476769 ], [ 6.8053268, 43.4766684 ], [ 6.8053596, 43.476557 ], [ 6.8053356, 43.4764701 ], [ 6.8052638, 43.4763546 ] ] } },
{ "type": "Feature", "properties": { "element": "way", "id": 1426015764, "name": null, "waterway": "stream" }, "geometry": { "type": "LineString", "coordinates": [ [ 6.8026165, 43.477047 ], [ 6.8028516, 43.4768003 ], [ 6.8030093, 43.4765577 ], [ 6.8031478, 43.476396 ], [ 6.8031825, 43.4761902 ], [ 6.8033821, 43.4760644 ], [ 6.8038025, 43.4759118 ], [ 6.8040689, 43.4756852 ], [ 6.8043455, 43.4754325 ], [ 6.8046497, 43.4750455 ] ] } },
{ "type": "Feature", "properties": { "element": "way", "id": 1426015765, "name": null, "waterway": "stream" }, "geometry": { "type": "LineString", "coordinates": [ [ 6.8017428, 43.4746315 ], [ 6.8018946, 43.4746138 ], [ 6.8020014, 43.4746164 ], [ 6.8020821, 43.4745496 ], [ 6.8021512, 43.4745189 ], [ 6.8022327, 43.4745654 ], [ 6.8023937, 43.4745038 ], [ 6.8025025, 43.4744327 ], [ 6.8026098, 43.4744353 ], [ 6.8026946, 43.4744397 ], [ 6.8028379, 43.4744167 ], [ 6.8029571, 43.4743884 ], [ 6.8030372, 43.4743483 ], [ 6.8031354, 43.4743184 ], [ 6.8033366, 43.474284 ], [ 6.8034371, 43.4743202 ], [ 6.8035557, 43.4744082 ], [ 6.8036697, 43.4744053 ], [ 6.8038157, 43.4743969 ], [ 6.8039533, 43.4743698 ], [ 6.8039971, 43.4742868 ], [ 6.8040373, 43.4742203 ], [ 6.8041429, 43.4742413 ], [ 6.8043047, 43.4741444 ], [ 6.8044506, 43.4740776 ], [ 6.80473, 43.474008 ] ] } },
{ "type": "Feature", "properties": { "element": "way", "id": 1426015771, "name": null, "waterway": "stream" }, "geometry": { "type": "LineString", "coordinates": [ [ 6.800377, 43.4842161 ], [ 6.8006298, 43.4841464 ], [ 6.8013704, 43.4838237 ], [ 6.8017885, 43.4836095 ], [ 6.8019156, 43.4835568 ], [ 6.8020452, 43.4835128 ], [ 6.8022141, 43.4834062 ], [ 6.8023342, 43.4833626 ], [ 6.8024381, 43.4831997 ], [ 6.8026295, 43.4830706 ], [ 6.8027688, 43.4829134 ], [ 6.8029336, 43.4828359 ], [ 6.8031336, 43.4827401 ], [ 6.8032568, 43.4826659 ], [ 6.8032395, 43.4825807 ], [ 6.8033732, 43.4825238 ], [ 6.8034741, 43.4823736 ] ] } },
{ "type": "Feature", "properties": { "element": "way", "id": 1426015773, "name": null, "waterway": "stream" }, "geometry": { "type": "LineString", "coordinates": [ [ 6.8008121, 43.4751006 ], [ 6.8010397, 43.4749363 ], [ 6.8012476, 43.4748231 ], [ 6.8014305, 43.4747432 ], [ 6.8016254, 43.4746781 ] ] } },
{ "type": "Feature", "properties": { "element": "way", "id": 1426015777, "name": null, "waterway": "stream" }, "geometry": { "type": "LineString", "coordinates": [ [ 6.8027574, 43.4678558 ], [ 6.8030025, 43.4679149 ], [ 6.8033432, 43.4678982 ], [ 6.8036078, 43.4678804 ], [ 6.8037746, 43.4678892 ], [ 6.8039119, 43.4679108 ], [ 6.8041418, 43.4678944 ], [ 6.8042358, 43.4679696 ], [ 6.8044052, 43.4679848 ], [ 6.8045558, 43.4680253 ], [ 6.8046907, 43.4680584 ], [ 6.8048007, 43.4680999 ], [ 6.8048555, 43.4681693 ], [ 6.8049769, 43.4681812 ], [ 6.8050465, 43.4681967 ], [ 6.8051216, 43.4682774 ], [ 6.8051646, 43.4683182 ], [ 6.8052595, 43.4683387 ], [ 6.8053743, 43.4683822 ], [ 6.8054977, 43.4683646 ], [ 6.8055853, 43.468378 ], [ 6.8056766, 43.4683903 ], [ 6.805745, 43.4684036 ], [ 6.805853, 43.4683926 ], [ 6.8059918, 43.4684212 ], [ 6.8061346, 43.4684407 ], [ 6.8062936, 43.4684693 ], [ 6.8063968, 43.4685043 ], [ 6.8065196, 43.4684387 ], [ 6.8066708, 43.4684212 ], [ 6.8067617, 43.4684364 ], [ 6.8068407, 43.4684556 ], [ 6.8069579, 43.4684335 ], [ 6.8070199, 43.4684272 ], [ 6.8071035, 43.4684434 ] ] } },
{ "type": "Feature", "properties": { "element": "way", "id": 1426015780, "name": null, "waterway": "stream" }, "geometry": { "type": "LineString", "coordinates": [ [ 6.8016254, 43.4746781 ], [ 6.8017428, 43.4746315 ] ] } },
{ "type": "Feature", "properties": { "element": "way", "id": 1426377908, "name": null, "waterway": "stream" }, "geometry": { "type": "LineString", "coordinates": [ [ 6.8002618, 43.5132442 ], [ 6.8001217, 43.5130894 ], [ 6.8000033, 43.5129705 ], [ 6.7999146, 43.5128695 ], [ 6.7998302, 43.5127226 ], [ 6.7997661, 43.5125545 ], [ 6.7997282, 43.5124252 ], [ 6.7995531, 43.5123324 ] ] } },
{ "type": "Feature", "properties": { "element": "way", "id": 1426377909, "name": null, "waterway": "stream" }, "geometry": { "type": "LineString", "coordinates": [ [ 6.7952475, 43.5192636 ], [ 6.7952497, 43.519139 ], [ 6.7952755, 43.5190002 ], [ 6.7952877, 43.5188543 ], [ 6.7952838, 43.5187304 ], [ 6.7952845, 43.5185879 ], [ 6.7952192, 43.5184033 ], [ 6.7951994, 43.5182463 ], [ 6.7951627, 43.5181244 ], [ 6.7951023, 43.5178498 ], [ 6.7950536, 43.517628 ], [ 6.7950643, 43.5175023 ], [ 6.7950581, 43.5174096 ], [ 6.7950303, 43.5172202 ], [ 6.7950016, 43.5171349 ], [ 6.7950294, 43.5170575 ], [ 6.7950308, 43.516977 ], [ 6.7950075, 43.5168691 ], [ 6.7950991, 43.5168247 ], [ 6.7950603, 43.5167558 ], [ 6.795058, 43.516674 ], [ 6.7950417, 43.5165946 ], [ 6.7951494, 43.516568 ] ] } },
{ "type": "Feature", "properties": { "element": "way", "id": 1426377910, "name": null, "waterway": "stream" }, "geometry": { "type": "LineString", "coordinates": [ [ 6.8125287, 43.5117956 ], [ 6.8124262, 43.5118399 ], [ 6.8122495, 43.5118283 ], [ 6.8121296, 43.5117781 ], [ 6.811961, 43.5118105 ], [ 6.8118735, 43.5118755 ], [ 6.8115542, 43.5118527 ], [ 6.811409, 43.5119076 ], [ 6.8112083, 43.511846 ], [ 6.8109453, 43.5118152 ], [ 6.8106803, 43.511801 ], [ 6.8105387, 43.5118045 ], [ 6.810371, 43.5118612 ], [ 6.8101672, 43.511806 ], [ 6.809995, 43.5117206 ], [ 6.8098193, 43.51176 ], [ 6.8096883, 43.511834 ], [ 6.8094525, 43.5117587 ], [ 6.8092957, 43.5118057 ], [ 6.8091357, 43.5117917 ], [ 6.8089954, 43.5117611 ], [ 6.8088672, 43.5116452 ], [ 6.8087228, 43.5115893 ], [ 6.8085559, 43.5115424 ], [ 6.8084212, 43.5115508 ], [ 6.808268, 43.5114277 ], [ 6.8081369, 43.5113373 ], [ 6.8080267, 43.5112056 ], [ 6.8080871, 43.5110545 ], [ 6.8080847, 43.5109717 ], [ 6.8080016, 43.5108336 ], [ 6.8079546, 43.5107239 ], [ 6.8078243, 43.5105412 ], [ 6.8077373, 43.5104066 ], [ 6.8076247, 43.5104086 ], [ 6.8074818, 43.5104647 ], [ 6.8073936, 43.5103946 ], [ 6.8072907, 43.5103461 ], [ 6.8071983, 43.5102589 ], [ 6.8070653, 43.5102481 ], [ 6.8069742, 43.5101184 ], [ 6.806906, 43.5100542 ], [ 6.806796, 43.5099511 ], [ 6.806447, 43.5098231 ], [ 6.8062049, 43.5097075 ], [ 6.8060557, 43.5096772 ], [ 6.8058743, 43.5096879 ], [ 6.8057362, 43.5096636 ], [ 6.8056754, 43.5095889 ], [ 6.8056973, 43.5095063 ], [ 6.8056332, 43.5094677 ], [ 6.8054854, 43.5094957 ], [ 6.8054007, 43.5095552 ], [ 6.8053151, 43.5094899 ], [ 6.8052366, 43.5094498 ], [ 6.8051786, 43.5094439 ], [ 6.8051342, 43.5094394 ], [ 6.8049286, 43.5094907 ], [ 6.8047631, 43.509504 ], [ 6.8045861, 43.5094944 ], [ 6.8044571, 43.5094698 ], [ 6.8043037, 43.5094731 ], [ 6.8038604, 43.509508 ], [ 6.8036188, 43.5095126 ], [ 6.8034298, 43.5094831 ], [ 6.8033349, 43.5094308 ], [ 6.8032172, 43.5094841 ], [ 6.8031349, 43.509424 ], [ 6.8029643, 43.509444 ], [ 6.8027236, 43.509432 ], [ 6.8024151, 43.5093441 ], [ 6.80226, 43.509403 ], [ 6.8021204, 43.5095365 ] ] } },
{ "type": "Feature", "properties": { "element": "way", "id": 1426377911, "name": null, "waterway": "stream" }, "geometry": { "type": "LineString", "coordinates": [ [ 6.7912822, 43.4932608 ], [ 6.7910024, 43.4933028 ], [ 6.7908065, 43.4934007 ], [ 6.7905935, 43.4935094 ], [ 6.7904212, 43.4935504 ], [ 6.7902106, 43.4935941 ], [ 6.7900375, 43.4936254 ], [ 6.7897972, 43.4936279 ], [ 6.7896037, 43.4936288 ], [ 6.789441, 43.4936392 ], [ 6.7892977, 43.4935801 ], [ 6.7891062, 43.4934919 ], [ 6.7889148, 43.4935463 ], [ 6.7886864, 43.4935336 ], [ 6.7886157, 43.4935145 ], [ 6.7884646, 43.493488 ], [ 6.7882401, 43.4934774 ], [ 6.7880616, 43.4935373 ], [ 6.7879694, 43.4935188 ], [ 6.7878367, 43.4935166 ], [ 6.7877417, 43.4935365 ], [ 6.7876762, 43.4935114 ], [ 6.78747, 43.4934868 ], [ 6.7873832, 43.4934629 ], [ 6.7873069, 43.4933812 ], [ 6.7871701, 43.493382 ], [ 6.7870335, 43.493393 ], [ 6.7869219, 43.4934053 ], [ 6.7867747, 43.4935041 ], [ 6.7867046, 43.4935003 ], [ 6.7866037, 43.4934816 ], [ 6.7865008, 43.4935202 ], [ 6.7864148, 43.4935677 ], [ 6.7863539, 43.4936427 ], [ 6.7862962, 43.4936474 ], [ 6.786224, 43.4936033 ] ] } },
{ "type": "Feature", "properties": { "element": "way", "id": 1426377912, "name": null, "waterway": "stream" }, "geometry": { "type": "LineString", "coordinates": [ [ 6.8006625, 43.5031806 ], [ 6.8007857, 43.5031991 ], [ 6.8009048, 43.5032955 ], [ 6.8010112, 43.5033823 ], [ 6.801053, 43.5034286 ], [ 6.801081, 43.5035983 ], [ 6.8010982, 43.5037274 ], [ 6.8011234, 43.5038684 ], [ 6.8011464, 43.5039478 ], [ 6.8012368, 43.5040111 ], [ 6.8012982, 43.5041144 ], [ 6.8013728, 43.5041956 ], [ 6.8014328, 43.5043067 ], [ 6.8014777, 43.5043958 ], [ 6.801655, 43.5046009 ], [ 6.8017679, 43.5046883 ], [ 6.8018935, 43.5048137 ], [ 6.8019747, 43.5049771 ], [ 6.8020376, 43.505117 ] ] } },
{ "type": "Feature", "properties": { "element": "way", "id": 1426377913, "name": null, "waterway": "stream" }, "geometry": { "type": "LineString", "coordinates": [ [ 6.7837747, 43.5084793 ], [ 6.783786, 43.5086174 ] ] } },
{ "type": "Feature", "properties": { "element": "way", "id": 1426377914, "name": null, "waterway": "stream" }, "geometry": { "type": "LineString", "coordinates": [ [ 6.7909355, 43.5207513 ], [ 6.7908223, 43.5206376 ], [ 6.7908449, 43.5205511 ], [ 6.7907385, 43.5204845 ], [ 6.790677, 43.5204252 ], [ 6.7906787, 43.5203075 ], [ 6.7907251, 43.5202068 ], [ 6.7906991, 43.5201027 ], [ 6.7906236, 43.5200121 ], [ 6.790629, 43.5197761 ], [ 6.7906108, 43.5195783 ], [ 6.7906272, 43.519441 ], [ 6.7905862, 43.5193552 ], [ 6.7905952, 43.5192076 ], [ 6.7905869, 43.5190565 ], [ 6.7906394, 43.5189483 ], [ 6.7907256, 43.5188142 ], [ 6.7908963, 43.5186151 ], [ 6.7909568, 43.5184315 ], [ 6.7909818, 43.5183065 ], [ 6.7910983, 43.5182417 ], [ 6.7911384, 43.5181525 ], [ 6.7911081, 43.5180408 ], [ 6.7911238, 43.5179451 ], [ 6.7911792, 43.5178121 ], [ 6.7913183, 43.5177414 ], [ 6.7915144, 43.5177091 ], [ 6.7916994, 43.5176571 ], [ 6.7918682, 43.5176053 ], [ 6.7919836, 43.5175516 ], [ 6.7921602, 43.517488 ], [ 6.7923425, 43.5174154 ], [ 6.7925033, 43.5173507 ], [ 6.7929189, 43.5171987 ], [ 6.7930287, 43.5171521 ], [ 6.7931467, 43.5170253 ], [ 6.793274, 43.5169751 ], [ 6.7933459, 43.5169317 ], [ 6.7933581, 43.5167765 ], [ 6.7933514, 43.5166473 ], [ 6.7933417, 43.5165215 ], [ 6.793349, 43.5164129 ], [ 6.7932656, 43.5163516 ], [ 6.7932365, 43.5162702 ], [ 6.7932431, 43.5161655 ], [ 6.7932088, 43.5160847 ], [ 6.7931765, 43.5160189 ], [ 6.7932188, 43.5159335 ], [ 6.7932926, 43.5157786 ], [ 6.7933252, 43.5156195 ], [ 6.7932945, 43.515455 ], [ 6.7932433, 43.5154114 ], [ 6.7931663, 43.5153042 ], [ 6.7929802, 43.5152212 ], [ 6.7927596, 43.5151516 ], [ 6.7926975, 43.5150802 ], [ 6.7926863, 43.5148966 ], [ 6.7927226, 43.5144634 ] ] } },
{ "type": "Feature", "properties": { "element": "way", "id": 1426377915, "name": null, "waterway": "stream" }, "geometry": { "type": "LineString", "coordinates": [ [ 6.7830881, 43.4926813 ], [ 6.7831747, 43.492791 ], [ 6.7832657, 43.4929498 ], [ 6.7833175, 43.4930601 ], [ 6.7833499, 43.4931447 ], [ 6.7833392, 43.4932641 ], [ 6.7833843, 43.4933777 ], [ 6.7834483, 43.4934752 ], [ 6.783514, 43.4936042 ], [ 6.7836047, 43.4937623 ], [ 6.7836532, 43.4938472 ], [ 6.78368, 43.4940022 ], [ 6.7837399, 43.4940818 ], [ 6.7837442, 43.4941755 ], [ 6.7838191, 43.4942227 ], [ 6.7839089, 43.4942946 ], [ 6.7839316, 43.4943599 ], [ 6.7838576, 43.4943941 ], [ 6.7838239, 43.4944561 ], [ 6.7838471, 43.4945505 ], [ 6.7838916, 43.4946308 ], [ 6.7838823, 43.4947119 ], [ 6.7838348, 43.494796 ], [ 6.7837937, 43.4948645 ], [ 6.7836758, 43.4949389 ], [ 6.7835316, 43.4949904 ], [ 6.7834094, 43.4950404 ], [ 6.7833176, 43.4950915 ], [ 6.7832397, 43.4951312 ], [ 6.7831803, 43.4952223 ], [ 6.7831749, 43.4953094 ], [ 6.7831158, 43.4953553 ], [ 6.7830168, 43.4954309 ], [ 6.7829837, 43.4955315 ] ] } },
{ "type": "Feature", "properties": { "element": "way", "id": 1426377916, "name": null, "waterway": "stream" }, "geometry": { "type": "LineString", "coordinates": [ [ 6.810839, 43.5090936 ], [ 6.8107096, 43.5091254 ] ] } },
{ "type": "Feature", "properties": { "element": "way", "id": 1426377917, "name": null, "waterway": "stream" }, "geometry": { "type": "LineString", "coordinates": [ [ 6.7826975, 43.4894509 ], [ 6.7825056, 43.4894266 ], [ 6.7821752, 43.489386 ], [ 6.7819071, 43.4893893 ], [ 6.7817293, 43.4894178 ], [ 6.781479, 43.4894137 ], [ 6.7813287, 43.4894371 ], [ 6.781119, 43.4895452 ] ] } },
{ "type": "Feature", "properties": { "element": "way", "id": 1426377918, "name": null, "waterway": "stream" }, "geometry": { "type": "LineString", "coordinates": [ [ 6.7893002, 43.5068853 ], [ 6.7892727, 43.5070324 ], [ 6.789182, 43.5071418 ], [ 6.7891882, 43.5072852 ], [ 6.789225, 43.5074431 ], [ 6.7892627, 43.5075427 ], [ 6.7892301, 43.5076931 ], [ 6.7892108, 43.5078065 ], [ 6.7892257, 43.5079018 ], [ 6.7891654, 43.5079882 ], [ 6.7892489, 43.508205 ], [ 6.7892324, 43.5083904 ], [ 6.7892225, 43.5085027 ], [ 6.7891687, 43.5086063 ], [ 6.7891926, 43.5087226 ], [ 6.7892333, 43.5088075 ], [ 6.7892287, 43.5088857 ], [ 6.7891386, 43.5089921 ], [ 6.7891041, 43.5091126 ], [ 6.789037, 43.5092159 ], [ 6.7889869, 43.5093335 ], [ 6.7889041, 43.5095102 ], [ 6.7887929, 43.5096469 ], [ 6.7886653, 43.5097602 ], [ 6.7885556, 43.5099191 ] ] } },
{ "type": "Feature", "properties": { "element": "way", "id": 1426377919, "name": null, "waterway": "stream" }, "geometry": { "type": "LineString", "coordinates": [ [ 6.8027658, 43.5106221 ], [ 6.8025845, 43.5105036 ], [ 6.8024124, 43.5104266 ], [ 6.8022757, 43.5102776 ], [ 6.8022643, 43.5101608 ], [ 6.8022747, 43.5100518 ], [ 6.8022944, 43.5099112 ], [ 6.8022917, 43.5097412 ], [ 6.8022293, 43.509677 ], [ 6.8021204, 43.5095365 ] ] } },
{ "type": "Feature", "properties": { "element": "way", "id": 1426377920, "name": null, "waterway": "stream" }, "geometry": { "type": "LineString", "coordinates": [ [ 6.8053103, 43.511289 ], [ 6.805157, 43.5111717 ], [ 6.8050334, 43.5109742 ], [ 6.8048744, 43.5108401 ], [ 6.8047841, 43.5107447 ], [ 6.8046111, 43.5106936 ], [ 6.8043651, 43.5106879 ], [ 6.8042552, 43.5106396 ], [ 6.8040375, 43.5105631 ], [ 6.8039084, 43.5105115 ], [ 6.8038423, 43.5104272 ], [ 6.8037135, 43.5103917 ], [ 6.803537, 43.510372 ], [ 6.8032761, 43.5103097 ], [ 6.8031159, 43.5102633 ], [ 6.8030579, 43.5101819 ], [ 6.8030547, 43.5100773 ], [ 6.8029918, 43.5099945 ], [ 6.8029333, 43.50988 ], [ 6.8028685, 43.5097647 ], [ 6.8027948, 43.5096349 ], [ 6.8025102, 43.5095481 ], [ 6.8022808, 43.5094731 ], [ 6.8021204, 43.5095365 ] ] } },
{ "type": "Feature", "properties": { "element": "way", "id": 1426377921, "name": null, "waterway": "stream" }, "geometry": { "type": "LineString", "coordinates": [ [ 6.7842797, 43.4884864 ], [ 6.7842738, 43.4883328 ], [ 6.784389, 43.4881951 ], [ 6.7844558, 43.4880255 ], [ 6.7844688, 43.4879045 ], [ 6.784479, 43.487796 ], [ 6.784456, 43.4876838 ], [ 6.7843869, 43.4875387 ], [ 6.7843078, 43.487419 ], [ 6.7841756, 43.4872494 ], [ 6.7840676, 43.487106 ], [ 6.7839649, 43.4869612 ], [ 6.7838366, 43.4869493 ], [ 6.7837228, 43.4869559 ], [ 6.7835849, 43.4869531 ], [ 6.7834251, 43.4869122 ], [ 6.7832806, 43.4868623 ], [ 6.7831446, 43.4868094 ], [ 6.7829832, 43.4867538 ], [ 6.7828288, 43.4867559 ], [ 6.7827054, 43.4867362 ], [ 6.7826632, 43.4866417 ], [ 6.7825203, 43.4865991 ], [ 6.7823671, 43.4865604 ], [ 6.7822662, 43.4865267 ], [ 6.7821908, 43.4864762 ], [ 6.7820641, 43.4864384 ], [ 6.7818467, 43.4863815 ], [ 6.7817606, 43.4863146 ], [ 6.7817028, 43.4862403 ], [ 6.7815952, 43.4862045 ], [ 6.7815058, 43.4861357 ], [ 6.7814236, 43.4861284 ], [ 6.7813133, 43.4861447 ], [ 6.7811537, 43.486146 ], [ 6.7810173, 43.4861086 ], [ 6.780848, 43.486105 ], [ 6.7807233, 43.486152 ], [ 6.780645, 43.4861598 ], [ 6.7804865, 43.486136 ], [ 6.7803222, 43.4860827 ], [ 6.7801949, 43.4860127 ], [ 6.7801205, 43.4859704 ], [ 6.7800089, 43.4860016 ], [ 6.7799082, 43.485974 ], [ 6.7796769, 43.4859594 ], [ 6.7795749, 43.4858775 ], [ 6.7794686, 43.4858448 ], [ 6.7793833, 43.4858809 ], [ 6.7792454, 43.4858754 ], [ 6.7791505, 43.4858526 ], [ 6.779118, 43.485803 ], [ 6.779174, 43.4856777 ], [ 6.7792491, 43.4854773 ] ] } },
{ "type": "Feature", "properties": { "element": "way", "id": 1426377922, "name": null, "waterway": "stream" }, "geometry": { "type": "LineString", "coordinates": [ [ 6.8040103, 43.498749 ], [ 6.8040533, 43.4988938 ], [ 6.8042002, 43.4990533 ], [ 6.8042739, 43.4991755 ], [ 6.8043732, 43.4993052 ], [ 6.8044371, 43.499396 ] ] } },
{ "type": "Feature", "properties": { "element": "way", "id": 1426377923, "name": null, "waterway": "stream" }, "geometry": { "type": "LineString", "coordinates": [ [ 6.8020156, 43.5140334 ], [ 6.8019799, 43.5138552 ], [ 6.8018864, 43.5137212 ], [ 6.8017551, 43.5136268 ], [ 6.8016194, 43.513552 ], [ 6.8015468, 43.5134711 ], [ 6.8014136, 43.5134086 ], [ 6.8013057, 43.5132925 ], [ 6.8012206, 43.5131852 ], [ 6.801181, 43.513045 ], [ 6.8011201, 43.5129033 ], [ 6.8010118, 43.5128259 ], [ 6.8009281, 43.5127648 ], [ 6.8009227, 43.5126167 ], [ 6.8008724, 43.5125365 ], [ 6.8007445, 43.5124786 ], [ 6.8006749, 43.5124084 ], [ 6.8006263, 43.5123203 ], [ 6.8005965, 43.5122229 ] ] } },
{ "type": "Feature", "properties": { "element": "way", "id": 1426377924, "name": null, "waterway": "stream" }, "geometry": { "type": "LineString", "coordinates": [ [ 6.7928595, 43.5188751 ], [ 6.7927781, 43.518769 ], [ 6.7927937, 43.5186126 ], [ 6.7929042, 43.5184488 ], [ 6.7929382, 43.5183364 ], [ 6.7929341, 43.5181971 ], [ 6.7929244, 43.5180793 ], [ 6.7929725, 43.5179819 ], [ 6.7930223, 43.5178592 ], [ 6.7930144, 43.5177256 ], [ 6.7930212, 43.5176128 ], [ 6.7930569, 43.5173984 ], [ 6.7930882, 43.5172638 ], [ 6.7930287, 43.5171521 ] ] } },
{ "type": "Feature", "properties": { "element": "way", "id": 1426377925, "name": null, "waterway": "stream" }, "geometry": { "type": "LineString", "coordinates": [ [ 6.7972706, 43.5021178 ], [ 6.7973905, 43.5022108 ], [ 6.7975206, 43.5022701 ], [ 6.7976503, 43.5024033 ], [ 6.7976495, 43.5024893 ], [ 6.7976512, 43.5025626 ], [ 6.7977837, 43.5026234 ], [ 6.7978464, 43.5027133 ], [ 6.7979369, 43.502796 ], [ 6.7980025, 43.5028985 ], [ 6.7980024, 43.503063 ], [ 6.7980333, 43.5032055 ], [ 6.7979988, 43.5033287 ], [ 6.7980379, 43.5034665 ], [ 6.7981223, 43.5035443 ], [ 6.7981748, 43.5036156 ], [ 6.7982069, 43.5037091 ], [ 6.7983055, 43.5038644 ], [ 6.7984356, 43.50394 ], [ 6.7985145, 43.5040408 ], [ 6.7985478, 43.5041913 ], [ 6.7986751, 43.5042967 ], [ 6.7987788, 43.5043859 ], [ 6.7988642, 43.5044856 ], [ 6.7989623, 43.5045883 ], [ 6.7990919, 43.5046475 ], [ 6.7992749, 43.5048231 ], [ 6.7993981, 43.5049575 ], [ 6.7995779, 43.5050513 ], [ 6.7996891, 43.5050953 ], [ 6.799768, 43.5052348 ], [ 6.7998629, 43.5053767 ], [ 6.8000185, 43.5054565 ], [ 6.8001782, 43.5055036 ], [ 6.8003621, 43.5056272 ], [ 6.8005754, 43.5057795 ], [ 6.800682, 43.5057991 ], [ 6.8008104, 43.5059573 ], [ 6.8010312, 43.5059811 ], [ 6.8012344, 43.5060521 ], [ 6.8013509, 43.5060263 ], [ 6.8014428, 43.5061018 ], [ 6.8014674, 43.5061693 ], [ 6.801546, 43.5062231 ] ] } },
{ "type": "Feature", "properties": { "element": "way", "id": 1426377926, "name": null, "waterway": "stream" }, "geometry": { "type": "LineString", "coordinates": [ [ 6.7900132, 43.4952515 ], [ 6.7899099, 43.4952772 ], [ 6.789772, 43.4953466 ], [ 6.7896786, 43.4953805 ], [ 6.7895405, 43.495429 ], [ 6.7893365, 43.4954441 ], [ 6.7892117, 43.4954309 ], [ 6.7890343, 43.4954391 ], [ 6.7888972, 43.4954589 ], [ 6.7887905, 43.4954119 ], [ 6.7886515, 43.4953761 ], [ 6.7885299, 43.495317 ], [ 6.7883844, 43.4953188 ], [ 6.7882729, 43.495283 ], [ 6.7881205, 43.4952838 ], [ 6.7880463, 43.4953435 ], [ 6.7879558, 43.4953124 ], [ 6.7878752, 43.4953316 ], [ 6.7878021, 43.4954572 ], [ 6.7877668, 43.495562 ], [ 6.7876813, 43.4956269 ], [ 6.7875597, 43.49567 ], [ 6.7875587, 43.4957484 ], [ 6.787428, 43.4958288 ], [ 6.7873279, 43.4958992 ] ] } },
{ "type": "Feature", "properties": { "element": "way", "id": 1426377927, "name": null, "waterway": "stream" }, "geometry": { "type": "LineString", "coordinates": [ [ 6.7858693, 43.5027109 ], [ 6.7858409, 43.5025119 ], [ 6.7858664, 43.5023466 ], [ 6.7860048, 43.5021763 ], [ 6.7860894, 43.5020241 ], [ 6.7862764, 43.5018916 ], [ 6.7864008, 43.5017785 ], [ 6.7864534, 43.5015517 ], [ 6.786477, 43.5014137 ], [ 6.7864187, 43.5013066 ], [ 6.786268, 43.5011753 ], [ 6.7862638, 43.5010537 ], [ 6.7863049, 43.5008983 ], [ 6.7863523, 43.5007623 ], [ 6.786358, 43.5006393 ], [ 6.786264, 43.500486 ], [ 6.7863324, 43.5004219 ], [ 6.7863264, 43.5003305 ], [ 6.7863009, 43.5002658 ] ] } },
{ "type": "Feature", "properties": { "element": "way", "id": 1426377928, "name": null, "waterway": "stream" }, "geometry": { "type": "LineString", "coordinates": [ [ 6.8046833, 43.5116347 ], [ 6.8044866, 43.5115573 ], [ 6.8041878, 43.5113531 ], [ 6.804048, 43.5112003 ], [ 6.8039522, 43.5111038 ], [ 6.8038924, 43.5110033 ], [ 6.8039224, 43.5108444 ], [ 6.8039388, 43.5107503 ], [ 6.803889, 43.5106615 ], [ 6.8039084, 43.5105115 ] ] } },
{ "type": "Feature", "properties": { "element": "way", "id": 1426377929, "name": null, "waterway": "stream" }, "geometry": { "type": "LineString", "coordinates": [ [ 6.7974392, 43.5187017 ], [ 6.7976623, 43.5186629 ], [ 6.7979079, 43.5185473 ], [ 6.798103, 43.5184695 ], [ 6.7982599, 43.5183814 ], [ 6.7984776, 43.5182775 ], [ 6.7986642, 43.5181687 ], [ 6.7987331, 43.5180802 ] ] } },
{ "type": "Feature", "properties": { "element": "way", "id": 1426377930, "name": null, "waterway": "stream" }, "geometry": { "type": "LineString", "coordinates": [ [ 6.8027862, 43.5134681 ], [ 6.8027529, 43.5133143 ], [ 6.8027087, 43.5131625 ], [ 6.8026063, 43.5130892 ], [ 6.8025617, 43.5129488 ], [ 6.8025318, 43.5127919 ], [ 6.8024755, 43.5126265 ] ] } },
{ "type": "Feature", "properties": { "element": "way", "id": 1426377931, "name": null, "waterway": "stream" }, "geometry": { "type": "LineString", "coordinates": [ [ 6.7884824, 43.5055858 ], [ 6.7882365, 43.505856 ], [ 6.7880907, 43.5061154 ], [ 6.7880154, 43.5063329 ], [ 6.7879716, 43.5064525 ], [ 6.7878484, 43.5065849 ], [ 6.7877578, 43.5067211 ], [ 6.7875903, 43.5069488 ], [ 6.7875723, 43.5070683 ], [ 6.787505, 43.5072724 ], [ 6.7874482, 43.5073744 ], [ 6.7874382, 43.5075209 ] ] } },
{ "type": "Feature", "properties": { "element": "way", "id": 1426377932, "name": null, "waterway": "stream" }, "geometry": { "type": "LineString", "coordinates": [ [ 6.8044371, 43.499396 ], [ 6.8045508, 43.499575 ] ] } },
{ "type": "Feature", "properties": { "element": "way", "id": 1426377933, "name": null, "waterway": "stream" }, "geometry": { "type": "LineString", "coordinates": [ [ 6.7929448, 43.5025933 ], [ 6.7931183, 43.5027073 ], [ 6.7933379, 43.5027553 ], [ 6.7935058, 43.5028076 ], [ 6.79366, 43.5029256 ], [ 6.7937757, 43.5030556 ], [ 6.7938184, 43.5031639 ], [ 6.7938221, 43.5033077 ], [ 6.7938541, 43.5034118 ], [ 6.7939328, 43.5035267 ], [ 6.7939851, 43.5036134 ], [ 6.7940371, 43.5037061 ], [ 6.7941621, 43.5038088 ], [ 6.7942, 43.5038943 ], [ 6.794165, 43.5040011 ], [ 6.7942867, 43.5040736 ], [ 6.79425, 43.5041649 ], [ 6.7943275, 43.5042793 ], [ 6.7943807, 43.5044115 ], [ 6.7943792, 43.5045649 ], [ 6.7943391, 43.504681 ], [ 6.7943008, 43.5047578 ], [ 6.7942141, 43.5048624 ], [ 6.7941384, 43.5049117 ], [ 6.7941765, 43.505037 ], [ 6.7940526, 43.5050941 ], [ 6.794005, 43.5052178 ], [ 6.7938072, 43.5052904 ], [ 6.7936954, 43.5053333 ], [ 6.7936202, 43.5054869 ], [ 6.7935488, 43.5056078 ], [ 6.7934939, 43.5057087 ], [ 6.7934045, 43.5057955 ], [ 6.7932768, 43.5059164 ], [ 6.793087, 43.5060044 ], [ 6.7929406, 43.5060057 ], [ 6.7927226, 43.5060976 ], [ 6.79248, 43.5061678 ], [ 6.7922613, 43.5061903 ], [ 6.7920731, 43.506388 ], [ 6.7918807, 43.506565 ], [ 6.7918607, 43.5066769 ], [ 6.7918486, 43.5068442 ], [ 6.7918629, 43.5069927 ], [ 6.7919154, 43.507109 ], [ 6.7919056, 43.5072615 ], [ 6.7919605, 43.5073787 ], [ 6.791928, 43.5074826 ] ] } },
{ "type": "Feature", "properties": { "element": "way", "id": 1426377934, "name": null, "waterway": "stream" }, "geometry": { "type": "LineString", "coordinates": [ [ 6.8001698, 43.5150885 ], [ 6.8000042, 43.5150619 ], [ 6.7998492, 43.5150246 ], [ 6.7997324, 43.5150012 ], [ 6.7996052, 43.5149233 ], [ 6.7994825, 43.5148753 ], [ 6.7993856, 43.5148081 ], [ 6.7993049, 43.5147159 ], [ 6.7992263, 43.5146305 ], [ 6.799118, 43.5145765 ], [ 6.7990871, 43.5145013 ], [ 6.7989856, 43.5143975 ], [ 6.7987763, 43.5140941 ], [ 6.7986416, 43.5139925 ], [ 6.7985786, 43.5139013 ], [ 6.7985051, 43.5138255 ], [ 6.7983999, 43.5137799 ], [ 6.7983174, 43.5137174 ], [ 6.7982241, 43.5136705 ], [ 6.7980696, 43.5135846 ], [ 6.7978729, 43.5135212 ], [ 6.7977277, 43.5134603 ], [ 6.797558, 43.5134083 ], [ 6.7974737, 43.5133685 ], [ 6.7974001, 43.5132913 ], [ 6.7973073, 43.5132387 ], [ 6.7972877, 43.5131273 ], [ 6.7972284, 43.5130423 ], [ 6.7971088, 43.5130053 ], [ 6.7969694, 43.5128935 ], [ 6.7968876, 43.5128379 ], [ 6.7968405, 43.5127322 ], [ 6.7967478, 43.5126158 ], [ 6.7966078, 43.5124556 ], [ 6.7964505, 43.5123256 ], [ 6.7962682, 43.5122092 ], [ 6.7962355, 43.512149 ], [ 6.7961434, 43.5119664 ], [ 6.7957859, 43.5118948 ], [ 6.7953292, 43.5115724 ] ] } },
{ "type": "Feature", "properties": { "element": "way", "id": 1426377935, "name": null, "waterway": "stream" }, "geometry": { "type": "LineString", "coordinates": [ [ 6.7998129, 43.5064033 ], [ 6.799862, 43.5064582 ], [ 6.7999531, 43.5065163 ], [ 6.8000027, 43.5066327 ], [ 6.8000319, 43.5067334 ], [ 6.8000869, 43.5067716 ], [ 6.800149, 43.5068 ], [ 6.8001853, 43.5069105 ], [ 6.8002738, 43.5069939 ], [ 6.8003352, 43.5070378 ], [ 6.800412, 43.5071006 ], [ 6.8004595, 43.5071437 ], [ 6.800587, 43.5072279 ], [ 6.8007759, 43.5073035 ], [ 6.8009349, 43.5073372 ], [ 6.8010741, 43.507392 ], [ 6.8011706, 43.5074252 ], [ 6.8012432, 43.5075192 ], [ 6.8013065, 43.5076258 ], [ 6.8013837, 43.5076782 ], [ 6.8015216, 43.5077854 ] ] } },
{ "type": "Feature", "properties": { "element": "way", "id": 1426377936, "name": null, "waterway": "stream" }, "geometry": { "type": "LineString", "coordinates": [ [ 6.8108906, 43.5059514 ], [ 6.8108673, 43.5060929 ], [ 6.8107979, 43.5062533 ], [ 6.8107401, 43.5063873 ], [ 6.8106704, 43.5065179 ], [ 6.8105996, 43.5066503 ], [ 6.8104859, 43.5067135 ], [ 6.8104634, 43.5068615 ], [ 6.8103369, 43.5069064 ], [ 6.810207, 43.5069299 ], [ 6.8099963, 43.5070142 ], [ 6.8096055, 43.5071589 ], [ 6.8094592, 43.5072928 ], [ 6.8094198, 43.5073014 ] ] } },
{ "type": "Feature", "properties": { "element": "way", "id": 1426377937, "name": null, "waterway": "stream" }, "geometry": { "type": "LineString", "coordinates": [ [ 6.8047792, 43.506651 ], [ 6.8046339, 43.506612 ], [ 6.804416, 43.506673 ], [ 6.8042822, 43.5066086 ], [ 6.8040199, 43.5065591 ], [ 6.8038301, 43.5065078 ], [ 6.803668, 43.5064504 ], [ 6.803495, 43.5064449 ], [ 6.8033285, 43.5064167 ], [ 6.8031615, 43.5064166 ], [ 6.8029323, 43.5064377 ], [ 6.8028032, 43.506402 ], [ 6.8026418, 43.5064267 ], [ 6.8025114, 43.506341 ], [ 6.8023459, 43.5063426 ], [ 6.801996, 43.5063956 ], [ 6.8017783, 43.5065595 ] ] } },
{ "type": "Feature", "properties": { "element": "way", "id": 1426377938, "name": null, "waterway": "stream" }, "geometry": { "type": "LineString", "coordinates": [ [ 6.8057024, 43.5055571 ], [ 6.8055714, 43.5055061 ], [ 6.8054594, 43.5054074 ], [ 6.8053686, 43.5052964 ], [ 6.805292, 43.5052372 ], [ 6.805236, 43.5052006 ], [ 6.8051531, 43.5051225 ], [ 6.8050779, 43.5050782 ], [ 6.8050194, 43.5050032 ], [ 6.8049413, 43.5049452 ], [ 6.8048827, 43.5048778 ], [ 6.8047875, 43.5048291 ], [ 6.8046512, 43.5048083 ], [ 6.8045295, 43.504826 ], [ 6.8044264, 43.5048474 ], [ 6.8043508, 43.504867 ], [ 6.8042472, 43.5048402 ], [ 6.8041391, 43.5048071 ], [ 6.8040481, 43.5048229 ], [ 6.8039563, 43.5047997 ], [ 6.803873, 43.5047491 ], [ 6.8037782, 43.5046528 ] ] } },
{ "type": "Feature", "properties": { "element": "way", "id": 1426377939, "name": null, "waterway": "stream" }, "geometry": { "type": "LineString", "coordinates": [ [ 6.783745, 43.4906125 ], [ 6.7836924, 43.4905494 ], [ 6.7836111, 43.4904767 ], [ 6.7835492, 43.4904461 ], [ 6.7834203, 43.4904319 ], [ 6.7833104, 43.4904056 ], [ 6.7831996, 43.4903451 ], [ 6.7830798, 43.4902526 ], [ 6.7829857, 43.4902137 ], [ 6.782892, 43.490204 ], [ 6.7828354, 43.4901737 ], [ 6.7827633, 43.4901225 ], [ 6.7827104, 43.4900944 ], [ 6.7825518, 43.4900593 ], [ 6.7823917, 43.4900567 ], [ 6.7823084, 43.4900306 ], [ 6.7822108, 43.4899673 ], [ 6.782119, 43.4898808 ], [ 6.7819918, 43.4898014 ], [ 6.7818443, 43.4897289 ], [ 6.7816714, 43.489719 ], [ 6.7815381, 43.489701 ], [ 6.7814638, 43.4896748 ], [ 6.7814112, 43.4896353 ], [ 6.7813108, 43.4896165 ], [ 6.7812135, 43.4895813 ], [ 6.781119, 43.4895452 ], [ 6.7810552, 43.4895301 ], [ 6.7809645, 43.4895555 ], [ 6.7808783, 43.4895868 ], [ 6.7807883, 43.4896023 ], [ 6.7806775, 43.4895851 ], [ 6.7805843, 43.4895264 ] ] } },
{ "type": "Feature", "properties": { "element": "way", "id": 1426377940, "name": null, "waterway": "stream" }, "geometry": { "type": "LineString", "coordinates": [ [ 6.8119593, 43.5092641 ], [ 6.8118104, 43.5093066 ], [ 6.8116851, 43.5093198 ], [ 6.8115699, 43.5092986 ], [ 6.8114839, 43.5093094 ], [ 6.8113698, 43.509251 ], [ 6.8112463, 43.5091769 ], [ 6.8111157, 43.5090923 ], [ 6.8109851, 43.5090835 ], [ 6.810839, 43.5090936 ] ] } },
{ "type": "Feature", "properties": { "element": "way", "id": 1426377941, "name": null, "waterway": "stream" }, "geometry": { "type": "LineString", "coordinates": [ [ 6.7999093, 43.5188417 ], [ 6.7997038, 43.5187832 ], [ 6.7996103, 43.5187216 ], [ 6.79953, 43.5186544 ], [ 6.7994234, 43.5186617 ], [ 6.7993412, 43.5186167 ], [ 6.7992541, 43.5185438 ], [ 6.7991671, 43.5185093 ], [ 6.7990747, 43.5184098 ], [ 6.7989714, 43.5183266 ], [ 6.7989087, 43.5182599 ], [ 6.7988168, 43.5182302 ], [ 6.798757, 43.5181767 ], [ 6.7987331, 43.5180802 ], [ 6.7986864, 43.5179799 ], [ 6.7986412, 43.5177501 ], [ 6.7985783, 43.5175341 ] ] } },
{ "type": "Feature", "properties": { "element": "way", "id": 1426377942, "name": null, "waterway": "stream" }, "geometry": { "type": "LineString", "coordinates": [ [ 6.8091778, 43.5072928 ], [ 6.8091054, 43.5072506 ], [ 6.8089851, 43.5072596 ], [ 6.8088524, 43.5073031 ], [ 6.8086095, 43.5074091 ], [ 6.8084542, 43.507435 ], [ 6.8083153, 43.5074399 ], [ 6.8081294, 43.5074523 ], [ 6.8080068, 43.5074992 ], [ 6.8079193, 43.5076101 ], [ 6.8078418, 43.5077606 ], [ 6.8077704, 43.5078666 ], [ 6.8076833, 43.50793 ], [ 6.8074507, 43.5079611 ], [ 6.8072907, 43.5079575 ], [ 6.8071686, 43.5080101 ], [ 6.8070726, 43.5080603 ], [ 6.8069015, 43.508088 ], [ 6.8067273, 43.5080904 ], [ 6.8066075, 43.5080626 ], [ 6.806461, 43.5080925 ], [ 6.8063429, 43.5080994 ], [ 6.806217, 43.5082204 ], [ 6.8061192, 43.5082506 ], [ 6.805997, 43.508268 ], [ 6.805884, 43.5082705 ], [ 6.8057706, 43.5083337 ], [ 6.8056359, 43.5083994 ], [ 6.8055543, 43.5084436 ], [ 6.805414, 43.5085276 ], [ 6.8054052, 43.5086208 ], [ 6.8053147, 43.5086878 ], [ 6.8052503, 43.5087887 ], [ 6.8051891, 43.5089222 ], [ 6.8051588, 43.5090798 ], [ 6.8051514, 43.50922 ], [ 6.805179, 43.5093354 ], [ 6.8051786, 43.5094439 ] ] } },
{ "type": "Feature", "properties": { "element": "way", "id": 1426377943, "name": null, "waterway": "stream" }, "geometry": { "type": "LineString", "coordinates": [ [ 6.798976, 43.4964585 ], [ 6.7986919, 43.4965728 ], [ 6.7985554, 43.4967044 ], [ 6.7983716, 43.496804 ], [ 6.7981548, 43.4969119 ], [ 6.798044, 43.4969871 ], [ 6.7979323, 43.4970932 ], [ 6.7977974, 43.4971232 ], [ 6.7976252, 43.4971121 ], [ 6.7974879, 43.497138 ], [ 6.7972433, 43.4972662 ], [ 6.7970833, 43.4973336 ], [ 6.7969521, 43.4974722 ], [ 6.7967708, 43.4975156 ], [ 6.7964967, 43.4975605 ], [ 6.7962264, 43.4976111 ], [ 6.7960579, 43.4977232 ], [ 6.7959172, 43.4977918 ], [ 6.7957023, 43.4978724 ], [ 6.7955343, 43.4979395 ], [ 6.7953135, 43.497957 ], [ 6.7952021, 43.4979402 ], [ 6.7950557, 43.4979912 ], [ 6.7949649, 43.4980707 ], [ 6.7948455, 43.4981677 ], [ 6.794726, 43.4982159 ], [ 6.7944791, 43.4983458 ], [ 6.7942846, 43.4984382 ], [ 6.7941679, 43.4985476 ], [ 6.7940451, 43.4985999 ], [ 6.7939353, 43.4985648 ], [ 6.7936598, 43.4985323 ], [ 6.7935021, 43.4985834 ], [ 6.7933935, 43.4986461 ], [ 6.7932605, 43.4986839 ], [ 6.7931287, 43.4987155 ], [ 6.7930281, 43.4987899 ], [ 6.7928886, 43.4989173 ], [ 6.7928107, 43.499055 ], [ 6.7927355, 43.499092 ], [ 6.7926167, 43.4991402 ], [ 6.7925035, 43.4991975 ], [ 6.7924299, 43.4993165 ], [ 6.7923687, 43.4994118 ], [ 6.7923285, 43.4995694 ], [ 6.7923082, 43.4996582 ], [ 6.7920773, 43.4997427 ], [ 6.7917775, 43.4998721 ], [ 6.7914961, 43.5000064 ], [ 6.7913181, 43.5000288 ], [ 6.7911367, 43.5000207 ], [ 6.7907563, 43.5000155 ], [ 6.7905681, 43.5000405 ], [ 6.7903928, 43.5000835 ], [ 6.790229, 43.5001201 ], [ 6.7900978, 43.5001221 ], [ 6.7899586, 43.5001105 ], [ 6.789858, 43.5000585 ], [ 6.7897105, 43.5000361 ], [ 6.7896305, 43.5000395 ], [ 6.7894937, 43.500114 ], [ 6.7893797, 43.5001396 ], [ 6.7892283, 43.5001357 ], [ 6.7890798, 43.5000991 ], [ 6.7889471, 43.5000652 ], [ 6.7885187, 43.4999694 ], [ 6.788245, 43.4999384 ], [ 6.7881049, 43.4999475 ], [ 6.7879275, 43.4999884 ], [ 6.7877733, 43.500046 ], [ 6.7873129, 43.5001423 ], [ 6.7870815, 43.5001766 ], [ 6.7868736, 43.5002146 ], [ 6.7863508, 43.5002794 ], [ 6.7863009, 43.5002658 ], [ 6.786253, 43.5002528 ] ] } },
{ "type": "Feature", "properties": { "element": "way", "id": 1426377944, "name": null, "waterway": "stream" }, "geometry": { "type": "LineString", "coordinates": [ [ 6.788434, 43.4884935 ], [ 6.7883023, 43.488397 ], [ 6.7881653, 43.4882156 ], [ 6.7880334, 43.4880835 ], [ 6.787921, 43.4879564 ], [ 6.7877063, 43.4879043 ], [ 6.7875123, 43.4878525 ], [ 6.7873491, 43.4878373 ], [ 6.7871639, 43.487839 ], [ 6.7869247, 43.4877017 ], [ 6.786896, 43.4876354 ], [ 6.7867982, 43.4875434 ], [ 6.7867352, 43.4873766 ], [ 6.7867159, 43.4872767 ], [ 6.7866502, 43.4872279 ], [ 6.7866212, 43.4872064 ], [ 6.7865112, 43.4871792 ], [ 6.7863502, 43.487125 ], [ 6.7861845, 43.4870237 ], [ 6.7858485, 43.4869292 ], [ 6.7855751, 43.4868784 ], [ 6.7853801, 43.486823 ], [ 6.7851958, 43.4867357 ], [ 6.7850258, 43.4866971 ], [ 6.7848867, 43.4867442 ], [ 6.7848044, 43.4868019 ], [ 6.7846766, 43.4868062 ], [ 6.7844817, 43.4867629 ], [ 6.7843615, 43.486702 ], [ 6.7842233, 43.4867221 ], [ 6.7840669, 43.4866471 ], [ 6.7837139, 43.4865071 ], [ 6.7834753, 43.4865133 ], [ 6.7833451, 43.4865044 ], [ 6.7832192, 43.4865027 ], [ 6.7831322, 43.4865275 ], [ 6.7830653, 43.4865926 ], [ 6.7829947, 43.4866759 ], [ 6.7829129, 43.4867188 ], [ 6.7828288, 43.4867559 ] ] } },
{ "type": "Feature", "properties": { "element": "way", "id": 1426377945, "name": null, "waterway": "stream" }, "geometry": { "type": "LineString", "coordinates": [ [ 6.8049052, 43.5139659 ], [ 6.8046884, 43.5138668 ], [ 6.8044464, 43.5137531 ], [ 6.8042379, 43.5136642 ], [ 6.8040725, 43.5135073 ], [ 6.803934, 43.5134395 ], [ 6.8037774, 43.5132735 ], [ 6.8037189, 43.5131605 ], [ 6.8036463, 43.513084 ], [ 6.8035812, 43.5129878 ], [ 6.8035591, 43.5129236 ], [ 6.8033361, 43.5127931 ], [ 6.8032564, 43.5126984 ], [ 6.803121, 43.5126068 ], [ 6.8029642, 43.5125587 ], [ 6.8028183, 43.5125561 ], [ 6.8026666, 43.512643 ], [ 6.8025615, 43.5126149 ], [ 6.8024755, 43.5126265 ], [ 6.802389, 43.5126381 ], [ 6.8022666, 43.5125881 ], [ 6.8021285, 43.5125778 ], [ 6.8020447, 43.5125534 ], [ 6.8019457, 43.5124724 ], [ 6.8018161, 43.5124842 ], [ 6.8017321, 43.5123985 ], [ 6.8016138, 43.5123428 ], [ 6.8014946, 43.5123671 ], [ 6.8013973, 43.5123671 ], [ 6.8012568, 43.5122873 ], [ 6.8009161, 43.512206 ], [ 6.8006792, 43.5122209 ], [ 6.8005965, 43.5122229 ], [ 6.8003784, 43.5121813 ], [ 6.8001687, 43.5122097 ], [ 6.8000588, 43.5122609 ], [ 6.799891, 43.5122207 ], [ 6.7997624, 43.5122039 ], [ 6.799593, 43.5122694 ], [ 6.7995531, 43.5123324 ], [ 6.7991975, 43.5123105 ], [ 6.7990742, 43.5123124 ], [ 6.7989669, 43.5123141 ], [ 6.7988168, 43.5122932 ], [ 6.798633, 43.5122585 ], [ 6.798401, 43.5123145 ], [ 6.7983491, 43.512201 ], [ 6.7981989, 43.5121338 ], [ 6.7980182, 43.5120229 ], [ 6.7978879, 43.511922 ], [ 6.7978541, 43.5117584 ], [ 6.7976723, 43.5115412 ], [ 6.7974535, 43.5114512 ], [ 6.7973294, 43.5113899 ], [ 6.7966801, 43.5111201 ] ] } },
{ "type": "Feature", "properties": { "element": "way", "id": 1426377946, "name": null, "waterway": "stream" }, "geometry": { "type": "LineString", "coordinates": [ [ 6.8071692, 43.5010581 ], [ 6.8069637, 43.5010982 ], [ 6.8066991, 43.5011548 ], [ 6.8064964, 43.5011726 ], [ 6.8063568, 43.5011983 ], [ 6.8062398, 43.5012605 ], [ 6.806126, 43.5013603 ], [ 6.805995, 43.5013934 ], [ 6.8058782, 43.5014751 ], [ 6.8057292, 43.5014918 ], [ 6.8055925, 43.5014966 ], [ 6.8054636, 43.5014818 ], [ 6.8053432, 43.5015559 ], [ 6.8051939, 43.5015592 ], [ 6.8050042, 43.5016874 ], [ 6.8048725, 43.5018504 ], [ 6.8048856, 43.5019373 ], [ 6.8048965, 43.5020221 ], [ 6.8048564, 43.5021159 ], [ 6.8048958, 43.5021948 ], [ 6.8048661, 43.5022775 ], [ 6.8047407, 43.5023028 ], [ 6.8046202, 43.5023705 ], [ 6.8044538, 43.5024853 ], [ 6.8042667, 43.5026536 ], [ 6.804124, 43.5027504 ], [ 6.804084, 43.5029359 ], [ 6.8039966, 43.5031608 ], [ 6.8039163, 43.5034293 ], [ 6.803745, 43.503548 ], [ 6.8035669, 43.5036742 ], [ 6.8034851, 43.5038311 ], [ 6.8034016, 43.503998 ], [ 6.8032241, 43.5040989 ], [ 6.8030918, 43.5042173 ], [ 6.8029543, 43.5043889 ], [ 6.802902, 43.5044983 ], [ 6.802693, 43.5045941 ], [ 6.8026438, 43.5047429 ], [ 6.802504, 43.5049088 ], [ 6.8023714, 43.5050535 ], [ 6.8022037, 43.5050839 ], [ 6.8020376, 43.505117 ], [ 6.8019813, 43.505253 ], [ 6.8020047, 43.5053753 ], [ 6.8019087, 43.5054458 ], [ 6.801777, 43.5055391 ], [ 6.8017963, 43.5056729 ], [ 6.8018639, 43.505795 ], [ 6.8018628, 43.5058511 ], [ 6.8018617, 43.5059106 ], [ 6.8017711, 43.5060042 ], [ 6.8018059, 43.506114 ], [ 6.8017231, 43.5061892 ], [ 6.801546, 43.5062231 ], [ 6.8015242, 43.5063191 ], [ 6.8015747, 43.5063976 ], [ 6.8016851, 43.5064418 ], [ 6.8017783, 43.5065595 ], [ 6.8017795, 43.5066613 ], [ 6.8016744, 43.506771 ], [ 6.801583, 43.5068322 ], [ 6.8014587, 43.5068406 ], [ 6.801432, 43.5069782 ], [ 6.8013814, 43.5071183 ], [ 6.8013889, 43.5073458 ], [ 6.8014228, 43.5075036 ], [ 6.8015118, 43.507612 ], [ 6.80154, 43.507702 ], [ 6.8015216, 43.5077854 ], [ 6.8015066, 43.5078535 ], [ 6.8014515, 43.5079705 ], [ 6.8013698, 43.5079984 ], [ 6.8012466, 43.507987 ], [ 6.8011073, 43.5079734 ], [ 6.8009599, 43.5079728 ], [ 6.8008368, 43.5080192 ], [ 6.8007826, 43.5081302 ], [ 6.8007752, 43.508239 ], [ 6.8007725, 43.5083683 ], [ 6.8007467, 43.5085684 ], [ 6.8007188, 43.5086496 ], [ 6.800574, 43.5087558 ], [ 6.800396, 43.5088367 ], [ 6.800223, 43.5089273 ], [ 6.8001177, 43.5089865 ], [ 6.8001164, 43.5090582 ], [ 6.8001793, 43.50916 ], [ 6.8002582, 43.509316 ] ] } },
{ "type": "Feature", "properties": { "element": "way", "id": 1426377947, "name": null, "waterway": "stream" }, "geometry": { "type": "LineString", "coordinates": [ [ 6.7879522, 43.4942349 ], [ 6.7878195, 43.4941787 ], [ 6.7876401, 43.494136 ], [ 6.7875432, 43.4941412 ], [ 6.787464, 43.4940778 ], [ 6.787379, 43.4940336 ], [ 6.7872684, 43.493972 ], [ 6.7871608, 43.4939267 ], [ 6.7870618, 43.4939005 ], [ 6.7868253, 43.4938699 ], [ 6.7867449, 43.4938721 ], [ 6.7866287, 43.4938223 ], [ 6.786478, 43.4937956 ], [ 6.786354, 43.4937638 ], [ 6.7861706, 43.4937859 ] ] } },
{ "type": "Feature", "properties": { "element": "way", "id": 1426377948, "name": null, "waterway": "stream" }, "geometry": { "type": "LineString", "coordinates": [ [ 6.8012188, 43.5142208 ], [ 6.8010437, 43.514182 ], [ 6.8008767, 43.5140979 ], [ 6.8006949, 43.5140405 ], [ 6.8005294, 43.5140276 ], [ 6.8003391, 43.5140377 ], [ 6.8001551, 43.5140064 ], [ 6.7999667, 43.5139498 ], [ 6.799811, 43.513848 ], [ 6.7997303, 43.5137781 ], [ 6.7996596, 43.5137173 ], [ 6.7996302, 43.5135939 ], [ 6.7996616, 43.5134878 ], [ 6.7997268, 43.5133573 ], [ 6.7996554, 43.5132826 ], [ 6.7996605, 43.5131212 ], [ 6.7995749, 43.5129588 ], [ 6.7994598, 43.5128991 ], [ 6.7992513, 43.512811 ], [ 6.7991374, 43.5126872 ], [ 6.7990063, 43.51258 ], [ 6.7990704, 43.5124442 ], [ 6.7990742, 43.5123124 ] ] } },
{ "type": "Feature", "properties": { "element": "way", "id": 1426377949, "name": null, "waterway": "stream" }, "geometry": { "type": "LineString", "coordinates": [ [ 6.7881609, 43.4899564 ], [ 6.7881426, 43.4900211 ], [ 6.7881681, 43.4900941 ], [ 6.7881524, 43.490167 ], [ 6.7881363, 43.4902243 ], [ 6.7881551, 43.4903182 ], [ 6.788125, 43.490384 ], [ 6.7880882, 43.4904525 ], [ 6.7880751, 43.4905291 ], [ 6.7880404, 43.4905828 ], [ 6.7879925, 43.4906953 ], [ 6.7879522, 43.4907922 ], [ 6.7878857, 43.4909069 ], [ 6.7878236, 43.49107 ], [ 6.7877945, 43.4912076 ], [ 6.7876876, 43.4912536 ], [ 6.7876091, 43.4913343 ], [ 6.7875463, 43.4914952 ], [ 6.7874836, 43.4915918 ], [ 6.78741, 43.4917006 ], [ 6.7873373, 43.4917828 ], [ 6.7872387, 43.4918243 ], [ 6.7871967, 43.4919188 ], [ 6.7872041, 43.4920563 ], [ 6.7871816, 43.4921517 ], [ 6.7871029, 43.4922682 ], [ 6.7870213, 43.4924034 ], [ 6.7869588, 43.4925074 ], [ 6.7868729, 43.4926072 ], [ 6.7868686, 43.4927366 ], [ 6.7869295, 43.4927652 ], [ 6.7869236, 43.4928547 ], [ 6.7867973, 43.4929175 ], [ 6.7866862, 43.4929515 ], [ 6.7864888, 43.4931417 ], [ 6.7864262, 43.4932632 ], [ 6.7863867, 43.4933619 ], [ 6.7863065, 43.493492 ], [ 6.786224, 43.4936033 ], [ 6.7861705, 43.4936893 ], [ 6.7861706, 43.4937859 ], [ 6.7861243, 43.4939068 ], [ 6.7860625, 43.4939691 ], [ 6.7859307, 43.4940185 ], [ 6.7858531, 43.4941039 ], [ 6.7858472, 43.4942118 ], [ 6.7857709, 43.4942737 ], [ 6.7856451, 43.4943117 ], [ 6.7855404, 43.4942918 ], [ 6.7854485, 43.4943094 ], [ 6.7853244, 43.4944265 ], [ 6.7852082, 43.4945294 ], [ 6.7851369, 43.4945607 ], [ 6.784974, 43.4945265 ], [ 6.7848662, 43.4945651 ], [ 6.7847856, 43.494617 ], [ 6.7846684, 43.4946776 ], [ 6.7845985, 43.4947479 ], [ 6.7844995, 43.4947875 ], [ 6.7843636, 43.4948164 ], [ 6.7841885, 43.4947735 ], [ 6.7840807, 43.494774 ], [ 6.7839745, 43.4947481 ], [ 6.7838823, 43.4947119 ] ] } },
{ "type": "Feature", "properties": { "element": "way", "id": 1426377950, "name": null, "waterway": "stream" }, "geometry": { "type": "LineString", "coordinates": [ [ 6.8017288, 43.5030943 ], [ 6.8018358, 43.5032105 ], [ 6.8018336, 43.5033032 ], [ 6.8018751, 43.503359 ], [ 6.8018524, 43.5034816 ], [ 6.8018603, 43.5035752 ], [ 6.8019087, 43.5036946 ], [ 6.8019832, 43.5037328 ], [ 6.8020309, 43.5038271 ], [ 6.8020493, 43.5039163 ], [ 6.8020896, 43.5040269 ], [ 6.8021697, 43.5040901 ], [ 6.8022464, 43.5041571 ], [ 6.8024133, 43.5043566 ], [ 6.802511, 43.5044466 ], [ 6.802592, 43.5044823 ], [ 6.8026662, 43.5045355 ], [ 6.802693, 43.5045941 ] ] } },
{ "type": "Feature", "properties": { "element": "way", "id": 1426377951, "name": null, "waterway": "stream" }, "geometry": { "type": "LineString", "coordinates": [ [ 6.8021204, 43.5095365 ], [ 6.8018897, 43.5095245 ], [ 6.8016726, 43.5095101 ], [ 6.8015874, 43.5096145 ], [ 6.8014853, 43.5096376 ], [ 6.8013053, 43.5096576 ], [ 6.8011517, 43.509639 ], [ 6.8010148, 43.5095598 ], [ 6.8008328, 43.5094763 ], [ 6.8007772, 43.5093735 ], [ 6.8006873, 43.509312 ], [ 6.8005548, 43.5093161 ], [ 6.800442, 43.5092466 ], [ 6.8002582, 43.509316 ], [ 6.7999819, 43.5095386 ], [ 6.7996709, 43.5097598 ], [ 6.7994429, 43.5098978 ], [ 6.7989886, 43.5102081 ], [ 6.7987583, 43.5103547 ], [ 6.7985932, 43.5103953 ], [ 6.7980496, 43.5105474 ], [ 6.797918, 43.5106202 ], [ 6.7975287, 43.5107164 ], [ 6.7970988, 43.5108752 ], [ 6.7968075, 43.5109793 ], [ 6.7966801, 43.5111201 ], [ 6.7965825, 43.511228 ], [ 6.7955648, 43.5115079 ], [ 6.7953292, 43.5115724 ], [ 6.794064, 43.5119184 ], [ 6.7929034, 43.5119497 ], [ 6.7916651, 43.5121767 ], [ 6.7913863, 43.5122082 ], [ 6.7910171, 43.51225 ] ] } },
{ "type": "Feature", "properties": { "element": "way", "id": 1426377952, "name": null, "waterway": "stream" }, "geometry": { "type": "LineString", "coordinates": [ [ 6.8051686, 43.5074683 ], [ 6.804886, 43.507563 ], [ 6.8046255, 43.5077045 ], [ 6.804526, 43.5077573 ], [ 6.8043387, 43.5078283 ], [ 6.8042127, 43.5079431 ], [ 6.8041018, 43.5080511 ], [ 6.8039695, 43.5081374 ], [ 6.8037593, 43.5082002 ], [ 6.803666, 43.508279 ], [ 6.8035311, 43.5083667 ], [ 6.8033616, 43.5084073 ], [ 6.8032481, 43.508413 ], [ 6.8029875, 43.5084192 ], [ 6.8027589, 43.5084833 ], [ 6.8026436, 43.5086086 ], [ 6.8025673, 43.5087421 ], [ 6.8024816, 43.5088954 ], [ 6.8023755, 43.5089973 ], [ 6.8022838, 43.5091455 ], [ 6.8022789, 43.5092318 ], [ 6.8023093, 43.5092937 ], [ 6.80226, 43.509403 ] ] } },
{ "type": "Feature", "properties": { "element": "way", "id": 1426377953, "name": null, "waterway": "stream" }, "geometry": { "type": "LineString", "coordinates": [ [ 6.8045508, 43.499575 ], [ 6.8046603, 43.4996837 ], [ 6.8048178, 43.4998 ], [ 6.8049558, 43.4999017 ], [ 6.8051423, 43.5001471 ], [ 6.8052454, 43.5002767 ], [ 6.8054467, 43.5005452 ], [ 6.8054743, 43.5006661 ], [ 6.8054689, 43.5007914 ], [ 6.8054154, 43.5008877 ], [ 6.8053259, 43.5010269 ], [ 6.8052843, 43.5011397 ], [ 6.8053025, 43.5013156 ], [ 6.8052674, 43.5013944 ], [ 6.8052111, 43.501477 ], [ 6.8051939, 43.5015592 ] ] } },
{ "type": "Feature", "properties": { "element": "way", "id": 1426377954, "name": null, "waterway": "stream" }, "geometry": { "type": "LineString", "coordinates": [ [ 6.8037792, 43.512036 ], [ 6.8035073, 43.5120235 ], [ 6.8032492, 43.5119828 ], [ 6.802847, 43.511951 ], [ 6.8026586, 43.5119431 ], [ 6.8024238, 43.5119315 ], [ 6.802016, 43.5119252 ], [ 6.8018398, 43.5118973 ], [ 6.8016771, 43.5119712 ], [ 6.8015419, 43.5119732 ], [ 6.8013181, 43.5120327 ], [ 6.8011678, 43.5121683 ], [ 6.8009161, 43.512206 ] ] } },
{ "type": "Feature", "properties": { "element": "way", "id": 1426377955, "name": null, "waterway": "stream" }, "geometry": { "type": "LineString", "coordinates": [ [ 6.7959048, 43.5032933 ], [ 6.7960581, 43.5033546 ], [ 6.7962069, 43.5033863 ], [ 6.7962767, 43.5034281 ], [ 6.7963515, 43.5035285 ], [ 6.7964099, 43.503634 ], [ 6.7964449, 43.5037339 ], [ 6.7964833, 43.5038204 ], [ 6.7965423, 43.5038801 ], [ 6.796587, 43.5039566 ], [ 6.796604, 43.5040705 ], [ 6.7965523, 43.5041629 ], [ 6.7965476, 43.5042476 ], [ 6.7964691, 43.5042713 ], [ 6.7963721, 43.504344 ], [ 6.7963156, 43.504441 ], [ 6.7963351, 43.504531 ], [ 6.7962878, 43.5045938 ], [ 6.7963343, 43.504664 ], [ 6.796317, 43.5047122 ], [ 6.7962744, 43.5048695 ], [ 6.7963357, 43.5049787 ], [ 6.7963316, 43.5050498 ], [ 6.7964306, 43.5051008 ], [ 6.7965058, 43.5051842 ], [ 6.7965577, 43.5053002 ], [ 6.79647, 43.5053487 ], [ 6.7963628, 43.5054324 ], [ 6.7963691, 43.5055157 ], [ 6.7963089, 43.5055633 ], [ 6.7961942, 43.505615 ], [ 6.7961596, 43.5056553 ], [ 6.7962173, 43.5057364 ], [ 6.796219, 43.505805 ], [ 6.7961928, 43.5058545 ], [ 6.7960693, 43.5059841 ], [ 6.7960249, 43.5060347 ], [ 6.7960665, 43.506124 ], [ 6.7961214, 43.5061576 ], [ 6.796171, 43.5061936 ], [ 6.796227, 43.50632 ], [ 6.7962286, 43.5063895 ], [ 6.7963173, 43.506426 ], [ 6.7963225, 43.5065171 ], [ 6.7963552, 43.5065968 ], [ 6.7963539, 43.5066698 ], [ 6.7962645, 43.5067187 ], [ 6.7962278, 43.5068136 ], [ 6.7962386, 43.5068777 ], [ 6.7963378, 43.5069292 ], [ 6.7963942, 43.5070027 ], [ 6.7964778, 43.5071163 ], [ 6.7965205, 43.5071716 ], [ 6.7966138, 43.5071743 ], [ 6.7966743, 43.5072142 ], [ 6.7967612, 43.5073158 ], [ 6.7967898, 43.507372 ], [ 6.7967056, 43.5074188 ], [ 6.7966436, 43.5074923 ], [ 6.7966472, 43.5075854 ], [ 6.7966234, 43.5076427 ], [ 6.7965339, 43.5076633 ], [ 6.7966478, 43.5077054 ], [ 6.7966152, 43.5077544 ], [ 6.7965021, 43.5077957 ], [ 6.7964902, 43.5078424 ], [ 6.79651, 43.5079434 ], [ 6.7964853, 43.5080424 ], [ 6.7965345, 43.5080727 ], [ 6.7965899, 43.5081067 ], [ 6.7965901, 43.5081721 ], [ 6.7965299, 43.5082274 ], [ 6.7965194, 43.5083165 ], [ 6.7964671, 43.5083759 ], [ 6.7961921, 43.5085325 ], [ 6.7960631, 43.5085438 ], [ 6.7959675, 43.5086304 ], [ 6.7958839, 43.5086779 ], [ 6.7957876, 43.5086991 ], [ 6.7955948, 43.5088733 ], [ 6.7955244, 43.5089531 ], [ 6.795337, 43.5090444 ], [ 6.7949263, 43.5090531 ], [ 6.7944113, 43.5092015 ], [ 6.7942459, 43.5093352 ], [ 6.7941021, 43.5094563 ], [ 6.79377, 43.5095555 ], [ 6.7934825, 43.5096413 ] ] } },
{ "type": "Feature", "properties": { "element": "way", "id": 1426377956, "name": null, "waterway": "stream" }, "geometry": { "type": "LineString", "coordinates": [ [ 6.7856862, 43.5055122 ], [ 6.7857931, 43.5055601 ], [ 6.7858267, 43.505656 ], [ 6.7858884, 43.5056841 ], [ 6.7859743, 43.5057153 ], [ 6.7860736, 43.5057725 ], [ 6.7861651, 43.5058545 ], [ 6.7862529, 43.5059071 ], [ 6.7862848, 43.5059874 ], [ 6.7863599, 43.5060263 ], [ 6.7863538, 43.506107 ], [ 6.786427, 43.5061573 ], [ 6.7864832, 43.5062115 ], [ 6.7865476, 43.5063901 ], [ 6.7865941, 43.5065263 ], [ 6.7866773, 43.506614 ], [ 6.7867391, 43.5067094 ], [ 6.7868601, 43.5068527 ], [ 6.7869717, 43.5070167 ], [ 6.7870238, 43.5071917 ], [ 6.7870905, 43.5072699 ], [ 6.7872103, 43.5073699 ], [ 6.7873275, 43.5074456 ], [ 6.7874382, 43.5075209 ], [ 6.7875275, 43.5077122 ], [ 6.7874989, 43.5079188 ], [ 6.7875003, 43.5080893 ], [ 6.7874216, 43.5083091 ], [ 6.7873684, 43.5084512 ], [ 6.7872805, 43.5085606 ], [ 6.7872193, 43.5086815 ], [ 6.7871895, 43.5088091 ], [ 6.7872585, 43.5088992 ], [ 6.7874025, 43.5090044 ], [ 6.7875199, 43.5091021 ], [ 6.7876617, 43.5091919 ], [ 6.7877769, 43.509236 ], [ 6.7879081, 43.5092881 ], [ 6.787976, 43.5093593 ], [ 6.7880453, 43.509505 ], [ 6.7881725, 43.5096311 ], [ 6.7882928, 43.5097456 ], [ 6.7884115, 43.5097955 ], [ 6.7885556, 43.5099191 ], [ 6.7886574, 43.5100313 ], [ 6.7886742, 43.5101733 ], [ 6.7886342, 43.5102588 ], [ 6.788495, 43.5103402 ], [ 6.7884628, 43.5105083 ], [ 6.7884403, 43.5106281 ], [ 6.7884986, 43.5106805 ], [ 6.7884423, 43.5107325 ], [ 6.7883688, 43.5107898 ], [ 6.7883594, 43.5108701 ], [ 6.7883325, 43.5109979 ], [ 6.7883633, 43.5112568 ], [ 6.7883683, 43.5113717 ], [ 6.7884193, 43.5114658 ], [ 6.7884361, 43.5115702 ], [ 6.7883737, 43.5116409 ], [ 6.7882984, 43.5117549 ] ] } },
{ "type": "Feature", "properties": { "element": "way", "id": 1426377957, "name": null, "waterway": "stream" }, "geometry": { "type": "LineString", "coordinates": [ [ 6.8107096, 43.5091254 ], [ 6.810534, 43.5091371 ], [ 6.8103337, 43.5091384 ], [ 6.8101524, 43.5091771 ], [ 6.8100203, 43.5092034 ], [ 6.8099085, 43.5092401 ], [ 6.8097765, 43.5093042 ], [ 6.8096506, 43.5093687 ], [ 6.8095441, 43.5094548 ], [ 6.8094382, 43.509571 ], [ 6.8093458, 43.5096933 ], [ 6.8092627, 43.5097442 ], [ 6.8091942, 43.5098142 ], [ 6.8090619, 43.509877 ], [ 6.8089346, 43.5099288 ], [ 6.8087536, 43.5099611 ], [ 6.8084946, 43.5099949 ], [ 6.8083476, 43.5099968 ], [ 6.8082874, 43.510102 ], [ 6.8081424, 43.5101261 ], [ 6.8080299, 43.510169 ], [ 6.8078939, 43.5102111 ], [ 6.8077814, 43.5101875 ], [ 6.807673, 43.510132 ], [ 6.8075112, 43.5101159 ], [ 6.8073733, 43.5100997 ], [ 6.8072799, 43.5100338 ], [ 6.8071706, 43.5099816 ], [ 6.8070185, 43.5099467 ], [ 6.806796, 43.5099511 ] ] } },
{ "type": "Feature", "properties": { "element": "way", "id": 1426377958, "name": null, "waterway": "stream" }, "geometry": { "type": "LineString", "coordinates": [ [ 6.8049217, 43.5154643 ], [ 6.8046714, 43.5154413 ], [ 6.8044342, 43.5154627 ], [ 6.8042814, 43.5154583 ], [ 6.8040852, 43.5154272 ], [ 6.8038812, 43.51543 ], [ 6.8037, 43.5154155 ], [ 6.8035005, 43.5154155 ], [ 6.8032456, 43.5154801 ], [ 6.8030855, 43.5155826 ], [ 6.8029486, 43.5156549 ], [ 6.8028223, 43.5157639 ], [ 6.802715, 43.5158345 ], [ 6.8026402, 43.515967 ], [ 6.8025684, 43.5160087 ], [ 6.8024511, 43.5160094 ], [ 6.8022783, 43.516093 ], [ 6.8021731, 43.5160562 ], [ 6.8020725, 43.5160568 ], [ 6.8019711, 43.5161123 ], [ 6.8018675, 43.5161791 ], [ 6.8017754, 43.5162428 ], [ 6.8016935, 43.5162864 ], [ 6.8015377, 43.516317 ], [ 6.8014115, 43.5163299 ], [ 6.801309, 43.5163917 ], [ 6.8012342, 43.5165029 ], [ 6.8011863, 43.5165172 ], [ 6.8011335, 43.516533 ], [ 6.8009497, 43.5165463 ], [ 6.8007757, 43.5166292 ], [ 6.8006493, 43.5166382 ], [ 6.800564, 43.5166987 ], [ 6.8004321, 43.5168108 ], [ 6.8003346, 43.5168455 ], [ 6.8002615, 43.5168247 ], [ 6.8001276, 43.5168774 ], [ 6.8000267, 43.5169475 ], [ 6.7998763, 43.5170186 ], [ 6.7997628, 43.517131 ], [ 6.7996669, 43.5172023 ], [ 6.7995871, 43.5172773 ], [ 6.7994369, 43.5173751 ], [ 6.7993812, 43.5174076 ], [ 6.7992835, 43.5173891 ], [ 6.7991904, 43.5173824 ], [ 6.799075, 43.5173961 ], [ 6.7987865, 43.5174884 ], [ 6.7985783, 43.5175341 ], [ 6.7984541, 43.5175375 ], [ 6.7983346, 43.5175081 ], [ 6.7982728, 43.5174485 ], [ 6.7981824, 43.517412 ], [ 6.7981139, 43.5173541 ], [ 6.798022, 43.517312 ], [ 6.7979293, 43.5172802 ], [ 6.7977925, 43.5172492 ], [ 6.7976858, 43.517215 ], [ 6.7976097, 43.5171332 ], [ 6.7974704, 43.5171273 ], [ 6.797417, 43.5170692 ], [ 6.7973637, 43.5170361 ], [ 6.7971438, 43.5170498 ], [ 6.7969792, 43.517039 ], [ 6.7968936, 43.5169856 ], [ 6.7968385, 43.5169357 ], [ 6.796661, 43.5168796 ], [ 6.7965503, 43.5167998 ], [ 6.7964205, 43.5167662 ], [ 6.796309, 43.5167326 ], [ 6.7962026, 43.5167046 ], [ 6.796032, 43.5166854 ], [ 6.7956685, 43.5166748 ], [ 6.7954415, 43.5166529 ], [ 6.7952955, 43.516625 ], [ 6.7951917, 43.5166006 ], [ 6.7951494, 43.516568 ], [ 6.7950473, 43.5164893 ], [ 6.7949724, 43.5164209 ], [ 6.7948611, 43.5162595 ], [ 6.7947251, 43.5161793 ], [ 6.7946747, 43.5161099 ], [ 6.7945471, 43.5160711 ], [ 6.7944121, 43.5160175 ], [ 6.7943086, 43.5159837 ], [ 6.7942137, 43.5159508 ], [ 6.7941576, 43.5158912 ], [ 6.7940959, 43.515763 ], [ 6.7940003, 43.515655 ], [ 6.7939292, 43.5155724 ], [ 6.7938009, 43.5155124 ], [ 6.7937227, 43.5154348 ], [ 6.793694, 43.5153365 ], [ 6.7935605, 43.5151765 ], [ 6.7933811, 43.5148307 ], [ 6.7931866, 43.5147197 ], [ 6.7928195, 43.514578 ], [ 6.7927226, 43.5144634 ], [ 6.7926795, 43.5144124 ], [ 6.7925638, 43.5142266 ], [ 6.7924607, 43.513859 ], [ 6.7916393, 43.5127256 ], [ 6.7913863, 43.5122082 ] ] } },
{ "type": "Feature", "properties": { "element": "way", "id": 1426377959, "name": null, "waterway": "stream" }, "geometry": { "type": "LineString", "coordinates": [ [ 6.791928, 43.5076309 ], [ 6.7919704, 43.5078046 ], [ 6.7920307, 43.5079703 ], [ 6.7921303, 43.5081041 ], [ 6.7922401, 43.5082554 ], [ 6.79239, 43.5083794 ], [ 6.7925126, 43.5084083 ], [ 6.7927685, 43.5084178 ], [ 6.7929681, 43.5084832 ], [ 6.7930905, 43.5085512 ], [ 6.793349, 43.508843 ], [ 6.7936151, 43.509057 ], [ 6.79377, 43.5095555 ] ] } },
{ "type": "Feature", "properties": { "element": "way", "id": 1426377960, "name": null, "waterway": "stream" }, "geometry": { "type": "LineString", "coordinates": [ [ 6.783786, 43.5086174 ], [ 6.7838246, 43.5088331 ], [ 6.7838184, 43.5090601 ], [ 6.7837144, 43.5092095 ], [ 6.7836234, 43.5094198 ], [ 6.7835889, 43.5095635 ], [ 6.7836079, 43.5096735 ], [ 6.7835709, 43.5098089 ], [ 6.7834968, 43.5100474 ], [ 6.7833909, 43.510283 ], [ 6.7833963, 43.5104125 ], [ 6.7833154, 43.5106141 ], [ 6.7833713, 43.5107642 ], [ 6.783405, 43.5108593 ], [ 6.7834414, 43.5110595 ], [ 6.7835756, 43.5112556 ], [ 6.7837199, 43.5114017 ], [ 6.7838432, 43.5114805 ], [ 6.7838405, 43.5116641 ], [ 6.7838282, 43.5118806 ], [ 6.783795, 43.5120316 ] ] } },
{ "type": "Feature", "properties": { "element": "way", "id": 1426377961, "name": null, "waterway": "stream" }, "geometry": { "type": "LineString", "coordinates": [ [ 6.7881465, 43.4863794 ], [ 6.7880052, 43.4864403 ], [ 6.7878267, 43.4864762 ], [ 6.7876945, 43.4865239 ], [ 6.7875976, 43.4866017 ], [ 6.7875323, 43.4866838 ], [ 6.7874592, 43.486757 ], [ 6.7873673, 43.4868123 ], [ 6.7872727, 43.4868566 ], [ 6.7872086, 43.4869141 ], [ 6.7871429, 43.4869953 ], [ 6.7870862, 43.4870395 ], [ 6.7870102, 43.4870669 ], [ 6.7869153, 43.4871082 ], [ 6.7867801, 43.4871279 ], [ 6.7866502, 43.4872279 ] ] } },
{ "type": "Feature", "properties": { "element": "way", "id": 1426377962, "name": null, "waterway": "stream" }, "geometry": { "type": "LineString", "coordinates": [ [ 6.8031419, 43.5173778 ], [ 6.8030297, 43.5173639 ], [ 6.8029038, 43.5173263 ], [ 6.8027851, 43.5173131 ], [ 6.8026189, 43.5172962 ], [ 6.8025174, 43.517241 ], [ 6.8024161, 43.5171852 ], [ 6.8023461, 43.517103 ], [ 6.8022423, 43.5170215 ], [ 6.8021504, 43.5169618 ], [ 6.8020282, 43.5169498 ], [ 6.8019, 43.5168868 ], [ 6.8018013, 43.5169061 ], [ 6.8017478, 43.5168307 ], [ 6.8016171, 43.516799 ], [ 6.8015107, 43.5167473 ], [ 6.8014595, 43.5166781 ], [ 6.8013918, 43.5166151 ], [ 6.8012964, 43.5165571 ], [ 6.8011863, 43.5165172 ] ] } },
{ "type": "Feature", "properties": { "element": "way", "id": 1426377963, "name": null, "waterway": "stream" }, "geometry": { "type": "LineString", "coordinates": [ [ 6.8094198, 43.5073014 ], [ 6.8091778, 43.5072928 ] ] } },
{ "type": "Feature", "properties": { "element": "way", "id": 1426377964, "name": null, "waterway": "stream" }, "geometry": { "type": "LineString", "coordinates": [ [ 6.791928, 43.5074826 ], [ 6.791928, 43.5076309 ] ] } },
{ "type": "Feature", "properties": { "element": "way", "id": 1426377965, "name": null, "waterway": "stream" }, "geometry": { "type": "LineString", "coordinates": [ [ 6.7833129, 43.5070294 ], [ 6.7834586, 43.5072246 ], [ 6.7835634, 43.5073666 ], [ 6.7836397, 43.507613 ], [ 6.7836285, 43.5078376 ], [ 6.7837159, 43.5080835 ], [ 6.7837319, 43.5082923 ], [ 6.7837747, 43.5084793 ] ] } },
{ "type": "Feature", "properties": { "element": "way", "id": 1426377966, "name": null, "waterway": "stream" }, "geometry": { "type": "LineString", "coordinates": [ [ 6.7984712, 43.5065445 ], [ 6.7984016, 43.50671 ], [ 6.7983273, 43.5068215 ], [ 6.7982741, 43.5069418 ], [ 6.7982461, 43.5070955 ], [ 6.7982517, 43.5071932 ], [ 6.7981248, 43.5073009 ], [ 6.7979771, 43.5074324 ], [ 6.7978228, 43.507586 ], [ 6.7976497, 43.5077679 ], [ 6.7975158, 43.5078166 ], [ 6.7973731, 43.5077834 ], [ 6.7972325, 43.5078811 ], [ 6.7971412, 43.5079368 ], [ 6.7970104, 43.5079454 ], [ 6.796916, 43.5079333 ], [ 6.7968303, 43.5079849 ], [ 6.7966821, 43.5080416 ], [ 6.7965345, 43.5080727 ] ] } },
{ "type": "Feature", "properties": { "element": "way", "id": 1426377967, "name": null, "waterway": "stream" }, "geometry": { "type": "LineString", "coordinates": [ [ 6.80458, 43.5057976 ], [ 6.8043653, 43.5057768 ], [ 6.8042578, 43.5057306 ], [ 6.8040739, 43.5056928 ], [ 6.8038941, 43.5056598 ], [ 6.8037991, 43.5056331 ], [ 6.8037043, 43.5055985 ], [ 6.8035314, 43.5056127 ], [ 6.8033054, 43.5056225 ], [ 6.8031839, 43.5056043 ], [ 6.8030615, 43.5055851 ], [ 6.8028696, 43.5055968 ], [ 6.802756, 43.5056352 ], [ 6.8024905, 43.5056904 ], [ 6.8023623, 43.5057524 ], [ 6.8022618, 43.5057944 ], [ 6.8021309, 43.505813 ], [ 6.8020362, 43.5058059 ], [ 6.8018628, 43.5058511 ] ] } },
{ "type": "Feature", "properties": { "element": "way", "id": 1426377968, "name": null, "waterway": "stream" }, "geometry": { "type": "LineString", "coordinates": [ [ 6.8060076, 43.5051126 ], [ 6.8059154, 43.5050518 ], [ 6.8057525, 43.5050141 ], [ 6.8056614, 43.5049763 ], [ 6.8055811, 43.5048965 ], [ 6.8054848, 43.504829 ], [ 6.8054125, 43.5047639 ], [ 6.8053535, 43.5046703 ], [ 6.8052821, 43.5046022 ], [ 6.8051647, 43.5045536 ], [ 6.8050233, 43.5045099 ], [ 6.8049082, 43.5044502 ], [ 6.8048109, 43.5044471 ], [ 6.8047151, 43.5044249 ], [ 6.8045844, 43.50437 ], [ 6.8044924, 43.5043711 ], [ 6.8043406, 43.5044386 ], [ 6.8042617, 43.5044181 ], [ 6.8040179, 43.5044836 ], [ 6.8038923, 43.5045606 ], [ 6.8037782, 43.5046528 ], [ 6.8036802, 43.5046641 ], [ 6.8036031, 43.5046543 ], [ 6.8034844, 43.5046669 ], [ 6.8034138, 43.5046782 ], [ 6.8032937, 43.5046703 ], [ 6.8032058, 43.5046508 ], [ 6.8030993, 43.5046535 ], [ 6.8029902, 43.5046819 ], [ 6.802693, 43.5045941 ] ] } },
{ "type": "Feature", "properties": { "element": "way", "id": 1432522533, "name": null, "waterway": "stream" }, "geometry": { "type": "LineString", "coordinates": [ [ 6.7803018, 43.4147939 ], [ 6.7802122, 43.4147537 ] ] } },
{ "type": "Feature", "properties": { "element": "way", "id": 1432522534, "name": null, "waterway": "stream" }, "geometry": { "type": "LineString", "coordinates": [ [ 6.7807444, 43.4155873 ], [ 6.7807066, 43.4155525 ], [ 6.7806759, 43.4155142 ], [ 6.7806511, 43.4154696 ], [ 6.7806358, 43.4154227 ], [ 6.7806111, 43.4153052 ], [ 6.7805963, 43.4151766 ], [ 6.7806004, 43.415134 ], [ 6.7805995, 43.4150913 ], [ 6.7805906, 43.415036 ], [ 6.7805837, 43.4150086 ], [ 6.7805731, 43.4149818 ], [ 6.7805507, 43.414944 ], [ 6.7805208, 43.414909 ], [ 6.7804841, 43.4148777 ], [ 6.7804297, 43.4148428 ], [ 6.7803684, 43.4148146 ], [ 6.7803018, 43.4147939 ] ] } }
]
}
