{
"type": "FeatureCollection",
"name": "south_lhonak_rivers",
"crs": { "type": "name", "properties": { "name": "urn:ogc:def:crs:OGC:1.3:CRS84" } },
"features": [
{ "type": "Feature", "properties": { "element": "way", "id": 45244954, "name": "Prek Chu", "waterway": "river" }, "geometry": { "type": "LineString", "coordinates": [ [ 88.1861023, 27.5527775 ], [ 88.1860784, 27.5523829 ], [ 88.1862781, 27.552189 ], [ 88.1859094, 27.5514698 ], [ 88.1857136, 27.5513295 ], [ 88.1857136, 27.5510465 ], [ 88.1855875, 27.5507136 ], [ 88.1857002, 27.5504544 ], [ 88.1859791, 27.5502808 ], [ 88.1861213, 27.5501714 ], [ 88.1861266, 27.5499003 ], [ 88.1859216, 27.5496606 ], [ 88.1856868, 27.5491155 ], [ 88.1854454, 27.5488444 ], [ 88.1851798, 27.5486946 ], [ 88.1852388, 27.5482404 ], [ 88.1854373, 27.5478147 ], [ 88.1858772, 27.5475745 ], [ 88.1861427, 27.5472986 ], [ 88.1860643, 27.5468416 ], [ 88.1859496, 27.5462713 ], [ 88.1860006, 27.5459193 ], [ 88.1857645, 27.5458194 ], [ 88.1856143, 27.5452415 ], [ 88.1861937, 27.5449443 ], [ 88.1863531, 27.5440341 ], [ 88.186405, 27.5437589 ], [ 88.186394, 27.5434475 ], [ 88.1863962, 27.543326 ], [ 88.186363, 27.5432614 ], [ 88.1862769, 27.5432026 ], [ 88.1861532, 27.5431576 ], [ 88.1859963, 27.543042 ], [ 88.1858638, 27.5428873 ], [ 88.1857953, 27.5427991 ], [ 88.1857681, 27.5427319 ], [ 88.1857654, 27.542632 ], [ 88.1857252, 27.5425868 ], [ 88.1856662, 27.5425083 ], [ 88.185642, 27.5424227 ], [ 88.1856823, 27.5423014 ], [ 88.1857091, 27.5421801 ], [ 88.185744, 27.5420755 ], [ 88.1858486, 27.5418804 ], [ 88.1858861, 27.5417496 ], [ 88.185913, 27.5416688 ], [ 88.1859505, 27.5415261 ], [ 88.1859344, 27.541431 ], [ 88.1859237, 27.5412883 ], [ 88.1859398, 27.5410932 ], [ 88.186031, 27.5408507 ], [ 88.1860685, 27.5406628 ], [ 88.1860766, 27.5405486 ], [ 88.1860524, 27.5404915 ], [ 88.1860015, 27.5404416 ], [ 88.1859505, 27.5403703 ], [ 88.1859183, 27.5403108 ], [ 88.1859076, 27.5402038 ], [ 88.1858888, 27.5400563 ], [ 88.1858647, 27.539985 ], [ 88.1858325, 27.5398946 ], [ 88.1858271, 27.5398185 ], [ 88.1858271, 27.5397186 ], [ 88.1858244, 27.5395807 ], [ 88.1858298, 27.5394546 ], [ 88.1858593, 27.5393095 ], [ 88.1858915, 27.5391573 ], [ 88.1859022, 27.5390693 ], [ 88.1858888, 27.5389623 ], [ 88.1858593, 27.5388695 ], [ 88.1858137, 27.5386936 ], [ 88.1858486, 27.5385651 ], [ 88.1859237, 27.5384795 ], [ 88.1861275, 27.5383154 ], [ 88.186208, 27.5382512 ], [ 88.1862563, 27.5381299 ], [ 88.1862885, 27.5379872 ], [ 88.1863314, 27.5378849 ], [ 88.1864168, 27.5377853 ], [ 88.1864333, 27.537766 ], [ 88.1865862, 27.5375615 ], [ 88.186672, 27.5374021 ], [ 88.1867364, 27.5372356 ], [ 88.186908, 27.5369621 ], [ 88.1870395, 27.5363866 ], [ 88.1873172, 27.535638 ], [ 88.187358, 27.5355605 ], [ 88.1873405, 27.5355191 ], [ 88.1872822, 27.53547 ], [ 88.1871948, 27.5354158 ], [ 88.1871019, 27.5353457 ], [ 88.187005, 27.5351639 ], [ 88.187052, 27.5348213 ], [ 88.1868915, 27.5343149 ], [ 88.1867159, 27.5341182 ], [ 88.1865546, 27.5335412 ], [ 88.1867143, 27.5329602 ], [ 88.1862017, 27.5321382 ], [ 88.1862151, 27.5309828 ], [ 88.1867717, 27.5302618 ], [ 88.1869318, 27.5298049 ], [ 88.1866814, 27.5293057 ], [ 88.1858092, 27.528414 ], [ 88.1852986, 27.5274747 ], [ 88.1848794, 27.5257996 ], [ 88.1849162, 27.5253766 ], [ 88.1846085, 27.525015 ], [ 88.1840586, 27.5243688 ], [ 88.183983, 27.5240683 ], [ 88.1840974, 27.5228938 ], [ 88.1836927, 27.5222601 ], [ 88.1833177, 27.5211587 ], [ 88.1829866, 27.5204057 ], [ 88.1832039, 27.5200194 ], [ 88.1833004, 27.5198477 ], [ 88.1834181, 27.5193183 ], [ 88.1826263, 27.5188125 ], [ 88.1827672, 27.5183232 ], [ 88.1827377, 27.5178803 ], [ 88.1820226, 27.5171513 ], [ 88.1819206, 27.5162903 ], [ 88.1809898, 27.5151175 ], [ 88.180904, 27.514265 ], [ 88.1800931, 27.5123198 ], [ 88.179795, 27.5119098 ], [ 88.179756, 27.5117005 ], [ 88.1797342, 27.5115831 ], [ 88.1793895, 27.5111725 ], [ 88.1789685, 27.5108034 ], [ 88.1787237, 27.5104441 ], [ 88.1788251, 27.5101204 ], [ 88.178815, 27.5098177 ], [ 88.1786697, 27.5091943 ], [ 88.1782171, 27.5086267 ], [ 88.1777944, 27.5079204 ], [ 88.1777133, 27.507279 ], [ 88.1775486, 27.5065767 ], [ 88.1772807, 27.5063108 ], [ 88.1771996, 27.5060141 ], [ 88.1770003, 27.5059122 ], [ 88.1768144, 27.5056184 ], [ 88.1768212, 27.5048901 ], [ 88.1764798, 27.5045394 ], [ 88.1761926, 27.5040658 ], [ 88.1762788, 27.5035897 ], [ 88.1760676, 27.5033254 ], [ 88.1761858, 27.5029268 ], [ 88.176054, 27.5025161 ], [ 88.1765061, 27.5022173 ], [ 88.1765035, 27.5018237 ], [ 88.1766522, 27.5013051 ], [ 88.1766792, 27.5010563 ], [ 88.1771016, 27.5004688 ], [ 88.1772503, 27.4997614 ], [ 88.1772495, 27.4992611 ], [ 88.1776153, 27.4985234 ], [ 88.1782588, 27.4980284 ], [ 88.178521, 27.4976631 ], [ 88.1786291, 27.4971535 ], [ 88.1785345, 27.4962092 ], [ 88.1786933, 27.4957716 ], [ 88.1785604, 27.4952551 ], [ 88.17879, 27.4936647 ], [ 88.1803041, 27.4913928 ], [ 88.181432, 27.4902058 ], [ 88.1831759, 27.4880865 ], [ 88.1832457, 27.4875212 ], [ 88.1834106, 27.4866759 ], [ 88.1836608, 27.4847266 ], [ 88.1840314, 27.4839186 ], [ 88.1846461, 27.4815058 ], [ 88.1851893, 27.4802784 ], [ 88.185731, 27.4791975 ], [ 88.185718, 27.4781341 ], [ 88.1859027, 27.4767191 ], [ 88.1853084, 27.4756385 ], [ 88.1852479, 27.4744403 ], [ 88.1856199, 27.4739104 ], [ 88.1858236, 27.4727415 ], [ 88.1858039, 27.4714945 ], [ 88.1853997, 27.4697414 ], [ 88.1853124, 27.468561 ], [ 88.1852744, 27.4682572 ], [ 88.1853003, 27.4675924 ], [ 88.1854322, 27.4673701 ], [ 88.1853388, 27.4669479 ], [ 88.1854576, 27.4661263 ], [ 88.1861468, 27.465448 ], [ 88.1865047, 27.4644516 ], [ 88.1869973, 27.4640295 ], [ 88.188666, 27.4620843 ], [ 88.1902205, 27.4613346 ], [ 88.1907662, 27.460269 ], [ 88.1915285, 27.4587649 ], [ 88.1921235, 27.4572151 ], [ 88.1920938, 27.4564919 ], [ 88.1917208, 27.4556923 ], [ 88.1910615, 27.4552213 ], [ 88.1910668, 27.4533238 ], [ 88.1903437, 27.4527772 ], [ 88.1902345, 27.4524017 ], [ 88.190643, 27.4516595 ], [ 88.1907816, 27.4505951 ], [ 88.1900655, 27.4475306 ], [ 88.1897168, 27.445928 ], [ 88.1899525, 27.4446924 ], [ 88.1894261, 27.443562 ], [ 88.1896389, 27.4428785 ], [ 88.1895223, 27.4422648 ], [ 88.1897913, 27.4417043 ], [ 88.1897496, 27.4403084 ], [ 88.1894879, 27.4397794 ], [ 88.1897781, 27.4380815 ], [ 88.1899445, 27.4379283 ], [ 88.1899694, 27.4367722 ], [ 88.1901144, 27.4363214 ], [ 88.1897885, 27.4353246 ], [ 88.1902015, 27.4345167 ], [ 88.1913563, 27.4333523 ], [ 88.1912674, 27.4319158 ], [ 88.1920983, 27.4306634 ], [ 88.1925564, 27.4304517 ], [ 88.1935679, 27.428824 ], [ 88.1931676, 27.427038 ], [ 88.1928182, 27.4267826 ], [ 88.1930625, 27.4255273 ], [ 88.1921618, 27.4249413 ], [ 88.1908424, 27.4249018 ], [ 88.1900743, 27.4246273 ], [ 88.1898712, 27.4240466 ], [ 88.1903582, 27.4233872 ], [ 88.1900466, 27.4228037 ], [ 88.188941, 27.4228286 ], [ 88.1883352, 27.4217346 ] ] } },
{ "type": "Feature", "properties": { "element": "way", "id": 126757758, "name": null, "waterway": "stream" }, "geometry": { "type": "LineString", "coordinates": [ [ 88.2520437, 27.6187447 ], [ 88.2529138, 27.6190902 ], [ 88.2533862, 27.6192934 ], [ 88.2538003, 27.6193495 ], [ 88.254179, 27.6193464 ], [ 88.2545297, 27.6191035 ], [ 88.2551507, 27.6189143 ], [ 88.2556598, 27.6184624 ], [ 88.2575825, 27.6182962 ], [ 88.2585247, 27.6180493 ], [ 88.2602251, 27.6173405 ], [ 88.2614378, 27.6167924 ], [ 88.2623861, 27.616716 ], [ 88.263334, 27.616572 ], [ 88.2643771, 27.6160204 ], [ 88.2648417, 27.6152546 ], [ 88.2654454, 27.6144662 ], [ 88.2661941, 27.6141407 ], [ 88.267234, 27.61392 ], [ 88.2678694, 27.6128492 ], [ 88.2687188, 27.611594 ], [ 88.2696799, 27.6105533 ], [ 88.2705339, 27.6096278 ], [ 88.270558, 27.6087688 ], [ 88.27108, 27.6079094 ], [ 88.272152, 27.6064073 ], [ 88.2728086, 27.6055055 ], [ 88.2734216, 27.6046697 ], [ 88.2736564, 27.6041703 ], [ 88.2737567, 27.6037817 ], [ 88.2738841, 27.6032195 ], [ 88.2753214, 27.6030192 ], [ 88.2765724, 27.602708 ], [ 88.2781038, 27.6027354 ], [ 88.2793834, 27.6025207 ], [ 88.28024, 27.6026854 ], [ 88.2806096, 27.6023337 ], [ 88.2803845, 27.6014882 ], [ 88.2815953, 27.6009959 ], [ 88.283098, 27.6005653 ], [ 88.283231, 27.6000102 ], [ 88.2838628, 27.5998129 ], [ 88.2844852, 27.5990955 ], [ 88.2850794, 27.5985969 ], [ 88.2856681, 27.5981235 ], [ 88.28635, 27.5981312 ], [ 88.2866664, 27.5976196 ], [ 88.2876677, 27.597446 ], [ 88.287914, 27.5967598 ], [ 88.2878054, 27.596319 ], [ 88.2876635, 27.59557 ], [ 88.2884958, 27.5938857 ], [ 88.2890548, 27.5933148 ], [ 88.2896934, 27.5919946 ], [ 88.290606, 27.5912623 ], [ 88.2933852, 27.5901826 ], [ 88.2934259, 27.5902078 ], [ 88.293497, 27.5901862 ], [ 88.2935519, 27.5901501 ], [ 88.2936251, 27.5901609 ], [ 88.2936937, 27.5902135 ], [ 88.2937677, 27.5902394 ], [ 88.2938108, 27.5902708 ], [ 88.2938539, 27.5902681 ], [ 88.2939171, 27.5903036 ], [ 88.2939756, 27.5902886 ], [ 88.2940634, 27.590208 ], [ 88.2940944, 27.5901571 ], [ 88.294152, 27.5900252 ], [ 88.2941815, 27.5899372 ], [ 88.294194, 27.5898686 ], [ 88.2941904, 27.5898059 ], [ 88.2942754, 27.5896929 ], [ 88.2943886, 27.5895298 ], [ 88.2944417, 27.5894169 ], [ 88.2945939, 27.5892507 ], [ 88.2946647, 27.5891722 ], [ 88.294916, 27.5890436 ], [ 88.2950259, 27.5889695 ], [ 88.2951677, 27.5888357 ], [ 88.2955035, 27.5886281 ], [ 88.2955959, 27.5885653 ], [ 88.2958085, 27.5884697 ], [ 88.2959872, 27.5883742 ], [ 88.2961474, 27.5883114 ], [ 88.2962892, 27.5882212 ], [ 88.2964679, 27.588112 ], [ 88.2966435, 27.5879782 ], [ 88.2967606, 27.5878608 ], [ 88.2970101, 27.5877707 ], [ 88.2971888, 27.5877679 ], [ 88.2973614, 27.5877079 ], [ 88.2974415, 27.5875904 ], [ 88.2975634, 27.5874902 ], [ 88.2976297, 27.5873973 ], [ 88.2976713, 27.5873468 ], [ 88.2977344, 27.5872526 ], [ 88.2977914, 27.5871734 ], [ 88.2978546, 27.5870874 ], [ 88.297895, 27.5867714 ], [ 88.2979647, 27.5866145 ], [ 88.2981364, 27.5865099 ], [ 88.2985226, 27.586586 ], [ 88.2987211, 27.5865052 ], [ 88.2988499, 27.5864053 ], [ 88.2990376, 27.5861866 ], [ 88.2991664, 27.5860868 ], [ 88.2991717, 27.5860107 ], [ 88.2991342, 27.5858395 ], [ 88.2991074, 27.5856446 ], [ 88.2991717, 27.5854734 ], [ 88.2993501, 27.5852407 ], [ 88.299465, 27.5850084 ], [ 88.2995138, 27.5846769 ], [ 88.299652, 27.5844103 ], [ 88.2998065, 27.5841148 ], [ 88.3001074, 27.5837545 ], [ 88.3005139, 27.58325 ], [ 88.3007084, 27.5830366 ], [ 88.3009125, 27.5828707 ], [ 88.3011506, 27.5827624 ], [ 88.3012499, 27.5825546 ], [ 88.3012733, 27.5824554 ], [ 88.301741, 27.5821499 ], [ 88.3021598, 27.5813808 ], [ 88.3024286, 27.581177 ], [ 88.3025604, 27.5807472 ], [ 88.3026713, 27.5804632 ], [ 88.3027699, 27.5802338 ], [ 88.3028931, 27.5798678 ], [ 88.3031642, 27.5793326 ], [ 88.3034354, 27.5791687 ], [ 88.3040146, 27.5785734 ], [ 88.3049145, 27.5780044 ], [ 88.305274, 27.5780547 ], [ 88.3061112, 27.5786149 ], [ 88.30771, 27.578224 ], [ 88.3085688, 27.5776353 ], [ 88.3118213, 27.5775674 ], [ 88.3131353, 27.5782547 ], [ 88.3130791, 27.5785625 ], [ 88.3136891, 27.5789939 ], [ 88.3148938, 27.5789662 ], [ 88.315587, 27.5789502 ], [ 88.3160862, 27.5788738 ], [ 88.3164312, 27.5788574 ], [ 88.3169735, 27.5785625 ], [ 88.3172435, 27.5784433 ], [ 88.3174675, 27.5785282 ], [ 88.3178416, 27.5784365 ], [ 88.3181364, 27.5783588 ], [ 88.3188044, 27.5787878 ], [ 88.3189723, 27.5787554 ], [ 88.3190861, 27.5788883 ], [ 88.3194633, 27.5790065 ], [ 88.3198104, 27.5793106 ], [ 88.320164, 27.579813 ], [ 88.3207209, 27.5800873 ], [ 88.3216136, 27.5802229 ], [ 88.3217676, 27.5806216 ], [ 88.3220558, 27.5810114 ], [ 88.322618, 27.5810531 ], [ 88.3233266, 27.5814409 ], [ 88.3243988, 27.5816757 ], [ 88.3249103, 27.5819215 ], [ 88.3251013, 27.5820908 ], [ 88.3252862, 27.5821236 ], [ 88.326839, 27.5826097 ], [ 88.3271595, 27.5826042 ], [ 88.3273628, 27.582495 ], [ 88.3274614, 27.5824076 ], [ 88.3276339, 27.5822328 ], [ 88.3280838, 27.5820034 ], [ 88.3283179, 27.5820198 ], [ 88.3289834, 27.5823912 ], [ 88.3296798, 27.5826479 ], [ 88.3303761, 27.5826588 ], [ 88.3306041, 27.5826206 ], [ 88.3308506, 27.5826315 ], [ 88.3317934, 27.5831395 ], [ 88.3337926, 27.5831307 ], [ 88.3352189, 27.5829773 ], [ 88.3365456, 27.5832701 ], [ 88.3379353, 27.5830424 ], [ 88.338402, 27.5831772 ], [ 88.3387691, 27.5834375 ], [ 88.3396553, 27.5834049 ], [ 88.3408142, 27.5836745 ], [ 88.3416295, 27.5834565 ], [ 88.3426294, 27.5833734 ], [ 88.3432669, 27.5833204 ], [ 88.3440439, 27.5831175 ], [ 88.3442917, 27.5830862 ], [ 88.344705, 27.5831613 ], [ 88.3450626, 27.5832566 ], [ 88.345523, 27.5832856 ], [ 88.3459086, 27.5832461 ], [ 88.34645, 27.5834302 ], [ 88.3468727, 27.5839363 ], [ 88.3479224, 27.584241 ], [ 88.3486723, 27.5849893 ], [ 88.3490394, 27.5856958 ], [ 88.3494222, 27.5858631 ], [ 88.3502717, 27.5856121 ], [ 88.3511527, 27.5856075 ], [ 88.3520547, 27.5859839 ], [ 88.3530563, 27.5869181 ], [ 88.3534233, 27.587118 ], [ 88.3541313, 27.5870111 ], [ 88.3554685, 27.5866532 ], [ 88.3569787, 27.5867043 ], [ 88.3588141, 27.5871691 ], [ 88.3598996, 27.5871924 ], [ 88.3612421, 27.5877036 ], [ 88.3616091, 27.5876618 ], [ 88.3619972, 27.5870576 ], [ 88.3628257, 27.5866579 ], [ 88.3632767, 27.5861048 ], [ 88.3638168, 27.5860165 ], [ 88.3643517, 27.586286 ], [ 88.3646454, 27.5862024 ], [ 88.365125, 27.5855682 ], [ 88.365748, 27.5849306 ], [ 88.3668678, 27.5844179 ], [ 88.3688405, 27.584155 ], [ 88.3699307, 27.5843127 ], [ 88.3706203, 27.5841221 ], [ 88.3719701, 27.5840695 ], [ 88.3735349, 27.5843982 ], [ 88.3744619, 27.58497 ], [ 88.3759228, 27.5847334 ], [ 88.3770037, 27.5843238 ], [ 88.3781749, 27.5838918 ] ] } },
{ "type": "Feature", "properties": { "element": "way", "id": 126757758, "name": null, "waterway": "stream" }, "geometry": { "type": "LineString", "coordinates": [ [ 88.2520437, 27.6187447 ], [ 88.2529138, 27.6190902 ], [ 88.2533862, 27.6192934 ], [ 88.2538003, 27.6193495 ], [ 88.254179, 27.6193464 ], [ 88.2545297, 27.6191035 ], [ 88.2551507, 27.6189143 ], [ 88.2556598, 27.6184624 ], [ 88.2575825, 27.6182962 ], [ 88.2585247, 27.6180493 ], [ 88.2602251, 27.6173405 ], [ 88.2614378, 27.6167924 ], [ 88.2623861, 27.616716 ], [ 88.263334, 27.616572 ], [ 88.2643771, 27.6160204 ], [ 88.2648417, 27.6152546 ], [ 88.2654454, 27.6144662 ], [ 88.2661941, 27.6141407 ], [ 88.267234, 27.61392 ], [ 88.2678694, 27.6128492 ], [ 88.2687188, 27.611594 ], [ 88.2696799, 27.6105533 ], [ 88.2705339, 27.6096278 ], [ 88.270558, 27.6087688 ], [ 88.27108, 27.6079094 ], [ 88.272152, 27.6064073 ], [ 88.2728086, 27.6055055 ], [ 88.2734216, 27.6046697 ], [ 88.2736564, 27.6041703 ], [ 88.2737567, 27.6037817 ], [ 88.2738841, 27.6032195 ], [ 88.2753214, 27.6030192 ], [ 88.2765724, 27.602708 ], [ 88.2781038, 27.6027354 ], [ 88.2793834, 27.6025207 ], [ 88.28024, 27.6026854 ], [ 88.2806096, 27.6023337 ], [ 88.2803845, 27.6014882 ], [ 88.2815953, 27.6009959 ], [ 88.283098, 27.6005653 ], [ 88.283231, 27.6000102 ], [ 88.2838628, 27.5998129 ], [ 88.2844852, 27.5990955 ], [ 88.2850794, 27.5985969 ], [ 88.2856681, 27.5981235 ], [ 88.28635, 27.5981312 ], [ 88.2866664, 27.5976196 ], [ 88.2876677, 27.597446 ], [ 88.287914, 27.5967598 ], [ 88.2878054, 27.596319 ], [ 88.2876635, 27.59557 ], [ 88.2884958, 27.5938857 ], [ 88.2890548, 27.5933148 ], [ 88.2896934, 27.5919946 ], [ 88.290606, 27.5912623 ], [ 88.2933852, 27.5901826 ], [ 88.2934259, 27.5902078 ], [ 88.293497, 27.5901862 ], [ 88.2935519, 27.5901501 ], [ 88.2936251, 27.5901609 ], [ 88.2936937, 27.5902135 ], [ 88.2937677, 27.5902394 ], [ 88.2938108, 27.5902708 ], [ 88.2938539, 27.5902681 ], [ 88.2939171, 27.5903036 ], [ 88.2939756, 27.5902886 ], [ 88.2940634, 27.590208 ], [ 88.2940944, 27.5901571 ], [ 88.294152, 27.5900252 ], [ 88.2941815, 27.5899372 ], [ 88.294194, 27.5898686 ], [ 88.2941904, 27.5898059 ], [ 88.2942754, 27.5896929 ], [ 88.2943886, 27.5895298 ], [ 88.2944417, 27.5894169 ], [ 88.2945939, 27.5892507 ], [ 88.2946647, 27.5891722 ], [ 88.294916, 27.5890436 ], [ 88.2950259, 27.5889695 ], [ 88.2951677, 27.5888357 ], [ 88.2955035, 27.5886281 ], [ 88.2955959, 27.5885653 ], [ 88.2958085, 27.5884697 ], [ 88.2959872, 27.5883742 ], [ 88.2961474, 27.5883114 ], [ 88.2962892, 27.5882212 ], [ 88.2964679, 27.588112 ], [ 88.2966435, 27.5879782 ], [ 88.2967606, 27.5878608 ], [ 88.2970101, 27.5877707 ], [ 88.2971888, 27.5877679 ], [ 88.2973614, 27.5877079 ], [ 88.2974415, 27.5875904 ], [ 88.2975634, 27.5874902 ], [ 88.2976297, 27.5873973 ], [ 88.2976713, 27.5873468 ], [ 88.2977344, 27.5872526 ], [ 88.2977914, 27.5871734 ], [ 88.2978546, 27.5870874 ], [ 88.297895, 27.5867714 ], [ 88.2979647, 27.5866145 ], [ 88.2981364, 27.5865099 ], [ 88.2985226, 27.586586 ], [ 88.2987211, 27.5865052 ], [ 88.2988499, 27.5864053 ], [ 88.2990376, 27.5861866 ], [ 88.2991664, 27.5860868 ], [ 88.2991717, 27.5860107 ], [ 88.2991342, 27.5858395 ], [ 88.2991074, 27.5856446 ], [ 88.2991717, 27.5854734 ], [ 88.2993501, 27.5852407 ], [ 88.299465, 27.5850084 ], [ 88.2995138, 27.5846769 ], [ 88.299652, 27.5844103 ], [ 88.2998065, 27.5841148 ], [ 88.3001074, 27.5837545 ], [ 88.3005139, 27.58325 ], [ 88.3007084, 27.5830366 ], [ 88.3009125, 27.5828707 ], [ 88.3011506, 27.5827624 ], [ 88.3012499, 27.5825546 ], [ 88.3012733, 27.5824554 ], [ 88.301741, 27.5821499 ], [ 88.3021598, 27.5813808 ], [ 88.3024286, 27.581177 ], [ 88.3025604, 27.5807472 ], [ 88.3026713, 27.5804632 ], [ 88.3027699, 27.5802338 ], [ 88.3028931, 27.5798678 ], [ 88.3031642, 27.5793326 ], [ 88.3034354, 27.5791687 ], [ 88.3040146, 27.5785734 ], [ 88.3049145, 27.5780044 ], [ 88.305274, 27.5780547 ], [ 88.3061112, 27.5786149 ], [ 88.30771, 27.578224 ], [ 88.3085688, 27.5776353 ], [ 88.3118213, 27.5775674 ], [ 88.3131353, 27.5782547 ], [ 88.3130791, 27.5785625 ], [ 88.3136891, 27.5789939 ], [ 88.3148938, 27.5789662 ], [ 88.315587, 27.5789502 ], [ 88.3160862, 27.5788738 ], [ 88.3164312, 27.5788574 ], [ 88.3169735, 27.5785625 ], [ 88.3172435, 27.5784433 ], [ 88.3174675, 27.5785282 ], [ 88.3178416, 27.5784365 ], [ 88.3181364, 27.5783588 ], [ 88.3188044, 27.5787878 ], [ 88.3189723, 27.5787554 ], [ 88.3190861, 27.5788883 ], [ 88.3194633, 27.5790065 ], [ 88.3198104, 27.5793106 ], [ 88.320164, 27.579813 ], [ 88.3207209, 27.5800873 ], [ 88.3216136, 27.5802229 ], [ 88.3217676, 27.5806216 ], [ 88.3220558, 27.5810114 ], [ 88.322618, 27.5810531 ], [ 88.3233266, 27.5814409 ], [ 88.3243988, 27.5816757 ], [ 88.3249103, 27.5819215 ], [ 88.3251013, 27.5820908 ], [ 88.3252862, 27.5821236 ], [ 88.326839, 27.5826097 ], [ 88.3271595, 27.5826042 ], [ 88.3273628, 27.582495 ], [ 88.3274614, 27.5824076 ], [ 88.3276339, 27.5822328 ], [ 88.3280838, 27.5820034 ], [ 88.3283179, 27.5820198 ], [ 88.3289834, 27.5823912 ], [ 88.3296798, 27.5826479 ], [ 88.3303761, 27.5826588 ], [ 88.3306041, 27.5826206 ], [ 88.3308506, 27.5826315 ], [ 88.3317934, 27.5831395 ], [ 88.3337926, 27.5831307 ], [ 88.3352189, 27.5829773 ], [ 88.3365456, 27.5832701 ], [ 88.3379353, 27.5830424 ], [ 88.338402, 27.5831772 ], [ 88.3387691, 27.5834375 ], [ 88.3396553, 27.5834049 ], [ 88.3408142, 27.5836745 ], [ 88.3416295, 27.5834565 ], [ 88.3426294, 27.5833734 ], [ 88.3432669, 27.5833204 ], [ 88.3440439, 27.5831175 ], [ 88.3442917, 27.5830862 ], [ 88.344705, 27.5831613 ], [ 88.3450626, 27.5832566 ], [ 88.345523, 27.5832856 ], [ 88.3459086, 27.5832461 ], [ 88.34645, 27.5834302 ], [ 88.3468727, 27.5839363 ], [ 88.3479224, 27.584241 ], [ 88.3486723, 27.5849893 ], [ 88.3490394, 27.5856958 ], [ 88.3494222, 27.5858631 ], [ 88.3502717, 27.5856121 ], [ 88.3511527, 27.5856075 ], [ 88.3520547, 27.5859839 ], [ 88.3530563, 27.5869181 ], [ 88.3534233, 27.587118 ], [ 88.3541313, 27.5870111 ], [ 88.3554685, 27.5866532 ], [ 88.3569787, 27.5867043 ], [ 88.3588141, 27.5871691 ], [ 88.3598996, 27.5871924 ], [ 88.3612421, 27.5877036 ], [ 88.3616091, 27.5876618 ], [ 88.3619972, 27.5870576 ], [ 88.3628257, 27.5866579 ], [ 88.3632767, 27.5861048 ], [ 88.3638168, 27.5860165 ], [ 88.3643517, 27.586286 ], [ 88.3646454, 27.5862024 ], [ 88.365125, 27.5855682 ], [ 88.365748, 27.5849306 ], [ 88.3668678, 27.5844179 ], [ 88.3688405, 27.584155 ], [ 88.3699307, 27.5843127 ], [ 88.3706203, 27.5841221 ], [ 88.3719701, 27.5840695 ], [ 88.3735349, 27.5843982 ], [ 88.3744619, 27.58497 ], [ 88.3759228, 27.5847334 ], [ 88.3770037, 27.5843238 ], [ 88.3781749, 27.5838918 ] ] } },
{ "type": "Feature", "properties": { "element": "way", "id": 126757759, "name": "Teesta", "waterway": "river" }, "geometry": { "type": "LineString", "coordinates": [ [ 88.6252035, 27.5454191 ], [ 88.6243175, 27.5451409 ], [ 88.6227428, 27.5447753 ], [ 88.6218371, 27.5446435 ], [ 88.6212693, 27.5448592 ], [ 88.6208053, 27.5449576 ], [ 88.6198568, 27.5446315 ], [ 88.6193363, 27.5443259 ], [ 88.6186946, 27.5440956 ], [ 88.6180521, 27.5442212 ], [ 88.6172006, 27.5440562 ], [ 88.6168153, 27.5438465 ], [ 88.6159097, 27.5433131 ], [ 88.6157542, 27.5429775 ], [ 88.6154095, 27.5426419 ], [ 88.6147674, 27.5422943 ], [ 88.6143484, 27.542448 ], [ 88.6139293, 27.5424502 ], [ 88.6133008, 27.5420307 ], [ 88.6128817, 27.5420606 ], [ 88.6123343, 27.541785 ], [ 88.6118402, 27.5411118 ], [ 88.6110974, 27.5404066 ], [ 88.6107257, 27.5402328 ], [ 88.6103607, 27.5398493 ], [ 88.6099011, 27.5394537 ], [ 88.6091644, 27.539214 ], [ 88.6085243, 27.5390606 ], [ 88.6078262, 27.53925 ], [ 88.6071909, 27.5393039 ], [ 88.6066548, 27.5391699 ], [ 88.6058391, 27.5386267 ], [ 88.6052173, 27.5381952 ], [ 88.6043725, 27.5379435 ], [ 88.60347, 27.5378195 ], [ 88.6027774, 27.5380514 ], [ 88.6023246, 27.5380933 ], [ 88.6017433, 27.5379495 ], [ 88.6010945, 27.53756 ], [ 88.6009678, 27.5370505 ], [ 88.6007025, 27.5365112 ], [ 88.6004254, 27.5361576 ], [ 88.5999293, 27.5359114 ], [ 88.5994828, 27.5360203 ], [ 88.5979179, 27.5363434 ], [ 88.5960917, 27.5365728 ], [ 88.595113, 27.5365591 ], [ 88.5942989, 27.5365836 ], [ 88.5933017, 27.5363913 ], [ 88.5926596, 27.5360857 ], [ 88.5920851, 27.5356482 ], [ 88.591348, 27.5352767 ], [ 88.5906725, 27.5349889 ], [ 88.5900913, 27.5344196 ], [ 88.5890775, 27.5334487 ], [ 88.587608, 27.532547 ], [ 88.586624, 27.5321601 ], [ 88.585516, 27.531595 ], [ 88.5852094, 27.5310245 ], [ 88.584887, 27.5299485 ], [ 88.5847181, 27.5291334 ], [ 88.5844759, 27.5288438 ], [ 88.5840016, 27.5285041 ], [ 88.5834088, 27.5284243 ], [ 88.5833753, 27.5283998 ], [ 88.5826904, 27.5285221 ], [ 88.581008, 27.5285043 ], [ 88.580433, 27.5283663 ], [ 88.5800207, 27.5281565 ], [ 88.5797098, 27.5278688 ], [ 88.5791624, 27.5271256 ], [ 88.5785473, 27.5268918 ], [ 88.5779864, 27.526748 ], [ 88.5774319, 27.5267263 ], [ 88.5770314, 27.5264462 ], [ 88.5765738, 27.5261606 ], [ 88.5760331, 27.5260527 ], [ 88.5755059, 27.5261366 ], [ 88.574972, 27.5264004 ], [ 88.5744921, 27.5266041 ], [ 88.5737633, 27.5266908 ], [ 88.5732403, 27.5266261 ], [ 88.5722955, 27.5261606 ], [ 88.5714111, 27.5258974 ], [ 88.570403, 27.5258909 ], [ 88.5690716, 27.5260288 ], [ 88.5680428, 27.5264568 ], [ 88.567267, 27.5268439 ], [ 88.5666458, 27.5271457 ], [ 88.5655773, 27.527692 ], [ 88.5652191, 27.5279707 ], [ 88.564815, 27.5281029 ], [ 88.5644414, 27.5281927 ], [ 88.5639214, 27.5282404 ], [ 88.5633834, 27.5279868 ], [ 88.5626677, 27.527695 ], [ 88.5621946, 27.5276231 ], [ 88.5616741, 27.527695 ], [ 88.5611098, 27.5278928 ], [ 88.5601869, 27.5287196 ], [ 88.5594775, 27.5292713 ], [ 88.5589605, 27.529541 ], [ 88.5585595, 27.52971 ], [ 88.5578216, 27.5297897 ], [ 88.5572032, 27.5298526 ], [ 88.5562671, 27.5296638 ], [ 88.5553641, 27.5293552 ], [ 88.5536414, 27.5291514 ], [ 88.5529283, 27.5291244 ], [ 88.5519857, 27.528866 ], [ 88.5510561, 27.5284112 ], [ 88.5504745, 27.5282017 ], [ 88.5488181, 27.5274686 ], [ 88.5483256, 27.5272994 ], [ 88.5478203, 27.5272228 ], [ 88.5465008, 27.5272125 ], [ 88.5437756, 27.5275334 ], [ 88.5421555, 27.5276661 ], [ 88.5415736, 27.5275481 ], [ 88.540793, 27.5272065 ], [ 88.5404821, 27.526943 ], [ 88.5404179, 27.5266041 ], [ 88.5404922, 27.5261396 ], [ 88.5404465, 27.5259458 ], [ 88.539083, 27.5254144 ], [ 88.5380287, 27.5249619 ], [ 88.5372913, 27.5246774 ], [ 88.5368155, 27.5244464 ], [ 88.5364606, 27.523874 ], [ 88.5359301, 27.5232417 ], [ 88.5356563, 27.522957 ], [ 88.5353901, 27.5227913 ], [ 88.5342877, 27.5227921 ], [ 88.5337436, 27.5227322 ], [ 88.5334029, 27.522589 ], [ 88.5331117, 27.5222407 ], [ 88.5327527, 27.5216397 ], [ 88.5326622, 27.5207662 ], [ 88.5323513, 27.5193906 ], [ 88.5321812, 27.5192688 ] ] } },
{ "type": "Feature", "properties": { "element": "way", "id": 126757760, "name": "Lachen Chu", "waterway": "river" }, "geometry": { "type": "LineString", "coordinates": [ [ 88.6086127, 27.6426171 ], [ 88.609519, 27.6422576 ], [ 88.6100697, 27.6419882 ], [ 88.6110341, 27.6407142 ], [ 88.6114376, 27.6402997 ], [ 88.6125555, 27.6396646 ], [ 88.6129269, 27.6390216 ], [ 88.6130184, 27.638156 ], [ 88.613687, 27.637027 ], [ 88.6143837, 27.636571 ], [ 88.6154409, 27.6365051 ], [ 88.6161209, 27.635442 ], [ 88.6167438, 27.6343586 ], [ 88.6171267, 27.6327335 ], [ 88.6181637, 27.6307178 ], [ 88.6187537, 27.6300878 ], [ 88.6191174, 27.6290102 ], [ 88.6188507, 27.6279362 ], [ 88.6193841, 27.62654 ], [ 88.6193264, 27.6259768 ], [ 88.6192547, 27.6252762 ], [ 88.6191052, 27.62407 ], [ 88.6193681, 27.6229359 ], [ 88.6190252, 27.6217561 ], [ 88.6193395, 27.6206169 ], [ 88.6197852, 27.6196296 ], [ 88.6202538, 27.6194827 ], [ 88.6215567, 27.6196498 ], [ 88.6224539, 27.6192448 ], [ 88.6227339, 27.6186929 ], [ 88.6230738, 27.6184331 ], [ 88.624173, 27.6178999 ], [ 88.6250636, 27.6175758 ], [ 88.6251929, 27.6171533 ], [ 88.6254556, 27.6169278 ], [ 88.6256548, 27.6165751 ], [ 88.6264286, 27.6162368 ], [ 88.626516, 27.6159505 ], [ 88.6265463, 27.6156444 ], [ 88.6271102, 27.6148693 ], [ 88.6281331, 27.6143123 ], [ 88.6287131, 27.6140034 ], [ 88.6287931, 27.6137579 ], [ 88.6285475, 27.6132254 ], [ 88.6285934, 27.6126189 ], [ 88.6290743, 27.6118419 ], [ 88.6292521, 27.6112798 ], [ 88.6297046, 27.6108537 ], [ 88.631725, 27.6105315 ], [ 88.6326183, 27.6106697 ], [ 88.6331595, 27.6107535 ], [ 88.6343879, 27.6107785 ], [ 88.6360956, 27.6104306 ], [ 88.6371356, 27.6099765 ], [ 88.6383438, 27.6095933 ], [ 88.6390994, 27.6088486 ], [ 88.6399965, 27.6084583 ], [ 88.6408386, 27.607519 ], [ 88.6416312, 27.6062642 ], [ 88.6417386, 27.6053532 ], [ 88.6420978, 27.6043032 ], [ 88.6427336, 27.6036373 ], [ 88.6434271, 27.6032239 ], [ 88.6442198, 27.6030117 ], [ 88.6451075, 27.6028354 ], [ 88.6451816, 27.6028207 ], [ 88.6465216, 27.6015841 ], [ 88.6473613, 27.6012827 ], [ 88.6484075, 27.6011391 ], [ 88.6489271, 27.6010977 ] ] } },
{ "type": "Feature", "properties": { "element": "way", "id": 126757760, "name": "Lachen Chu", "waterway": "river" }, "geometry": { "type": "LineString", "coordinates": [ [ 88.6086127, 27.6426171 ], [ 88.609519, 27.6422576 ], [ 88.6100697, 27.6419882 ], [ 88.6110341, 27.6407142 ], [ 88.6114376, 27.6402997 ], [ 88.6125555, 27.6396646 ], [ 88.6129269, 27.6390216 ], [ 88.6130184, 27.638156 ], [ 88.613687, 27.637027 ], [ 88.6143837, 27.636571 ], [ 88.6154409, 27.6365051 ], [ 88.6161209, 27.635442 ], [ 88.6167438, 27.6343586 ], [ 88.6171267, 27.6327335 ], [ 88.6181637, 27.6307178 ], [ 88.6187537, 27.6300878 ], [ 88.6191174, 27.6290102 ], [ 88.6188507, 27.6279362 ], [ 88.6193841, 27.62654 ], [ 88.6193264, 27.6259768 ], [ 88.6192547, 27.6252762 ], [ 88.6191052, 27.62407 ], [ 88.6193681, 27.6229359 ], [ 88.6190252, 27.6217561 ], [ 88.6193395, 27.6206169 ], [ 88.6197852, 27.6196296 ], [ 88.6202538, 27.6194827 ], [ 88.6215567, 27.6196498 ], [ 88.6224539, 27.6192448 ], [ 88.6227339, 27.6186929 ], [ 88.6230738, 27.6184331 ], [ 88.624173, 27.6178999 ], [ 88.6250636, 27.6175758 ], [ 88.6251929, 27.6171533 ], [ 88.6254556, 27.6169278 ], [ 88.6256548, 27.6165751 ], [ 88.6264286, 27.6162368 ], [ 88.626516, 27.6159505 ], [ 88.6265463, 27.6156444 ], [ 88.6271102, 27.6148693 ], [ 88.6281331, 27.6143123 ], [ 88.6287131, 27.6140034 ], [ 88.6287931, 27.6137579 ], [ 88.6285475, 27.6132254 ], [ 88.6285934, 27.6126189 ], [ 88.6290743, 27.6118419 ], [ 88.6292521, 27.6112798 ], [ 88.6297046, 27.6108537 ], [ 88.631725, 27.6105315 ], [ 88.6326183, 27.6106697 ], [ 88.6331595, 27.6107535 ], [ 88.6343879, 27.6107785 ], [ 88.6360956, 27.6104306 ], [ 88.6371356, 27.6099765 ], [ 88.6383438, 27.6095933 ], [ 88.6390994, 27.6088486 ], [ 88.6399965, 27.6084583 ], [ 88.6408386, 27.607519 ], [ 88.6416312, 27.6062642 ], [ 88.6417386, 27.6053532 ], [ 88.6420978, 27.6043032 ], [ 88.6427336, 27.6036373 ], [ 88.6434271, 27.6032239 ], [ 88.6442198, 27.6030117 ], [ 88.6451075, 27.6028354 ], [ 88.6451816, 27.6028207 ], [ 88.6465216, 27.6015841 ], [ 88.6473613, 27.6012827 ], [ 88.6484075, 27.6011391 ], [ 88.6489271, 27.6010977 ] ] } },
{ "type": "Feature", "properties": { "element": "way", "id": 126757762, "name": "Poke Chu", "waterway": "stream" }, "geometry": { "type": "LineString", "coordinates": [ [ 88.3876577, 27.7669486 ], [ 88.3889786, 27.7661972 ] ] } },
{ "type": "Feature", "properties": { "element": "way", "id": 126757763, "name": null, "waterway": "stream" }, "geometry": { "type": "LineString", "coordinates": [ [ 88.6651182, 27.9427775 ], [ 88.6659336, 27.9414885 ], [ 88.6676931, 27.9411094 ], [ 88.6695385, 27.9412231 ], [ 88.6712551, 27.9420193 ], [ 88.6731004, 27.9420951 ], [ 88.6762762, 27.9408629 ], [ 88.6778641, 27.9402184 ], [ 88.6785936, 27.9390241 ], [ 88.6787653, 27.9378867 ], [ 88.6795378, 27.937337 ], [ 88.6805248, 27.9360668 ], [ 88.6802888, 27.9341711 ], [ 88.680954, 27.9315549 ], [ 88.6813402, 27.929716 ], [ 88.6818981, 27.9270997 ], [ 88.6818766, 27.925583 ], [ 88.6808038, 27.9242748 ], [ 88.6811042, 27.9221513 ], [ 88.6833572, 27.9217911 ], [ 88.6866402, 27.9213171 ], [ 88.6884212, 27.9209 ], [ 88.6902237, 27.9207294 ], [ 88.6906528, 27.9185489 ], [ 88.6926269, 27.9182456 ], [ 88.6941075, 27.9168615 ], [ 88.6957598, 27.9161978 ], [ 88.6969399, 27.9149464 ], [ 88.6982703, 27.9130503 ], [ 88.70018, 27.9121971 ], [ 88.7019396, 27.9111162 ], [ 88.7034201, 27.9109835 ], [ 88.7046647, 27.9100544 ], [ 88.7054801, 27.9091821 ], [ 88.7063598, 27.9081203 ], [ 88.7062955, 27.9065843 ], [ 88.7066388, 27.9049915 ], [ 88.706789, 27.9030762 ], [ 88.7065878, 27.9013482 ], [ 88.7066978, 27.9012605 ], [ 88.7069419, 27.9011396 ], [ 88.706966, 27.900822 ], [ 88.7067756, 27.9004545 ], [ 88.7068963, 27.8999283 ], [ 88.7067997, 27.8997245 ], [ 88.707009, 27.8994116 ], [ 88.7072879, 27.8992456 ], [ 88.7073255, 27.8989754 ], [ 88.7080299, 27.898846 ] ] } },
{ "type": "Feature", "properties": { "element": "way", "id": 126757764, "name": "Teesta", "waterway": "river" }, "geometry": { "type": "LineString", "coordinates": [ [ 88.5321812, 27.5192688 ], [ 88.5319559, 27.517904 ], [ 88.5318764, 27.5167878 ], [ 88.5313674, 27.5160418 ], [ 88.5302531, 27.5141988 ], [ 88.5293775, 27.5131087 ], [ 88.5288118, 27.5122031 ], [ 88.5283164, 27.5110945 ], [ 88.5278599, 27.5100048 ], [ 88.5271376, 27.5091938 ], [ 88.5263631, 27.5090654 ], [ 88.5260683, 27.5087335 ], [ 88.5260311, 27.5081355 ], [ 88.5259735, 27.5077084 ], [ 88.5263956, 27.5056474 ], [ 88.5265996, 27.5048721 ], [ 88.5266531, 27.5041638 ], [ 88.5265118, 27.5032745 ], [ 88.5261907, 27.5026863 ], [ 88.5256298, 27.5021804 ], [ 88.5251911, 27.5017078 ], [ 88.524937, 27.5009784 ], [ 88.5248863, 27.4999143 ], [ 88.5246975, 27.4991362 ], [ 88.523876, 27.4975981 ], [ 88.522612, 27.4961343 ], [ 88.5220044, 27.4956796 ], [ 88.5216292, 27.4949722 ], [ 88.5212839, 27.4943177 ], [ 88.521098, 27.4936942 ], [ 88.5210642, 27.4932475 ], [ 88.521113, 27.4927117 ], [ 88.5214123, 27.4918476 ], [ 88.5222888, 27.4893502 ], [ 88.5218095, 27.4883946 ], [ 88.5214409, 27.4878635 ], [ 88.5212292, 27.4876485 ], [ 88.5211777, 27.4872308 ], [ 88.5213143, 27.4863136 ], [ 88.5218971, 27.4855016 ], [ 88.5225038, 27.4851984 ], [ 88.5230706, 27.4850448 ], [ 88.523413, 27.4848503 ], [ 88.5238421, 27.4844369 ], [ 88.5238083, 27.4840292 ], [ 88.5238518, 27.4835496 ], [ 88.5239468, 27.4831872 ], [ 88.5238865, 27.4827528 ], [ 88.5240944, 27.4821403 ], [ 88.5239213, 27.4810004 ], [ 88.5239598, 27.4796949 ], [ 88.5238421, 27.4791663 ], [ 88.5240348, 27.4787455 ], [ 88.5244368, 27.4774094 ], [ 88.5245754, 27.4769057 ], [ 88.5245722, 27.4764525 ], [ 88.5236798, 27.4752987 ], [ 88.5234737, 27.4745132 ], [ 88.5232642, 27.4739555 ], [ 88.5230015, 27.4734973 ], [ 88.5223702, 27.4730855 ], [ 88.5208682, 27.4721086 ], [ 88.5205269, 27.4715269 ], [ 88.5203545, 27.4709692 ], [ 88.5202464, 27.4702856 ], [ 88.5200653, 27.4696402 ], [ 88.5196077, 27.4686964 ], [ 88.5190433, 27.4678269 ], [ 88.518942, 27.4669454 ], [ 88.5187734, 27.4661735 ], [ 88.5184532, 27.4656494 ], [ 88.5180874, 27.4651227 ], [ 88.5175055, 27.4644153 ], [ 88.5157824, 27.4612591 ], [ 88.5144298, 27.4585517 ], [ 88.5139988, 27.457689 ], [ 88.5137389, 27.4562082 ], [ 88.5137948, 27.4551754 ], [ 88.5147388, 27.4538414 ], [ 88.5149821, 27.4524092 ], [ 88.5142608, 27.4510915 ], [ 88.5135552, 27.4501229 ], [ 88.5135552, 27.4491392 ], [ 88.5144217, 27.4474021 ], [ 88.5133108, 27.4449374 ], [ 88.5132219, 27.4447403 ], [ 88.5129089, 27.4433986 ], [ 88.5112813, 27.4421849 ], [ 88.5109505, 27.4418816 ], [ 88.5108208, 27.4416163 ], [ 88.5107994, 27.44091 ], [ 88.5109673, 27.4400734 ], [ 88.5114772, 27.4392925 ], [ 88.5123809, 27.4377759 ], [ 88.512922, 27.4363551 ], [ 88.5128302, 27.4343887 ], [ 88.5123639, 27.4330296 ], [ 88.5126023, 27.4320622 ], [ 88.513072, 27.4316963 ], [ 88.5130621, 27.4306262 ], [ 88.5121721, 27.4294335 ], [ 88.5117508, 27.4272704 ], [ 88.5124721, 27.4253069 ], [ 88.5131473, 27.4242923 ], [ 88.5141042, 27.4226504 ], [ 88.5148163, 27.4210573 ], [ 88.5145717, 27.4203815 ], [ 88.5138191, 27.4184208 ], [ 88.513556, 27.416794 ], [ 88.513505, 27.415509 ], [ 88.5138597, 27.414461 ], [ 88.5150037, 27.4131505 ], [ 88.5155236, 27.4122687 ], [ 88.5156018, 27.4121361 ], [ 88.5162758, 27.4104017 ], [ 88.5168213, 27.4078672 ], [ 88.5182046, 27.4063597 ], [ 88.5191241, 27.4047246 ], [ 88.5196606, 27.4031218 ], [ 88.5193844, 27.4021211 ] ] } },
{ "type": "Feature", "properties": { "element": "way", "id": 126757765, "name": "Teesta", "waterway": "river" }, "geometry": { "type": "LineString", "coordinates": [ [ 88.651974, 27.596012 ], [ 88.6525723, 27.5956749 ], [ 88.6533261, 27.5952457 ], [ 88.6536775, 27.5947246 ], [ 88.6545081, 27.5941435 ], [ 88.6550931, 27.5938707 ], [ 88.6557457, 27.5934367 ], [ 88.6561715, 27.5931313 ], [ 88.6564214, 27.5927173 ], [ 88.6565242, 27.5925719 ], [ 88.6567943, 27.5920785 ], [ 88.6568708, 27.5916047 ], [ 88.6565941, 27.5908561 ], [ 88.6559439, 27.5896831 ], [ 88.6561148, 27.5888107 ], [ 88.6558365, 27.5881372 ], [ 88.6550969, 27.5879438 ], [ 88.654855, 27.5872213 ], [ 88.6548131, 27.5867524 ], [ 88.6547386, 27.5859191 ], [ 88.6550698, 27.585326 ], [ 88.6554498, 27.584935 ], [ 88.6555564, 27.584098 ], [ 88.6560093, 27.583457 ], [ 88.6563606, 27.5828622 ], [ 88.6568406, 27.5820672 ], [ 88.656843, 27.5814719 ], [ 88.6557457, 27.5798626 ], [ 88.655597, 27.5791078 ], [ 88.6555294, 27.5786585 ], [ 88.6544217, 27.5772328 ], [ 88.6534259, 27.5758329 ], [ 88.6528867, 27.574998 ], [ 88.6528911, 27.5740851 ], [ 88.6529395, 27.5736376 ], [ 88.6532071, 27.5733858 ], [ 88.653373, 27.5721178 ], [ 88.6535194, 27.5716774 ], [ 88.6542415, 27.5709675 ], [ 88.6546435, 27.5702653 ], [ 88.6549551, 27.5691811 ], [ 88.6545009, 27.5679374 ], [ 88.6538099, 27.565555 ], [ 88.6533396, 27.5642676 ], [ 88.6532724, 27.5631725 ], [ 88.6535427, 27.5611985 ], [ 88.6539634, 27.5594286 ], [ 88.654166, 27.5581374 ], [ 88.654617, 27.5575329 ], [ 88.6553334, 27.5569816 ], [ 88.6555902, 27.5563944 ], [ 88.6554224, 27.5559568 ], [ 88.6556073, 27.5542249 ], [ 88.6555024, 27.5532306 ], [ 88.6551509, 27.5527033 ], [ 88.6546544, 27.5524438 ] ] } },
{ "type": "Feature", "properties": { "element": "way", "id": 126757767, "name": "Lachen Chu", "waterway": "river" }, "geometry": { "type": "LineString", "coordinates": [ [ 88.5440485, 27.7542674 ], [ 88.5440036, 27.7536778 ], [ 88.5444364, 27.7531628 ], [ 88.5444954, 27.752764 ], [ 88.5440595, 27.7517613 ], [ 88.5442969, 27.7512449 ], [ 88.5451069, 27.7502574 ], [ 88.5457947, 27.7499838 ], [ 88.5459921, 27.7492794 ], [ 88.5465822, 27.7488427 ], [ 88.5468229, 27.7478927 ], [ 88.5473707, 27.7474754 ], [ 88.5478267, 27.7469721 ], [ 88.547934, 27.745733 ], [ 88.547816, 27.7448025 ], [ 88.5494002, 27.7426998 ], [ 88.5492697, 27.7417497 ], [ 88.5495803, 27.7405791 ], [ 88.5498545, 27.739841 ], [ 88.55023, 27.7394897 ], [ 88.550584, 27.7383882 ], [ 88.5503065, 27.7378844 ], [ 88.5507986, 27.7372249 ], [ 88.5509005, 27.7366362 ], [ 88.5515121, 27.7363038 ], [ 88.5517159, 27.7360284 ], [ 88.5517259, 27.7357484 ], [ 88.5520914, 27.7350076 ], [ 88.5521772, 27.734528 ], [ 88.5526332, 27.7339345 ], [ 88.5534646, 27.7332953 ], [ 88.5538995, 27.7324236 ], [ 88.5547361, 27.73204 ], [ 88.5556582, 27.7304701 ], [ 88.5562596, 27.7300979 ], [ 88.5572144, 27.7286307 ], [ 88.5579333, 27.7281749 ], [ 88.5578153, 27.727852 ], [ 88.558636, 27.72619 ], [ 88.5590973, 27.7255395 ], [ 88.5591134, 27.7247322 ], [ 88.5586843, 27.7236068 ], [ 88.559854, 27.7215024 ], [ 88.5605862, 27.7210964 ], [ 88.5606904, 27.720867 ], [ 88.5614738, 27.719143 ], [ 88.5617796, 27.7190148 ], [ 88.562021, 27.719238 ], [ 88.5624286, 27.7193995 ], [ 88.5627881, 27.7193045 ], [ 88.5630241, 27.719276 ], [ 88.5636699, 27.7192577 ], [ 88.5644113, 27.7192545 ], [ 88.5649356, 27.7187885 ], [ 88.5653692, 27.7174371 ], [ 88.5658619, 27.7164932 ], [ 88.5660979, 27.7161608 ], [ 88.5661599, 27.7156066 ], [ 88.5661029, 27.7146063 ], [ 88.5641218, 27.7131655 ], [ 88.5631356, 27.7124818 ], [ 88.5627095, 27.7108354 ], [ 88.5626888, 27.7104551 ], [ 88.5637809, 27.7076648 ], [ 88.5638616, 27.7064294 ], [ 88.5645737, 27.7053674 ], [ 88.565078, 27.7044776 ], [ 88.5654327, 27.7039698 ], [ 88.5662292, 27.7028057 ], [ 88.5665616, 27.7024338 ], [ 88.566977, 27.7022094 ], [ 88.5674083, 27.7020845 ], [ 88.5678145, 27.7017183 ], [ 88.5683778, 27.7014714 ], [ 88.5693852, 27.7004851 ], [ 88.5696331, 27.7002365 ], [ 88.570191, 27.7000037 ], [ 88.5710803, 27.6991155 ], [ 88.5710341, 27.6981797 ], [ 88.5715911, 27.6979519 ], [ 88.5728571, 27.6979851 ], [ 88.5735008, 27.6977666 ], [ 88.574225, 27.6972964 ], [ 88.5748391, 27.6971065 ], [ 88.5757535, 27.6965823 ], [ 88.5760096, 27.6961647 ], [ 88.5760133, 27.6956148 ], [ 88.5760975, 27.695147 ], [ 88.5763371, 27.6945046 ], [ 88.5769212, 27.6942505 ], [ 88.5770899, 27.6936022 ], [ 88.5772036, 27.6931356 ], [ 88.577566, 27.6925121 ], [ 88.577746, 27.6919018 ], [ 88.5779371, 27.6916009 ], [ 88.5781044, 27.6911455 ], [ 88.5785648, 27.6906703 ], [ 88.5791013, 27.6901763 ], [ 88.5802976, 27.6894826 ], [ 88.5815957, 27.6892786 ], [ 88.5822668, 27.6890653 ], [ 88.5832188, 27.6884236 ], [ 88.5853772, 27.6880481 ], [ 88.5863218, 27.6877443 ], [ 88.5867295, 27.6872835 ], [ 88.5869297, 27.6869178 ], [ 88.5871247, 27.6865737 ], [ 88.5872552, 27.6863177 ], [ 88.5878117, 27.6855985 ], [ 88.5888044, 27.685253 ], [ 88.5889986, 27.6839536 ], [ 88.5901354, 27.6827063 ], [ 88.5904148, 27.6819584 ], [ 88.5911122, 27.6815974 ], [ 88.5919866, 27.6807946 ], [ 88.5927841, 27.6798708 ], [ 88.5932419, 27.6797067 ], [ 88.5937464, 27.6788271 ], [ 88.5946313, 27.6774265 ], [ 88.5959938, 27.6747756 ], [ 88.5961762, 27.6734976 ], [ 88.59657, 27.6727003 ], [ 88.5965517, 27.6709369 ], [ 88.5963693, 27.6701958 ], [ 88.5966814, 27.6681754 ], [ 88.596502, 27.6676026 ], [ 88.596718, 27.6664425 ], [ 88.5966837, 27.6659786 ], [ 88.5969625, 27.6650035 ], [ 88.5975086, 27.6643395 ], [ 88.5979163, 27.663071 ], [ 88.5982274, 27.6626766 ], [ 88.5990857, 27.6622015 ], [ 88.5998644, 27.6615819 ], [ 88.6008027, 27.6611063 ], [ 88.6012141, 27.6605231 ], [ 88.601721, 27.6599387 ], [ 88.601993, 27.6590018 ], [ 88.6029061, 27.658611 ], [ 88.6029899, 27.6581654 ], [ 88.6033008, 27.6565105 ], [ 88.6047546, 27.6553274 ], [ 88.6052307, 27.6543112 ], [ 88.6058865, 27.6537879 ], [ 88.6063534, 27.6530648 ], [ 88.6069927, 27.651943 ], [ 88.606706, 27.6505775 ], [ 88.6063653, 27.6496636 ], [ 88.6061155, 27.6487802 ], [ 88.6061365, 27.6477764 ], [ 88.6065163, 27.6467233 ], [ 88.6061493, 27.6457906 ], [ 88.6059337, 27.6445912 ], [ 88.6061611, 27.6438087 ], [ 88.607257, 27.6431143 ], [ 88.6086127, 27.6426171 ] ] } },
{ "type": "Feature", "properties": { "element": "way", "id": 126757767, "name": "Lachen Chu", "waterway": "river" }, "geometry": { "type": "LineString", "coordinates": [ [ 88.5440485, 27.7542674 ], [ 88.5440036, 27.7536778 ], [ 88.5444364, 27.7531628 ], [ 88.5444954, 27.752764 ], [ 88.5440595, 27.7517613 ], [ 88.5442969, 27.7512449 ], [ 88.5451069, 27.7502574 ], [ 88.5457947, 27.7499838 ], [ 88.5459921, 27.7492794 ], [ 88.5465822, 27.7488427 ], [ 88.5468229, 27.7478927 ], [ 88.5473707, 27.7474754 ], [ 88.5478267, 27.7469721 ], [ 88.547934, 27.745733 ], [ 88.547816, 27.7448025 ], [ 88.5494002, 27.7426998 ], [ 88.5492697, 27.7417497 ], [ 88.5495803, 27.7405791 ], [ 88.5498545, 27.739841 ], [ 88.55023, 27.7394897 ], [ 88.550584, 27.7383882 ], [ 88.5503065, 27.7378844 ], [ 88.5507986, 27.7372249 ], [ 88.5509005, 27.7366362 ], [ 88.5515121, 27.7363038 ], [ 88.5517159, 27.7360284 ], [ 88.5517259, 27.7357484 ], [ 88.5520914, 27.7350076 ], [ 88.5521772, 27.734528 ], [ 88.5526332, 27.7339345 ], [ 88.5534646, 27.7332953 ], [ 88.5538995, 27.7324236 ], [ 88.5547361, 27.73204 ], [ 88.5556582, 27.7304701 ], [ 88.5562596, 27.7300979 ], [ 88.5572144, 27.7286307 ], [ 88.5579333, 27.7281749 ], [ 88.5578153, 27.727852 ], [ 88.558636, 27.72619 ], [ 88.5590973, 27.7255395 ], [ 88.5591134, 27.7247322 ], [ 88.5586843, 27.7236068 ], [ 88.559854, 27.7215024 ], [ 88.5605862, 27.7210964 ], [ 88.5606904, 27.720867 ], [ 88.5614738, 27.719143 ], [ 88.5617796, 27.7190148 ], [ 88.562021, 27.719238 ], [ 88.5624286, 27.7193995 ], [ 88.5627881, 27.7193045 ], [ 88.5630241, 27.719276 ], [ 88.5636699, 27.7192577 ], [ 88.5644113, 27.7192545 ], [ 88.5649356, 27.7187885 ], [ 88.5653692, 27.7174371 ], [ 88.5658619, 27.7164932 ], [ 88.5660979, 27.7161608 ], [ 88.5661599, 27.7156066 ], [ 88.5661029, 27.7146063 ], [ 88.5641218, 27.7131655 ], [ 88.5631356, 27.7124818 ], [ 88.5627095, 27.7108354 ], [ 88.5626888, 27.7104551 ], [ 88.5637809, 27.7076648 ], [ 88.5638616, 27.7064294 ], [ 88.5645737, 27.7053674 ], [ 88.565078, 27.7044776 ], [ 88.5654327, 27.7039698 ], [ 88.5662292, 27.7028057 ], [ 88.5665616, 27.7024338 ], [ 88.566977, 27.7022094 ], [ 88.5674083, 27.7020845 ], [ 88.5678145, 27.7017183 ], [ 88.5683778, 27.7014714 ], [ 88.5693852, 27.7004851 ], [ 88.5696331, 27.7002365 ], [ 88.570191, 27.7000037 ], [ 88.5710803, 27.6991155 ], [ 88.5710341, 27.6981797 ], [ 88.5715911, 27.6979519 ], [ 88.5728571, 27.6979851 ], [ 88.5735008, 27.6977666 ], [ 88.574225, 27.6972964 ], [ 88.5748391, 27.6971065 ], [ 88.5757535, 27.6965823 ], [ 88.5760096, 27.6961647 ], [ 88.5760133, 27.6956148 ], [ 88.5760975, 27.695147 ], [ 88.5763371, 27.6945046 ], [ 88.5769212, 27.6942505 ], [ 88.5770899, 27.6936022 ], [ 88.5772036, 27.6931356 ], [ 88.577566, 27.6925121 ], [ 88.577746, 27.6919018 ], [ 88.5779371, 27.6916009 ], [ 88.5781044, 27.6911455 ], [ 88.5785648, 27.6906703 ], [ 88.5791013, 27.6901763 ], [ 88.5802976, 27.6894826 ], [ 88.5815957, 27.6892786 ], [ 88.5822668, 27.6890653 ], [ 88.5832188, 27.6884236 ], [ 88.5853772, 27.6880481 ], [ 88.5863218, 27.6877443 ], [ 88.5867295, 27.6872835 ], [ 88.5869297, 27.6869178 ], [ 88.5871247, 27.6865737 ], [ 88.5872552, 27.6863177 ], [ 88.5878117, 27.6855985 ], [ 88.5888044, 27.685253 ], [ 88.5889986, 27.6839536 ], [ 88.5901354, 27.6827063 ], [ 88.5904148, 27.6819584 ], [ 88.5911122, 27.6815974 ], [ 88.5919866, 27.6807946 ], [ 88.5927841, 27.6798708 ], [ 88.5932419, 27.6797067 ], [ 88.5937464, 27.6788271 ], [ 88.5946313, 27.6774265 ], [ 88.5959938, 27.6747756 ], [ 88.5961762, 27.6734976 ], [ 88.59657, 27.6727003 ], [ 88.5965517, 27.6709369 ], [ 88.5963693, 27.6701958 ], [ 88.5966814, 27.6681754 ], [ 88.596502, 27.6676026 ], [ 88.596718, 27.6664425 ], [ 88.5966837, 27.6659786 ], [ 88.5969625, 27.6650035 ], [ 88.5975086, 27.6643395 ], [ 88.5979163, 27.663071 ], [ 88.5982274, 27.6626766 ], [ 88.5990857, 27.6622015 ], [ 88.5998644, 27.6615819 ], [ 88.6008027, 27.6611063 ], [ 88.6012141, 27.6605231 ], [ 88.601721, 27.6599387 ], [ 88.601993, 27.6590018 ], [ 88.6029061, 27.658611 ], [ 88.6029899, 27.6581654 ], [ 88.6033008, 27.6565105 ], [ 88.6047546, 27.6553274 ], [ 88.6052307, 27.6543112 ], [ 88.6058865, 27.6537879 ], [ 88.6063534, 27.6530648 ], [ 88.6069927, 27.651943 ], [ 88.606706, 27.6505775 ], [ 88.6063653, 27.6496636 ], [ 88.6061155, 27.6487802 ], [ 88.6061365, 27.6477764 ], [ 88.6065163, 27.6467233 ], [ 88.6061493, 27.6457906 ], [ 88.6059337, 27.6445912 ], [ 88.6061611, 27.6438087 ], [ 88.607257, 27.6431143 ], [ 88.6086127, 27.6426171 ] ] } },
{ "type": "Feature", "properties": { "element": "way", "id": 126757768, "name": "Poke Chu", "waterway": "stream" }, "geometry": { "type": "LineString", "coordinates": [ [ 88.4227693, 27.7646409 ], [ 88.4235443, 27.7647134 ], [ 88.424047, 27.7648614 ], [ 88.4247651, 27.7650402 ], [ 88.4253464, 27.7652 ], [ 88.4261812, 27.7657186 ], [ 88.4267518, 27.7661416 ], [ 88.4275352, 27.7666038 ], [ 88.4276822, 27.7668338 ], [ 88.4279738, 27.76695 ], [ 88.4283558, 27.7669486 ], [ 88.4287659, 27.7670261 ], [ 88.4291303, 27.7674734 ], [ 88.429984, 27.7677399 ], [ 88.4307286, 27.7680377 ], [ 88.431784, 27.7683401 ], [ 88.432413, 27.7685627 ], [ 88.4333618, 27.7688355 ], [ 88.4339686, 27.7688682 ], [ 88.434414, 27.7689834 ], [ 88.4347404, 27.7692585 ], [ 88.4357469, 27.7695646 ], [ 88.4365646, 27.7697037 ], [ 88.4370678, 27.7697316 ], [ 88.4378645, 27.7697702 ], [ 88.4384127, 27.7697934 ], [ 88.4393035, 27.7698801 ], [ 88.4400891, 27.7699581 ], [ 88.4410619, 27.7700828 ], [ 88.4423968, 27.7704232 ], [ 88.4434347, 27.7704512 ], [ 88.4442781, 27.7705761 ], [ 88.4450076, 27.7707924 ], [ 88.4460369, 27.7711958 ], [ 88.4466605, 27.77129 ], [ 88.4473455, 27.7713999 ], [ 88.4485486, 27.7720088 ], [ 88.4493712, 27.7720553 ], [ 88.4499118, 27.7723162 ], [ 88.4509438, 27.772577 ], [ 88.4516809, 27.7728814 ], [ 88.4524181, 27.7730988 ], [ 88.4534501, 27.7729249 ], [ 88.4535329, 27.7729249 ], [ 88.4540889, 27.7729249 ], [ 88.4552192, 27.7733597 ], [ 88.4561038, 27.7740554 ], [ 88.4570432, 27.7746403 ], [ 88.457631, 27.7746507 ], [ 88.4582661, 27.7744467 ], [ 88.4594947, 27.7745337 ], [ 88.4602298, 27.7746948 ], [ 88.4607675, 27.7747169 ], [ 88.4613769, 27.774499 ], [ 88.461719, 27.7746175 ], [ 88.4626551, 27.7751338 ], [ 88.4637689, 27.7752621 ], [ 88.4642536, 27.7750888 ], [ 88.4653127, 27.7742285 ], [ 88.4664319, 27.7746401 ], [ 88.4679855, 27.7754461 ], [ 88.4700112, 27.7754468 ], [ 88.4730581, 27.7754468 ], [ 88.4743358, 27.7757947 ], [ 88.4756626, 27.7764903 ], [ 88.4769895, 27.7766643 ], [ 88.4791026, 27.7774904 ], [ 88.4804786, 27.7777078 ], [ 88.4827392, 27.7785774 ], [ 88.4838134, 27.7795864 ], [ 88.4844904, 27.7799957 ], [ 88.4848682, 27.7800787 ], [ 88.4850891, 27.7800619 ], [ 88.4861059, 27.7798383 ], [ 88.4865311, 27.7800057 ], [ 88.4874317, 27.7800517 ], [ 88.4877466, 27.7801664 ], [ 88.4890374, 27.7801992 ], [ 88.4898309, 27.7796522 ], [ 88.4906625, 27.7795707 ], [ 88.492058, 27.7799385 ], [ 88.4930204, 27.7799452 ] ] } },
{ "type": "Feature", "properties": { "element": "way", "id": 126757768, "name": "Poke Chu", "waterway": "stream" }, "geometry": { "type": "LineString", "coordinates": [ [ 88.4227693, 27.7646409 ], [ 88.4235443, 27.7647134 ], [ 88.424047, 27.7648614 ], [ 88.4247651, 27.7650402 ], [ 88.4253464, 27.7652 ], [ 88.4261812, 27.7657186 ], [ 88.4267518, 27.7661416 ], [ 88.4275352, 27.7666038 ], [ 88.4276822, 27.7668338 ], [ 88.4279738, 27.76695 ], [ 88.4283558, 27.7669486 ], [ 88.4287659, 27.7670261 ], [ 88.4291303, 27.7674734 ], [ 88.429984, 27.7677399 ], [ 88.4307286, 27.7680377 ], [ 88.431784, 27.7683401 ], [ 88.432413, 27.7685627 ], [ 88.4333618, 27.7688355 ], [ 88.4339686, 27.7688682 ], [ 88.434414, 27.7689834 ], [ 88.4347404, 27.7692585 ], [ 88.4357469, 27.7695646 ], [ 88.4365646, 27.7697037 ], [ 88.4370678, 27.7697316 ], [ 88.4378645, 27.7697702 ], [ 88.4384127, 27.7697934 ], [ 88.4393035, 27.7698801 ], [ 88.4400891, 27.7699581 ], [ 88.4410619, 27.7700828 ], [ 88.4423968, 27.7704232 ], [ 88.4434347, 27.7704512 ], [ 88.4442781, 27.7705761 ], [ 88.4450076, 27.7707924 ], [ 88.4460369, 27.7711958 ], [ 88.4466605, 27.77129 ], [ 88.4473455, 27.7713999 ], [ 88.4485486, 27.7720088 ], [ 88.4493712, 27.7720553 ], [ 88.4499118, 27.7723162 ], [ 88.4509438, 27.772577 ], [ 88.4516809, 27.7728814 ], [ 88.4524181, 27.7730988 ], [ 88.4534501, 27.7729249 ], [ 88.4535329, 27.7729249 ], [ 88.4540889, 27.7729249 ], [ 88.4552192, 27.7733597 ], [ 88.4561038, 27.7740554 ], [ 88.4570432, 27.7746403 ], [ 88.457631, 27.7746507 ], [ 88.4582661, 27.7744467 ], [ 88.4594947, 27.7745337 ], [ 88.4602298, 27.7746948 ], [ 88.4607675, 27.7747169 ], [ 88.4613769, 27.774499 ], [ 88.461719, 27.7746175 ], [ 88.4626551, 27.7751338 ], [ 88.4637689, 27.7752621 ], [ 88.4642536, 27.7750888 ], [ 88.4653127, 27.7742285 ], [ 88.4664319, 27.7746401 ], [ 88.4679855, 27.7754461 ], [ 88.4700112, 27.7754468 ], [ 88.4730581, 27.7754468 ], [ 88.4743358, 27.7757947 ], [ 88.4756626, 27.7764903 ], [ 88.4769895, 27.7766643 ], [ 88.4791026, 27.7774904 ], [ 88.4804786, 27.7777078 ], [ 88.4827392, 27.7785774 ], [ 88.4838134, 27.7795864 ], [ 88.4844904, 27.7799957 ], [ 88.4848682, 27.7800787 ], [ 88.4850891, 27.7800619 ], [ 88.4861059, 27.7798383 ], [ 88.4865311, 27.7800057 ], [ 88.4874317, 27.7800517 ], [ 88.4877466, 27.7801664 ], [ 88.4890374, 27.7801992 ], [ 88.4898309, 27.7796522 ], [ 88.4906625, 27.7795707 ], [ 88.492058, 27.7799385 ], [ 88.4930204, 27.7799452 ] ] } },
{ "type": "Feature", "properties": { "element": "way", "id": 134410495, "name": "Lungma Chu", "waterway": "stream" }, "geometry": { "type": "LineString", "coordinates": [ [ 88.2577872, 27.8233811 ], [ 88.2600898, 27.823822 ], [ 88.2624354, 27.8254348 ], [ 88.2696098, 27.8295503 ], [ 88.2714498, 27.8297205 ], [ 88.272031, 27.8305777 ], [ 88.2741043, 27.8320975 ], [ 88.2763964, 27.834523 ], [ 88.2772911, 27.8362 ], [ 88.2810339, 27.840318 ], [ 88.2837647, 27.8472109 ], [ 88.2853159, 27.8540686 ], [ 88.2865817, 27.8603676 ], [ 88.2880254, 27.8624638 ], [ 88.2890426, 27.8646606 ], [ 88.291709, 27.8677799 ], [ 88.2952888, 27.8702505 ], [ 88.2989642, 27.871343 ], [ 88.3014098, 27.8730965 ], [ 88.3024226, 27.8735011 ], [ 88.302959, 27.8740037 ], [ 88.3031843, 27.8741934 ], [ 88.3035706, 27.8743167 ], [ 88.3039246, 27.8742693 ], [ 88.3041928, 27.8746297 ], [ 88.3045898, 27.8748099 ], [ 88.3050297, 27.8752651 ], [ 88.3053301, 27.8755781 ], [ 88.3055983, 27.8758247 ], [ 88.305888, 27.8758152 ], [ 88.3061455, 27.8760143 ], [ 88.3064352, 27.8762135 ], [ 88.306639, 27.8763747 ], [ 88.3067785, 27.8767351 ], [ 88.3068858, 27.8769438 ], [ 88.3070253, 27.8770671 ], [ 88.3072827, 27.8771334 ], [ 88.3077795, 27.8770282 ] ] } },
{ "type": "Feature", "properties": { "element": "way", "id": 134410496, "name": null, "waterway": "stream" }, "geometry": { "type": "LineString", "coordinates": [ [ 88.2541008, 27.5632248 ], [ 88.2614061, 27.5632248 ], [ 88.2657296, 27.5645465 ], [ 88.2719913, 27.5653394 ], [ 88.2787002, 27.5654716 ], [ 88.2854092, 27.5650751 ], [ 88.290329, 27.564943 ], [ 88.2948898, 27.5689459 ], [ 88.297168, 27.5692339 ], [ 88.3011376, 27.5729628 ], [ 88.3039807, 27.576274 ], [ 88.3048053, 27.577113 ], [ 88.3049145, 27.5780044 ] ] } },
{ "type": "Feature", "properties": { "element": "way", "id": 134410497, "name": "Passamram Chu", "waterway": "stream" }, "geometry": { "type": "LineString", "coordinates": [ [ 88.3990769, 27.6550889 ], [ 88.3950883, 27.6535159 ], [ 88.3927233, 27.651373 ], [ 88.3925178, 27.6496508 ], [ 88.3902304, 27.64799 ], [ 88.3873165, 27.643329 ], [ 88.3850581, 27.6394392 ], [ 88.3863235, 27.634309 ], [ 88.383471, 27.6283391 ], [ 88.3813298, 27.6245765 ], [ 88.3813908, 27.6213992 ], [ 88.3771554, 27.6162271 ], [ 88.3772778, 27.6150092 ], [ 88.3766402, 27.6139901 ], [ 88.3749282, 27.6118308 ], [ 88.3747048, 27.6104614 ], [ 88.3741113, 27.6099253 ], [ 88.3733715, 27.6103407 ], [ 88.3725321, 27.6095664 ], [ 88.3713529, 27.6065337 ], [ 88.3699372, 27.60479 ], [ 88.3695031, 27.6036233 ], [ 88.3695366, 27.6027412 ] ] } },
{ "type": "Feature", "properties": { "element": "way", "id": 134410499, "name": null, "waterway": "stream" }, "geometry": { "type": "LineString", "coordinates": [ [ 88.743065, 27.4695469 ], [ 88.7411876, 27.4714689 ], [ 88.7384438, 27.4753127 ], [ 88.734689, 27.4769783 ], [ 88.7292013, 27.4805657 ], [ 88.7263131, 27.4837686 ], [ 88.7210476, 27.4892 ], [ 88.7195474, 27.4920398 ], [ 88.71858, 27.494187 ], [ 88.717711, 27.4946248 ], [ 88.7172335, 27.4952196 ], [ 88.7158763, 27.4952101 ], [ 88.7160802, 27.4963188 ], [ 88.7157905, 27.4967043 ], [ 88.71593, 27.4971135 ], [ 88.7162518, 27.4971611 ], [ 88.7162894, 27.4974561 ], [ 88.7155652, 27.4978986 ], [ 88.7155042, 27.4994248 ], [ 88.7134602, 27.5024719 ], [ 88.7099943, 27.5097729 ], [ 88.7075393, 27.5172016 ], [ 88.7058063, 27.5224526 ], [ 88.7042178, 27.5257824 ], [ 88.7059507, 27.5287279 ] ] } },
{ "type": "Feature", "properties": { "element": "way", "id": 134410500, "name": null, "waterway": "stream" }, "geometry": { "type": "LineString", "coordinates": [ [ 88.7696333, 27.5186874 ], [ 88.769669, 27.5195731 ], [ 88.7688129, 27.5203129 ], [ 88.7682969, 27.5211435 ], [ 88.7665792, 27.5219656 ], [ 88.7640286, 27.5227086 ], [ 88.7626032, 27.524155 ], [ 88.7556713, 27.5291496 ], [ 88.7501836, 27.5336317 ], [ 88.7474397, 27.5373453 ], [ 88.7442626, 27.5415709 ], [ 88.7389193, 27.5450282 ], [ 88.734689, 27.5469113 ], [ 88.7299699, 27.5485526 ], [ 88.7260708, 27.5484245 ], [ 88.7192833, 27.5445833 ], [ 88.7085967, 27.5398455 ], [ 88.7062861, 27.536132 ], [ 88.7013761, 27.5307536 ] ] } },
{ "type": "Feature", "properties": { "element": "way", "id": 134410501, "name": "Chakung Glong Chu", "waterway": "river" }, "geometry": { "type": "LineString", "coordinates": [ [ 88.758084, 27.4873558 ], [ 88.7569287, 27.4891493 ], [ 88.7547625, 27.4920958 ], [ 88.7478307, 27.4942736 ], [ 88.7459533, 27.4968356 ], [ 88.7411876, 27.4997819 ], [ 88.7358443, 27.5047775 ], [ 88.7338226, 27.5070831 ], [ 88.7286237, 27.5148962 ], [ 88.7261686, 27.5179701 ], [ 88.7218362, 27.5220684 ], [ 88.7193812, 27.5251421 ], [ 88.7150488, 27.5275753 ], [ 88.7110052, 27.5285998 ], [ 88.7059507, 27.5287279 ], [ 88.7013761, 27.5307536 ] ] } },
{ "type": "Feature", "properties": { "element": "way", "id": 134410502, "name": "Goma Chu", "waterway": "river" }, "geometry": { "type": "LineString", "coordinates": [ [ 88.2092057, 27.9161712 ], [ 88.2093933, 27.917115 ], [ 88.2097047, 27.9180075 ], [ 88.2116212, 27.9185921 ], [ 88.2131632, 27.9175792 ], [ 88.2141366, 27.9175072 ], [ 88.214564, 27.9174837 ], [ 88.2158907, 27.9164057 ], [ 88.2186449, 27.9150248 ] ] } },
{ "type": "Feature", "properties": { "element": "way", "id": 134410502, "name": "Goma Chu", "waterway": "river" }, "geometry": { "type": "LineString", "coordinates": [ [ 88.2092057, 27.9161712 ], [ 88.2093933, 27.917115 ], [ 88.2097047, 27.9180075 ], [ 88.2116212, 27.9185921 ], [ 88.2131632, 27.9175792 ], [ 88.2141366, 27.9175072 ], [ 88.214564, 27.9174837 ], [ 88.2158907, 27.9164057 ], [ 88.2186449, 27.9150248 ] ] } },
{ "type": "Feature", "properties": { "element": "way", "id": 134410503, "name": "Chakung Glong Chu", "waterway": "river" }, "geometry": { "type": "LineString", "coordinates": [ [ 88.7013761, 27.5307536 ], [ 88.6981301, 27.5300693 ], [ 88.6938413, 27.5297071 ], [ 88.6859783, 27.5285299 ], [ 88.6788676, 27.5283179 ], [ 88.6777761, 27.5291416 ], [ 88.6766197, 27.5295633 ], [ 88.674954, 27.5304927 ], [ 88.6742977, 27.5310155 ], [ 88.6737104, 27.5310505 ], [ 88.6726133, 27.5323728 ], [ 88.6712715, 27.5329132 ], [ 88.6698574, 27.5362919 ], [ 88.6700904, 27.5396113 ], [ 88.6692704, 27.5417697 ], [ 88.6701467, 27.5441775 ], [ 88.6679286, 27.5462021 ], [ 88.6672423, 27.5481188 ], [ 88.665456, 27.5479731 ], [ 88.6639392, 27.5493709 ], [ 88.6614961, 27.5504584 ], [ 88.6585347, 27.5520427 ], [ 88.6563648, 27.5524275 ], [ 88.6554618, 27.5523438 ], [ 88.6552455, 27.5525115 ], [ 88.6551509, 27.5527033 ] ] } },
{ "type": "Feature", "properties": { "element": "way", "id": 134410514, "name": "Umaram Chu", "waterway": "stream" }, "geometry": { "type": "LineString", "coordinates": [ [ 88.3028681, 27.6788456 ], [ 88.3040437, 27.6752372 ], [ 88.3042519, 27.6715728 ], [ 88.3024019, 27.6604542 ], [ 88.3027691, 27.6586738 ], [ 88.3051351, 27.6545623 ], [ 88.3107343, 27.6505793 ], [ 88.3190856, 27.6462786 ], [ 88.3207804, 27.6391931 ], [ 88.3226488, 27.638632 ], [ 88.3238641, 27.6368492 ], [ 88.3248984, 27.6354344 ], [ 88.3291727, 27.6311656 ], [ 88.329767, 27.6286253 ], [ 88.3313051, 27.6272166 ], [ 88.3325641, 27.6233726 ], [ 88.332027, 27.6229837 ], [ 88.3311333, 27.6231801 ], [ 88.3312882, 27.6224649 ], [ 88.3318284, 27.621683 ], [ 88.3360988, 27.6195027 ], [ 88.3391585, 27.6138065 ], [ 88.3408755, 27.6127813 ], [ 88.3427368, 27.612843 ], [ 88.3440984, 27.6118425 ], [ 88.345895, 27.6127868 ], [ 88.3480176, 27.6110016 ], [ 88.3483138, 27.6100179 ], [ 88.3549252, 27.609057 ], [ 88.3568306, 27.6083532 ], [ 88.3588083, 27.6062524 ], [ 88.3640689, 27.6039527 ], [ 88.3644182, 27.6031175 ], [ 88.3680147, 27.6014455 ], [ 88.3695366, 27.6027412 ], [ 88.3729095, 27.5978606 ], [ 88.3747088, 27.5973185 ], [ 88.3760993, 27.5955532 ], [ 88.3759266, 27.5937001 ], [ 88.3750067, 27.5933079 ], [ 88.3753355, 27.5919934 ], [ 88.3763714, 27.5907128 ], [ 88.3772816, 27.5881525 ], [ 88.3788801, 27.5853304 ], [ 88.3781749, 27.5838918 ] ] } },
{ "type": "Feature", "properties": { "element": "way", "id": 134410515, "name": "Ong Chu", "waterway": "stream" }, "geometry": { "type": "LineString", "coordinates": [ [ 88.715104, 27.5770017 ], [ 88.7140931, 27.5768737 ], [ 88.710194, 27.5757216 ], [ 88.7048507, 27.5748255 ], [ 88.6977022, 27.5752096 ], [ 88.6954638, 27.5753376 ], [ 88.6927921, 27.5732894 ], [ 88.6899039, 27.5699611 ], [ 88.6861491, 27.5655445 ], [ 88.6839829, 27.5640722 ], [ 88.6810947, 27.5642643 ], [ 88.6770511, 27.5654805 ], [ 88.6739462, 27.5676568 ], [ 88.6697582, 27.5685529 ], [ 88.6695586, 27.5689469 ], [ 88.6690157, 27.5689986 ], [ 88.6684019, 27.5682079 ], [ 88.667861, 27.5681101 ], [ 88.6669938, 27.5684663 ], [ 88.6661607, 27.5681323 ], [ 88.6639144, 27.5664864 ], [ 88.6630911, 27.5653273 ], [ 88.6622141, 27.5654712 ], [ 88.6616264, 27.5663228 ], [ 88.660565, 27.5660367 ], [ 88.6591575, 27.566286 ], [ 88.6588767, 27.5669086 ], [ 88.657978, 27.5676033 ], [ 88.6575575, 27.5683964 ], [ 88.6570558, 27.5687786 ], [ 88.6563612, 27.5687394 ], [ 88.6549551, 27.5691811 ] ] } },
{ "type": "Feature", "properties": { "element": "way", "id": 134410516, "name": "Teesta", "waterway": "river" }, "geometry": { "type": "LineString", "coordinates": [ [ 88.6546544, 27.5524438 ], [ 88.654279, 27.5521161 ], [ 88.6537992, 27.5514749 ], [ 88.6535626, 27.5509416 ], [ 88.6532454, 27.5506207 ], [ 88.6523441, 27.550026 ], [ 88.6517097, 27.5496311 ], [ 88.651104, 27.5493039 ], [ 88.6505009, 27.549018 ], [ 88.6500481, 27.5488622 ], [ 88.6496499, 27.5488229 ], [ 88.6491897, 27.5489821 ], [ 88.6487234, 27.5493236 ], [ 88.6483059, 27.5492951 ], [ 88.6479461, 27.5495693 ], [ 88.6474491, 27.5498714 ], [ 88.6465065, 27.5499588 ], [ 88.6458206, 27.5499138 ], [ 88.6451145, 27.5499068 ], [ 88.6436543, 27.549803 ], [ 88.6431068, 27.549815 ], [ 88.6424858, 27.5497364 ], [ 88.6416807, 27.5492937 ], [ 88.6408399, 27.5486383 ], [ 88.6397864, 27.5481396 ], [ 88.6393152, 27.5475379 ], [ 88.6389399, 27.547097 ], [ 88.6385852, 27.5468607 ], [ 88.6382096, 27.5467403 ], [ 88.6377877, 27.546693 ], [ 88.6371997, 27.5468428 ], [ 88.6367795, 27.5470671 ], [ 88.6360102, 27.5472143 ], [ 88.6352194, 27.5471064 ], [ 88.634726, 27.5467709 ], [ 88.6343272, 27.546645 ], [ 88.6338157, 27.5466466 ], [ 88.6326984, 27.5464832 ], [ 88.6318742, 27.5462134 ], [ 88.6298687, 27.5451353 ], [ 88.6291761, 27.5449659 ], [ 88.6280892, 27.544981 ], [ 88.6274147, 27.5448781 ], [ 88.6265479, 27.545021 ], [ 88.625818, 27.5453566 ], [ 88.6252035, 27.5454191 ] ] } },
{ "type": "Feature", "properties": { "element": "way", "id": 134410517, "name": null, "waterway": "river" }, "geometry": { "type": "LineString", "coordinates": [ [ 88.3781749, 27.5838918 ], [ 88.3779952, 27.5835179 ], [ 88.3776582, 27.5831033 ], [ 88.3776879, 27.5828667 ], [ 88.3784369, 27.5817558 ], [ 88.3784814, 27.5812628 ], [ 88.3803282, 27.5791979 ], [ 88.381841, 27.5784551 ], [ 88.3830276, 27.5783828 ], [ 88.3838211, 27.578718 ], [ 88.3844367, 27.5796975 ], [ 88.3849632, 27.5803088 ], [ 88.388319, 27.5807333 ], [ 88.3888047, 27.5812488 ], [ 88.3892126, 27.5814657 ], [ 88.3896724, 27.5813408 ], [ 88.3905623, 27.5807624 ], [ 88.3911853, 27.5807558 ], [ 88.391697, 27.5814854 ], [ 88.3933654, 27.5809757 ], [ 88.3949636, 27.5810508 ], [ 88.3955717, 27.581511 ], [ 88.3963398, 27.5819717 ], [ 88.3971897, 27.5821993 ], [ 88.3980089, 27.5820755 ], [ 88.3994541, 27.581928 ], [ 88.4017099, 27.5815287 ], [ 88.4037693, 27.579954 ], [ 88.405604, 27.5796638 ], [ 88.4066599, 27.5800289 ], [ 88.407257, 27.5802737 ], [ 88.4081767, 27.5800412 ], [ 88.4082389, 27.5791712 ], [ 88.4079678, 27.5779818 ], [ 88.4087619, 27.5761364 ], [ 88.4113718, 27.5755591 ], [ 88.4130552, 27.5739062 ], [ 88.4131961, 27.573091 ], [ 88.4140416, 27.5717105 ], [ 88.4143901, 27.5709743 ], [ 88.4150724, 27.5698699 ], [ 88.4152949, 27.5689101 ], [ 88.4151169, 27.5684499 ], [ 88.4153542, 27.5675295 ], [ 88.4157918, 27.5669641 ], [ 88.4172602, 27.5666026 ], [ 88.4180144, 27.5660474 ], [ 88.4182822, 27.5658672 ], [ 88.4189755, 27.5655325 ], [ 88.41974, 27.5653211 ], [ 88.4205306, 27.5652417 ], [ 88.4218507, 27.5649261 ], [ 88.4230892, 27.5640452 ], [ 88.4240605, 27.5640173 ], [ 88.4250157, 27.5636143 ], [ 88.426135, 27.5635597 ], [ 88.4272962, 27.5639032 ], [ 88.4277595, 27.5637898 ], [ 88.4286103, 27.5630086 ], [ 88.4296282, 27.5623004 ] ] } },
{ "type": "Feature", "properties": { "element": "way", "id": 134410517, "name": null, "waterway": "river" }, "geometry": { "type": "LineString", "coordinates": [ [ 88.3781749, 27.5838918 ], [ 88.3779952, 27.5835179 ], [ 88.3776582, 27.5831033 ], [ 88.3776879, 27.5828667 ], [ 88.3784369, 27.5817558 ], [ 88.3784814, 27.5812628 ], [ 88.3803282, 27.5791979 ], [ 88.381841, 27.5784551 ], [ 88.3830276, 27.5783828 ], [ 88.3838211, 27.578718 ], [ 88.3844367, 27.5796975 ], [ 88.3849632, 27.5803088 ], [ 88.388319, 27.5807333 ], [ 88.3888047, 27.5812488 ], [ 88.3892126, 27.5814657 ], [ 88.3896724, 27.5813408 ], [ 88.3905623, 27.5807624 ], [ 88.3911853, 27.5807558 ], [ 88.391697, 27.5814854 ], [ 88.3933654, 27.5809757 ], [ 88.3949636, 27.5810508 ], [ 88.3955717, 27.581511 ], [ 88.3963398, 27.5819717 ], [ 88.3971897, 27.5821993 ], [ 88.3980089, 27.5820755 ], [ 88.3994541, 27.581928 ], [ 88.4017099, 27.5815287 ], [ 88.4037693, 27.579954 ], [ 88.405604, 27.5796638 ], [ 88.4066599, 27.5800289 ], [ 88.407257, 27.5802737 ], [ 88.4081767, 27.5800412 ], [ 88.4082389, 27.5791712 ], [ 88.4079678, 27.5779818 ], [ 88.4087619, 27.5761364 ], [ 88.4113718, 27.5755591 ], [ 88.4130552, 27.5739062 ], [ 88.4131961, 27.573091 ], [ 88.4140416, 27.5717105 ], [ 88.4143901, 27.5709743 ], [ 88.4150724, 27.5698699 ], [ 88.4152949, 27.5689101 ], [ 88.4151169, 27.5684499 ], [ 88.4153542, 27.5675295 ], [ 88.4157918, 27.5669641 ], [ 88.4172602, 27.5666026 ], [ 88.4180144, 27.5660474 ], [ 88.4182822, 27.5658672 ], [ 88.4189755, 27.5655325 ], [ 88.41974, 27.5653211 ], [ 88.4205306, 27.5652417 ], [ 88.4218507, 27.5649261 ], [ 88.4230892, 27.5640452 ], [ 88.4240605, 27.5640173 ], [ 88.4250157, 27.5636143 ], [ 88.426135, 27.5635597 ], [ 88.4272962, 27.5639032 ], [ 88.4277595, 27.5637898 ], [ 88.4286103, 27.5630086 ], [ 88.4296282, 27.5623004 ] ] } },
{ "type": "Feature", "properties": { "element": "way", "id": 134410518, "name": "Zemu Chu", "waterway": "river" }, "geometry": { "type": "LineString", "coordinates": [ [ 88.4930204, 27.7799452 ], [ 88.4934102, 27.7796641 ], [ 88.493694, 27.7796676 ], [ 88.4945906, 27.7798433 ], [ 88.4965483, 27.7799687 ], [ 88.4979243, 27.7800122 ], [ 88.4990546, 27.7799252 ], [ 88.4996788, 27.7796273 ], [ 88.499893, 27.7796158 ], [ 88.501378, 27.7799839 ], [ 88.5020983, 27.7803202 ], [ 88.5030601, 27.7804987 ], [ 88.5039689, 27.7801861 ], [ 88.5049513, 27.7795916 ], [ 88.5055149, 27.7786556 ], [ 88.5056, 27.7772885 ], [ 88.5061181, 27.7766243 ], [ 88.5060142, 27.7761582 ], [ 88.506226, 27.7757047 ], [ 88.5071162, 27.7753621 ], [ 88.5082849, 27.7748947 ], [ 88.509522, 27.7745337 ], [ 88.510578, 27.7742271 ], [ 88.5116352, 27.7740554 ], [ 88.5120844, 27.7735253 ], [ 88.5128008, 27.7727192 ], [ 88.5137049, 27.7714659 ], [ 88.5145411, 27.7708871 ], [ 88.5157118, 27.7707765 ], [ 88.5161081, 27.7705036 ], [ 88.5179464, 27.7700007 ], [ 88.5186603, 27.7697705 ], [ 88.5194603, 27.7691447 ], [ 88.51978, 27.7686112 ], [ 88.5208133, 27.7683137 ], [ 88.5212357, 27.7679921 ], [ 88.5220806, 27.7670391 ], [ 88.5229703, 27.7656075 ], [ 88.5234762, 27.7653258 ], [ 88.5241459, 27.7650456 ], [ 88.5248267, 27.7643533 ], [ 88.5257511, 27.7638004 ], [ 88.5266573, 27.7632022 ], [ 88.5276947, 27.7628646 ], [ 88.5282072, 27.7620697 ], [ 88.5288357, 27.7617052 ], [ 88.5298463, 27.7610983 ], [ 88.5299476, 27.7607518 ], [ 88.5308, 27.7607285 ], [ 88.5321183, 27.759956 ], [ 88.5329806, 27.7587655 ], [ 88.5352498, 27.7580227 ], [ 88.53736, 27.7575126 ], [ 88.5376559, 27.757394 ], [ 88.5380322, 27.7572781 ], [ 88.5384709, 27.7570384 ] ] } },
{ "type": "Feature", "properties": { "element": "way", "id": 134410518, "name": "Zemu Chu", "waterway": "river" }, "geometry": { "type": "LineString", "coordinates": [ [ 88.4930204, 27.7799452 ], [ 88.4934102, 27.7796641 ], [ 88.493694, 27.7796676 ], [ 88.4945906, 27.7798433 ], [ 88.4965483, 27.7799687 ], [ 88.4979243, 27.7800122 ], [ 88.4990546, 27.7799252 ], [ 88.4996788, 27.7796273 ], [ 88.499893, 27.7796158 ], [ 88.501378, 27.7799839 ], [ 88.5020983, 27.7803202 ], [ 88.5030601, 27.7804987 ], [ 88.5039689, 27.7801861 ], [ 88.5049513, 27.7795916 ], [ 88.5055149, 27.7786556 ], [ 88.5056, 27.7772885 ], [ 88.5061181, 27.7766243 ], [ 88.5060142, 27.7761582 ], [ 88.506226, 27.7757047 ], [ 88.5071162, 27.7753621 ], [ 88.5082849, 27.7748947 ], [ 88.509522, 27.7745337 ], [ 88.510578, 27.7742271 ], [ 88.5116352, 27.7740554 ], [ 88.5120844, 27.7735253 ], [ 88.5128008, 27.7727192 ], [ 88.5137049, 27.7714659 ], [ 88.5145411, 27.7708871 ], [ 88.5157118, 27.7707765 ], [ 88.5161081, 27.7705036 ], [ 88.5179464, 27.7700007 ], [ 88.5186603, 27.7697705 ], [ 88.5194603, 27.7691447 ], [ 88.51978, 27.7686112 ], [ 88.5208133, 27.7683137 ], [ 88.5212357, 27.7679921 ], [ 88.5220806, 27.7670391 ], [ 88.5229703, 27.7656075 ], [ 88.5234762, 27.7653258 ], [ 88.5241459, 27.7650456 ], [ 88.5248267, 27.7643533 ], [ 88.5257511, 27.7638004 ], [ 88.5266573, 27.7632022 ], [ 88.5276947, 27.7628646 ], [ 88.5282072, 27.7620697 ], [ 88.5288357, 27.7617052 ], [ 88.5298463, 27.7610983 ], [ 88.5299476, 27.7607518 ], [ 88.5308, 27.7607285 ], [ 88.5321183, 27.759956 ], [ 88.5329806, 27.7587655 ], [ 88.5352498, 27.7580227 ], [ 88.53736, 27.7575126 ], [ 88.5376559, 27.757394 ], [ 88.5380322, 27.7572781 ], [ 88.5384709, 27.7570384 ] ] } },
{ "type": "Feature", "properties": { "element": "way", "id": 134410519, "name": "Ringi Chu", "waterway": "river" }, "geometry": { "type": "LineString", "coordinates": [ [ 88.4087439, 27.6807064 ], [ 88.410698, 27.6809807 ], [ 88.4115546, 27.6808099 ], [ 88.4124442, 27.6813062 ], [ 88.4130413, 27.6813721 ], [ 88.4145289, 27.6810864 ], [ 88.415249, 27.681359 ], [ 88.4163722, 27.6813346 ], [ 88.4174368, 27.6810842 ], [ 88.4190439, 27.6803362 ], [ 88.4209978, 27.6802731 ], [ 88.4219902, 27.6788192 ], [ 88.4229827, 27.6779733 ], [ 88.4246181, 27.6772777 ], [ 88.425467, 27.6768324 ], [ 88.4268544, 27.6766277 ], [ 88.428212, 27.6760836 ], [ 88.429567, 27.6761506 ], [ 88.4336236, 27.6749275 ], [ 88.435833, 27.674911 ], [ 88.4365787, 27.6750526 ], [ 88.4373839, 27.6747701 ], [ 88.438762, 27.6754673 ], [ 88.4410446, 27.6738053 ], [ 88.4428816, 27.671615 ], [ 88.4432704, 27.6708181 ], [ 88.4430504, 27.6698581 ], [ 88.4438137, 27.66854 ], [ 88.4466853, 27.6670259 ], [ 88.4520812, 27.6651986 ], [ 88.4558901, 27.663793 ], [ 88.456625, 27.6609623 ], [ 88.4590861, 27.6548313 ], [ 88.4625528, 27.6462458 ], [ 88.4648097, 27.6401473 ], [ 88.4659266, 27.6381244 ], [ 88.4656477, 27.6366607 ], [ 88.4647294, 27.6363325 ], [ 88.4644246, 27.6362235 ], [ 88.4618175, 27.6346932 ], [ 88.462016, 27.6340706 ], [ 88.4623217, 27.6334861 ], [ 88.4635877, 27.6325926 ], [ 88.4625363, 27.6310338 ], [ 88.4632873, 27.6290376 ], [ 88.4638238, 27.6280491 ], [ 88.4638238, 27.6270415 ], [ 88.4644246, 27.6264331 ], [ 88.4645319, 27.6249122 ], [ 88.4651327, 27.6243229 ], [ 88.4653929, 27.6234715 ], [ 88.4645319, 27.6206726 ], [ 88.4637379, 27.6202163 ], [ 88.4630298, 27.6185432 ], [ 88.463223, 27.6171933 ], [ 88.462944, 27.6164327 ], [ 88.4624719, 27.6162616 ], [ 88.4615493, 27.6150828 ], [ 88.4603078, 27.6120335 ], [ 88.4598541, 27.6118315 ], [ 88.459425, 27.6112611 ], [ 88.4587812, 27.6100062 ], [ 88.4582448, 27.6087892 ], [ 88.4582877, 27.6076674 ], [ 88.4591675, 27.6063554 ], [ 88.4586954, 27.6039405 ], [ 88.4571075, 27.6025524 ], [ 88.4539962, 27.6023052 ], [ 88.4533953, 27.6020009 ], [ 88.4518075, 27.6008219 ], [ 88.4508633, 27.5994338 ], [ 88.4501767, 27.5989774 ], [ 88.4484815, 27.5975702 ], [ 88.4472989, 27.5952081 ], [ 88.4456062, 27.5935006 ], [ 88.4447694, 27.592759 ], [ 88.4427953, 27.5908382 ], [ 88.4412931, 27.5885123 ], [ 88.4393901, 27.5836041 ], [ 88.4390507, 27.5809968 ], [ 88.4388745, 27.579418 ], [ 88.4385757, 27.5773729 ], [ 88.4383304, 27.5767234 ], [ 88.4385264, 27.5754234 ], [ 88.4384048, 27.5751418 ], [ 88.4378506, 27.5749381 ], [ 88.4370733, 27.5747344 ], [ 88.4364853, 27.5737819 ], [ 88.4366333, 27.5728258 ], [ 88.4363028, 27.5715951 ], [ 88.4357892, 27.5705946 ], [ 88.4350322, 27.5701272 ], [ 88.4344306, 27.5700494 ], [ 88.4339846, 27.5686774 ], [ 88.4331137, 27.56709 ], [ 88.4321805, 27.5665197 ], [ 88.4320202, 27.5653401 ], [ 88.4314585, 27.563957 ], [ 88.4296282, 27.5623004 ] ] } },
{ "type": "Feature", "properties": { "element": "way", "id": 134410519, "name": "Ringi Chu", "waterway": "river" }, "geometry": { "type": "LineString", "coordinates": [ [ 88.4087439, 27.6807064 ], [ 88.410698, 27.6809807 ], [ 88.4115546, 27.6808099 ], [ 88.4124442, 27.6813062 ], [ 88.4130413, 27.6813721 ], [ 88.4145289, 27.6810864 ], [ 88.415249, 27.681359 ], [ 88.4163722, 27.6813346 ], [ 88.4174368, 27.6810842 ], [ 88.4190439, 27.6803362 ], [ 88.4209978, 27.6802731 ], [ 88.4219902, 27.6788192 ], [ 88.4229827, 27.6779733 ], [ 88.4246181, 27.6772777 ], [ 88.425467, 27.6768324 ], [ 88.4268544, 27.6766277 ], [ 88.428212, 27.6760836 ], [ 88.429567, 27.6761506 ], [ 88.4336236, 27.6749275 ], [ 88.435833, 27.674911 ], [ 88.4365787, 27.6750526 ], [ 88.4373839, 27.6747701 ], [ 88.438762, 27.6754673 ], [ 88.4410446, 27.6738053 ], [ 88.4428816, 27.671615 ], [ 88.4432704, 27.6708181 ], [ 88.4430504, 27.6698581 ], [ 88.4438137, 27.66854 ], [ 88.4466853, 27.6670259 ], [ 88.4520812, 27.6651986 ], [ 88.4558901, 27.663793 ], [ 88.456625, 27.6609623 ], [ 88.4590861, 27.6548313 ], [ 88.4625528, 27.6462458 ], [ 88.4648097, 27.6401473 ], [ 88.4659266, 27.6381244 ], [ 88.4656477, 27.6366607 ], [ 88.4647294, 27.6363325 ], [ 88.4644246, 27.6362235 ], [ 88.4618175, 27.6346932 ], [ 88.462016, 27.6340706 ], [ 88.4623217, 27.6334861 ], [ 88.4635877, 27.6325926 ], [ 88.4625363, 27.6310338 ], [ 88.4632873, 27.6290376 ], [ 88.4638238, 27.6280491 ], [ 88.4638238, 27.6270415 ], [ 88.4644246, 27.6264331 ], [ 88.4645319, 27.6249122 ], [ 88.4651327, 27.6243229 ], [ 88.4653929, 27.6234715 ], [ 88.4645319, 27.6206726 ], [ 88.4637379, 27.6202163 ], [ 88.4630298, 27.6185432 ], [ 88.463223, 27.6171933 ], [ 88.462944, 27.6164327 ], [ 88.4624719, 27.6162616 ], [ 88.4615493, 27.6150828 ], [ 88.4603078, 27.6120335 ], [ 88.4598541, 27.6118315 ], [ 88.459425, 27.6112611 ], [ 88.4587812, 27.6100062 ], [ 88.4582448, 27.6087892 ], [ 88.4582877, 27.6076674 ], [ 88.4591675, 27.6063554 ], [ 88.4586954, 27.6039405 ], [ 88.4571075, 27.6025524 ], [ 88.4539962, 27.6023052 ], [ 88.4533953, 27.6020009 ], [ 88.4518075, 27.6008219 ], [ 88.4508633, 27.5994338 ], [ 88.4501767, 27.5989774 ], [ 88.4484815, 27.5975702 ], [ 88.4472989, 27.5952081 ], [ 88.4456062, 27.5935006 ], [ 88.4447694, 27.592759 ], [ 88.4427953, 27.5908382 ], [ 88.4412931, 27.5885123 ], [ 88.4393901, 27.5836041 ], [ 88.4390507, 27.5809968 ], [ 88.4388745, 27.579418 ], [ 88.4385757, 27.5773729 ], [ 88.4383304, 27.5767234 ], [ 88.4385264, 27.5754234 ], [ 88.4384048, 27.5751418 ], [ 88.4378506, 27.5749381 ], [ 88.4370733, 27.5747344 ], [ 88.4364853, 27.5737819 ], [ 88.4366333, 27.5728258 ], [ 88.4363028, 27.5715951 ], [ 88.4357892, 27.5705946 ], [ 88.4350322, 27.5701272 ], [ 88.4344306, 27.5700494 ], [ 88.4339846, 27.5686774 ], [ 88.4331137, 27.56709 ], [ 88.4321805, 27.5665197 ], [ 88.4320202, 27.5653401 ], [ 88.4314585, 27.563957 ], [ 88.4296282, 27.5623004 ] ] } },
{ "type": "Feature", "properties": { "element": "way", "id": 134410523, "name": null, "waterway": "stream" }, "geometry": { "type": "LineString", "coordinates": [ [ 88.2374158, 27.6335023 ], [ 88.2412487, 27.6314245 ], [ 88.2424851, 27.628441 ], [ 88.2449024, 27.6243984 ], [ 88.2479374, 27.6198979 ], [ 88.2520437, 27.6187447 ] ] } },
{ "type": "Feature", "properties": { "element": "way", "id": 134410526, "name": "Khora Chu", "waterway": "stream" }, "geometry": { "type": "LineString", "coordinates": [ [ 88.348387, 27.9494384 ], [ 88.3489354, 27.9351456 ], [ 88.3533229, 27.9259391 ], [ 88.3552875, 27.9208555 ], [ 88.357162, 27.9160048 ], [ 88.3613454, 27.9045684 ], [ 88.3663493, 27.8932907 ], [ 88.3706623, 27.886008 ], [ 88.3714047, 27.885952 ], [ 88.3722201, 27.8857624 ], [ 88.3727565, 27.8851744 ], [ 88.3734368, 27.8846443 ], [ 88.3737157, 27.8846064 ], [ 88.3740869, 27.8841882 ], [ 88.3745375, 27.8833157 ], [ 88.374795, 27.8830692 ], [ 88.3750722, 27.8826196 ] ] } },
{ "type": "Feature", "properties": { "element": "way", "id": 170015106, "name": "Lachung Chu", "waterway": "stream" }, "geometry": { "type": "LineString", "coordinates": [ [ 88.7952211, 27.966224 ], [ 88.7958383, 27.9650486 ], [ 88.7960529, 27.9647832 ], [ 88.7963104, 27.9645368 ], [ 88.7962675, 27.9642147 ], [ 88.7959885, 27.9638735 ], [ 88.7954736, 27.9633997 ], [ 88.7951088, 27.9631723 ], [ 88.7947869, 27.9630775 ], [ 88.794508, 27.9632291 ], [ 88.7941003, 27.9634187 ], [ 88.7934351, 27.9637598 ], [ 88.7930488, 27.9638167 ], [ 88.7926626, 27.9638167 ], [ 88.7920403, 27.9637788 ], [ 88.7916755, 27.9637029 ], [ 88.7910318, 27.9633618 ], [ 88.7906885, 27.9632291 ], [ 88.7903023, 27.9631723 ], [ 88.7899589, 27.9630586 ], [ 88.7891865, 27.9629448 ], [ 88.7882852, 27.9626227 ], [ 88.7876844, 27.9623384 ], [ 88.7861609, 27.9612581 ], [ 88.7857961, 27.9610685 ], [ 88.7845087, 27.9601588 ], [ 88.7842726, 27.9599124 ], [ 88.78335, 27.959287 ], [ 88.7828564, 27.9587373 ], [ 88.7826204, 27.9583772 ], [ 88.7824917, 27.9577138 ], [ 88.7823415, 27.9574295 ], [ 88.7820625, 27.9571452 ], [ 88.7813973, 27.9567472 ], [ 88.7806248, 27.9563871 ], [ 88.7796592, 27.9557616 ], [ 88.7789726, 27.9552688 ], [ 88.7786507, 27.9550793 ], [ 88.778286, 27.9550224 ], [ 88.7773204, 27.9546623 ], [ 88.7756896, 27.9546623 ], [ 88.7747669, 27.9545865 ], [ 88.7741446, 27.9544727 ], [ 88.7732219, 27.9542074 ], [ 88.7727928, 27.9540368 ], [ 88.7711406, 27.9531649 ], [ 88.770647, 27.9529375 ], [ 88.7702393, 27.9528237 ], [ 88.7698316, 27.9528048 ], [ 88.7686515, 27.9525394 ], [ 88.7676215, 27.9520466 ], [ 88.7672996, 27.9519139 ], [ 88.766613, 27.9518002 ], [ 88.7662482, 27.9517244 ], [ 88.7659263, 27.9516107 ], [ 88.7656045, 27.951478 ], [ 88.7648749, 27.9512316 ], [ 88.7641883, 27.9508525 ], [ 88.7639522, 27.9505871 ], [ 88.7636733, 27.9503407 ], [ 88.7630081, 27.9499237 ], [ 88.7621712, 27.9496773 ], [ 88.7618065, 27.9495067 ], [ 88.7611198, 27.9490897 ], [ 88.7606692, 27.9487674 ], [ 88.7603259, 27.9485779 ], [ 88.7592745, 27.9481988 ], [ 88.7585664, 27.9480092 ], [ 88.7577939, 27.9480092 ], [ 88.7570643, 27.9478955 ], [ 88.7562489, 27.947687 ], [ 88.7551117, 27.9472131 ], [ 88.7547898, 27.9470236 ], [ 88.7536526, 27.9462274 ], [ 88.7532663, 27.9460189 ], [ 88.7525797, 27.9458862 ], [ 88.7521934, 27.9458862 ], [ 88.7518072, 27.9458294 ], [ 88.7514639, 27.9456967 ], [ 88.751142, 27.9454882 ], [ 88.7500477, 27.9445593 ], [ 88.7492537, 27.9438201 ], [ 88.7489962, 27.9435357 ], [ 88.7486315, 27.942986 ], [ 88.7482452, 27.9427017 ], [ 88.7476229, 27.9422088 ], [ 88.7471294, 27.9418866 ], [ 88.746593, 27.9413747 ], [ 88.746314, 27.9411473 ], [ 88.7455416, 27.9403511 ], [ 88.7451768, 27.9400857 ], [ 88.744812, 27.939934 ], [ 88.7431812, 27.9394033 ], [ 88.742752, 27.9389104 ], [ 88.7419796, 27.9376213 ], [ 88.7409496, 27.9366735 ], [ 88.7400256, 27.9357422 ], [ 88.7392417, 27.935606 ], [ 88.7389836, 27.9352043 ], [ 88.7382888, 27.9342849 ], [ 88.7379012, 27.9342932 ], [ 88.7375619, 27.9335384 ], [ 88.7368726, 27.9327303 ], [ 88.7362879, 27.9325692 ], [ 88.735958, 27.9326047 ], [ 88.7358473, 27.9324347 ], [ 88.7358654, 27.9322362 ], [ 88.7357729, 27.9319815 ], [ 88.735618, 27.9312901 ], [ 88.7358225, 27.9311296 ], [ 88.7356254, 27.9306236 ], [ 88.7353706, 27.9306829 ], [ 88.7350668, 27.9305454 ], [ 88.7350598, 27.930408 ], [ 88.7349079, 27.9302705 ], [ 88.7346283, 27.9302611 ], [ 88.7343809, 27.9302136 ], [ 88.7342106, 27.9301354 ], [ 88.7340811, 27.9298712 ], [ 88.7338927, 27.9296449 ], [ 88.7332624, 27.9294767 ], [ 88.7327957, 27.9289387 ], [ 88.7322378, 27.9284458 ], [ 88.731637, 27.9281424 ], [ 88.7309503, 27.927877 ], [ 88.7302985, 27.927441 ], [ 88.7301121, 27.927441 ], [ 88.7298794, 27.9272585 ], [ 88.7297057, 27.9268864 ], [ 88.729463, 27.9266497 ], [ 88.729231, 27.9266026 ], [ 88.7290459, 27.9264136 ], [ 88.7290674, 27.9260641 ], [ 88.7287978, 27.9257234 ], [ 88.7286356, 27.9253733 ], [ 88.7280066, 27.9251274 ], [ 88.7278075, 27.9249878 ], [ 88.727721, 27.9247203 ], [ 88.7272167, 27.9242748 ], [ 88.7266159, 27.9238956 ], [ 88.7252855, 27.9233269 ], [ 88.7245559, 27.9231752 ], [ 88.7239122, 27.9229477 ], [ 88.7233543, 27.9226064 ], [ 88.7228393, 27.9221134 ], [ 88.7212944, 27.9205208 ], [ 88.7198782, 27.9188902 ], [ 88.7194061, 27.9183973 ], [ 88.7188482, 27.9177147 ], [ 88.7171745, 27.9154015 ], [ 88.7168312, 27.9148327 ], [ 88.7164449, 27.9143018 ], [ 88.7159729, 27.9137709 ], [ 88.7154633, 27.9137445 ], [ 88.7152058, 27.913323 ], [ 88.7148925, 27.9131473 ], [ 88.7144573, 27.9130723 ], [ 88.714184, 27.9128146 ], [ 88.7142344, 27.9124702 ], [ 88.7144067, 27.9121689 ], [ 88.7143484, 27.9115027 ], [ 88.7145347, 27.9109935 ], [ 88.7144937, 27.9101461 ], [ 88.7144609, 27.9093635 ], [ 88.7144365, 27.9086357 ], [ 88.7141505, 27.9081471 ], [ 88.7139999, 27.9076289 ], [ 88.7137842, 27.9070963 ], [ 88.7137648, 27.9069399 ], [ 88.7136715, 27.9067836 ], [ 88.7134233, 27.9066233 ], [ 88.7131774, 27.9065799 ], [ 88.7130733, 27.9067054 ], [ 88.7127296, 27.9066949 ], [ 88.7123199, 27.9065772 ], [ 88.7118301, 27.9062198 ], [ 88.7111673, 27.9056894 ], [ 88.710916, 27.9055059 ], [ 88.7106486, 27.9051146 ], [ 88.7105273, 27.9048972 ], [ 88.7102078, 27.9046143 ], [ 88.7101163, 27.9044947 ], [ 88.7102483, 27.9040242 ], [ 88.7103167, 27.903682 ], [ 88.7104495, 27.9034999 ], [ 88.7105084, 27.9032308 ], [ 88.7106292, 27.9030601 ], [ 88.7106514, 27.9028676 ], [ 88.7105273, 27.9026493 ], [ 88.710397, 27.9024801 ], [ 88.7104109, 27.902324 ], [ 88.710431, 27.9021407 ], [ 88.710411, 27.90202 ], [ 88.7102986, 27.9018394 ], [ 88.7101624, 27.9017318 ], [ 88.7099554, 27.9017149 ], [ 88.709759, 27.9017762 ], [ 88.7095272, 27.9017249 ], [ 88.7093192, 27.9013681 ], [ 88.7091962, 27.9009675 ], [ 88.7090187, 27.9007465 ], [ 88.7087563, 27.9007383 ], [ 88.7084226, 27.9006324 ], [ 88.7081455, 27.9002075 ], [ 88.707931, 27.8996954 ], [ 88.7079573, 27.899385 ], [ 88.7080401, 27.8990433 ], [ 88.7080299, 27.898846 ] ] } },
{ "type": "Feature", "properties": { "element": "way", "id": 170015106, "name": "Lachung Chu", "waterway": "stream" }, "geometry": { "type": "LineString", "coordinates": [ [ 88.7952211, 27.966224 ], [ 88.7958383, 27.9650486 ], [ 88.7960529, 27.9647832 ], [ 88.7963104, 27.9645368 ], [ 88.7962675, 27.9642147 ], [ 88.7959885, 27.9638735 ], [ 88.7954736, 27.9633997 ], [ 88.7951088, 27.9631723 ], [ 88.7947869, 27.9630775 ], [ 88.794508, 27.9632291 ], [ 88.7941003, 27.9634187 ], [ 88.7934351, 27.9637598 ], [ 88.7930488, 27.9638167 ], [ 88.7926626, 27.9638167 ], [ 88.7920403, 27.9637788 ], [ 88.7916755, 27.9637029 ], [ 88.7910318, 27.9633618 ], [ 88.7906885, 27.9632291 ], [ 88.7903023, 27.9631723 ], [ 88.7899589, 27.9630586 ], [ 88.7891865, 27.9629448 ], [ 88.7882852, 27.9626227 ], [ 88.7876844, 27.9623384 ], [ 88.7861609, 27.9612581 ], [ 88.7857961, 27.9610685 ], [ 88.7845087, 27.9601588 ], [ 88.7842726, 27.9599124 ], [ 88.78335, 27.959287 ], [ 88.7828564, 27.9587373 ], [ 88.7826204, 27.9583772 ], [ 88.7824917, 27.9577138 ], [ 88.7823415, 27.9574295 ], [ 88.7820625, 27.9571452 ], [ 88.7813973, 27.9567472 ], [ 88.7806248, 27.9563871 ], [ 88.7796592, 27.9557616 ], [ 88.7789726, 27.9552688 ], [ 88.7786507, 27.9550793 ], [ 88.778286, 27.9550224 ], [ 88.7773204, 27.9546623 ], [ 88.7756896, 27.9546623 ], [ 88.7747669, 27.9545865 ], [ 88.7741446, 27.9544727 ], [ 88.7732219, 27.9542074 ], [ 88.7727928, 27.9540368 ], [ 88.7711406, 27.9531649 ], [ 88.770647, 27.9529375 ], [ 88.7702393, 27.9528237 ], [ 88.7698316, 27.9528048 ], [ 88.7686515, 27.9525394 ], [ 88.7676215, 27.9520466 ], [ 88.7672996, 27.9519139 ], [ 88.766613, 27.9518002 ], [ 88.7662482, 27.9517244 ], [ 88.7659263, 27.9516107 ], [ 88.7656045, 27.951478 ], [ 88.7648749, 27.9512316 ], [ 88.7641883, 27.9508525 ], [ 88.7639522, 27.9505871 ], [ 88.7636733, 27.9503407 ], [ 88.7630081, 27.9499237 ], [ 88.7621712, 27.9496773 ], [ 88.7618065, 27.9495067 ], [ 88.7611198, 27.9490897 ], [ 88.7606692, 27.9487674 ], [ 88.7603259, 27.9485779 ], [ 88.7592745, 27.9481988 ], [ 88.7585664, 27.9480092 ], [ 88.7577939, 27.9480092 ], [ 88.7570643, 27.9478955 ], [ 88.7562489, 27.947687 ], [ 88.7551117, 27.9472131 ], [ 88.7547898, 27.9470236 ], [ 88.7536526, 27.9462274 ], [ 88.7532663, 27.9460189 ], [ 88.7525797, 27.9458862 ], [ 88.7521934, 27.9458862 ], [ 88.7518072, 27.9458294 ], [ 88.7514639, 27.9456967 ], [ 88.751142, 27.9454882 ], [ 88.7500477, 27.9445593 ], [ 88.7492537, 27.9438201 ], [ 88.7489962, 27.9435357 ], [ 88.7486315, 27.942986 ], [ 88.7482452, 27.9427017 ], [ 88.7476229, 27.9422088 ], [ 88.7471294, 27.9418866 ], [ 88.746593, 27.9413747 ], [ 88.746314, 27.9411473 ], [ 88.7455416, 27.9403511 ], [ 88.7451768, 27.9400857 ], [ 88.744812, 27.939934 ], [ 88.7431812, 27.9394033 ], [ 88.742752, 27.9389104 ], [ 88.7419796, 27.9376213 ], [ 88.7409496, 27.9366735 ], [ 88.7400256, 27.9357422 ], [ 88.7392417, 27.935606 ], [ 88.7389836, 27.9352043 ], [ 88.7382888, 27.9342849 ], [ 88.7379012, 27.9342932 ], [ 88.7375619, 27.9335384 ], [ 88.7368726, 27.9327303 ], [ 88.7362879, 27.9325692 ], [ 88.735958, 27.9326047 ], [ 88.7358473, 27.9324347 ], [ 88.7358654, 27.9322362 ], [ 88.7357729, 27.9319815 ], [ 88.735618, 27.9312901 ], [ 88.7358225, 27.9311296 ], [ 88.7356254, 27.9306236 ], [ 88.7353706, 27.9306829 ], [ 88.7350668, 27.9305454 ], [ 88.7350598, 27.930408 ], [ 88.7349079, 27.9302705 ], [ 88.7346283, 27.9302611 ], [ 88.7343809, 27.9302136 ], [ 88.7342106, 27.9301354 ], [ 88.7340811, 27.9298712 ], [ 88.7338927, 27.9296449 ], [ 88.7332624, 27.9294767 ], [ 88.7327957, 27.9289387 ], [ 88.7322378, 27.9284458 ], [ 88.731637, 27.9281424 ], [ 88.7309503, 27.927877 ], [ 88.7302985, 27.927441 ], [ 88.7301121, 27.927441 ], [ 88.7298794, 27.9272585 ], [ 88.7297057, 27.9268864 ], [ 88.729463, 27.9266497 ], [ 88.729231, 27.9266026 ], [ 88.7290459, 27.9264136 ], [ 88.7290674, 27.9260641 ], [ 88.7287978, 27.9257234 ], [ 88.7286356, 27.9253733 ], [ 88.7280066, 27.9251274 ], [ 88.7278075, 27.9249878 ], [ 88.727721, 27.9247203 ], [ 88.7272167, 27.9242748 ], [ 88.7266159, 27.9238956 ], [ 88.7252855, 27.9233269 ], [ 88.7245559, 27.9231752 ], [ 88.7239122, 27.9229477 ], [ 88.7233543, 27.9226064 ], [ 88.7228393, 27.9221134 ], [ 88.7212944, 27.9205208 ], [ 88.7198782, 27.9188902 ], [ 88.7194061, 27.9183973 ], [ 88.7188482, 27.9177147 ], [ 88.7171745, 27.9154015 ], [ 88.7168312, 27.9148327 ], [ 88.7164449, 27.9143018 ], [ 88.7159729, 27.9137709 ], [ 88.7154633, 27.9137445 ], [ 88.7152058, 27.913323 ], [ 88.7148925, 27.9131473 ], [ 88.7144573, 27.9130723 ], [ 88.714184, 27.9128146 ], [ 88.7142344, 27.9124702 ], [ 88.7144067, 27.9121689 ], [ 88.7143484, 27.9115027 ], [ 88.7145347, 27.9109935 ], [ 88.7144937, 27.9101461 ], [ 88.7144609, 27.9093635 ], [ 88.7144365, 27.9086357 ], [ 88.7141505, 27.9081471 ], [ 88.7139999, 27.9076289 ], [ 88.7137842, 27.9070963 ], [ 88.7137648, 27.9069399 ], [ 88.7136715, 27.9067836 ], [ 88.7134233, 27.9066233 ], [ 88.7131774, 27.9065799 ], [ 88.7130733, 27.9067054 ], [ 88.7127296, 27.9066949 ], [ 88.7123199, 27.9065772 ], [ 88.7118301, 27.9062198 ], [ 88.7111673, 27.9056894 ], [ 88.710916, 27.9055059 ], [ 88.7106486, 27.9051146 ], [ 88.7105273, 27.9048972 ], [ 88.7102078, 27.9046143 ], [ 88.7101163, 27.9044947 ], [ 88.7102483, 27.9040242 ], [ 88.7103167, 27.903682 ], [ 88.7104495, 27.9034999 ], [ 88.7105084, 27.9032308 ], [ 88.7106292, 27.9030601 ], [ 88.7106514, 27.9028676 ], [ 88.7105273, 27.9026493 ], [ 88.710397, 27.9024801 ], [ 88.7104109, 27.902324 ], [ 88.710431, 27.9021407 ], [ 88.710411, 27.90202 ], [ 88.7102986, 27.9018394 ], [ 88.7101624, 27.9017318 ], [ 88.7099554, 27.9017149 ], [ 88.709759, 27.9017762 ], [ 88.7095272, 27.9017249 ], [ 88.7093192, 27.9013681 ], [ 88.7091962, 27.9009675 ], [ 88.7090187, 27.9007465 ], [ 88.7087563, 27.9007383 ], [ 88.7084226, 27.9006324 ], [ 88.7081455, 27.9002075 ], [ 88.707931, 27.8996954 ], [ 88.7079573, 27.899385 ], [ 88.7080401, 27.8990433 ], [ 88.7080299, 27.898846 ] ] } },
{ "type": "Feature", "properties": { "element": "way", "id": 170015107, "name": "Lachung Chu", "waterway": "river" }, "geometry": { "type": "LineString", "coordinates": [ [ 88.7080299, 27.898846 ], [ 88.7077857, 27.898512 ], [ 88.7076881, 27.8980432 ], [ 88.7075253, 27.8978259 ], [ 88.7074505, 27.8973717 ], [ 88.7073684, 27.8970691 ], [ 88.7073188, 27.8968491 ], [ 88.7073948, 27.8965241 ], [ 88.7074959, 27.8963727 ], [ 88.7075177, 27.896152 ], [ 88.7074908, 27.8959743 ], [ 88.7076028, 27.8956911 ], [ 88.707544, 27.8954942 ], [ 88.7075297, 27.8951831 ], [ 88.7075195, 27.8948002 ], [ 88.7075432, 27.8943544 ], [ 88.707819, 27.8940786 ], [ 88.7079931, 27.8939322 ], [ 88.7079785, 27.8937512 ], [ 88.7081591, 27.8933617 ], [ 88.7082545, 27.8930538 ], [ 88.7082767, 27.8929148 ], [ 88.708363, 27.8927214 ], [ 88.7083436, 27.8923913 ], [ 88.708317, 27.8922236 ], [ 88.7084011, 27.8919794 ], [ 88.7084122, 27.8917173 ], [ 88.7083245, 27.8914704 ], [ 88.7082124, 27.8913599 ], [ 88.7081101, 27.8912037 ], [ 88.7079137, 27.8909109 ], [ 88.7077823, 27.8906684 ], [ 88.7077484, 27.8905212 ], [ 88.7075445, 27.8902804 ], [ 88.7074991, 27.8900182 ], [ 88.7072744, 27.8897976 ], [ 88.7070416, 27.8896955 ], [ 88.7068779, 27.8895306 ], [ 88.7067554, 27.8892757 ], [ 88.7067874, 27.8891429 ], [ 88.7069641, 27.8889712 ], [ 88.7069753, 27.8887524 ], [ 88.7067816, 27.8885819 ], [ 88.7067742, 27.8883925 ], [ 88.7066445, 27.8881396 ], [ 88.7064091, 27.8877898 ], [ 88.7060007, 27.8873821 ], [ 88.7055322, 27.8868979 ], [ 88.704924, 27.8864906 ], [ 88.7043279, 27.8860042 ], [ 88.7041845, 27.8858692 ], [ 88.7040843, 27.8859167 ], [ 88.7039651, 27.8859764 ], [ 88.703877, 27.8859452 ], [ 88.7037436, 27.8857499 ], [ 88.7035955, 27.8854438 ], [ 88.7034396, 27.8852366 ], [ 88.7032959, 27.8851444 ], [ 88.7031385, 27.8851072 ], [ 88.7030958, 27.8849885 ], [ 88.7031476, 27.884789 ], [ 88.7031776, 27.8845976 ], [ 88.7031432, 27.8843692 ], [ 88.7027308, 27.883995 ], [ 88.7026201, 27.8835731 ], [ 88.7024571, 27.8830987 ], [ 88.702099, 27.8827159 ], [ 88.7017409, 27.8826959 ], [ 88.701511, 27.882414 ], [ 88.7013444, 27.8819351 ], [ 88.7013334, 27.8814895 ], [ 88.7011763, 27.8808893 ], [ 88.7007867, 27.8800533 ], [ 88.7006777, 27.8799389 ], [ 88.700414, 27.8799243 ], [ 88.7001266, 27.8797985 ], [ 88.6999078, 27.8795269 ], [ 88.6995763, 27.8793976 ], [ 88.6994866, 27.8790613 ], [ 88.6993325, 27.8788246 ], [ 88.6993271, 27.8784191 ], [ 88.6990714, 27.8779846 ], [ 88.6985921, 27.8772455 ], [ 88.6964464, 27.8730346 ], [ 88.6959422, 27.8720652 ], [ 88.6959529, 27.8714034 ], [ 88.6948371, 27.871043 ], [ 88.6951589, 27.8681218 ], [ 88.6955881, 27.8671354 ], [ 88.695116, 27.8656557 ], [ 88.6956739, 27.8638157 ], [ 88.6958241, 27.8625067 ], [ 88.6953564, 27.8619663 ], [ 88.6942363, 27.8609132 ], [ 88.6943435, 27.8600785 ], [ 88.695116, 27.8588265 ], [ 88.6950087, 27.8574226 ], [ 88.6948156, 27.8560567 ], [ 88.6938286, 27.8536473 ], [ 88.6939788, 27.8525659 ], [ 88.6942363, 27.8509913 ], [ 88.6941719, 27.8494355 ], [ 88.6937427, 27.8475383 ], [ 88.6937427, 27.8460774 ], [ 88.6949444, 27.844256 ], [ 88.6954593, 27.8429278 ], [ 88.6955666, 27.8416566 ], [ 88.6951589, 27.8403853 ], [ 88.6953521, 27.8393418 ], [ 88.695867, 27.8382982 ], [ 88.6964893, 27.8363628 ], [ 88.6966824, 27.8359643 ], [ 88.6965322, 27.8346361 ], [ 88.6971974, 27.8331939 ], [ 88.6973262, 27.8318657 ], [ 88.6980772, 27.8299112 ], [ 88.6994934, 27.8285639 ], [ 88.7000727, 27.8275392 ], [ 88.7001371, 27.8265714 ], [ 88.6997509, 27.8243511 ], [ 88.6994076, 27.8229658 ], [ 88.6994934, 27.8213148 ], [ 88.7004804, 27.8199864 ], [ 88.7012315, 27.8183733 ], [ 88.7018966, 27.8166083 ], [ 88.7020254, 27.815128 ], [ 88.7018913, 27.8142502 ], [ 88.7022614, 27.8135718 ], [ 88.7026316, 27.8132017 ], [ 88.7031895, 27.8128173 ], [ 88.7041068, 27.8121484 ], [ 88.7044287, 27.8100796 ], [ 88.7046218, 27.8090737 ], [ 88.7047076, 27.8085992 ], [ 88.7045359, 27.8068341 ], [ 88.7052226, 27.8052778 ], [ 88.7053299, 27.8042718 ], [ 88.7061891, 27.8031185 ], [ 88.7059951, 27.8014247 ], [ 88.7061882, 27.8003808 ], [ 88.7064886, 27.7993938 ], [ 88.7063169, 27.798122 ], [ 88.7064564, 27.7970116 ], [ 88.7066173, 27.7956829 ], [ 88.7074005, 27.7941359 ], [ 88.7078297, 27.7926078 ], [ 88.7095355, 27.7909563 ], [ 88.7100291, 27.7904723 ], [ 88.7104154, 27.7891909 ], [ 88.7102973, 27.7886024 ], [ 88.710705, 27.7877957 ], [ 88.7114346, 27.7862865 ], [ 88.7119602, 27.7845305 ], [ 88.7123036, 27.7834674 ], [ 88.7126684, 27.782727 ], [ 88.712663, 27.7813269 ], [ 88.7128401, 27.7810137 ], [ 88.7138325, 27.7805011 ], [ 88.7143636, 27.7798699 ], [ 88.7150931, 27.7795519 ], [ 88.7152648, 27.7794 ], [ 88.7153989, 27.7790203 ], [ 88.7153506, 27.7787545 ], [ 88.7147015, 27.777867 ], [ 88.7147015, 27.7776202 ], [ 88.7150395, 27.7772263 ], [ 88.7153989, 27.7768466 ], [ 88.7162358, 27.776595 ], [ 88.7165523, 27.7764004 ], [ 88.7167776, 27.7759685 ], [ 88.7167883, 27.7754559 ], [ 88.7171906, 27.7749575 ], [ 88.7174213, 27.7745256 ], [ 88.7173355, 27.774312 ], [ 88.7175822, 27.774013 ], [ 88.717652, 27.7734956 ], [ 88.7179202, 27.7732536 ], [ 88.7179953, 27.77318 ], [ 88.7181026, 27.7726365 ], [ 88.7184352, 27.7721334 ], [ 88.7185129, 27.7717561 ], [ 88.7189582, 27.7713312 ], [ 88.7190333, 27.7710726 ], [ 88.7194034, 27.7708352 ], [ 88.7196046, 27.7705338 ], [ 88.7199694, 27.7697364 ], [ 88.7199989, 27.769473 ], [ 88.7198138, 27.7688844 ], [ 88.7198353, 27.7686186 ], [ 88.7195107, 27.768208 ], [ 88.7194169, 27.7680086 ], [ 88.7194356, 27.7678472 ], [ 88.7197039, 27.7674817 ], [ 88.7199533, 27.7671969 ], [ 88.7201115, 27.7661171 ], [ 88.7202296, 27.7656947 ], [ 88.7202906, 27.7653107 ], [ 88.7205005, 27.7647334 ], [ 88.7209564, 27.7642445 ], [ 88.7209752, 27.7638457 ], [ 88.7210423, 27.7636654 ], [ 88.7213427, 27.7635633 ], [ 88.7218738, 27.7625308 ], [ 88.722437, 27.7621938 ], [ 88.7225604, 27.7619494 ], [ 88.7226865, 27.7611234 ], [ 88.7228501, 27.7607982 ], [ 88.7234133, 27.7605632 ], [ 88.7237889, 27.7605632 ], [ 88.7243253, 27.7602689 ], [ 88.7244433, 27.7601384 ], [ 88.7244996, 27.7598702 ], [ 88.7243548, 27.7597539 ], [ 88.724049, 27.7597491 ], [ 88.7236226, 27.759545 ], [ 88.723349, 27.7591914 ], [ 88.7234858, 27.7586644 ], [ 88.7237647, 27.7584698 ], [ 88.7244835, 27.7584223 ], [ 88.7251782, 27.7581517 ], [ 88.7260124, 27.7580093 ], [ 88.7266991, 27.7578052 ], [ 88.7269339, 27.7578483 ], [ 88.7271792, 27.7578242 ], [ 88.7274098, 27.7575323 ], [ 88.7277234, 27.757403 ], [ 88.7285263, 27.7573272 ], [ 88.7293571, 27.7571549 ], [ 88.7296897, 27.7569602 ], [ 88.7298399, 27.7563265 ], [ 88.7301511, 27.7561959 ], [ 88.7304085, 27.7556856 ], [ 88.7307706, 27.7551136 ], [ 88.7316531, 27.7540858 ], [ 88.7318462, 27.7535683 ], [ 88.7322164, 27.7530841 ], [ 88.7325007, 27.7529702 ], [ 88.732675, 27.7526236 ], [ 88.7339464, 27.7516409 ], [ 88.7341636, 27.7512825 ], [ 88.7348208, 27.7509549 ], [ 88.7349924, 27.7507816 ], [ 88.7351185, 27.7503757 ], [ 88.7352499, 27.7502404 ], [ 88.7353814, 27.7496328 ], [ 88.7353733, 27.7494381 ], [ 88.7351909, 27.7492055 ], [ 88.7352097, 27.7490251 ], [ 88.7354726, 27.7487758 ], [ 88.7358668, 27.748434 ], [ 88.7364355, 27.7475795 ], [ 88.736473, 27.7471759 ], [ 88.7365535, 27.7469836 ], [ 88.7368217, 27.746948 ], [ 88.7370041, 27.7467225 ], [ 88.7373716, 27.7466798 ], [ 88.7375647, 27.7465943 ], [ 88.7379321, 27.7466015 ], [ 88.7381092, 27.746262 ], [ 88.7382567, 27.7461291 ], [ 88.7391016, 27.7457849 ], [ 88.7393832, 27.7453054 ], [ 88.7394878, 27.7448282 ], [ 88.7396917, 27.7446146 ], [ 88.7400806, 27.7444389 ], [ 88.7403032, 27.7442514 ], [ 88.7402576, 27.7439665 ], [ 88.7403917, 27.7437529 ], [ 88.7405339, 27.7433826 ], [ 88.7404427, 27.7426039 ], [ 88.7406036, 27.7421529 ], [ 88.7408584, 27.7418229 ], [ 88.7408611, 27.7414645 ], [ 88.7408987, 27.7410466 ], [ 88.7409899, 27.7408876 ], [ 88.741352, 27.7407641 ], [ 88.7415773, 27.7404627 ], [ 88.7416282, 27.7399238 ], [ 88.7420171, 27.7394039 ], [ 88.7425616, 27.7390359 ], [ 88.7427927, 27.7384172 ], [ 88.7427977, 27.7381148 ], [ 88.743259, 27.7376543 ], [ 88.743436, 27.7374169 ], [ 88.743597, 27.7367973 ], [ 88.7438759, 27.7365931 ], [ 88.7439001, 27.7364317 ], [ 88.7438276, 27.7361753 ], [ 88.7439752, 27.7357598 ], [ 88.7440395, 27.7349977 ], [ 88.7442166, 27.7346369 ], [ 88.7441388, 27.7342665 ], [ 88.7440234, 27.7331056 ], [ 88.744238, 27.7324314 ], [ 88.7446296, 27.7314983 ], [ 88.7449917, 27.7311565 ], [ 88.7463409, 27.7298198 ], [ 88.7464052, 27.7295302 ], [ 88.7469363, 27.7289248 ], [ 88.7475908, 27.7286114 ], [ 88.7480468, 27.7279751 ], [ 88.7481889, 27.7275928 ], [ 88.7487227, 27.7273934 ], [ 88.7490955, 27.7270515 ], [ 88.7496909, 27.7268355 ], [ 88.7505841, 27.726712 ], [ 88.7514478, 27.7264579 ], [ 88.7520137, 27.7260425 ], [ 88.7521881, 27.7257599 ], [ 88.7521398, 27.7255177 ], [ 88.751885, 27.725012 ], [ 88.7519118, 27.7248458 ], [ 88.7522015, 27.7246132 ], [ 88.7522655, 27.7245229 ], [ 88.7524644, 27.7242428 ], [ 88.7529123, 27.7238795 ], [ 88.7531027, 27.7233192 ], [ 88.7535962, 27.7229891 ], [ 88.7536445, 27.7228443 ], [ 88.7534916, 27.7223647 ], [ 88.7534942, 27.719706 ], [ 88.7541299, 27.7187281 ], [ 88.7548584, 27.7181274 ], [ 88.7548523, 27.7172968 ], [ 88.7553068, 27.7165227 ], [ 88.7550755, 27.7148666 ], [ 88.754227, 27.7141594 ], [ 88.7528655, 27.714099 ], [ 88.7522941, 27.7136003 ], [ 88.7511245, 27.7116871 ], [ 88.7497747, 27.7108402 ], [ 88.749364, 27.7092885 ], [ 88.7496683, 27.7085002 ], [ 88.7499843, 27.7068928 ], [ 88.7498664, 27.7066411 ], [ 88.7506511, 27.7059669 ], [ 88.7507358, 27.7050761 ], [ 88.7510804, 27.7043663 ], [ 88.7513734, 27.7021485 ], [ 88.7522214, 27.7009784 ], [ 88.75214, 27.7000034 ], [ 88.7522187, 27.6991663 ], [ 88.7519132, 27.6980558 ], [ 88.7508947, 27.6974495 ], [ 88.7502739, 27.6955151 ], [ 88.7486246, 27.695351 ], [ 88.7473422, 27.6934113 ], [ 88.7463817, 27.6918516 ], [ 88.7444217, 27.6891897 ], [ 88.742087, 27.6882523 ], [ 88.7404071, 27.6874978 ], [ 88.7395957, 27.6861126 ], [ 88.739443, 27.6854362 ], [ 88.7391552, 27.6838511 ], [ 88.7389675, 27.6835495 ], [ 88.7388119, 27.6831932 ], [ 88.738718, 27.6828773 ], [ 88.7385839, 27.6825694 ], [ 88.7383551, 27.6821828 ], [ 88.7382969, 27.6819296 ], [ 88.7383836, 27.6817251 ], [ 88.7384149, 27.6815115 ], [ 88.7383836, 27.6812591 ], [ 88.7385008, 27.6809938 ], [ 88.7387071, 27.6807979 ], [ 88.7388307, 27.6805947 ], [ 88.7388441, 27.6804014 ], [ 88.7387235, 27.6801183 ], [ 88.7385759, 27.6799415 ], [ 88.7384944, 27.6797064 ], [ 88.7384903, 27.6794217 ], [ 88.7384552, 27.6790175 ], [ 88.7383667, 27.6787088 ], [ 88.7383237, 27.6783097 ], [ 88.7383774, 27.6778798 ], [ 88.7384579, 27.6774332 ], [ 88.7384263, 27.6771412 ], [ 88.7383103, 27.6769439 ], [ 88.7381577, 27.6767448 ], [ 88.7376183, 27.6764546 ], [ 88.7372455, 27.6764023 ], [ 88.7367761, 27.6761719 ], [ 88.7361708, 27.6761563 ], [ 88.7350604, 27.6749225 ], [ 88.7341299, 27.6745211 ], [ 88.7328209, 27.6720059 ], [ 88.7325303, 27.6696019 ], [ 88.7331294, 27.6680187 ], [ 88.7338363, 27.6666918 ], [ 88.7332123, 27.6652686 ], [ 88.7323699, 27.6634715 ], [ 88.73145, 27.6627784 ], [ 88.73121, 27.6615951 ], [ 88.7319137, 27.6587969 ], [ 88.7309831, 27.6567057 ], [ 88.7306092, 27.6553892 ], [ 88.7302077, 27.6544001 ], [ 88.7300677, 27.6538006 ], [ 88.7294525, 27.6535534 ], [ 88.7291301, 27.6531407 ], [ 88.7284775, 27.6526738 ], [ 88.7276915, 27.6522532 ], [ 88.7267099, 27.652004 ], [ 88.7261584, 27.651288 ], [ 88.7258416, 27.6509744 ], [ 88.7251565, 27.6509714 ], [ 88.7249356, 27.6506617 ], [ 88.7246707, 27.6498469 ], [ 88.724071, 27.6494128 ], [ 88.7240517, 27.6489544 ], [ 88.72354, 27.6486637 ], [ 88.7234015, 27.647909 ], [ 88.7216894, 27.6457458 ], [ 88.7206062, 27.6454418 ], [ 88.7193512, 27.6441209 ], [ 88.7192539, 27.6432598 ], [ 88.7185342, 27.6433587 ], [ 88.7171478, 27.6427386 ], [ 88.7163623, 27.6401669 ], [ 88.7168786, 27.6392761 ], [ 88.7167921, 27.6388272 ], [ 88.7163818, 27.6383004 ], [ 88.7163208, 27.6374886 ], [ 88.7154776, 27.6368778 ], [ 88.7141788, 27.6364587 ], [ 88.7120168, 27.6351223 ], [ 88.710932, 27.6346445 ], [ 88.7068937, 27.6332503 ], [ 88.7044784, 27.6322752 ], [ 88.7023831, 27.6314293 ], [ 88.7015491, 27.6300813 ], [ 88.6984955, 27.6290554 ], [ 88.696264, 27.6286004 ], [ 88.6944351, 27.6285619 ], [ 88.6920798, 27.6284673 ], [ 88.6895156, 27.6273171 ], [ 88.6874142, 27.6277847 ], [ 88.6863259, 27.626654 ], [ 88.6837113, 27.6252544 ], [ 88.6820054, 27.6251784 ], [ 88.6817372, 27.6244844 ], [ 88.6805073, 27.6240811 ], [ 88.6793661, 27.6243228 ], [ 88.6783361, 27.6249978 ], [ 88.6774769, 27.625156 ], [ 88.676759, 27.6248647 ], [ 88.6764928, 27.6244999 ], [ 88.6746122, 27.623573 ], [ 88.6722274, 27.6236442 ], [ 88.6704396, 27.6233505 ], [ 88.6695672, 27.6229136 ], [ 88.6682523, 27.6222551 ], [ 88.6669902, 27.6216231 ], [ 88.6650337, 27.619835 ], [ 88.6634397, 27.617795 ], [ 88.6633099, 27.6176217 ], [ 88.6633361, 27.6172044 ], [ 88.6631973, 27.6164616 ], [ 88.6630809, 27.6159858 ], [ 88.6625269, 27.6156381 ], [ 88.6621854, 27.6150004 ], [ 88.6618768, 27.6147744 ], [ 88.6613976, 27.614542 ], [ 88.6608879, 27.6141848 ], [ 88.6607033, 27.6136371 ], [ 88.6602566, 27.6133722 ], [ 88.6597295, 27.6131998 ], [ 88.6590819, 27.6126665 ], [ 88.6584068, 27.6119066 ], [ 88.6579067, 27.6115534 ], [ 88.6577999, 27.6114734 ], [ 88.6574133, 27.6110985 ], [ 88.6568033, 27.6107745 ], [ 88.6562007, 27.6104355 ], [ 88.6556984, 27.6100457 ], [ 88.6549771, 27.6098308 ], [ 88.6541144, 27.6096135 ], [ 88.6531726, 27.6090447 ], [ 88.6525482, 27.6084012 ], [ 88.6519749, 27.607448 ], [ 88.6516426, 27.6069132 ], [ 88.6511782, 27.6066405 ], [ 88.650446, 27.6056048 ], [ 88.649903, 27.6052088 ], [ 88.6485544, 27.6038349 ], [ 88.64848, 27.6033198 ], [ 88.6485911, 27.6030634 ], [ 88.6484598, 27.6023075 ], [ 88.6485099, 27.6017117 ], [ 88.6489271, 27.6010977 ] ] } },
{ "type": "Feature", "properties": { "element": "way", "id": 170015107, "name": "Lachung Chu", "waterway": "river" }, "geometry": { "type": "LineString", "coordinates": [ [ 88.7080299, 27.898846 ], [ 88.7077857, 27.898512 ], [ 88.7076881, 27.8980432 ], [ 88.7075253, 27.8978259 ], [ 88.7074505, 27.8973717 ], [ 88.7073684, 27.8970691 ], [ 88.7073188, 27.8968491 ], [ 88.7073948, 27.8965241 ], [ 88.7074959, 27.8963727 ], [ 88.7075177, 27.896152 ], [ 88.7074908, 27.8959743 ], [ 88.7076028, 27.8956911 ], [ 88.707544, 27.8954942 ], [ 88.7075297, 27.8951831 ], [ 88.7075195, 27.8948002 ], [ 88.7075432, 27.8943544 ], [ 88.707819, 27.8940786 ], [ 88.7079931, 27.8939322 ], [ 88.7079785, 27.8937512 ], [ 88.7081591, 27.8933617 ], [ 88.7082545, 27.8930538 ], [ 88.7082767, 27.8929148 ], [ 88.708363, 27.8927214 ], [ 88.7083436, 27.8923913 ], [ 88.708317, 27.8922236 ], [ 88.7084011, 27.8919794 ], [ 88.7084122, 27.8917173 ], [ 88.7083245, 27.8914704 ], [ 88.7082124, 27.8913599 ], [ 88.7081101, 27.8912037 ], [ 88.7079137, 27.8909109 ], [ 88.7077823, 27.8906684 ], [ 88.7077484, 27.8905212 ], [ 88.7075445, 27.8902804 ], [ 88.7074991, 27.8900182 ], [ 88.7072744, 27.8897976 ], [ 88.7070416, 27.8896955 ], [ 88.7068779, 27.8895306 ], [ 88.7067554, 27.8892757 ], [ 88.7067874, 27.8891429 ], [ 88.7069641, 27.8889712 ], [ 88.7069753, 27.8887524 ], [ 88.7067816, 27.8885819 ], [ 88.7067742, 27.8883925 ], [ 88.7066445, 27.8881396 ], [ 88.7064091, 27.8877898 ], [ 88.7060007, 27.8873821 ], [ 88.7055322, 27.8868979 ], [ 88.704924, 27.8864906 ], [ 88.7043279, 27.8860042 ], [ 88.7041845, 27.8858692 ], [ 88.7040843, 27.8859167 ], [ 88.7039651, 27.8859764 ], [ 88.703877, 27.8859452 ], [ 88.7037436, 27.8857499 ], [ 88.7035955, 27.8854438 ], [ 88.7034396, 27.8852366 ], [ 88.7032959, 27.8851444 ], [ 88.7031385, 27.8851072 ], [ 88.7030958, 27.8849885 ], [ 88.7031476, 27.884789 ], [ 88.7031776, 27.8845976 ], [ 88.7031432, 27.8843692 ], [ 88.7027308, 27.883995 ], [ 88.7026201, 27.8835731 ], [ 88.7024571, 27.8830987 ], [ 88.702099, 27.8827159 ], [ 88.7017409, 27.8826959 ], [ 88.701511, 27.882414 ], [ 88.7013444, 27.8819351 ], [ 88.7013334, 27.8814895 ], [ 88.7011763, 27.8808893 ], [ 88.7007867, 27.8800533 ], [ 88.7006777, 27.8799389 ], [ 88.700414, 27.8799243 ], [ 88.7001266, 27.8797985 ], [ 88.6999078, 27.8795269 ], [ 88.6995763, 27.8793976 ], [ 88.6994866, 27.8790613 ], [ 88.6993325, 27.8788246 ], [ 88.6993271, 27.8784191 ], [ 88.6990714, 27.8779846 ], [ 88.6985921, 27.8772455 ], [ 88.6964464, 27.8730346 ], [ 88.6959422, 27.8720652 ], [ 88.6959529, 27.8714034 ], [ 88.6948371, 27.871043 ], [ 88.6951589, 27.8681218 ], [ 88.6955881, 27.8671354 ], [ 88.695116, 27.8656557 ], [ 88.6956739, 27.8638157 ], [ 88.6958241, 27.8625067 ], [ 88.6953564, 27.8619663 ], [ 88.6942363, 27.8609132 ], [ 88.6943435, 27.8600785 ], [ 88.695116, 27.8588265 ], [ 88.6950087, 27.8574226 ], [ 88.6948156, 27.8560567 ], [ 88.6938286, 27.8536473 ], [ 88.6939788, 27.8525659 ], [ 88.6942363, 27.8509913 ], [ 88.6941719, 27.8494355 ], [ 88.6937427, 27.8475383 ], [ 88.6937427, 27.8460774 ], [ 88.6949444, 27.844256 ], [ 88.6954593, 27.8429278 ], [ 88.6955666, 27.8416566 ], [ 88.6951589, 27.8403853 ], [ 88.6953521, 27.8393418 ], [ 88.695867, 27.8382982 ], [ 88.6964893, 27.8363628 ], [ 88.6966824, 27.8359643 ], [ 88.6965322, 27.8346361 ], [ 88.6971974, 27.8331939 ], [ 88.6973262, 27.8318657 ], [ 88.6980772, 27.8299112 ], [ 88.6994934, 27.8285639 ], [ 88.7000727, 27.8275392 ], [ 88.7001371, 27.8265714 ], [ 88.6997509, 27.8243511 ], [ 88.6994076, 27.8229658 ], [ 88.6994934, 27.8213148 ], [ 88.7004804, 27.8199864 ], [ 88.7012315, 27.8183733 ], [ 88.7018966, 27.8166083 ], [ 88.7020254, 27.815128 ], [ 88.7018913, 27.8142502 ], [ 88.7022614, 27.8135718 ], [ 88.7026316, 27.8132017 ], [ 88.7031895, 27.8128173 ], [ 88.7041068, 27.8121484 ], [ 88.7044287, 27.8100796 ], [ 88.7046218, 27.8090737 ], [ 88.7047076, 27.8085992 ], [ 88.7045359, 27.8068341 ], [ 88.7052226, 27.8052778 ], [ 88.7053299, 27.8042718 ], [ 88.7061891, 27.8031185 ], [ 88.7059951, 27.8014247 ], [ 88.7061882, 27.8003808 ], [ 88.7064886, 27.7993938 ], [ 88.7063169, 27.798122 ], [ 88.7064564, 27.7970116 ], [ 88.7066173, 27.7956829 ], [ 88.7074005, 27.7941359 ], [ 88.7078297, 27.7926078 ], [ 88.7095355, 27.7909563 ], [ 88.7100291, 27.7904723 ], [ 88.7104154, 27.7891909 ], [ 88.7102973, 27.7886024 ], [ 88.710705, 27.7877957 ], [ 88.7114346, 27.7862865 ], [ 88.7119602, 27.7845305 ], [ 88.7123036, 27.7834674 ], [ 88.7126684, 27.782727 ], [ 88.712663, 27.7813269 ], [ 88.7128401, 27.7810137 ], [ 88.7138325, 27.7805011 ], [ 88.7143636, 27.7798699 ], [ 88.7150931, 27.7795519 ], [ 88.7152648, 27.7794 ], [ 88.7153989, 27.7790203 ], [ 88.7153506, 27.7787545 ], [ 88.7147015, 27.777867 ], [ 88.7147015, 27.7776202 ], [ 88.7150395, 27.7772263 ], [ 88.7153989, 27.7768466 ], [ 88.7162358, 27.776595 ], [ 88.7165523, 27.7764004 ], [ 88.7167776, 27.7759685 ], [ 88.7167883, 27.7754559 ], [ 88.7171906, 27.7749575 ], [ 88.7174213, 27.7745256 ], [ 88.7173355, 27.774312 ], [ 88.7175822, 27.774013 ], [ 88.717652, 27.7734956 ], [ 88.7179202, 27.7732536 ], [ 88.7179953, 27.77318 ], [ 88.7181026, 27.7726365 ], [ 88.7184352, 27.7721334 ], [ 88.7185129, 27.7717561 ], [ 88.7189582, 27.7713312 ], [ 88.7190333, 27.7710726 ], [ 88.7194034, 27.7708352 ], [ 88.7196046, 27.7705338 ], [ 88.7199694, 27.7697364 ], [ 88.7199989, 27.769473 ], [ 88.7198138, 27.7688844 ], [ 88.7198353, 27.7686186 ], [ 88.7195107, 27.768208 ], [ 88.7194169, 27.7680086 ], [ 88.7194356, 27.7678472 ], [ 88.7197039, 27.7674817 ], [ 88.7199533, 27.7671969 ], [ 88.7201115, 27.7661171 ], [ 88.7202296, 27.7656947 ], [ 88.7202906, 27.7653107 ], [ 88.7205005, 27.7647334 ], [ 88.7209564, 27.7642445 ], [ 88.7209752, 27.7638457 ], [ 88.7210423, 27.7636654 ], [ 88.7213427, 27.7635633 ], [ 88.7218738, 27.7625308 ], [ 88.722437, 27.7621938 ], [ 88.7225604, 27.7619494 ], [ 88.7226865, 27.7611234 ], [ 88.7228501, 27.7607982 ], [ 88.7234133, 27.7605632 ], [ 88.7237889, 27.7605632 ], [ 88.7243253, 27.7602689 ], [ 88.7244433, 27.7601384 ], [ 88.7244996, 27.7598702 ], [ 88.7243548, 27.7597539 ], [ 88.724049, 27.7597491 ], [ 88.7236226, 27.759545 ], [ 88.723349, 27.7591914 ], [ 88.7234858, 27.7586644 ], [ 88.7237647, 27.7584698 ], [ 88.7244835, 27.7584223 ], [ 88.7251782, 27.7581517 ], [ 88.7260124, 27.7580093 ], [ 88.7266991, 27.7578052 ], [ 88.7269339, 27.7578483 ], [ 88.7271792, 27.7578242 ], [ 88.7274098, 27.7575323 ], [ 88.7277234, 27.757403 ], [ 88.7285263, 27.7573272 ], [ 88.7293571, 27.7571549 ], [ 88.7296897, 27.7569602 ], [ 88.7298399, 27.7563265 ], [ 88.7301511, 27.7561959 ], [ 88.7304085, 27.7556856 ], [ 88.7307706, 27.7551136 ], [ 88.7316531, 27.7540858 ], [ 88.7318462, 27.7535683 ], [ 88.7322164, 27.7530841 ], [ 88.7325007, 27.7529702 ], [ 88.732675, 27.7526236 ], [ 88.7339464, 27.7516409 ], [ 88.7341636, 27.7512825 ], [ 88.7348208, 27.7509549 ], [ 88.7349924, 27.7507816 ], [ 88.7351185, 27.7503757 ], [ 88.7352499, 27.7502404 ], [ 88.7353814, 27.7496328 ], [ 88.7353733, 27.7494381 ], [ 88.7351909, 27.7492055 ], [ 88.7352097, 27.7490251 ], [ 88.7354726, 27.7487758 ], [ 88.7358668, 27.748434 ], [ 88.7364355, 27.7475795 ], [ 88.736473, 27.7471759 ], [ 88.7365535, 27.7469836 ], [ 88.7368217, 27.746948 ], [ 88.7370041, 27.7467225 ], [ 88.7373716, 27.7466798 ], [ 88.7375647, 27.7465943 ], [ 88.7379321, 27.7466015 ], [ 88.7381092, 27.746262 ], [ 88.7382567, 27.7461291 ], [ 88.7391016, 27.7457849 ], [ 88.7393832, 27.7453054 ], [ 88.7394878, 27.7448282 ], [ 88.7396917, 27.7446146 ], [ 88.7400806, 27.7444389 ], [ 88.7403032, 27.7442514 ], [ 88.7402576, 27.7439665 ], [ 88.7403917, 27.7437529 ], [ 88.7405339, 27.7433826 ], [ 88.7404427, 27.7426039 ], [ 88.7406036, 27.7421529 ], [ 88.7408584, 27.7418229 ], [ 88.7408611, 27.7414645 ], [ 88.7408987, 27.7410466 ], [ 88.7409899, 27.7408876 ], [ 88.741352, 27.7407641 ], [ 88.7415773, 27.7404627 ], [ 88.7416282, 27.7399238 ], [ 88.7420171, 27.7394039 ], [ 88.7425616, 27.7390359 ], [ 88.7427927, 27.7384172 ], [ 88.7427977, 27.7381148 ], [ 88.743259, 27.7376543 ], [ 88.743436, 27.7374169 ], [ 88.743597, 27.7367973 ], [ 88.7438759, 27.7365931 ], [ 88.7439001, 27.7364317 ], [ 88.7438276, 27.7361753 ], [ 88.7439752, 27.7357598 ], [ 88.7440395, 27.7349977 ], [ 88.7442166, 27.7346369 ], [ 88.7441388, 27.7342665 ], [ 88.7440234, 27.7331056 ], [ 88.744238, 27.7324314 ], [ 88.7446296, 27.7314983 ], [ 88.7449917, 27.7311565 ], [ 88.7463409, 27.7298198 ], [ 88.7464052, 27.7295302 ], [ 88.7469363, 27.7289248 ], [ 88.7475908, 27.7286114 ], [ 88.7480468, 27.7279751 ], [ 88.7481889, 27.7275928 ], [ 88.7487227, 27.7273934 ], [ 88.7490955, 27.7270515 ], [ 88.7496909, 27.7268355 ], [ 88.7505841, 27.726712 ], [ 88.7514478, 27.7264579 ], [ 88.7520137, 27.7260425 ], [ 88.7521881, 27.7257599 ], [ 88.7521398, 27.7255177 ], [ 88.751885, 27.725012 ], [ 88.7519118, 27.7248458 ], [ 88.7522015, 27.7246132 ], [ 88.7522655, 27.7245229 ], [ 88.7524644, 27.7242428 ], [ 88.7529123, 27.7238795 ], [ 88.7531027, 27.7233192 ], [ 88.7535962, 27.7229891 ], [ 88.7536445, 27.7228443 ], [ 88.7534916, 27.7223647 ], [ 88.7534942, 27.719706 ], [ 88.7541299, 27.7187281 ], [ 88.7548584, 27.7181274 ], [ 88.7548523, 27.7172968 ], [ 88.7553068, 27.7165227 ], [ 88.7550755, 27.7148666 ], [ 88.754227, 27.7141594 ], [ 88.7528655, 27.714099 ], [ 88.7522941, 27.7136003 ], [ 88.7511245, 27.7116871 ], [ 88.7497747, 27.7108402 ], [ 88.749364, 27.7092885 ], [ 88.7496683, 27.7085002 ], [ 88.7499843, 27.7068928 ], [ 88.7498664, 27.7066411 ], [ 88.7506511, 27.7059669 ], [ 88.7507358, 27.7050761 ], [ 88.7510804, 27.7043663 ], [ 88.7513734, 27.7021485 ], [ 88.7522214, 27.7009784 ], [ 88.75214, 27.7000034 ], [ 88.7522187, 27.6991663 ], [ 88.7519132, 27.6980558 ], [ 88.7508947, 27.6974495 ], [ 88.7502739, 27.6955151 ], [ 88.7486246, 27.695351 ], [ 88.7473422, 27.6934113 ], [ 88.7463817, 27.6918516 ], [ 88.7444217, 27.6891897 ], [ 88.742087, 27.6882523 ], [ 88.7404071, 27.6874978 ], [ 88.7395957, 27.6861126 ], [ 88.739443, 27.6854362 ], [ 88.7391552, 27.6838511 ], [ 88.7389675, 27.6835495 ], [ 88.7388119, 27.6831932 ], [ 88.738718, 27.6828773 ], [ 88.7385839, 27.6825694 ], [ 88.7383551, 27.6821828 ], [ 88.7382969, 27.6819296 ], [ 88.7383836, 27.6817251 ], [ 88.7384149, 27.6815115 ], [ 88.7383836, 27.6812591 ], [ 88.7385008, 27.6809938 ], [ 88.7387071, 27.6807979 ], [ 88.7388307, 27.6805947 ], [ 88.7388441, 27.6804014 ], [ 88.7387235, 27.6801183 ], [ 88.7385759, 27.6799415 ], [ 88.7384944, 27.6797064 ], [ 88.7384903, 27.6794217 ], [ 88.7384552, 27.6790175 ], [ 88.7383667, 27.6787088 ], [ 88.7383237, 27.6783097 ], [ 88.7383774, 27.6778798 ], [ 88.7384579, 27.6774332 ], [ 88.7384263, 27.6771412 ], [ 88.7383103, 27.6769439 ], [ 88.7381577, 27.6767448 ], [ 88.7376183, 27.6764546 ], [ 88.7372455, 27.6764023 ], [ 88.7367761, 27.6761719 ], [ 88.7361708, 27.6761563 ], [ 88.7350604, 27.6749225 ], [ 88.7341299, 27.6745211 ], [ 88.7328209, 27.6720059 ], [ 88.7325303, 27.6696019 ], [ 88.7331294, 27.6680187 ], [ 88.7338363, 27.6666918 ], [ 88.7332123, 27.6652686 ], [ 88.7323699, 27.6634715 ], [ 88.73145, 27.6627784 ], [ 88.73121, 27.6615951 ], [ 88.7319137, 27.6587969 ], [ 88.7309831, 27.6567057 ], [ 88.7306092, 27.6553892 ], [ 88.7302077, 27.6544001 ], [ 88.7300677, 27.6538006 ], [ 88.7294525, 27.6535534 ], [ 88.7291301, 27.6531407 ], [ 88.7284775, 27.6526738 ], [ 88.7276915, 27.6522532 ], [ 88.7267099, 27.652004 ], [ 88.7261584, 27.651288 ], [ 88.7258416, 27.6509744 ], [ 88.7251565, 27.6509714 ], [ 88.7249356, 27.6506617 ], [ 88.7246707, 27.6498469 ], [ 88.724071, 27.6494128 ], [ 88.7240517, 27.6489544 ], [ 88.72354, 27.6486637 ], [ 88.7234015, 27.647909 ], [ 88.7216894, 27.6457458 ], [ 88.7206062, 27.6454418 ], [ 88.7193512, 27.6441209 ], [ 88.7192539, 27.6432598 ], [ 88.7185342, 27.6433587 ], [ 88.7171478, 27.6427386 ], [ 88.7163623, 27.6401669 ], [ 88.7168786, 27.6392761 ], [ 88.7167921, 27.6388272 ], [ 88.7163818, 27.6383004 ], [ 88.7163208, 27.6374886 ], [ 88.7154776, 27.6368778 ], [ 88.7141788, 27.6364587 ], [ 88.7120168, 27.6351223 ], [ 88.710932, 27.6346445 ], [ 88.7068937, 27.6332503 ], [ 88.7044784, 27.6322752 ], [ 88.7023831, 27.6314293 ], [ 88.7015491, 27.6300813 ], [ 88.6984955, 27.6290554 ], [ 88.696264, 27.6286004 ], [ 88.6944351, 27.6285619 ], [ 88.6920798, 27.6284673 ], [ 88.6895156, 27.6273171 ], [ 88.6874142, 27.6277847 ], [ 88.6863259, 27.626654 ], [ 88.6837113, 27.6252544 ], [ 88.6820054, 27.6251784 ], [ 88.6817372, 27.6244844 ], [ 88.6805073, 27.6240811 ], [ 88.6793661, 27.6243228 ], [ 88.6783361, 27.6249978 ], [ 88.6774769, 27.625156 ], [ 88.676759, 27.6248647 ], [ 88.6764928, 27.6244999 ], [ 88.6746122, 27.623573 ], [ 88.6722274, 27.6236442 ], [ 88.6704396, 27.6233505 ], [ 88.6695672, 27.6229136 ], [ 88.6682523, 27.6222551 ], [ 88.6669902, 27.6216231 ], [ 88.6650337, 27.619835 ], [ 88.6634397, 27.617795 ], [ 88.6633099, 27.6176217 ], [ 88.6633361, 27.6172044 ], [ 88.6631973, 27.6164616 ], [ 88.6630809, 27.6159858 ], [ 88.6625269, 27.6156381 ], [ 88.6621854, 27.6150004 ], [ 88.6618768, 27.6147744 ], [ 88.6613976, 27.614542 ], [ 88.6608879, 27.6141848 ], [ 88.6607033, 27.6136371 ], [ 88.6602566, 27.6133722 ], [ 88.6597295, 27.6131998 ], [ 88.6590819, 27.6126665 ], [ 88.6584068, 27.6119066 ], [ 88.6579067, 27.6115534 ], [ 88.6577999, 27.6114734 ], [ 88.6574133, 27.6110985 ], [ 88.6568033, 27.6107745 ], [ 88.6562007, 27.6104355 ], [ 88.6556984, 27.6100457 ], [ 88.6549771, 27.6098308 ], [ 88.6541144, 27.6096135 ], [ 88.6531726, 27.6090447 ], [ 88.6525482, 27.6084012 ], [ 88.6519749, 27.607448 ], [ 88.6516426, 27.6069132 ], [ 88.6511782, 27.6066405 ], [ 88.650446, 27.6056048 ], [ 88.649903, 27.6052088 ], [ 88.6485544, 27.6038349 ], [ 88.64848, 27.6033198 ], [ 88.6485911, 27.6030634 ], [ 88.6484598, 27.6023075 ], [ 88.6485099, 27.6017117 ], [ 88.6489271, 27.6010977 ] ] } },
{ "type": "Feature", "properties": { "element": "way", "id": 193281483, "name": "Goma Chu", "waterway": "river" }, "geometry": { "type": "LineString", "coordinates": [ [ 88.3046333, 27.8779851 ], [ 88.3051155, 27.8778921 ], [ 88.3060666, 27.8780425 ], [ 88.3066819, 27.8776835 ], [ 88.3073182, 27.8775223 ], [ 88.3077795, 27.8770282 ], [ 88.3084914, 27.8769466 ], [ 88.3106087, 27.8749521 ], [ 88.3127545, 27.8748004 ], [ 88.3151577, 27.8746487 ], [ 88.3172177, 27.8727518 ], [ 88.3191059, 27.8712344 ], [ 88.32108, 27.8695651 ], [ 88.32211, 27.8695651 ], [ 88.32314, 27.8700204 ], [ 88.3255432, 27.8695651 ], [ 88.3277748, 27.8681993 ], [ 88.3293198, 27.868427 ], [ 88.3321522, 27.8675165 ], [ 88.333783, 27.865923 ], [ 88.3342121, 27.8652401 ], [ 88.3356712, 27.8647849 ], [ 88.3370445, 27.8638743 ], [ 88.339362, 27.864709 ], [ 88.3415077, 27.8638743 ], [ 88.3427952, 27.8640261 ], [ 88.344941, 27.8622049 ], [ 88.3464859, 27.8626602 ], [ 88.3487175, 27.8627361 ], [ 88.3496617, 27.8635708 ], [ 88.3503733, 27.8658468 ], [ 88.3505232, 27.8662428 ], [ 88.35053, 27.8666268 ], [ 88.3506741, 27.8670471 ], [ 88.3508144, 27.8670813 ], [ 88.3511378, 27.8679093 ], [ 88.3511756, 27.8682964 ], [ 88.3511656, 27.8689018 ], [ 88.3513212, 27.8694804 ], [ 88.3513013, 27.8701204 ], [ 88.3512166, 27.8707134 ], [ 88.3509645, 27.8713061 ], [ 88.350538, 27.872136 ], [ 88.350681, 27.8726082 ], [ 88.3512676, 27.8730323 ], [ 88.3517903, 27.8735295 ], [ 88.3525557, 27.873937 ], [ 88.3537644, 27.8742606 ], [ 88.3545765, 27.8747467 ], [ 88.3550065, 27.8754996 ], [ 88.3556549, 27.8758132 ], [ 88.3564621, 27.8755718 ], [ 88.3571773, 27.8754409 ], [ 88.3584842, 27.8757022 ], [ 88.3592219, 27.8754516 ], [ 88.3600344, 27.8757294 ], [ 88.3618329, 27.8759855 ], [ 88.3638032, 27.8755643 ], [ 88.3644951, 27.8763059 ], [ 88.3645782, 27.8768262 ], [ 88.3650077, 27.8774258 ], [ 88.3659482, 27.8794878 ], [ 88.366538, 27.8796858 ], [ 88.3668979, 27.8795872 ], [ 88.3675099, 27.8798336 ], [ 88.3676821, 27.880132 ], [ 88.3680198, 27.8802398 ], [ 88.3681918, 27.8804345 ], [ 88.3683062, 27.8808912 ], [ 88.3684288, 27.8810605 ], [ 88.3694991, 27.8815954 ], [ 88.369919, 27.8819685 ], [ 88.3700025, 27.8822262 ], [ 88.3700794, 27.882353 ], [ 88.3705359, 27.8822931 ], [ 88.3713397, 27.8824852 ], [ 88.3725593, 27.8825406 ], [ 88.3742282, 27.8825222 ], [ 88.3745871, 27.8826663 ], [ 88.3746984, 27.8827109 ], [ 88.3750722, 27.8826196 ], [ 88.3752733, 27.8820721 ], [ 88.3757005, 27.8811573 ], [ 88.375891, 27.8809125 ], [ 88.376127, 27.8807608 ], [ 88.3762662, 27.8806598 ], [ 88.3765198, 27.8804701 ], [ 88.3768991, 27.8798837 ], [ 88.3774279, 27.8793967 ], [ 88.3780287, 27.8791629 ], [ 88.378872, 27.8789543 ], [ 88.3799878, 27.8789543 ], [ 88.380432, 27.8782525 ], [ 88.3814898, 27.8778542 ], [ 88.3825627, 27.8778163 ], [ 88.3831635, 27.8775887 ], [ 88.3834639, 27.8772852 ], [ 88.3847514, 27.8769438 ], [ 88.3853951, 27.8770576 ], [ 88.3857384, 27.8777025 ], [ 88.3871117, 27.8777783 ], [ 88.3880559, 27.8780059 ], [ 88.3887854, 27.877968 ], [ 88.3895579, 27.8782335 ], [ 88.3902875, 27.8782335 ], [ 88.3914462, 27.8784232 ], [ 88.3931385, 27.8781988 ], [ 88.3931628, 27.8781956 ], [ 88.3939932, 27.8784612 ], [ 88.3946434, 27.8786119 ], [ 88.3949159, 27.8788215 ], [ 88.3960317, 27.8789543 ], [ 88.3970037, 27.8786688 ], [ 88.3977483, 27.8784422 ], [ 88.3987783, 27.8783474 ], [ 88.3993426, 27.878005 ], [ 88.3998726, 27.8775697 ], [ 88.400394, 27.8773601 ], [ 88.4011239, 27.8772318 ], [ 88.401949, 27.877344 ], [ 88.4024662, 27.8773693 ], [ 88.4028748, 27.8772481 ], [ 88.4030828, 27.8770892 ], [ 88.4036127, 27.876829 ], [ 88.4039989, 27.8765066 ], [ 88.4051576, 27.8762031 ], [ 88.4056233, 27.8761282 ], [ 88.4061018, 27.8760324 ], [ 88.4070824, 27.8760333 ], [ 88.4077047, 27.8761661 ], [ 88.4084621, 27.8760703 ], [ 88.4092281, 27.8758626 ], [ 88.4096208, 27.8753685 ], [ 88.4099268, 27.8747328 ], [ 88.41005, 27.874477 ], [ 88.411037, 27.873908 ], [ 88.4113589, 27.873889 ], [ 88.4118245, 27.8739279 ], [ 88.4121528, 27.8734907 ], [ 88.4121528, 27.8730354 ], [ 88.4124103, 27.8724664 ], [ 88.4128395, 27.8722008 ], [ 88.4131828, 27.8719163 ], [ 88.4137343, 27.8711206 ], [ 88.4141699, 27.8705885 ], [ 88.4145282, 27.8703428 ], [ 88.414893, 27.8703049 ], [ 88.41535, 27.8706264 ], [ 88.4157084, 27.870836 ], [ 88.416159, 27.870874 ] ] } },
{ "type": "Feature", "properties": { "element": "way", "id": 193281483, "name": "Goma Chu", "waterway": "river" }, "geometry": { "type": "LineString", "coordinates": [ [ 88.3046333, 27.8779851 ], [ 88.3051155, 27.8778921 ], [ 88.3060666, 27.8780425 ], [ 88.3066819, 27.8776835 ], [ 88.3073182, 27.8775223 ], [ 88.3077795, 27.8770282 ], [ 88.3084914, 27.8769466 ], [ 88.3106087, 27.8749521 ], [ 88.3127545, 27.8748004 ], [ 88.3151577, 27.8746487 ], [ 88.3172177, 27.8727518 ], [ 88.3191059, 27.8712344 ], [ 88.32108, 27.8695651 ], [ 88.32211, 27.8695651 ], [ 88.32314, 27.8700204 ], [ 88.3255432, 27.8695651 ], [ 88.3277748, 27.8681993 ], [ 88.3293198, 27.868427 ], [ 88.3321522, 27.8675165 ], [ 88.333783, 27.865923 ], [ 88.3342121, 27.8652401 ], [ 88.3356712, 27.8647849 ], [ 88.3370445, 27.8638743 ], [ 88.339362, 27.864709 ], [ 88.3415077, 27.8638743 ], [ 88.3427952, 27.8640261 ], [ 88.344941, 27.8622049 ], [ 88.3464859, 27.8626602 ], [ 88.3487175, 27.8627361 ], [ 88.3496617, 27.8635708 ], [ 88.3503733, 27.8658468 ], [ 88.3505232, 27.8662428 ], [ 88.35053, 27.8666268 ], [ 88.3506741, 27.8670471 ], [ 88.3508144, 27.8670813 ], [ 88.3511378, 27.8679093 ], [ 88.3511756, 27.8682964 ], [ 88.3511656, 27.8689018 ], [ 88.3513212, 27.8694804 ], [ 88.3513013, 27.8701204 ], [ 88.3512166, 27.8707134 ], [ 88.3509645, 27.8713061 ], [ 88.350538, 27.872136 ], [ 88.350681, 27.8726082 ], [ 88.3512676, 27.8730323 ], [ 88.3517903, 27.8735295 ], [ 88.3525557, 27.873937 ], [ 88.3537644, 27.8742606 ], [ 88.3545765, 27.8747467 ], [ 88.3550065, 27.8754996 ], [ 88.3556549, 27.8758132 ], [ 88.3564621, 27.8755718 ], [ 88.3571773, 27.8754409 ], [ 88.3584842, 27.8757022 ], [ 88.3592219, 27.8754516 ], [ 88.3600344, 27.8757294 ], [ 88.3618329, 27.8759855 ], [ 88.3638032, 27.8755643 ], [ 88.3644951, 27.8763059 ], [ 88.3645782, 27.8768262 ], [ 88.3650077, 27.8774258 ], [ 88.3659482, 27.8794878 ], [ 88.366538, 27.8796858 ], [ 88.3668979, 27.8795872 ], [ 88.3675099, 27.8798336 ], [ 88.3676821, 27.880132 ], [ 88.3680198, 27.8802398 ], [ 88.3681918, 27.8804345 ], [ 88.3683062, 27.8808912 ], [ 88.3684288, 27.8810605 ], [ 88.3694991, 27.8815954 ], [ 88.369919, 27.8819685 ], [ 88.3700025, 27.8822262 ], [ 88.3700794, 27.882353 ], [ 88.3705359, 27.8822931 ], [ 88.3713397, 27.8824852 ], [ 88.3725593, 27.8825406 ], [ 88.3742282, 27.8825222 ], [ 88.3745871, 27.8826663 ], [ 88.3746984, 27.8827109 ], [ 88.3750722, 27.8826196 ], [ 88.3752733, 27.8820721 ], [ 88.3757005, 27.8811573 ], [ 88.375891, 27.8809125 ], [ 88.376127, 27.8807608 ], [ 88.3762662, 27.8806598 ], [ 88.3765198, 27.8804701 ], [ 88.3768991, 27.8798837 ], [ 88.3774279, 27.8793967 ], [ 88.3780287, 27.8791629 ], [ 88.378872, 27.8789543 ], [ 88.3799878, 27.8789543 ], [ 88.380432, 27.8782525 ], [ 88.3814898, 27.8778542 ], [ 88.3825627, 27.8778163 ], [ 88.3831635, 27.8775887 ], [ 88.3834639, 27.8772852 ], [ 88.3847514, 27.8769438 ], [ 88.3853951, 27.8770576 ], [ 88.3857384, 27.8777025 ], [ 88.3871117, 27.8777783 ], [ 88.3880559, 27.8780059 ], [ 88.3887854, 27.877968 ], [ 88.3895579, 27.8782335 ], [ 88.3902875, 27.8782335 ], [ 88.3914462, 27.8784232 ], [ 88.3931385, 27.8781988 ], [ 88.3931628, 27.8781956 ], [ 88.3939932, 27.8784612 ], [ 88.3946434, 27.8786119 ], [ 88.3949159, 27.8788215 ], [ 88.3960317, 27.8789543 ], [ 88.3970037, 27.8786688 ], [ 88.3977483, 27.8784422 ], [ 88.3987783, 27.8783474 ], [ 88.3993426, 27.878005 ], [ 88.3998726, 27.8775697 ], [ 88.400394, 27.8773601 ], [ 88.4011239, 27.8772318 ], [ 88.401949, 27.877344 ], [ 88.4024662, 27.8773693 ], [ 88.4028748, 27.8772481 ], [ 88.4030828, 27.8770892 ], [ 88.4036127, 27.876829 ], [ 88.4039989, 27.8765066 ], [ 88.4051576, 27.8762031 ], [ 88.4056233, 27.8761282 ], [ 88.4061018, 27.8760324 ], [ 88.4070824, 27.8760333 ], [ 88.4077047, 27.8761661 ], [ 88.4084621, 27.8760703 ], [ 88.4092281, 27.8758626 ], [ 88.4096208, 27.8753685 ], [ 88.4099268, 27.8747328 ], [ 88.41005, 27.874477 ], [ 88.411037, 27.873908 ], [ 88.4113589, 27.873889 ], [ 88.4118245, 27.8739279 ], [ 88.4121528, 27.8734907 ], [ 88.4121528, 27.8730354 ], [ 88.4124103, 27.8724664 ], [ 88.4128395, 27.8722008 ], [ 88.4131828, 27.8719163 ], [ 88.4137343, 27.8711206 ], [ 88.4141699, 27.8705885 ], [ 88.4145282, 27.8703428 ], [ 88.414893, 27.8703049 ], [ 88.41535, 27.8706264 ], [ 88.4157084, 27.870836 ], [ 88.416159, 27.870874 ] ] } },
{ "type": "Feature", "properties": { "element": "way", "id": 193282162, "name": "Lhonak Chu", "waterway": "river" }, "geometry": { "type": "LineString", "coordinates": [ [ 88.416159, 27.870874 ], [ 88.4164234, 27.870882 ], [ 88.4167705, 27.8709973 ], [ 88.4171852, 27.8710148 ], [ 88.4175929, 27.8710527 ], [ 88.4180757, 27.8711002 ], [ 88.4185408, 27.871462 ], [ 88.4188911, 27.8718968 ], [ 88.4193669, 27.8721069 ], [ 88.4197387, 27.8722098 ], [ 88.4201463, 27.8721529 ], [ 88.4203395, 27.871821 ], [ 88.4205004, 27.8713278 ], [ 88.4203647, 27.870874 ], [ 88.4205004, 27.870569 ], [ 88.4208153, 27.8701532 ], [ 88.4211119, 27.8698387 ], [ 88.42162, 27.8696125 ], [ 88.4221956, 27.8694499 ], [ 88.4225496, 27.8692507 ], [ 88.4226714, 27.8689581 ], [ 88.4226714, 27.8685313 ], [ 88.4226462, 27.8681695 ], [ 88.4227964, 27.8679987 ], [ 88.4230861, 27.8679893 ], [ 88.4235833, 27.8681424 ], [ 88.4241267, 27.8685489 ], [ 88.4246846, 27.8690231 ], [ 88.4250172, 27.8694119 ], [ 88.4253214, 27.8693375 ], [ 88.4256288, 27.8695163 ], [ 88.4259721, 27.8695068 ], [ 88.4263047, 27.8693645 ], [ 88.4267553, 27.8694025 ], [ 88.4270879, 27.8692317 ], [ 88.4275707, 27.869061 ], [ 88.4280106, 27.8689757 ], [ 88.4282396, 27.8687874 ], [ 88.4285615, 27.8686451 ], [ 88.4289118, 27.8684256 ], [ 88.4292444, 27.8679987 ], [ 88.4296237, 27.8676208 ], [ 88.4298989, 27.8672969 ], [ 88.4302207, 27.8670693 ], [ 88.4305855, 27.8670313 ], [ 88.4308966, 27.8668511 ], [ 88.4314116, 27.8667563 ], [ 88.4318301, 27.8666804 ], [ 88.4322485, 27.8664338 ], [ 88.4327313, 27.8663769 ], [ 88.433257, 27.8661492 ], [ 88.4335397, 27.8660179 ], [ 88.4339367, 27.8657049 ], [ 88.4342977, 27.8654474 ], [ 88.4347091, 27.8651073 ], [ 88.4350954, 27.864671 ], [ 88.4352241, 27.8642916 ], [ 88.4354172, 27.8639028 ], [ 88.4355674, 27.8637036 ], [ 88.4358678, 27.8636087 ], [ 88.4361967, 27.8636358 ], [ 88.4366296, 27.8637605 ], [ 88.43693, 27.8638553 ], [ 88.4372159, 27.8638634 ], [ 88.4375807, 27.8639393 ], [ 88.4377883, 27.8640925 ], [ 88.4379884, 27.8641574 ], [ 88.4382352, 27.8640721 ], [ 88.4386252, 27.8639028 ], [ 88.4387716, 27.8636737 ], [ 88.4390007, 27.8632578 ], [ 88.4391471, 27.8631331 ], [ 88.4395012, 27.8630192 ], [ 88.4398375, 27.8629068 ], [ 88.4401127, 27.8627442 ], [ 88.4403203, 27.8624326 ], [ 88.4405419, 27.8620802 ], [ 88.4406422, 27.8619109 ], [ 88.4407066, 27.8612185 ], [ 88.4408568, 27.8609339 ], [ 88.4410461, 27.8606954 ], [ 88.4411357, 27.8605166 ], [ 88.441368, 27.860316 ], [ 88.4417473, 27.859938 ], [ 88.4421764, 27.8596155 ], [ 88.4426377, 27.8593689 ], [ 88.442906, 27.8590558 ], [ 88.4431313, 27.8588092 ], [ 88.4432563, 27.8585327 ], [ 88.4434424, 27.8583729 ], [ 88.4435889, 27.8581913 ], [ 88.443657, 27.8578133 ], [ 88.4435889, 27.8571478 ], [ 88.4434065, 27.8568917 ], [ 88.4430776, 27.8565327 ], [ 88.44287, 27.8562562 ], [ 88.44287, 27.8560285 ], [ 88.4429559, 27.8553646 ], [ 88.4431313, 27.8551952 ], [ 88.4434317, 27.8549771 ], [ 88.4437857, 27.8547968 ], [ 88.4441076, 27.8544648 ], [ 88.4443544, 27.8543415 ], [ 88.4445904, 27.8543036 ], [ 88.444923, 27.8540949 ], [ 88.4453269, 27.8539891 ], [ 88.4457132, 27.8540176 ], [ 88.4463784, 27.8539607 ], [ 88.4467646, 27.8539417 ], [ 88.4470795, 27.854 ], [ 88.4473439, 27.8538943 ], [ 88.4479271, 27.8537155 ], [ 88.4484705, 27.8537045 ], [ 88.4488283, 27.8537629 ], [ 88.4493181, 27.8536287 ], [ 88.4499403, 27.8536287 ], [ 88.4504768, 27.8536192 ], [ 88.4507986, 27.8535338 ] ] } },
{ "type": "Feature", "properties": { "element": "way", "id": 193282162, "name": "Lhonak Chu", "waterway": "river" }, "geometry": { "type": "LineString", "coordinates": [ [ 88.416159, 27.870874 ], [ 88.4164234, 27.870882 ], [ 88.4167705, 27.8709973 ], [ 88.4171852, 27.8710148 ], [ 88.4175929, 27.8710527 ], [ 88.4180757, 27.8711002 ], [ 88.4185408, 27.871462 ], [ 88.4188911, 27.8718968 ], [ 88.4193669, 27.8721069 ], [ 88.4197387, 27.8722098 ], [ 88.4201463, 27.8721529 ], [ 88.4203395, 27.871821 ], [ 88.4205004, 27.8713278 ], [ 88.4203647, 27.870874 ], [ 88.4205004, 27.870569 ], [ 88.4208153, 27.8701532 ], [ 88.4211119, 27.8698387 ], [ 88.42162, 27.8696125 ], [ 88.4221956, 27.8694499 ], [ 88.4225496, 27.8692507 ], [ 88.4226714, 27.8689581 ], [ 88.4226714, 27.8685313 ], [ 88.4226462, 27.8681695 ], [ 88.4227964, 27.8679987 ], [ 88.4230861, 27.8679893 ], [ 88.4235833, 27.8681424 ], [ 88.4241267, 27.8685489 ], [ 88.4246846, 27.8690231 ], [ 88.4250172, 27.8694119 ], [ 88.4253214, 27.8693375 ], [ 88.4256288, 27.8695163 ], [ 88.4259721, 27.8695068 ], [ 88.4263047, 27.8693645 ], [ 88.4267553, 27.8694025 ], [ 88.4270879, 27.8692317 ], [ 88.4275707, 27.869061 ], [ 88.4280106, 27.8689757 ], [ 88.4282396, 27.8687874 ], [ 88.4285615, 27.8686451 ], [ 88.4289118, 27.8684256 ], [ 88.4292444, 27.8679987 ], [ 88.4296237, 27.8676208 ], [ 88.4298989, 27.8672969 ], [ 88.4302207, 27.8670693 ], [ 88.4305855, 27.8670313 ], [ 88.4308966, 27.8668511 ], [ 88.4314116, 27.8667563 ], [ 88.4318301, 27.8666804 ], [ 88.4322485, 27.8664338 ], [ 88.4327313, 27.8663769 ], [ 88.433257, 27.8661492 ], [ 88.4335397, 27.8660179 ], [ 88.4339367, 27.8657049 ], [ 88.4342977, 27.8654474 ], [ 88.4347091, 27.8651073 ], [ 88.4350954, 27.864671 ], [ 88.4352241, 27.8642916 ], [ 88.4354172, 27.8639028 ], [ 88.4355674, 27.8637036 ], [ 88.4358678, 27.8636087 ], [ 88.4361967, 27.8636358 ], [ 88.4366296, 27.8637605 ], [ 88.43693, 27.8638553 ], [ 88.4372159, 27.8638634 ], [ 88.4375807, 27.8639393 ], [ 88.4377883, 27.8640925 ], [ 88.4379884, 27.8641574 ], [ 88.4382352, 27.8640721 ], [ 88.4386252, 27.8639028 ], [ 88.4387716, 27.8636737 ], [ 88.4390007, 27.8632578 ], [ 88.4391471, 27.8631331 ], [ 88.4395012, 27.8630192 ], [ 88.4398375, 27.8629068 ], [ 88.4401127, 27.8627442 ], [ 88.4403203, 27.8624326 ], [ 88.4405419, 27.8620802 ], [ 88.4406422, 27.8619109 ], [ 88.4407066, 27.8612185 ], [ 88.4408568, 27.8609339 ], [ 88.4410461, 27.8606954 ], [ 88.4411357, 27.8605166 ], [ 88.441368, 27.860316 ], [ 88.4417473, 27.859938 ], [ 88.4421764, 27.8596155 ], [ 88.4426377, 27.8593689 ], [ 88.442906, 27.8590558 ], [ 88.4431313, 27.8588092 ], [ 88.4432563, 27.8585327 ], [ 88.4434424, 27.8583729 ], [ 88.4435889, 27.8581913 ], [ 88.443657, 27.8578133 ], [ 88.4435889, 27.8571478 ], [ 88.4434065, 27.8568917 ], [ 88.4430776, 27.8565327 ], [ 88.44287, 27.8562562 ], [ 88.44287, 27.8560285 ], [ 88.4429559, 27.8553646 ], [ 88.4431313, 27.8551952 ], [ 88.4434317, 27.8549771 ], [ 88.4437857, 27.8547968 ], [ 88.4441076, 27.8544648 ], [ 88.4443544, 27.8543415 ], [ 88.4445904, 27.8543036 ], [ 88.444923, 27.8540949 ], [ 88.4453269, 27.8539891 ], [ 88.4457132, 27.8540176 ], [ 88.4463784, 27.8539607 ], [ 88.4467646, 27.8539417 ], [ 88.4470795, 27.854 ], [ 88.4473439, 27.8538943 ], [ 88.4479271, 27.8537155 ], [ 88.4484705, 27.8537045 ], [ 88.4488283, 27.8537629 ], [ 88.4493181, 27.8536287 ], [ 88.4499403, 27.8536287 ], [ 88.4504768, 27.8536192 ], [ 88.4507986, 27.8535338 ] ] } },
{ "type": "Feature", "properties": { "element": "way", "id": 193282428, "name": "Lhonak Chu", "waterway": "river" }, "geometry": { "type": "LineString", "coordinates": [ [ 88.4507986, 27.8535338 ], [ 88.4510452, 27.8534886 ], [ 88.4516784, 27.8533725 ], [ 88.452184, 27.8532563 ], [ 88.4526156, 27.8531748 ], [ 88.4530302, 27.8531544 ], [ 88.4534846, 27.852985 ], [ 88.4539232, 27.8526902 ], [ 88.4541, 27.8524701 ], [ 88.4540454, 27.8515333 ], [ 88.4541374, 27.8510492 ], [ 88.4543221, 27.8505207 ], [ 88.4545789, 27.8497218 ], [ 88.454878, 27.8492055 ], [ 88.4550805, 27.8484494 ], [ 88.4554528, 27.8476066 ], [ 88.455634, 27.8472547 ], [ 88.456362, 27.8469667 ], [ 88.4568824, 27.8466383 ], [ 88.457501, 27.8462097 ], [ 88.4577999, 27.8457582 ], [ 88.4580929, 27.8455643 ], [ 88.4582921, 27.8451844 ], [ 88.458538, 27.8448698 ], [ 88.4588911, 27.8444658 ], [ 88.4589629, 27.844142 ], [ 88.459032, 27.8438381 ], [ 88.4592266, 27.84333 ], [ 88.4593903, 27.8429349 ], [ 88.4598189, 27.8424727 ], [ 88.4601002, 27.8421976 ], [ 88.4604305, 27.8417291 ], [ 88.4607332, 27.8414925 ], [ 88.4611134, 27.8412557 ], [ 88.4613246, 27.8409734 ], [ 88.4614767, 27.8404202 ], [ 88.461607, 27.8398323 ], [ 88.4615747, 27.8390738 ], [ 88.4615318, 27.8387084 ], [ 88.461579, 27.8384512 ], [ 88.4616992, 27.83817 ], [ 88.4619566, 27.8379095 ], [ 88.4623858, 27.8378336 ], [ 88.4627865, 27.8379204 ], [ 88.4631583, 27.8378051 ], [ 88.4634195, 27.8376358 ], [ 88.4638165, 27.8372089 ], [ 88.4638236, 27.837147 ], [ 88.4638449, 27.8369608 ], [ 88.4640418, 27.8366112 ], [ 88.4643492, 27.8364674 ], [ 88.4645889, 27.8362886 ], [ 88.4647032, 27.83605 ], [ 88.4650181, 27.8358142 ], [ 88.4651468, 27.8356055 ], [ 88.4651147, 27.8353304 ], [ 88.4650825, 27.8351027 ], [ 88.4653185, 27.8347801 ], [ 88.4655331, 27.834429 ], [ 88.4656152, 27.8341051 ], [ 88.4658726, 27.8339248 ], [ 88.4661017, 27.8335088 ], [ 88.4664128, 27.8333 ], [ 88.4666489, 27.8331103 ], [ 88.4669278, 27.8327687 ], [ 88.4672138, 27.8324922 ], [ 88.4674498, 27.8321791 ], [ 88.4675034, 27.8318565 ], [ 88.4677609, 27.8313916 ], [ 88.4678076, 27.8311273 ], [ 88.4678468, 27.8308792 ], [ 88.467997, 27.8305377 ], [ 88.4680651, 27.8301121 ], [ 88.4679793, 27.8297706 ], [ 88.4679219, 27.8293232 ], [ 88.4677647, 27.8288787 ], [ 88.4676644, 27.828678 ], [ 88.467754, 27.8284518 ], [ 88.4680184, 27.8281657 ], [ 88.4679755, 27.8279475 ], [ 88.4681187, 27.8277401 ], [ 88.4683762, 27.827427 ], [ 88.4686874, 27.827038 ], [ 88.4688016, 27.826676 ], [ 88.4690736, 27.8265257 ], [ 88.4691128, 27.8262681 ], [ 88.4692844, 27.825936 ], [ 88.4695634, 27.8258506 ], [ 88.4696315, 27.8255009 ], [ 88.4699818, 27.825082 ], [ 88.4705075, 27.8247025 ], [ 88.4712585, 27.8244273 ], [ 88.4714654, 27.8243181 ], [ 88.4717773, 27.8241536 ], [ 88.472142, 27.8238594 ], [ 88.4725353, 27.8236208 ], [ 88.4728823, 27.8231383 ], [ 88.4732648, 27.8227289 ], [ 88.4737085, 27.8222369 ], [ 88.4739944, 27.821818 ], [ 88.4743055, 27.8214669 ], [ 88.4745882, 27.8212216 ], [ 88.4746381, 27.820964 ], [ 88.474799, 27.8207458 ], [ 88.4747776, 27.8204516 ], [ 88.4747706, 27.8202443 ], [ 88.4750136, 27.8199867 ], [ 88.475196, 27.819702 ], [ 88.475071, 27.8193808 ], [ 88.4749959, 27.8191815 ], [ 88.4751424, 27.8187911 ], [ 88.4752497, 27.81844 ], [ 88.475475, 27.8180889 ], [ 88.4755431, 27.8177867 ], [ 88.4756788, 27.8174721 ], [ 88.4758328, 27.8171984 ], [ 88.4760972, 27.8170641 ], [ 88.4763547, 27.8166371 ], [ 88.4763869, 27.8163429 ], [ 88.4765049, 27.8160582 ], [ 88.4766015, 27.8158969 ], [ 88.4768697, 27.8158115 ], [ 88.4772238, 27.8154984 ], [ 88.4774743, 27.8152246 ], [ 88.4776781, 27.8146742 ], [ 88.4779034, 27.8143706 ], [ 88.4781114, 27.8141427 ], [ 88.4784506, 27.8139341 ], [ 88.478581, 27.8137983 ], [ 88.4786664, 27.8136971 ], [ 88.4786865, 27.8134366 ], [ 88.478698, 27.8131464 ], [ 88.4786519, 27.812934 ], [ 88.4786217, 27.8126749 ], [ 88.4787987, 27.8124448 ], [ 88.4790678, 27.8120616 ], [ 88.4792285, 27.8118379 ], [ 88.4794752, 27.811052 ], [ 88.4796114, 27.8108866 ], [ 88.4799409, 27.8108181 ], [ 88.4804032, 27.8106792 ], [ 88.4805851, 27.8102528 ], [ 88.4808763, 27.8099784 ], [ 88.4810591, 27.8098111 ], [ 88.4813045, 27.8096638 ], [ 88.4814332, 27.8095025 ], [ 88.4816948, 27.8091365 ], [ 88.4818524, 27.8089113 ], [ 88.481937, 27.808642 ], [ 88.4822613, 27.8084664 ], [ 88.4824272, 27.8083148 ], [ 88.4824632, 27.8080411 ], [ 88.4822486, 27.8075381 ], [ 88.4822057, 27.8070636 ], [ 88.4822808, 27.8066366 ], [ 88.482431, 27.8064752 ], [ 88.4826778, 27.8065132 ], [ 88.4828172, 27.8065796 ], [ 88.4830533, 27.8064942 ], [ 88.4833, 27.8061716 ], [ 88.4837761, 27.8059568 ], [ 88.4837892, 27.8054524 ], [ 88.4838794, 27.805251 ], [ 88.483976, 27.8049948 ], [ 88.4842538, 27.8047671 ], [ 88.484423, 27.8044453 ], [ 88.4843104, 27.8041185 ], [ 88.4839714, 27.8037636 ], [ 88.4839867, 27.8034289 ], [ 88.4840538, 27.8032387 ], [ 88.4842111, 27.8030427 ], [ 88.4844, 27.8029419 ], [ 88.4845551, 27.8028268 ], [ 88.4845853, 27.8026497 ], [ 88.484483, 27.802509 ], [ 88.484578, 27.8023134 ], [ 88.4847746, 27.8022313 ], [ 88.4850274, 27.8020623 ], [ 88.4851468, 27.8017308 ], [ 88.4851528, 27.8015525 ], [ 88.4852751, 27.8012795 ], [ 88.4855242, 27.801074 ], [ 88.4859164, 27.8008413 ], [ 88.4861314, 27.800608 ], [ 88.4863711, 27.8003946 ], [ 88.4863488, 27.8001937 ], [ 88.4862719, 27.79987 ], [ 88.4864543, 27.7995284 ], [ 88.4864436, 27.7993006 ], [ 88.4865616, 27.7991298 ], [ 88.4866352, 27.7989799 ], [ 88.4866519, 27.7988101 ], [ 88.4866371, 27.7983862 ], [ 88.4867011, 27.7980668 ], [ 88.4868058, 27.7977454 ], [ 88.4870045, 27.7973652 ], [ 88.4872105, 27.7969142 ], [ 88.4872425, 27.7965679 ], [ 88.4876005, 27.7963271 ], [ 88.4879641, 27.7962871 ], [ 88.4880714, 27.7960145 ], [ 88.4882057, 27.7959215 ], [ 88.4885357, 27.7957226 ], [ 88.4886408, 27.7953739 ], [ 88.4889594, 27.7952129 ], [ 88.4891794, 27.7949728 ], [ 88.4894584, 27.7948209 ], [ 88.4896351, 27.7946091 ], [ 88.4896318, 27.7943803 ], [ 88.48951, 27.7940532 ], [ 88.4895013, 27.7936251 ], [ 88.4895521, 27.7934076 ], [ 88.4895316, 27.7932957 ], [ 88.4894676, 27.7931102 ], [ 88.48951, 27.7929773 ], [ 88.4896119, 27.7929376 ], [ 88.4897481, 27.7928563 ], [ 88.4897159, 27.7927139 ], [ 88.4897481, 27.7925431 ], [ 88.4897655, 27.7923816 ], [ 88.4899108, 27.7921961 ], [ 88.4900734, 27.7921501 ], [ 88.4902548, 27.792107 ], [ 88.4903811, 27.79204 ], [ 88.4903324, 27.79182 ], [ 88.4902059, 27.7916856 ], [ 88.4901668, 27.7915646 ], [ 88.4902201, 27.7914421 ], [ 88.4903167, 27.7912143 ], [ 88.4904562, 27.7910719 ], [ 88.4905098, 27.7909201 ], [ 88.4906064, 27.7907967 ], [ 88.4905635, 27.7906638 ], [ 88.4904133, 27.7904645 ], [ 88.4904454, 27.7902462 ], [ 88.4906278, 27.7900374 ], [ 88.4906493, 27.7896862 ], [ 88.4907029, 27.789373 ], [ 88.4908424, 27.7890503 ], [ 88.4908424, 27.788756 ], [ 88.4907888, 27.7885567 ], [ 88.4908531, 27.7881865 ], [ 88.490896, 27.7879777 ], [ 88.4912072, 27.7874177 ], [ 88.4912608, 27.7871994 ], [ 88.4912412, 27.7868669 ], [ 88.4913437, 27.7866745 ], [ 88.4914932, 27.7864175 ], [ 88.491485, 27.7862395 ], [ 88.4912708, 27.7860532 ], [ 88.4913041, 27.7858997 ], [ 88.4913485, 27.7857782 ], [ 88.4914381, 27.7856909 ], [ 88.4915161, 27.7856016 ], [ 88.4914861, 27.7854909 ], [ 88.4914828, 27.7852169 ], [ 88.4915464, 27.7849427 ], [ 88.4916685, 27.7847411 ], [ 88.4914003, 27.7845038 ], [ 88.4913359, 27.7842854 ], [ 88.4913574, 27.7840576 ], [ 88.4914539, 27.7840861 ], [ 88.4915781, 27.7839503 ], [ 88.4917057, 27.7835765 ], [ 88.4919689, 27.7832223 ], [ 88.4919821, 27.7829712 ], [ 88.4919689, 27.7827572 ], [ 88.4917651, 27.7825769 ], [ 88.4916685, 27.7823491 ], [ 88.491808, 27.7821592 ], [ 88.492044, 27.7819979 ], [ 88.4920977, 27.7817701 ], [ 88.4921084, 27.7813999 ], [ 88.4921621, 27.7811436 ], [ 88.492044, 27.7809727 ], [ 88.4921084, 27.7807639 ], [ 88.4920118, 27.7806595 ], [ 88.4921406, 27.7805076 ], [ 88.4923766, 27.7804506 ], [ 88.4926019, 27.7802703 ], [ 88.492677, 27.7801184 ], [ 88.4930204, 27.7799452 ] ] } },
{ "type": "Feature", "properties": { "element": "way", "id": 193282428, "name": "Lhonak Chu", "waterway": "river" }, "geometry": { "type": "LineString", "coordinates": [ [ 88.4507986, 27.8535338 ], [ 88.4510452, 27.8534886 ], [ 88.4516784, 27.8533725 ], [ 88.452184, 27.8532563 ], [ 88.4526156, 27.8531748 ], [ 88.4530302, 27.8531544 ], [ 88.4534846, 27.852985 ], [ 88.4539232, 27.8526902 ], [ 88.4541, 27.8524701 ], [ 88.4540454, 27.8515333 ], [ 88.4541374, 27.8510492 ], [ 88.4543221, 27.8505207 ], [ 88.4545789, 27.8497218 ], [ 88.454878, 27.8492055 ], [ 88.4550805, 27.8484494 ], [ 88.4554528, 27.8476066 ], [ 88.455634, 27.8472547 ], [ 88.456362, 27.8469667 ], [ 88.4568824, 27.8466383 ], [ 88.457501, 27.8462097 ], [ 88.4577999, 27.8457582 ], [ 88.4580929, 27.8455643 ], [ 88.4582921, 27.8451844 ], [ 88.458538, 27.8448698 ], [ 88.4588911, 27.8444658 ], [ 88.4589629, 27.844142 ], [ 88.459032, 27.8438381 ], [ 88.4592266, 27.84333 ], [ 88.4593903, 27.8429349 ], [ 88.4598189, 27.8424727 ], [ 88.4601002, 27.8421976 ], [ 88.4604305, 27.8417291 ], [ 88.4607332, 27.8414925 ], [ 88.4611134, 27.8412557 ], [ 88.4613246, 27.8409734 ], [ 88.4614767, 27.8404202 ], [ 88.461607, 27.8398323 ], [ 88.4615747, 27.8390738 ], [ 88.4615318, 27.8387084 ], [ 88.461579, 27.8384512 ], [ 88.4616992, 27.83817 ], [ 88.4619566, 27.8379095 ], [ 88.4623858, 27.8378336 ], [ 88.4627865, 27.8379204 ], [ 88.4631583, 27.8378051 ], [ 88.4634195, 27.8376358 ], [ 88.4638165, 27.8372089 ], [ 88.4638236, 27.837147 ], [ 88.4638449, 27.8369608 ], [ 88.4640418, 27.8366112 ], [ 88.4643492, 27.8364674 ], [ 88.4645889, 27.8362886 ], [ 88.4647032, 27.83605 ], [ 88.4650181, 27.8358142 ], [ 88.4651468, 27.8356055 ], [ 88.4651147, 27.8353304 ], [ 88.4650825, 27.8351027 ], [ 88.4653185, 27.8347801 ], [ 88.4655331, 27.834429 ], [ 88.4656152, 27.8341051 ], [ 88.4658726, 27.8339248 ], [ 88.4661017, 27.8335088 ], [ 88.4664128, 27.8333 ], [ 88.4666489, 27.8331103 ], [ 88.4669278, 27.8327687 ], [ 88.4672138, 27.8324922 ], [ 88.4674498, 27.8321791 ], [ 88.4675034, 27.8318565 ], [ 88.4677609, 27.8313916 ], [ 88.4678076, 27.8311273 ], [ 88.4678468, 27.8308792 ], [ 88.467997, 27.8305377 ], [ 88.4680651, 27.8301121 ], [ 88.4679793, 27.8297706 ], [ 88.4679219, 27.8293232 ], [ 88.4677647, 27.8288787 ], [ 88.4676644, 27.828678 ], [ 88.467754, 27.8284518 ], [ 88.4680184, 27.8281657 ], [ 88.4679755, 27.8279475 ], [ 88.4681187, 27.8277401 ], [ 88.4683762, 27.827427 ], [ 88.4686874, 27.827038 ], [ 88.4688016, 27.826676 ], [ 88.4690736, 27.8265257 ], [ 88.4691128, 27.8262681 ], [ 88.4692844, 27.825936 ], [ 88.4695634, 27.8258506 ], [ 88.4696315, 27.8255009 ], [ 88.4699818, 27.825082 ], [ 88.4705075, 27.8247025 ], [ 88.4712585, 27.8244273 ], [ 88.4714654, 27.8243181 ], [ 88.4717773, 27.8241536 ], [ 88.472142, 27.8238594 ], [ 88.4725353, 27.8236208 ], [ 88.4728823, 27.8231383 ], [ 88.4732648, 27.8227289 ], [ 88.4737085, 27.8222369 ], [ 88.4739944, 27.821818 ], [ 88.4743055, 27.8214669 ], [ 88.4745882, 27.8212216 ], [ 88.4746381, 27.820964 ], [ 88.474799, 27.8207458 ], [ 88.4747776, 27.8204516 ], [ 88.4747706, 27.8202443 ], [ 88.4750136, 27.8199867 ], [ 88.475196, 27.819702 ], [ 88.475071, 27.8193808 ], [ 88.4749959, 27.8191815 ], [ 88.4751424, 27.8187911 ], [ 88.4752497, 27.81844 ], [ 88.475475, 27.8180889 ], [ 88.4755431, 27.8177867 ], [ 88.4756788, 27.8174721 ], [ 88.4758328, 27.8171984 ], [ 88.4760972, 27.8170641 ], [ 88.4763547, 27.8166371 ], [ 88.4763869, 27.8163429 ], [ 88.4765049, 27.8160582 ], [ 88.4766015, 27.8158969 ], [ 88.4768697, 27.8158115 ], [ 88.4772238, 27.8154984 ], [ 88.4774743, 27.8152246 ], [ 88.4776781, 27.8146742 ], [ 88.4779034, 27.8143706 ], [ 88.4781114, 27.8141427 ], [ 88.4784506, 27.8139341 ], [ 88.478581, 27.8137983 ], [ 88.4786664, 27.8136971 ], [ 88.4786865, 27.8134366 ], [ 88.478698, 27.8131464 ], [ 88.4786519, 27.812934 ], [ 88.4786217, 27.8126749 ], [ 88.4787987, 27.8124448 ], [ 88.4790678, 27.8120616 ], [ 88.4792285, 27.8118379 ], [ 88.4794752, 27.811052 ], [ 88.4796114, 27.8108866 ], [ 88.4799409, 27.8108181 ], [ 88.4804032, 27.8106792 ], [ 88.4805851, 27.8102528 ], [ 88.4808763, 27.8099784 ], [ 88.4810591, 27.8098111 ], [ 88.4813045, 27.8096638 ], [ 88.4814332, 27.8095025 ], [ 88.4816948, 27.8091365 ], [ 88.4818524, 27.8089113 ], [ 88.481937, 27.808642 ], [ 88.4822613, 27.8084664 ], [ 88.4824272, 27.8083148 ], [ 88.4824632, 27.8080411 ], [ 88.4822486, 27.8075381 ], [ 88.4822057, 27.8070636 ], [ 88.4822808, 27.8066366 ], [ 88.482431, 27.8064752 ], [ 88.4826778, 27.8065132 ], [ 88.4828172, 27.8065796 ], [ 88.4830533, 27.8064942 ], [ 88.4833, 27.8061716 ], [ 88.4837761, 27.8059568 ], [ 88.4837892, 27.8054524 ], [ 88.4838794, 27.805251 ], [ 88.483976, 27.8049948 ], [ 88.4842538, 27.8047671 ], [ 88.484423, 27.8044453 ], [ 88.4843104, 27.8041185 ], [ 88.4839714, 27.8037636 ], [ 88.4839867, 27.8034289 ], [ 88.4840538, 27.8032387 ], [ 88.4842111, 27.8030427 ], [ 88.4844, 27.8029419 ], [ 88.4845551, 27.8028268 ], [ 88.4845853, 27.8026497 ], [ 88.484483, 27.802509 ], [ 88.484578, 27.8023134 ], [ 88.4847746, 27.8022313 ], [ 88.4850274, 27.8020623 ], [ 88.4851468, 27.8017308 ], [ 88.4851528, 27.8015525 ], [ 88.4852751, 27.8012795 ], [ 88.4855242, 27.801074 ], [ 88.4859164, 27.8008413 ], [ 88.4861314, 27.800608 ], [ 88.4863711, 27.8003946 ], [ 88.4863488, 27.8001937 ], [ 88.4862719, 27.79987 ], [ 88.4864543, 27.7995284 ], [ 88.4864436, 27.7993006 ], [ 88.4865616, 27.7991298 ], [ 88.4866352, 27.7989799 ], [ 88.4866519, 27.7988101 ], [ 88.4866371, 27.7983862 ], [ 88.4867011, 27.7980668 ], [ 88.4868058, 27.7977454 ], [ 88.4870045, 27.7973652 ], [ 88.4872105, 27.7969142 ], [ 88.4872425, 27.7965679 ], [ 88.4876005, 27.7963271 ], [ 88.4879641, 27.7962871 ], [ 88.4880714, 27.7960145 ], [ 88.4882057, 27.7959215 ], [ 88.4885357, 27.7957226 ], [ 88.4886408, 27.7953739 ], [ 88.4889594, 27.7952129 ], [ 88.4891794, 27.7949728 ], [ 88.4894584, 27.7948209 ], [ 88.4896351, 27.7946091 ], [ 88.4896318, 27.7943803 ], [ 88.48951, 27.7940532 ], [ 88.4895013, 27.7936251 ], [ 88.4895521, 27.7934076 ], [ 88.4895316, 27.7932957 ], [ 88.4894676, 27.7931102 ], [ 88.48951, 27.7929773 ], [ 88.4896119, 27.7929376 ], [ 88.4897481, 27.7928563 ], [ 88.4897159, 27.7927139 ], [ 88.4897481, 27.7925431 ], [ 88.4897655, 27.7923816 ], [ 88.4899108, 27.7921961 ], [ 88.4900734, 27.7921501 ], [ 88.4902548, 27.792107 ], [ 88.4903811, 27.79204 ], [ 88.4903324, 27.79182 ], [ 88.4902059, 27.7916856 ], [ 88.4901668, 27.7915646 ], [ 88.4902201, 27.7914421 ], [ 88.4903167, 27.7912143 ], [ 88.4904562, 27.7910719 ], [ 88.4905098, 27.7909201 ], [ 88.4906064, 27.7907967 ], [ 88.4905635, 27.7906638 ], [ 88.4904133, 27.7904645 ], [ 88.4904454, 27.7902462 ], [ 88.4906278, 27.7900374 ], [ 88.4906493, 27.7896862 ], [ 88.4907029, 27.789373 ], [ 88.4908424, 27.7890503 ], [ 88.4908424, 27.788756 ], [ 88.4907888, 27.7885567 ], [ 88.4908531, 27.7881865 ], [ 88.490896, 27.7879777 ], [ 88.4912072, 27.7874177 ], [ 88.4912608, 27.7871994 ], [ 88.4912412, 27.7868669 ], [ 88.4913437, 27.7866745 ], [ 88.4914932, 27.7864175 ], [ 88.491485, 27.7862395 ], [ 88.4912708, 27.7860532 ], [ 88.4913041, 27.7858997 ], [ 88.4913485, 27.7857782 ], [ 88.4914381, 27.7856909 ], [ 88.4915161, 27.7856016 ], [ 88.4914861, 27.7854909 ], [ 88.4914828, 27.7852169 ], [ 88.4915464, 27.7849427 ], [ 88.4916685, 27.7847411 ], [ 88.4914003, 27.7845038 ], [ 88.4913359, 27.7842854 ], [ 88.4913574, 27.7840576 ], [ 88.4914539, 27.7840861 ], [ 88.4915781, 27.7839503 ], [ 88.4917057, 27.7835765 ], [ 88.4919689, 27.7832223 ], [ 88.4919821, 27.7829712 ], [ 88.4919689, 27.7827572 ], [ 88.4917651, 27.7825769 ], [ 88.4916685, 27.7823491 ], [ 88.491808, 27.7821592 ], [ 88.492044, 27.7819979 ], [ 88.4920977, 27.7817701 ], [ 88.4921084, 27.7813999 ], [ 88.4921621, 27.7811436 ], [ 88.492044, 27.7809727 ], [ 88.4921084, 27.7807639 ], [ 88.4920118, 27.7806595 ], [ 88.4921406, 27.7805076 ], [ 88.4923766, 27.7804506 ], [ 88.4926019, 27.7802703 ], [ 88.492677, 27.7801184 ], [ 88.4930204, 27.7799452 ] ] } },
{ "type": "Feature", "properties": { "element": "way", "id": 237589281, "name": null, "waterway": "stream" }, "geometry": { "type": "LineString", "coordinates": [ [ 88.1877921, 27.5608291 ], [ 88.1877974, 27.5607483 ], [ 88.1877277, 27.5606294 ], [ 88.1876848, 27.5604629 ], [ 88.1877223, 27.5603868 ], [ 88.1878135, 27.5603202 ], [ 88.1879101, 27.5602632 ], [ 88.1878564, 27.5601633 ], [ 88.1877921, 27.5600872 ], [ 88.1877545, 27.5599778 ], [ 88.1877438, 27.5598257 ], [ 88.1876741, 27.559702 ], [ 88.1875614, 27.5595926 ], [ 88.1875131, 27.5594928 ], [ 88.1874434, 27.5592883 ], [ 88.1874112, 27.5592074 ], [ 88.1873254, 27.5591218 ], [ 88.1872449, 27.5590124 ], [ 88.187143, 27.5589554 ], [ 88.1870196, 27.5588935 ], [ 88.1868908, 27.5588032 ], [ 88.1868265, 27.5587509 ], [ 88.1867192, 27.5586034 ], [ 88.1866548, 27.5585701 ], [ 88.1863061, 27.5581802 ] ] } },
{ "type": "Feature", "properties": { "element": "way", "id": 237589483, "name": "Prek Chu", "waterway": "river" }, "geometry": { "type": "LineString", "coordinates": [ [ 88.1819861, 27.563848 ], [ 88.1818251, 27.5632108 ], [ 88.1818949, 27.5628446 ], [ 88.1820665, 27.5619077 ], [ 88.1825922, 27.5611849 ], [ 88.1831146, 27.560772 ], [ 88.1833289, 27.5605961 ], [ 88.1834415, 27.5603726 ], [ 88.1834791, 27.5601253 ], [ 88.1835274, 27.5599017 ], [ 88.1836132, 27.5597496 ], [ 88.183699, 27.5595688 ], [ 88.1837366, 27.5594214 ], [ 88.1837366, 27.5591646 ], [ 88.1837419, 27.5589126 ], [ 88.1837848, 27.5587081 ], [ 88.1837688, 27.558475 ], [ 88.1837848, 27.5582848 ], [ 88.1838385, 27.5580898 ], [ 88.1839029, 27.5579234 ], [ 88.1839297, 27.5577807 ], [ 88.1839941, 27.5576618 ], [ 88.1840799, 27.5575762 ], [ 88.1841872, 27.5574906 ], [ 88.1843374, 27.5573336 ], [ 88.1844071, 27.5571957 ], [ 88.18445, 27.5570911 ], [ 88.1845305, 27.5569532 ], [ 88.1846324, 27.5567487 ], [ 88.1846861, 27.5566345 ], [ 88.1847344, 27.556449 ], [ 88.1848095, 27.5562445 ], [ 88.1848363, 27.5560353 ], [ 88.1848095, 27.5558926 ], [ 88.1848309, 27.5557642 ], [ 88.1848738, 27.5556738 ], [ 88.1849543, 27.5556405 ], [ 88.1849167, 27.5555169 ], [ 88.184965, 27.555379 ], [ 88.1850616, 27.5551602 ], [ 88.1850348, 27.555027 ], [ 88.1850562, 27.554794 ], [ 88.1850777, 27.5546133 ], [ 88.1851367, 27.5544991 ], [ 88.185185, 27.554423 ], [ 88.1852708, 27.5542994 ], [ 88.1852547, 27.5541567 ], [ 88.1852922, 27.554033 ], [ 88.1853083, 27.553819 ], [ 88.185421, 27.5537239 ], [ 88.1854264, 27.553586 ], [ 88.1855229, 27.5534623 ], [ 88.1856409, 27.5533149 ], [ 88.1857268, 27.5531294 ], [ 88.1858448, 27.5530248 ], [ 88.1860433, 27.5529059 ], [ 88.1861023, 27.5527775 ] ] } },
{ "type": "Feature", "properties": { "element": "way", "id": 293157375, "name": "Naku Chu", "waterway": "stream" }, "geometry": { "type": "LineString", "coordinates": [ [ 88.48738, 28.0026868 ], [ 88.4871447, 28.0026979 ], [ 88.4869333, 28.0024321 ], [ 88.4866382, 28.0020317 ], [ 88.4860479, 28.0016286 ], [ 88.4855414, 28.0014124 ], [ 88.4836697, 28.0014357 ], [ 88.4826571, 28.0012122 ], [ 88.4814223, 28.0004599 ], [ 88.4806769, 27.9996666 ], [ 88.4799435, 27.9971379 ], [ 88.4792233, 27.9964011 ], [ 88.4782716, 27.9960465 ], [ 88.4773722, 27.9961583 ], [ 88.47682, 27.9962739 ], [ 88.4756462, 27.9962309 ], [ 88.4752533, 27.9961191 ], [ 88.4746901, 27.995672 ], [ 88.4741444, 27.9956219 ], [ 88.4738257, 27.9953867 ], [ 88.4738082, 27.9950706 ], [ 88.473459, 27.9947121 ], [ 88.4733717, 27.9947352 ], [ 88.4732451, 27.9950513 ], [ 88.4730835, 27.9951708 ], [ 88.4726862, 27.9951284 ], [ 88.4724199, 27.9952132 ], [ 88.4720139, 27.9952132 ], [ 88.4717171, 27.9952788 ], [ 88.471036, 27.9952094 ], [ 88.4706737, 27.9953058 ], [ 88.4704074, 27.9953135 ], [ 88.4701978, 27.9949396 ], [ 88.4699097, 27.9947661 ], [ 88.4689056, 27.9946774 ], [ 88.468338, 27.9947083 ], [ 88.4679451, 27.9945271 ], [ 88.4674212, 27.9945309 ], [ 88.467216, 27.9944114 ], [ 88.4671855, 27.994103 ], [ 88.4668319, 27.9939373 ], [ 88.4664651, 27.9934516 ], [ 88.4660766, 27.9925495 ], [ 88.4651773, 27.9913391 ], [ 88.4648848, 27.9912427 ], [ 88.464553, 27.9913391 ], [ 88.4637125, 27.9917959 ], [ 88.4634535, 27.9917399 ], [ 88.4633738, 27.9915692 ], [ 88.4633765, 27.99139 ], [ 88.4632577, 27.9913222 ], [ 88.4630232, 27.9912362 ], [ 88.4626037, 27.9907976 ], [ 88.462178, 27.9904678 ], [ 88.4617112, 27.9902669 ], [ 88.4616167, 27.9900129 ], [ 88.4610648, 27.989319 ], [ 88.4607985, 27.9889104 ], [ 88.4608989, 27.9883051 ], [ 88.4605234, 27.9877847 ], [ 88.4594277, 27.9868209 ], [ 88.4593578, 27.9865009 ], [ 88.4591308, 27.9863583 ], [ 88.4589651, 27.9859968 ], [ 88.4589081, 27.9858726 ], [ 88.4585846, 27.9857376 ], [ 88.4583755, 27.9856451 ], [ 88.458035, 27.9853521 ], [ 88.4573801, 27.9851593 ], [ 88.4569523, 27.984743 ], [ 88.4565061, 27.9845575 ], [ 88.4562653, 27.9840314 ], [ 88.4561974, 27.9837833 ], [ 88.4563271, 27.9834671 ], [ 88.4563641, 27.9830119 ], [ 88.456111, 27.9827501 ], [ 88.4561264, 27.9820932 ], [ 88.4558702, 27.9817851 ], [ 88.4557035, 27.9816733 ], [ 88.4556726, 27.9815288 ], [ 88.4557158, 27.9813298 ], [ 88.4556819, 27.9811363 ], [ 88.4559011, 27.9809564 ], [ 88.4560276, 27.9804847 ], [ 88.4561141, 27.9799668 ], [ 88.4568164, 27.9795177 ], [ 88.4569442, 27.9792545 ], [ 88.4569552, 27.9789962 ], [ 88.4568652, 27.9785252 ], [ 88.456559, 27.9781204 ], [ 88.456493, 27.9778161 ], [ 88.4563951, 27.9776143 ], [ 88.4565148, 27.9772633 ], [ 88.4564, 27.9768733 ], [ 88.456412, 27.9766091 ], [ 88.4566915, 27.9760312 ], [ 88.4566593, 27.9755857 ], [ 88.4565647, 27.9754176 ], [ 88.456371, 27.9751544 ], [ 88.4561766, 27.9749676 ], [ 88.4561834, 27.9745563 ], [ 88.4563362, 27.9739857 ], [ 88.456131, 27.9734112 ], [ 88.4560001, 27.9726902 ], [ 88.4560044, 27.9722545 ], [ 88.4561616, 27.9719036 ], [ 88.4561354, 27.9714872 ], [ 88.4559826, 27.9712289 ], [ 88.4561441, 27.9706698 ], [ 88.455856, 27.9699873 ], [ 88.4558778, 27.9697676 ], [ 88.4557905, 27.9694552 ], [ 88.4558604, 27.9688499 ], [ 88.455789, 27.9681312 ], [ 88.4556771, 27.9679795 ], [ 88.4555244, 27.9676626 ], [ 88.4553721, 27.9673341 ], [ 88.4552374, 27.9671295 ], [ 88.455049, 27.9665297 ], [ 88.4549811, 27.9659517 ], [ 88.4545829, 27.9657581 ], [ 88.4542958, 27.9653137 ], [ 88.4542958, 27.9649756 ], [ 88.4542156, 27.9647711 ], [ 88.4542649, 27.964553 ], [ 88.4541384, 27.9643076 ], [ 88.4537062, 27.9638468 ], [ 88.4534839, 27.9636941 ], [ 88.4534562, 27.9634978 ], [ 88.4532586, 27.9632142 ], [ 88.4530826, 27.9630615 ], [ 88.4530147, 27.9625844 ], [ 88.4520886, 27.9617718 ], [ 88.451678, 27.9612947 ], [ 88.4516101, 27.960932 ], [ 88.4512088, 27.9606048 ], [ 88.4510545, 27.9599995 ], [ 88.4507705, 27.959615 ], [ 88.4509248, 27.959296 ], [ 88.4511316, 27.9591488 ], [ 88.4512119, 27.9587234 ], [ 88.4513539, 27.9585353 ], [ 88.4511656, 27.9579136 ], [ 88.450897, 27.9577391 ], [ 88.4508445, 27.9574391 ], [ 88.4505852, 27.9570956 ], [ 88.450445, 27.9568604 ], [ 88.4504031, 27.9567902 ], [ 88.449724, 27.9563184 ], [ 88.4496437, 27.9558494 ], [ 88.4494966, 27.9550955 ], [ 88.4492762, 27.9547259 ], [ 88.4489722, 27.9544042 ], [ 88.448823, 27.9538754 ], [ 88.4484609, 27.9533661 ], [ 88.4481339, 27.9531669 ], [ 88.4478778, 27.9527762 ], [ 88.447214, 27.9525968 ], [ 88.4468208, 27.952132 ], [ 88.4467222, 27.9518339 ], [ 88.4462542, 27.9517175 ], [ 88.4457816, 27.9514743 ], [ 88.4454343, 27.9513018 ], [ 88.4452411, 27.9510098 ], [ 88.445033, 27.9508524 ], [ 88.4447027, 27.9508469 ], [ 88.4446132, 27.9506888 ], [ 88.4446317, 27.950457 ], [ 88.4444218, 27.9499989 ], [ 88.4444249, 27.9497698 ], [ 88.4442181, 27.9496089 ], [ 88.4437643, 27.9488099 ], [ 88.4432734, 27.9484799 ], [ 88.4427802, 27.9480287 ], [ 88.4427109, 27.947517 ], [ 88.4429678, 27.9465929 ], [ 88.4429956, 27.9462738 ], [ 88.4429597, 27.9460185 ], [ 88.4426759, 27.9456418 ], [ 88.4421379, 27.9453022 ], [ 88.4421293, 27.9445076 ], [ 88.4418661, 27.9440505 ], [ 88.4421858, 27.9436983 ], [ 88.4421345, 27.942503 ], [ 88.4417975, 27.9421142 ], [ 88.4419668, 27.9413861 ], [ 88.4413726, 27.9411916 ], [ 88.4410065, 27.9414226 ], [ 88.4407395, 27.9414761 ], [ 88.4406139, 27.9414273 ], [ 88.4405831, 27.9411518 ], [ 88.4406322, 27.9409527 ], [ 88.4404008, 27.9408662 ], [ 88.4399245, 27.940799 ], [ 88.4397083, 27.9404085 ], [ 88.4395162, 27.9402267 ], [ 88.4392198, 27.9405336 ], [ 88.4388622, 27.940494 ], [ 88.4386656, 27.9402926 ], [ 88.4388805, 27.9395687 ], [ 88.4387615, 27.939091 ], [ 88.4390586, 27.9387473 ], [ 88.4393858, 27.9384445 ], [ 88.4394784, 27.9381309 ], [ 88.4393642, 27.9378418 ], [ 88.4387715, 27.9374409 ], [ 88.4384813, 27.9367264 ], [ 88.4381818, 27.9364209 ], [ 88.437762, 27.9362464 ], [ 88.4374379, 27.9362355 ], [ 88.4370273, 27.9363446 ], [ 88.4368212, 27.9365091 ], [ 88.4367279, 27.9365409 ], [ 88.4366155, 27.9365255 ], [ 88.4364603, 27.9363251 ], [ 88.4364849, 27.9354191 ], [ 88.4361862, 27.9348945 ], [ 88.4359643, 27.9343005 ], [ 88.4359057, 27.9336805 ], [ 88.4355484, 27.9330919 ], [ 88.4353794, 27.9325427 ], [ 88.4351596, 27.9322477 ], [ 88.435104, 27.9318872 ], [ 88.4347553, 27.9315644 ], [ 88.4342462, 27.9313181 ], [ 88.4337095, 27.9308748 ], [ 88.4335544, 27.9308407 ], [ 88.4332202, 27.9303357 ], [ 88.4330351, 27.930241 ], [ 88.4328873, 27.9301753 ], [ 88.4326359, 27.9297423 ], [ 88.4324, 27.9296922 ], [ 88.4322293, 27.9294398 ], [ 88.4319743, 27.9291315 ], [ 88.4316623, 27.9292024 ], [ 88.4312949, 27.9291887 ], [ 88.4309777, 27.929089 ], [ 88.4307889, 27.9288503 ], [ 88.430672, 27.9282615 ], [ 88.4303201, 27.9281006 ], [ 88.4298602, 27.9280624 ], [ 88.4295607, 27.9278305 ], [ 88.4293199, 27.9277596 ], [ 88.4292366, 27.9278278 ], [ 88.4292366, 27.9279451 ], [ 88.4291316, 27.9280405 ], [ 88.4287025, 27.9280542 ], [ 88.4285111, 27.9279833 ], [ 88.4283938, 27.9278387 ], [ 88.4284679, 27.9277733 ], [ 88.4283537, 27.9276478 ], [ 88.4282796, 27.9274869 ], [ 88.4285142, 27.9272468 ], [ 88.4285266, 27.9270396 ], [ 88.4280326, 27.9267695 ], [ 88.4281685, 27.9260331 ], [ 88.4280913, 27.9258885 ], [ 88.4278814, 27.9258585 ], [ 88.4276807, 27.9258776 ], [ 88.4275696, 27.925774 ], [ 88.4276283, 27.9256512 ], [ 88.4277795, 27.9254767 ], [ 88.4279925, 27.9254494 ], [ 88.4280728, 27.9253294 ], [ 88.4273844, 27.9247184 ], [ 88.4269213, 27.9241293 ], [ 88.426721, 27.9236497 ], [ 88.4264225, 27.9232522 ], [ 88.4261406, 27.9229927 ], [ 88.4259369, 27.9224756 ], [ 88.4253192, 27.9218976 ], [ 88.4252327, 27.9213089 ], [ 88.4250413, 27.9210307 ], [ 88.4248345, 27.9209189 ], [ 88.424711, 27.9206406 ], [ 88.4245178, 27.9205228 ], [ 88.4242363, 27.9203696 ], [ 88.4241003, 27.9206473 ], [ 88.4239755, 27.9207076 ], [ 88.4238517, 27.9205595 ], [ 88.4237189, 27.9202302 ], [ 88.4236551, 27.9200507 ], [ 88.4233727, 27.9199014 ], [ 88.4231016, 27.9199326 ], [ 88.4227706, 27.9200043 ], [ 88.4225902, 27.9200278 ], [ 88.4220558, 27.9199452 ], [ 88.4217658, 27.9194876 ], [ 88.4219471, 27.9193549 ], [ 88.4223248, 27.9194104 ], [ 88.422476, 27.9192031 ], [ 88.4225232, 27.9187183 ], [ 88.4224327, 27.9184839 ], [ 88.4221848, 27.9183568 ], [ 88.4219611, 27.9182811 ], [ 88.4218137, 27.9180871 ], [ 88.4218348, 27.9179972 ], [ 88.4220126, 27.9179348 ], [ 88.4222224, 27.9180277 ], [ 88.4223836, 27.9179489 ], [ 88.4225286, 27.9176665 ], [ 88.4225762, 27.9174541 ], [ 88.422449, 27.9172818 ], [ 88.4224369, 27.9165419 ], [ 88.4224849, 27.9163181 ], [ 88.4226399, 27.9161503 ], [ 88.4226508, 27.91605 ], [ 88.4224827, 27.9159227 ], [ 88.422116, 27.9158128 ], [ 88.4218955, 27.9159131 ], [ 88.4216139, 27.9161793 ], [ 88.4213193, 27.9162873 ], [ 88.421173, 27.9165419 ], [ 88.4211555, 27.9167309 ], [ 88.4210224, 27.9169103 ], [ 88.4208478, 27.9169547 ], [ 88.4204461, 27.9167926 ], [ 88.4202518, 27.9169739 ], [ 88.4200074, 27.9168447 ], [ 88.4198611, 27.9165091 ], [ 88.4198196, 27.9161368 ], [ 88.4196996, 27.915888 ], [ 88.4197236, 27.9156199 ], [ 88.4195839, 27.9153769 ], [ 88.4197476, 27.91502 ], [ 88.4194311, 27.9148001 ], [ 88.4193547, 27.9144259 ], [ 88.4192194, 27.9143102 ], [ 88.4188963, 27.9141347 ], [ 88.4186693, 27.9136775 ], [ 88.4181014, 27.9129555 ], [ 88.4180212, 27.9127182 ], [ 88.418049, 27.9121181 ], [ 88.4181632, 27.9117798 ], [ 88.4179687, 27.9114579 ], [ 88.4173019, 27.9107486 ], [ 88.4171321, 27.9103831 ], [ 88.4170951, 27.9099166 ], [ 88.4171877, 27.9097584 ], [ 88.4173389, 27.9096193 ], [ 88.4174717, 27.9093492 ], [ 88.4174377, 27.909071 ], [ 88.4172124, 27.9086154 ], [ 88.4170642, 27.9081871 ], [ 88.416561, 27.9076142 ], [ 88.4163326, 27.9074505 ], [ 88.4161813, 27.9071423 ], [ 88.4163881, 27.9066594 ], [ 88.4164592, 27.906302 ], [ 88.4161844, 27.9050935 ], [ 88.4162119, 27.904802 ], [ 88.4164346, 27.9042947 ], [ 88.4166027, 27.9040902 ], [ 88.4169105, 27.9038375 ], [ 88.4171069, 27.9031546 ], [ 88.4172139, 27.9029038 ], [ 88.4173863, 27.9028537 ], [ 88.4176439, 27.9025354 ], [ 88.4179451, 27.9023174 ], [ 88.4180979, 27.9020762 ], [ 88.4181263, 27.9018428 ], [ 88.4179539, 27.9015843 ], [ 88.4179735, 27.9014165 ], [ 88.4180477, 27.9012448 ], [ 88.4179866, 27.9010635 ], [ 88.4177574, 27.9009516 ], [ 88.4176155, 27.900722 ], [ 88.4176462, 27.9004965 ], [ 88.4172142, 27.9000953 ], [ 88.4163651, 27.8996883 ], [ 88.4163127, 27.8994587 ], [ 88.4164284, 27.899179 ], [ 88.4163192, 27.8989263 ], [ 88.4160638, 27.8987989 ], [ 88.4159831, 27.8986832 ], [ 88.4160486, 27.8984806 ], [ 88.4161643, 27.8983012 ], [ 88.4160879, 27.8980929 ], [ 88.416042, 27.8976164 ], [ 88.4162843, 27.8972923 ], [ 88.4165135, 27.896808 ], [ 88.4164677, 27.896019 ], [ 88.4162843, 27.8956389 ], [ 88.4161315, 27.8950583 ], [ 88.4161817, 27.8947245 ], [ 88.4161359, 27.8943792 ], [ 88.4159743, 27.8939123 ], [ 88.4159722, 27.893621 ], [ 88.4158587, 27.8934473 ], [ 88.4155858, 27.8933393 ], [ 88.4154657, 27.8930326 ], [ 88.4154723, 27.8925773 ], [ 88.4152606, 27.8922242 ], [ 88.4152431, 27.8918576 ], [ 88.4153566, 27.8916474 ], [ 88.4154046, 27.8910416 ], [ 88.4153501, 27.8907715 ], [ 88.415158, 27.890621 ], [ 88.4149069, 27.8905071 ], [ 88.4148087, 27.8903605 ], [ 88.4148742, 27.8901676 ], [ 88.4151383, 27.8900383 ], [ 88.4152693, 27.8897779 ], [ 88.4150859, 27.8894904 ], [ 88.4148611, 27.8894074 ], [ 88.4146297, 27.8894653 ], [ 88.4143045, 27.8893033 ], [ 88.4142259, 27.8891586 ], [ 88.414287, 27.8889869 ], [ 88.4144464, 27.8887881 ], [ 88.414573, 27.8880145 ], [ 88.4146756, 27.8878273 ], [ 88.4148676, 27.8876749 ], [ 88.4149244, 27.8874067 ], [ 88.4146057, 27.8868356 ], [ 88.4147474, 27.8856884 ], [ 88.4145619, 27.8852774 ], [ 88.4146754, 27.8850961 ], [ 88.414826, 27.8850652 ], [ 88.4148849, 27.884853 ], [ 88.4146317, 27.8846407 ], [ 88.4144746, 27.8844304 ], [ 88.4146033, 27.8841256 ], [ 88.4146295, 27.8835834 ], [ 88.4145095, 27.8833403 ], [ 88.4142323, 27.883186 ], [ 88.4141078, 27.8828676 ], [ 88.4141275, 27.8826901 ], [ 88.4143305, 27.882528 ], [ 88.4143785, 27.8823891 ], [ 88.4142301, 27.8821363 ], [ 88.4143283, 27.8817987 ], [ 88.4143218, 27.8815633 ], [ 88.4140773, 27.8814572 ], [ 88.4140074, 27.8813048 ], [ 88.4139703, 27.8807877 ], [ 88.4135234, 27.879934 ], [ 88.4132222, 27.8797796 ], [ 88.413244, 27.879442 ], [ 88.4131523, 27.8790792 ], [ 88.4126808, 27.878483 ], [ 88.4126132, 27.8782418 ], [ 88.4125935, 27.8769703 ], [ 88.4126677, 27.8766596 ], [ 88.4122679, 27.8760139 ], [ 88.4121588, 27.8757225 ], [ 88.4121107, 27.8756531 ], [ 88.4117567, 27.8755517 ], [ 88.4116605, 27.875421 ], [ 88.4115451, 27.875382 ], [ 88.4111679, 27.8754907 ], [ 88.4110613, 27.875414 ], [ 88.4110665, 27.8752781 ], [ 88.4108876, 27.8751643 ], [ 88.4104776, 27.8752057 ], [ 88.4102679, 27.8751509 ], [ 88.4101787, 27.8749443 ], [ 88.4099268, 27.8747328 ] ] } },
{ "type": "Feature", "properties": { "element": "way", "id": 293157375, "name": "Naku Chu", "waterway": "stream" }, "geometry": { "type": "LineString", "coordinates": [ [ 88.48738, 28.0026868 ], [ 88.4871447, 28.0026979 ], [ 88.4869333, 28.0024321 ], [ 88.4866382, 28.0020317 ], [ 88.4860479, 28.0016286 ], [ 88.4855414, 28.0014124 ], [ 88.4836697, 28.0014357 ], [ 88.4826571, 28.0012122 ], [ 88.4814223, 28.0004599 ], [ 88.4806769, 27.9996666 ], [ 88.4799435, 27.9971379 ], [ 88.4792233, 27.9964011 ], [ 88.4782716, 27.9960465 ], [ 88.4773722, 27.9961583 ], [ 88.47682, 27.9962739 ], [ 88.4756462, 27.9962309 ], [ 88.4752533, 27.9961191 ], [ 88.4746901, 27.995672 ], [ 88.4741444, 27.9956219 ], [ 88.4738257, 27.9953867 ], [ 88.4738082, 27.9950706 ], [ 88.473459, 27.9947121 ], [ 88.4733717, 27.9947352 ], [ 88.4732451, 27.9950513 ], [ 88.4730835, 27.9951708 ], [ 88.4726862, 27.9951284 ], [ 88.4724199, 27.9952132 ], [ 88.4720139, 27.9952132 ], [ 88.4717171, 27.9952788 ], [ 88.471036, 27.9952094 ], [ 88.4706737, 27.9953058 ], [ 88.4704074, 27.9953135 ], [ 88.4701978, 27.9949396 ], [ 88.4699097, 27.9947661 ], [ 88.4689056, 27.9946774 ], [ 88.468338, 27.9947083 ], [ 88.4679451, 27.9945271 ], [ 88.4674212, 27.9945309 ], [ 88.467216, 27.9944114 ], [ 88.4671855, 27.994103 ], [ 88.4668319, 27.9939373 ], [ 88.4664651, 27.9934516 ], [ 88.4660766, 27.9925495 ], [ 88.4651773, 27.9913391 ], [ 88.4648848, 27.9912427 ], [ 88.464553, 27.9913391 ], [ 88.4637125, 27.9917959 ], [ 88.4634535, 27.9917399 ], [ 88.4633738, 27.9915692 ], [ 88.4633765, 27.99139 ], [ 88.4632577, 27.9913222 ], [ 88.4630232, 27.9912362 ], [ 88.4626037, 27.9907976 ], [ 88.462178, 27.9904678 ], [ 88.4617112, 27.9902669 ], [ 88.4616167, 27.9900129 ], [ 88.4610648, 27.989319 ], [ 88.4607985, 27.9889104 ], [ 88.4608989, 27.9883051 ], [ 88.4605234, 27.9877847 ], [ 88.4594277, 27.9868209 ], [ 88.4593578, 27.9865009 ], [ 88.4591308, 27.9863583 ], [ 88.4589651, 27.9859968 ], [ 88.4589081, 27.9858726 ], [ 88.4585846, 27.9857376 ], [ 88.4583755, 27.9856451 ], [ 88.458035, 27.9853521 ], [ 88.4573801, 27.9851593 ], [ 88.4569523, 27.984743 ], [ 88.4565061, 27.9845575 ], [ 88.4562653, 27.9840314 ], [ 88.4561974, 27.9837833 ], [ 88.4563271, 27.9834671 ], [ 88.4563641, 27.9830119 ], [ 88.456111, 27.9827501 ], [ 88.4561264, 27.9820932 ], [ 88.4558702, 27.9817851 ], [ 88.4557035, 27.9816733 ], [ 88.4556726, 27.9815288 ], [ 88.4557158, 27.9813298 ], [ 88.4556819, 27.9811363 ], [ 88.4559011, 27.9809564 ], [ 88.4560276, 27.9804847 ], [ 88.4561141, 27.9799668 ], [ 88.4568164, 27.9795177 ], [ 88.4569442, 27.9792545 ], [ 88.4569552, 27.9789962 ], [ 88.4568652, 27.9785252 ], [ 88.456559, 27.9781204 ], [ 88.456493, 27.9778161 ], [ 88.4563951, 27.9776143 ], [ 88.4565148, 27.9772633 ], [ 88.4564, 27.9768733 ], [ 88.456412, 27.9766091 ], [ 88.4566915, 27.9760312 ], [ 88.4566593, 27.9755857 ], [ 88.4565647, 27.9754176 ], [ 88.456371, 27.9751544 ], [ 88.4561766, 27.9749676 ], [ 88.4561834, 27.9745563 ], [ 88.4563362, 27.9739857 ], [ 88.456131, 27.9734112 ], [ 88.4560001, 27.9726902 ], [ 88.4560044, 27.9722545 ], [ 88.4561616, 27.9719036 ], [ 88.4561354, 27.9714872 ], [ 88.4559826, 27.9712289 ], [ 88.4561441, 27.9706698 ], [ 88.455856, 27.9699873 ], [ 88.4558778, 27.9697676 ], [ 88.4557905, 27.9694552 ], [ 88.4558604, 27.9688499 ], [ 88.455789, 27.9681312 ], [ 88.4556771, 27.9679795 ], [ 88.4555244, 27.9676626 ], [ 88.4553721, 27.9673341 ], [ 88.4552374, 27.9671295 ], [ 88.455049, 27.9665297 ], [ 88.4549811, 27.9659517 ], [ 88.4545829, 27.9657581 ], [ 88.4542958, 27.9653137 ], [ 88.4542958, 27.9649756 ], [ 88.4542156, 27.9647711 ], [ 88.4542649, 27.964553 ], [ 88.4541384, 27.9643076 ], [ 88.4537062, 27.9638468 ], [ 88.4534839, 27.9636941 ], [ 88.4534562, 27.9634978 ], [ 88.4532586, 27.9632142 ], [ 88.4530826, 27.9630615 ], [ 88.4530147, 27.9625844 ], [ 88.4520886, 27.9617718 ], [ 88.451678, 27.9612947 ], [ 88.4516101, 27.960932 ], [ 88.4512088, 27.9606048 ], [ 88.4510545, 27.9599995 ], [ 88.4507705, 27.959615 ], [ 88.4509248, 27.959296 ], [ 88.4511316, 27.9591488 ], [ 88.4512119, 27.9587234 ], [ 88.4513539, 27.9585353 ], [ 88.4511656, 27.9579136 ], [ 88.450897, 27.9577391 ], [ 88.4508445, 27.9574391 ], [ 88.4505852, 27.9570956 ], [ 88.450445, 27.9568604 ], [ 88.4504031, 27.9567902 ], [ 88.449724, 27.9563184 ], [ 88.4496437, 27.9558494 ], [ 88.4494966, 27.9550955 ], [ 88.4492762, 27.9547259 ], [ 88.4489722, 27.9544042 ], [ 88.448823, 27.9538754 ], [ 88.4484609, 27.9533661 ], [ 88.4481339, 27.9531669 ], [ 88.4478778, 27.9527762 ], [ 88.447214, 27.9525968 ], [ 88.4468208, 27.952132 ], [ 88.4467222, 27.9518339 ], [ 88.4462542, 27.9517175 ], [ 88.4457816, 27.9514743 ], [ 88.4454343, 27.9513018 ], [ 88.4452411, 27.9510098 ], [ 88.445033, 27.9508524 ], [ 88.4447027, 27.9508469 ], [ 88.4446132, 27.9506888 ], [ 88.4446317, 27.950457 ], [ 88.4444218, 27.9499989 ], [ 88.4444249, 27.9497698 ], [ 88.4442181, 27.9496089 ], [ 88.4437643, 27.9488099 ], [ 88.4432734, 27.9484799 ], [ 88.4427802, 27.9480287 ], [ 88.4427109, 27.947517 ], [ 88.4429678, 27.9465929 ], [ 88.4429956, 27.9462738 ], [ 88.4429597, 27.9460185 ], [ 88.4426759, 27.9456418 ], [ 88.4421379, 27.9453022 ], [ 88.4421293, 27.9445076 ], [ 88.4418661, 27.9440505 ], [ 88.4421858, 27.9436983 ], [ 88.4421345, 27.942503 ], [ 88.4417975, 27.9421142 ], [ 88.4419668, 27.9413861 ], [ 88.4413726, 27.9411916 ], [ 88.4410065, 27.9414226 ], [ 88.4407395, 27.9414761 ], [ 88.4406139, 27.9414273 ], [ 88.4405831, 27.9411518 ], [ 88.4406322, 27.9409527 ], [ 88.4404008, 27.9408662 ], [ 88.4399245, 27.940799 ], [ 88.4397083, 27.9404085 ], [ 88.4395162, 27.9402267 ], [ 88.4392198, 27.9405336 ], [ 88.4388622, 27.940494 ], [ 88.4386656, 27.9402926 ], [ 88.4388805, 27.9395687 ], [ 88.4387615, 27.939091 ], [ 88.4390586, 27.9387473 ], [ 88.4393858, 27.9384445 ], [ 88.4394784, 27.9381309 ], [ 88.4393642, 27.9378418 ], [ 88.4387715, 27.9374409 ], [ 88.4384813, 27.9367264 ], [ 88.4381818, 27.9364209 ], [ 88.437762, 27.9362464 ], [ 88.4374379, 27.9362355 ], [ 88.4370273, 27.9363446 ], [ 88.4368212, 27.9365091 ], [ 88.4367279, 27.9365409 ], [ 88.4366155, 27.9365255 ], [ 88.4364603, 27.9363251 ], [ 88.4364849, 27.9354191 ], [ 88.4361862, 27.9348945 ], [ 88.4359643, 27.9343005 ], [ 88.4359057, 27.9336805 ], [ 88.4355484, 27.9330919 ], [ 88.4353794, 27.9325427 ], [ 88.4351596, 27.9322477 ], [ 88.435104, 27.9318872 ], [ 88.4347553, 27.9315644 ], [ 88.4342462, 27.9313181 ], [ 88.4337095, 27.9308748 ], [ 88.4335544, 27.9308407 ], [ 88.4332202, 27.9303357 ], [ 88.4330351, 27.930241 ], [ 88.4328873, 27.9301753 ], [ 88.4326359, 27.9297423 ], [ 88.4324, 27.9296922 ], [ 88.4322293, 27.9294398 ], [ 88.4319743, 27.9291315 ], [ 88.4316623, 27.9292024 ], [ 88.4312949, 27.9291887 ], [ 88.4309777, 27.929089 ], [ 88.4307889, 27.9288503 ], [ 88.430672, 27.9282615 ], [ 88.4303201, 27.9281006 ], [ 88.4298602, 27.9280624 ], [ 88.4295607, 27.9278305 ], [ 88.4293199, 27.9277596 ], [ 88.4292366, 27.9278278 ], [ 88.4292366, 27.9279451 ], [ 88.4291316, 27.9280405 ], [ 88.4287025, 27.9280542 ], [ 88.4285111, 27.9279833 ], [ 88.4283938, 27.9278387 ], [ 88.4284679, 27.9277733 ], [ 88.4283537, 27.9276478 ], [ 88.4282796, 27.9274869 ], [ 88.4285142, 27.9272468 ], [ 88.4285266, 27.9270396 ], [ 88.4280326, 27.9267695 ], [ 88.4281685, 27.9260331 ], [ 88.4280913, 27.9258885 ], [ 88.4278814, 27.9258585 ], [ 88.4276807, 27.9258776 ], [ 88.4275696, 27.925774 ], [ 88.4276283, 27.9256512 ], [ 88.4277795, 27.9254767 ], [ 88.4279925, 27.9254494 ], [ 88.4280728, 27.9253294 ], [ 88.4273844, 27.9247184 ], [ 88.4269213, 27.9241293 ], [ 88.426721, 27.9236497 ], [ 88.4264225, 27.9232522 ], [ 88.4261406, 27.9229927 ], [ 88.4259369, 27.9224756 ], [ 88.4253192, 27.9218976 ], [ 88.4252327, 27.9213089 ], [ 88.4250413, 27.9210307 ], [ 88.4248345, 27.9209189 ], [ 88.424711, 27.9206406 ], [ 88.4245178, 27.9205228 ], [ 88.4242363, 27.9203696 ], [ 88.4241003, 27.9206473 ], [ 88.4239755, 27.9207076 ], [ 88.4238517, 27.9205595 ], [ 88.4237189, 27.9202302 ], [ 88.4236551, 27.9200507 ], [ 88.4233727, 27.9199014 ], [ 88.4231016, 27.9199326 ], [ 88.4227706, 27.9200043 ], [ 88.4225902, 27.9200278 ], [ 88.4220558, 27.9199452 ], [ 88.4217658, 27.9194876 ], [ 88.4219471, 27.9193549 ], [ 88.4223248, 27.9194104 ], [ 88.422476, 27.9192031 ], [ 88.4225232, 27.9187183 ], [ 88.4224327, 27.9184839 ], [ 88.4221848, 27.9183568 ], [ 88.4219611, 27.9182811 ], [ 88.4218137, 27.9180871 ], [ 88.4218348, 27.9179972 ], [ 88.4220126, 27.9179348 ], [ 88.4222224, 27.9180277 ], [ 88.4223836, 27.9179489 ], [ 88.4225286, 27.9176665 ], [ 88.4225762, 27.9174541 ], [ 88.422449, 27.9172818 ], [ 88.4224369, 27.9165419 ], [ 88.4224849, 27.9163181 ], [ 88.4226399, 27.9161503 ], [ 88.4226508, 27.91605 ], [ 88.4224827, 27.9159227 ], [ 88.422116, 27.9158128 ], [ 88.4218955, 27.9159131 ], [ 88.4216139, 27.9161793 ], [ 88.4213193, 27.9162873 ], [ 88.421173, 27.9165419 ], [ 88.4211555, 27.9167309 ], [ 88.4210224, 27.9169103 ], [ 88.4208478, 27.9169547 ], [ 88.4204461, 27.9167926 ], [ 88.4202518, 27.9169739 ], [ 88.4200074, 27.9168447 ], [ 88.4198611, 27.9165091 ], [ 88.4198196, 27.9161368 ], [ 88.4196996, 27.915888 ], [ 88.4197236, 27.9156199 ], [ 88.4195839, 27.9153769 ], [ 88.4197476, 27.91502 ], [ 88.4194311, 27.9148001 ], [ 88.4193547, 27.9144259 ], [ 88.4192194, 27.9143102 ], [ 88.4188963, 27.9141347 ], [ 88.4186693, 27.9136775 ], [ 88.4181014, 27.9129555 ], [ 88.4180212, 27.9127182 ], [ 88.418049, 27.9121181 ], [ 88.4181632, 27.9117798 ], [ 88.4179687, 27.9114579 ], [ 88.4173019, 27.9107486 ], [ 88.4171321, 27.9103831 ], [ 88.4170951, 27.9099166 ], [ 88.4171877, 27.9097584 ], [ 88.4173389, 27.9096193 ], [ 88.4174717, 27.9093492 ], [ 88.4174377, 27.909071 ], [ 88.4172124, 27.9086154 ], [ 88.4170642, 27.9081871 ], [ 88.416561, 27.9076142 ], [ 88.4163326, 27.9074505 ], [ 88.4161813, 27.9071423 ], [ 88.4163881, 27.9066594 ], [ 88.4164592, 27.906302 ], [ 88.4161844, 27.9050935 ], [ 88.4162119, 27.904802 ], [ 88.4164346, 27.9042947 ], [ 88.4166027, 27.9040902 ], [ 88.4169105, 27.9038375 ], [ 88.4171069, 27.9031546 ], [ 88.4172139, 27.9029038 ], [ 88.4173863, 27.9028537 ], [ 88.4176439, 27.9025354 ], [ 88.4179451, 27.9023174 ], [ 88.4180979, 27.9020762 ], [ 88.4181263, 27.9018428 ], [ 88.4179539, 27.9015843 ], [ 88.4179735, 27.9014165 ], [ 88.4180477, 27.9012448 ], [ 88.4179866, 27.9010635 ], [ 88.4177574, 27.9009516 ], [ 88.4176155, 27.900722 ], [ 88.4176462, 27.9004965 ], [ 88.4172142, 27.9000953 ], [ 88.4163651, 27.8996883 ], [ 88.4163127, 27.8994587 ], [ 88.4164284, 27.899179 ], [ 88.4163192, 27.8989263 ], [ 88.4160638, 27.8987989 ], [ 88.4159831, 27.8986832 ], [ 88.4160486, 27.8984806 ], [ 88.4161643, 27.8983012 ], [ 88.4160879, 27.8980929 ], [ 88.416042, 27.8976164 ], [ 88.4162843, 27.8972923 ], [ 88.4165135, 27.896808 ], [ 88.4164677, 27.896019 ], [ 88.4162843, 27.8956389 ], [ 88.4161315, 27.8950583 ], [ 88.4161817, 27.8947245 ], [ 88.4161359, 27.8943792 ], [ 88.4159743, 27.8939123 ], [ 88.4159722, 27.893621 ], [ 88.4158587, 27.8934473 ], [ 88.4155858, 27.8933393 ], [ 88.4154657, 27.8930326 ], [ 88.4154723, 27.8925773 ], [ 88.4152606, 27.8922242 ], [ 88.4152431, 27.8918576 ], [ 88.4153566, 27.8916474 ], [ 88.4154046, 27.8910416 ], [ 88.4153501, 27.8907715 ], [ 88.415158, 27.890621 ], [ 88.4149069, 27.8905071 ], [ 88.4148087, 27.8903605 ], [ 88.4148742, 27.8901676 ], [ 88.4151383, 27.8900383 ], [ 88.4152693, 27.8897779 ], [ 88.4150859, 27.8894904 ], [ 88.4148611, 27.8894074 ], [ 88.4146297, 27.8894653 ], [ 88.4143045, 27.8893033 ], [ 88.4142259, 27.8891586 ], [ 88.414287, 27.8889869 ], [ 88.4144464, 27.8887881 ], [ 88.414573, 27.8880145 ], [ 88.4146756, 27.8878273 ], [ 88.4148676, 27.8876749 ], [ 88.4149244, 27.8874067 ], [ 88.4146057, 27.8868356 ], [ 88.4147474, 27.8856884 ], [ 88.4145619, 27.8852774 ], [ 88.4146754, 27.8850961 ], [ 88.414826, 27.8850652 ], [ 88.4148849, 27.884853 ], [ 88.4146317, 27.8846407 ], [ 88.4144746, 27.8844304 ], [ 88.4146033, 27.8841256 ], [ 88.4146295, 27.8835834 ], [ 88.4145095, 27.8833403 ], [ 88.4142323, 27.883186 ], [ 88.4141078, 27.8828676 ], [ 88.4141275, 27.8826901 ], [ 88.4143305, 27.882528 ], [ 88.4143785, 27.8823891 ], [ 88.4142301, 27.8821363 ], [ 88.4143283, 27.8817987 ], [ 88.4143218, 27.8815633 ], [ 88.4140773, 27.8814572 ], [ 88.4140074, 27.8813048 ], [ 88.4139703, 27.8807877 ], [ 88.4135234, 27.879934 ], [ 88.4132222, 27.8797796 ], [ 88.413244, 27.879442 ], [ 88.4131523, 27.8790792 ], [ 88.4126808, 27.878483 ], [ 88.4126132, 27.8782418 ], [ 88.4125935, 27.8769703 ], [ 88.4126677, 27.8766596 ], [ 88.4122679, 27.8760139 ], [ 88.4121588, 27.8757225 ], [ 88.4121107, 27.8756531 ], [ 88.4117567, 27.8755517 ], [ 88.4116605, 27.875421 ], [ 88.4115451, 27.875382 ], [ 88.4111679, 27.8754907 ], [ 88.4110613, 27.875414 ], [ 88.4110665, 27.8752781 ], [ 88.4108876, 27.8751643 ], [ 88.4104776, 27.8752057 ], [ 88.4102679, 27.8751509 ], [ 88.4101787, 27.8749443 ], [ 88.4099268, 27.8747328 ] ] } },
{ "type": "Feature", "properties": { "element": "way", "id": 293178138, "name": "Goma Chu", "waterway": "river" }, "geometry": { "type": "LineString", "coordinates": [ [ 88.2186449, 27.9150248 ], [ 88.2296658, 27.9152544 ], [ 88.2424634, 27.9137123 ], [ 88.2473378, 27.9123023 ], [ 88.254749, 27.9060207 ], [ 88.257594, 27.9054301 ], [ 88.2640579, 27.9056711 ], [ 88.2663558, 27.9050113 ], [ 88.2694773, 27.902523 ], [ 88.2734878, 27.8993186 ], [ 88.2762954, 27.8960185 ], [ 88.2809866, 27.8955239 ], [ 88.2823117, 27.8942526 ], [ 88.2826915, 27.8934682 ], [ 88.2838653, 27.8927027 ], [ 88.2846893, 27.8925656 ], [ 88.2853159, 27.892121 ], [ 88.2861786, 27.8915054 ], [ 88.2870435, 27.8907644 ], [ 88.2883078, 27.8896813 ], [ 88.2884763, 27.8889502 ], [ 88.2892324, 27.8882717 ], [ 88.289844, 27.8880645 ], [ 88.2903435, 27.8873702 ], [ 88.2926057, 27.8861967 ], [ 88.293427, 27.8860151 ], [ 88.2938722, 27.8860322 ], [ 88.2941617, 27.885479 ], [ 88.2944377, 27.8847946 ], [ 88.2944457, 27.8844732 ], [ 88.2943497, 27.8841431 ], [ 88.294803, 27.883421 ], [ 88.2956747, 27.8825879 ], [ 88.2959392, 27.8822 ], [ 88.2964643, 27.8818947 ], [ 88.2967148, 27.8813418 ], [ 88.2968731, 27.8808908 ], [ 88.2972432, 27.8806168 ], [ 88.297453, 27.8802384 ], [ 88.2976247, 27.8801673 ], [ 88.2979964, 27.8803176 ], [ 88.2983805, 27.8801786 ], [ 88.2990038, 27.8800663 ], [ 88.2993611, 27.8796191 ], [ 88.2997688, 27.8791203 ], [ 88.3000864, 27.8789225 ], [ 88.3005161, 27.8789576 ], [ 88.3009431, 27.8786129 ], [ 88.3013433, 27.8786271 ], [ 88.3018405, 27.8783777 ], [ 88.3029102, 27.8783123 ], [ 88.3035126, 27.87817 ], [ 88.3041746, 27.8781681 ], [ 88.3046333, 27.8779851 ] ] } },
{ "type": "Feature", "properties": { "element": "way", "id": 293178138, "name": "Goma Chu", "waterway": "river" }, "geometry": { "type": "LineString", "coordinates": [ [ 88.2186449, 27.9150248 ], [ 88.2296658, 27.9152544 ], [ 88.2424634, 27.9137123 ], [ 88.2473378, 27.9123023 ], [ 88.254749, 27.9060207 ], [ 88.257594, 27.9054301 ], [ 88.2640579, 27.9056711 ], [ 88.2663558, 27.9050113 ], [ 88.2694773, 27.902523 ], [ 88.2734878, 27.8993186 ], [ 88.2762954, 27.8960185 ], [ 88.2809866, 27.8955239 ], [ 88.2823117, 27.8942526 ], [ 88.2826915, 27.8934682 ], [ 88.2838653, 27.8927027 ], [ 88.2846893, 27.8925656 ], [ 88.2853159, 27.892121 ], [ 88.2861786, 27.8915054 ], [ 88.2870435, 27.8907644 ], [ 88.2883078, 27.8896813 ], [ 88.2884763, 27.8889502 ], [ 88.2892324, 27.8882717 ], [ 88.289844, 27.8880645 ], [ 88.2903435, 27.8873702 ], [ 88.2926057, 27.8861967 ], [ 88.293427, 27.8860151 ], [ 88.2938722, 27.8860322 ], [ 88.2941617, 27.885479 ], [ 88.2944377, 27.8847946 ], [ 88.2944457, 27.8844732 ], [ 88.2943497, 27.8841431 ], [ 88.294803, 27.883421 ], [ 88.2956747, 27.8825879 ], [ 88.2959392, 27.8822 ], [ 88.2964643, 27.8818947 ], [ 88.2967148, 27.8813418 ], [ 88.2968731, 27.8808908 ], [ 88.2972432, 27.8806168 ], [ 88.297453, 27.8802384 ], [ 88.2976247, 27.8801673 ], [ 88.2979964, 27.8803176 ], [ 88.2983805, 27.8801786 ], [ 88.2990038, 27.8800663 ], [ 88.2993611, 27.8796191 ], [ 88.2997688, 27.8791203 ], [ 88.3000864, 27.8789225 ], [ 88.3005161, 27.8789576 ], [ 88.3009431, 27.8786129 ], [ 88.3013433, 27.8786271 ], [ 88.3018405, 27.8783777 ], [ 88.3029102, 27.8783123 ], [ 88.3035126, 27.87817 ], [ 88.3041746, 27.8781681 ], [ 88.3046333, 27.8779851 ] ] } },
{ "type": "Feature", "properties": { "element": "way", "id": 293178139, "name": "Poke Chu", "waterway": "stream" }, "geometry": { "type": "LineString", "coordinates": [ [ 88.3889786, 27.7661972 ], [ 88.3900165, 27.7655571 ], [ 88.3908343, 27.7651118 ], [ 88.3920609, 27.7648614 ], [ 88.3927214, 27.7645831 ], [ 88.3936964, 27.7641378 ], [ 88.3948601, 27.7634142 ], [ 88.3956778, 27.7626349 ], [ 88.3964012, 27.7620226 ], [ 88.3974705, 27.7616052 ], [ 88.3983197, 27.7614382 ], [ 88.3985713, 27.7614382 ], [ 88.3997036, 27.7615495 ], [ 88.4009931, 27.761633 ], [ 88.401685, 27.7615495 ], [ 88.4027544, 27.7614939 ], [ 88.4035721, 27.7616052 ], [ 88.4045471, 27.7618557 ], [ 88.4050664, 27.7619513 ], [ 88.4052213, 27.7620323 ], [ 88.4054069, 27.7620007 ], [ 88.4056613, 27.7618582 ], [ 88.4060944, 27.7617037 ], [ 88.4066778, 27.7617576 ], [ 88.4070632, 27.7616608 ], [ 88.4079438, 27.7617722 ], [ 88.4082163, 27.7618546 ], [ 88.4085381, 27.7618489 ], [ 88.4091011, 27.7617243 ], [ 88.4093616, 27.7617962 ], [ 88.4098367, 27.7621929 ], [ 88.4101844, 27.7623366 ], [ 88.4106874, 27.7623166 ], [ 88.4110217, 27.7622347 ], [ 88.4113576, 27.7620358 ], [ 88.4115935, 27.7620656 ], [ 88.4119063, 27.7620828 ], [ 88.4121249, 27.7621651 ], [ 88.4122625, 27.7623547 ], [ 88.412654, 27.7625409 ], [ 88.4131892, 27.7625412 ], [ 88.4134164, 27.7625236 ], [ 88.4136898, 27.7622636 ], [ 88.4138766, 27.7621513 ], [ 88.414149, 27.7621833 ], [ 88.4143476, 27.7622276 ], [ 88.4144543, 27.7624958 ], [ 88.4146615, 27.7626956 ], [ 88.4149441, 27.762724 ], [ 88.4153035, 27.7626071 ], [ 88.4159639, 27.7625514 ], [ 88.416487, 27.7625728 ], [ 88.4168876, 27.7628515 ], [ 88.4172962, 27.7629624 ], [ 88.4177881, 27.7629689 ], [ 88.4183707, 27.7633607 ], [ 88.4189642, 27.7634645 ], [ 88.4199629, 27.7636064 ], [ 88.4209687, 27.7636812 ], [ 88.4220084, 27.7640909 ], [ 88.4222378, 27.7643811 ], [ 88.4227693, 27.7646409 ] ] } },
{ "type": "Feature", "properties": { "element": "way", "id": 293178139, "name": "Poke Chu", "waterway": "stream" }, "geometry": { "type": "LineString", "coordinates": [ [ 88.3889786, 27.7661972 ], [ 88.3900165, 27.7655571 ], [ 88.3908343, 27.7651118 ], [ 88.3920609, 27.7648614 ], [ 88.3927214, 27.7645831 ], [ 88.3936964, 27.7641378 ], [ 88.3948601, 27.7634142 ], [ 88.3956778, 27.7626349 ], [ 88.3964012, 27.7620226 ], [ 88.3974705, 27.7616052 ], [ 88.3983197, 27.7614382 ], [ 88.3985713, 27.7614382 ], [ 88.3997036, 27.7615495 ], [ 88.4009931, 27.761633 ], [ 88.401685, 27.7615495 ], [ 88.4027544, 27.7614939 ], [ 88.4035721, 27.7616052 ], [ 88.4045471, 27.7618557 ], [ 88.4050664, 27.7619513 ], [ 88.4052213, 27.7620323 ], [ 88.4054069, 27.7620007 ], [ 88.4056613, 27.7618582 ], [ 88.4060944, 27.7617037 ], [ 88.4066778, 27.7617576 ], [ 88.4070632, 27.7616608 ], [ 88.4079438, 27.7617722 ], [ 88.4082163, 27.7618546 ], [ 88.4085381, 27.7618489 ], [ 88.4091011, 27.7617243 ], [ 88.4093616, 27.7617962 ], [ 88.4098367, 27.7621929 ], [ 88.4101844, 27.7623366 ], [ 88.4106874, 27.7623166 ], [ 88.4110217, 27.7622347 ], [ 88.4113576, 27.7620358 ], [ 88.4115935, 27.7620656 ], [ 88.4119063, 27.7620828 ], [ 88.4121249, 27.7621651 ], [ 88.4122625, 27.7623547 ], [ 88.412654, 27.7625409 ], [ 88.4131892, 27.7625412 ], [ 88.4134164, 27.7625236 ], [ 88.4136898, 27.7622636 ], [ 88.4138766, 27.7621513 ], [ 88.414149, 27.7621833 ], [ 88.4143476, 27.7622276 ], [ 88.4144543, 27.7624958 ], [ 88.4146615, 27.7626956 ], [ 88.4149441, 27.762724 ], [ 88.4153035, 27.7626071 ], [ 88.4159639, 27.7625514 ], [ 88.416487, 27.7625728 ], [ 88.4168876, 27.7628515 ], [ 88.4172962, 27.7629624 ], [ 88.4177881, 27.7629689 ], [ 88.4183707, 27.7633607 ], [ 88.4189642, 27.7634645 ], [ 88.4199629, 27.7636064 ], [ 88.4209687, 27.7636812 ], [ 88.4220084, 27.7640909 ], [ 88.4222378, 27.7643811 ], [ 88.4227693, 27.7646409 ] ] } },
{ "type": "Feature", "properties": { "element": "way", "id": 293179605, "name": "Talung Chu", "waterway": "river" }, "geometry": { "type": "LineString", "coordinates": [ [ 88.4296282, 27.5623004 ], [ 88.4312262, 27.5616692 ], [ 88.4330375, 27.5605773 ], [ 88.4335312, 27.5598586 ], [ 88.4338908, 27.558497 ], [ 88.4342852, 27.5582748 ], [ 88.434961, 27.5580245 ], [ 88.4357586, 27.5578864 ], [ 88.4363213, 27.5577569 ], [ 88.4372403, 27.5577963 ], [ 88.4389191, 27.5574541 ], [ 88.4400345, 27.5574109 ], [ 88.4408878, 27.5572542 ], [ 88.4422531, 27.5574865 ], [ 88.4430027, 27.5578324 ], [ 88.4435025, 27.5578378 ], [ 88.4440267, 27.5575676 ], [ 88.4444777, 27.5567084 ], [ 88.4454407, 27.5562329 ], [ 88.4478361, 27.5561032 ], [ 88.4493598, 27.5554062 ], [ 88.4513589, 27.5544011 ], [ 88.4526389, 27.5541471 ], [ 88.4538396, 27.5540012 ], [ 88.4546746, 27.5536284 ], [ 88.455278, 27.5530448 ], [ 88.4565701, 27.5526125 ], [ 88.4574295, 27.552499 ], [ 88.4585266, 27.5514777 ], [ 88.4596664, 27.5509319 ], [ 88.461117, 27.5511589 ], [ 88.4618666, 27.5508563 ], [ 88.4627078, 27.5497755 ], [ 88.4634148, 27.5484678 ], [ 88.4641483, 27.5483346 ], [ 88.4648248, 27.5480139 ], [ 88.4659929, 27.5467493 ], [ 88.4665416, 27.5463315 ], [ 88.4668274, 27.5457472 ], [ 88.4671464, 27.545122 ], [ 88.4679021, 27.5449772 ], [ 88.4685949, 27.5447777 ], [ 88.4690258, 27.5443774 ], [ 88.4694447, 27.5438326 ], [ 88.4706007, 27.5431502 ], [ 88.4712277, 27.5429284 ], [ 88.4720403, 27.5426072 ], [ 88.4722299, 27.5418342 ], [ 88.4724223, 27.5412161 ], [ 88.4726784, 27.5408065 ], [ 88.472849, 27.5406682 ], [ 88.4734958, 27.5396807 ], [ 88.4740949, 27.5391331 ], [ 88.4747188, 27.5387361 ], [ 88.4754674, 27.5384177 ], [ 88.4760075, 27.5380646 ], [ 88.47633, 27.5375513 ], [ 88.4771589, 27.5373135 ], [ 88.4783352, 27.5373514 ], [ 88.4797554, 27.537427 ], [ 88.4808098, 27.5375783 ], [ 88.4814985, 27.5373838 ], [ 88.4817326, 27.5373607 ], [ 88.4825956, 27.5372757 ], [ 88.4836622, 27.5376378 ], [ 88.4849239, 27.5384214 ], [ 88.4854485, 27.5387104 ], [ 88.4858603, 27.5389274 ], [ 88.4862992, 27.538827 ], [ 88.4867011, 27.5381953 ], [ 88.4868945, 27.5373233 ], [ 88.4871173, 27.5363665 ], [ 88.4874904, 27.5357817 ], [ 88.487998, 27.5355381 ], [ 88.4887616, 27.5353 ], [ 88.4896684, 27.5353634 ], [ 88.4906077, 27.5355614 ], [ 88.4919857, 27.5358999 ], [ 88.4933396, 27.5364257 ], [ 88.4939147, 27.5366809 ], [ 88.4946088, 27.5367388 ], [ 88.4954947, 27.5367662 ], [ 88.4968853, 27.5362298 ], [ 88.4978181, 27.5357414 ], [ 88.4988394, 27.5357063 ], [ 88.4992987, 27.5358031 ], [ 88.4997834, 27.5361395 ], [ 88.5001518, 27.5364093 ], [ 88.5022709, 27.5358951 ], [ 88.505166, 27.5353006 ], [ 88.506206, 27.5349444 ], [ 88.5065576, 27.5345212 ] ] } },
{ "type": "Feature", "properties": { "element": "way", "id": 293179605, "name": "Talung Chu", "waterway": "river" }, "geometry": { "type": "LineString", "coordinates": [ [ 88.4296282, 27.5623004 ], [ 88.4312262, 27.5616692 ], [ 88.4330375, 27.5605773 ], [ 88.4335312, 27.5598586 ], [ 88.4338908, 27.558497 ], [ 88.4342852, 27.5582748 ], [ 88.434961, 27.5580245 ], [ 88.4357586, 27.5578864 ], [ 88.4363213, 27.5577569 ], [ 88.4372403, 27.5577963 ], [ 88.4389191, 27.5574541 ], [ 88.4400345, 27.5574109 ], [ 88.4408878, 27.5572542 ], [ 88.4422531, 27.5574865 ], [ 88.4430027, 27.5578324 ], [ 88.4435025, 27.5578378 ], [ 88.4440267, 27.5575676 ], [ 88.4444777, 27.5567084 ], [ 88.4454407, 27.5562329 ], [ 88.4478361, 27.5561032 ], [ 88.4493598, 27.5554062 ], [ 88.4513589, 27.5544011 ], [ 88.4526389, 27.5541471 ], [ 88.4538396, 27.5540012 ], [ 88.4546746, 27.5536284 ], [ 88.455278, 27.5530448 ], [ 88.4565701, 27.5526125 ], [ 88.4574295, 27.552499 ], [ 88.4585266, 27.5514777 ], [ 88.4596664, 27.5509319 ], [ 88.461117, 27.5511589 ], [ 88.4618666, 27.5508563 ], [ 88.4627078, 27.5497755 ], [ 88.4634148, 27.5484678 ], [ 88.4641483, 27.5483346 ], [ 88.4648248, 27.5480139 ], [ 88.4659929, 27.5467493 ], [ 88.4665416, 27.5463315 ], [ 88.4668274, 27.5457472 ], [ 88.4671464, 27.545122 ], [ 88.4679021, 27.5449772 ], [ 88.4685949, 27.5447777 ], [ 88.4690258, 27.5443774 ], [ 88.4694447, 27.5438326 ], [ 88.4706007, 27.5431502 ], [ 88.4712277, 27.5429284 ], [ 88.4720403, 27.5426072 ], [ 88.4722299, 27.5418342 ], [ 88.4724223, 27.5412161 ], [ 88.4726784, 27.5408065 ], [ 88.472849, 27.5406682 ], [ 88.4734958, 27.5396807 ], [ 88.4740949, 27.5391331 ], [ 88.4747188, 27.5387361 ], [ 88.4754674, 27.5384177 ], [ 88.4760075, 27.5380646 ], [ 88.47633, 27.5375513 ], [ 88.4771589, 27.5373135 ], [ 88.4783352, 27.5373514 ], [ 88.4797554, 27.537427 ], [ 88.4808098, 27.5375783 ], [ 88.4814985, 27.5373838 ], [ 88.4817326, 27.5373607 ], [ 88.4825956, 27.5372757 ], [ 88.4836622, 27.5376378 ], [ 88.4849239, 27.5384214 ], [ 88.4854485, 27.5387104 ], [ 88.4858603, 27.5389274 ], [ 88.4862992, 27.538827 ], [ 88.4867011, 27.5381953 ], [ 88.4868945, 27.5373233 ], [ 88.4871173, 27.5363665 ], [ 88.4874904, 27.5357817 ], [ 88.487998, 27.5355381 ], [ 88.4887616, 27.5353 ], [ 88.4896684, 27.5353634 ], [ 88.4906077, 27.5355614 ], [ 88.4919857, 27.5358999 ], [ 88.4933396, 27.5364257 ], [ 88.4939147, 27.5366809 ], [ 88.4946088, 27.5367388 ], [ 88.4954947, 27.5367662 ], [ 88.4968853, 27.5362298 ], [ 88.4978181, 27.5357414 ], [ 88.4988394, 27.5357063 ], [ 88.4992987, 27.5358031 ], [ 88.4997834, 27.5361395 ], [ 88.5001518, 27.5364093 ], [ 88.5022709, 27.5358951 ], [ 88.505166, 27.5353006 ], [ 88.506206, 27.5349444 ], [ 88.5065576, 27.5345212 ] ] } },
{ "type": "Feature", "properties": { "element": "way", "id": 293179606, "name": null, "waterway": "stream" }, "geometry": { "type": "LineString", "coordinates": [ [ 88.2294983, 27.604457 ], [ 88.2305365, 27.6041183 ], [ 88.2321411, 27.6041834 ], [ 88.2350799, 27.6054492 ], [ 88.2379351, 27.6074339 ], [ 88.2405136, 27.6092685 ], [ 88.2434762, 27.6110359 ], [ 88.2449657, 27.6120292 ], [ 88.2459159, 27.6123433 ], [ 88.2466654, 27.6134067 ], [ 88.2475353, 27.6144134 ], [ 88.2481464, 27.6155753 ], [ 88.2489131, 27.616596 ], [ 88.2501354, 27.6174673 ], [ 88.2511818, 27.6181193 ], [ 88.2520437, 27.6187447 ] ] } },
{ "type": "Feature", "properties": { "element": "way", "id": 293179606, "name": null, "waterway": "stream" }, "geometry": { "type": "LineString", "coordinates": [ [ 88.2294983, 27.604457 ], [ 88.2305365, 27.6041183 ], [ 88.2321411, 27.6041834 ], [ 88.2350799, 27.6054492 ], [ 88.2379351, 27.6074339 ], [ 88.2405136, 27.6092685 ], [ 88.2434762, 27.6110359 ], [ 88.2449657, 27.6120292 ], [ 88.2459159, 27.6123433 ], [ 88.2466654, 27.6134067 ], [ 88.2475353, 27.6144134 ], [ 88.2481464, 27.6155753 ], [ 88.2489131, 27.616596 ], [ 88.2501354, 27.6174673 ], [ 88.2511818, 27.6181193 ], [ 88.2520437, 27.6187447 ] ] } },
{ "type": "Feature", "properties": { "element": "way", "id": 293179608, "name": null, "waterway": "stream" }, "geometry": { "type": "LineString", "coordinates": [ [ 88.2278831, 27.6052429 ], [ 88.228827, 27.604676 ], [ 88.2294983, 27.604457 ] ] } },
{ "type": "Feature", "properties": { "element": "way", "id": 293181244, "name": "Talung Chu", "waterway": "river" }, "geometry": { "type": "LineString", "coordinates": [ [ 88.5065576, 27.5345212 ], [ 88.5091817, 27.5333443 ], [ 88.5096298, 27.5333934 ], [ 88.5101888, 27.5335022 ], [ 88.5108252, 27.5334972 ], [ 88.5112164, 27.5333139 ], [ 88.5114877, 27.5333087 ], [ 88.5123818, 27.5333638 ], [ 88.5132437, 27.5333818 ], [ 88.5143917, 27.532887 ], [ 88.5148695, 27.53227 ], [ 88.5155933, 27.5305181 ], [ 88.5166984, 27.5298616 ], [ 88.51731, 27.5297665 ], [ 88.517955, 27.5293419 ], [ 88.51882, 27.5283441 ], [ 88.5213852, 27.5277016 ], [ 88.5227736, 27.5269455 ], [ 88.523251, 27.5255898 ], [ 88.5244634, 27.5253614 ], [ 88.5253225, 27.5249125 ], [ 88.5269291, 27.5240729 ], [ 88.5275161, 27.5232148 ], [ 88.5314955, 27.5218621 ], [ 88.5317836, 27.5216713 ], [ 88.5320162, 27.5214376 ], [ 88.5321885, 27.5210243 ], [ 88.5321662, 27.519768 ], [ 88.5321812, 27.5192688 ] ] } },
{ "type": "Feature", "properties": { "element": "way", "id": 293181244, "name": "Talung Chu", "waterway": "river" }, "geometry": { "type": "LineString", "coordinates": [ [ 88.5065576, 27.5345212 ], [ 88.5091817, 27.5333443 ], [ 88.5096298, 27.5333934 ], [ 88.5101888, 27.5335022 ], [ 88.5108252, 27.5334972 ], [ 88.5112164, 27.5333139 ], [ 88.5114877, 27.5333087 ], [ 88.5123818, 27.5333638 ], [ 88.5132437, 27.5333818 ], [ 88.5143917, 27.532887 ], [ 88.5148695, 27.53227 ], [ 88.5155933, 27.5305181 ], [ 88.5166984, 27.5298616 ], [ 88.51731, 27.5297665 ], [ 88.517955, 27.5293419 ], [ 88.51882, 27.5283441 ], [ 88.5213852, 27.5277016 ], [ 88.5227736, 27.5269455 ], [ 88.523251, 27.5255898 ], [ 88.5244634, 27.5253614 ], [ 88.5253225, 27.5249125 ], [ 88.5269291, 27.5240729 ], [ 88.5275161, 27.5232148 ], [ 88.5314955, 27.5218621 ], [ 88.5317836, 27.5216713 ], [ 88.5320162, 27.5214376 ], [ 88.5321885, 27.5210243 ], [ 88.5321662, 27.519768 ], [ 88.5321812, 27.5192688 ] ] } },
{ "type": "Feature", "properties": { "element": "way", "id": 293185705, "name": "Lachen Chu", "waterway": "river" }, "geometry": { "type": "LineString", "coordinates": [ [ 88.7119879, 28.0526868 ], [ 88.7108067, 28.0521547 ], [ 88.7108797, 28.0514852 ], [ 88.7106275, 28.0510753 ], [ 88.7101447, 28.0509039 ], [ 88.7097875, 28.0512097 ], [ 88.7096373, 28.0516112 ], [ 88.7082994, 28.0513063 ], [ 88.7081009, 28.0504768 ], [ 88.7082736, 28.0500413 ], [ 88.707558, 28.0500006 ], [ 88.7068724, 28.0503765 ], [ 88.7061718, 28.0498926 ], [ 88.7055549, 28.0497932 ], [ 88.7038458, 28.0501824 ], [ 88.7026635, 28.0501596 ], [ 88.7022537, 28.0492876 ], [ 88.6990361, 28.0500309 ], [ 88.6982486, 28.049832 ], [ 88.6970083, 28.0499542 ], [ 88.6967938, 28.0495963 ], [ 88.6963553, 28.0496523 ], [ 88.6958314, 28.0501341 ], [ 88.6977774, 28.0512331 ], [ 88.6945761, 28.0505024 ], [ 88.694133, 28.0499845 ], [ 88.694295, 28.0495224 ], [ 88.6934767, 28.0494215 ], [ 88.6915402, 28.0485421 ], [ 88.6905814, 28.0482524 ], [ 88.6889993, 28.047837 ], [ 88.6878974, 28.0474658 ], [ 88.6879521, 28.0466041 ], [ 88.6874779, 28.045839 ], [ 88.6880455, 28.0454395 ], [ 88.6882772, 28.0451488 ], [ 88.6878513, 28.0444338 ], [ 88.6861969, 28.0444501 ], [ 88.6851755, 28.0448855 ], [ 88.6843033, 28.0444604 ], [ 88.6836123, 28.0446772 ], [ 88.6826553, 28.0447577 ], [ 88.6814279, 28.0441753 ], [ 88.680148, 28.0433581 ], [ 88.6794227, 28.0431631 ], [ 88.6787418, 28.042816 ], [ 88.6783223, 28.0430454 ], [ 88.6780135, 28.0427887 ], [ 88.6776775, 28.0424637 ], [ 88.6769284, 28.0425063 ], [ 88.6765707, 28.0428846 ], [ 88.676466, 28.0432127 ], [ 88.6758798, 28.0438132 ], [ 88.6754907, 28.0438493 ], [ 88.6737741, 28.0440584 ], [ 88.6731483, 28.0440316 ], [ 88.6723696, 28.0437321 ], [ 88.6717662, 28.0434925 ], [ 88.6706533, 28.0444512 ], [ 88.6701088, 28.0445216 ], [ 88.6681328, 28.0442577 ], [ 88.6647339, 28.0441763 ], [ 88.6630784, 28.0428354 ], [ 88.6617309, 28.0422199 ], [ 88.6608951, 28.0412228 ], [ 88.6608361, 28.0398346 ], [ 88.6591012, 28.0374843 ], [ 88.6554363, 28.0364634 ], [ 88.6537904, 28.0368223 ], [ 88.6522938, 28.0376623 ], [ 88.6481117, 28.0377522 ], [ 88.6456923, 28.0389994 ], [ 88.6450443, 28.0392248 ], [ 88.6433835, 28.0393204 ], [ 88.6430992, 28.0390467 ], [ 88.6421282, 28.0386358 ], [ 88.6422076, 28.0378952 ], [ 88.6419179, 28.0370856 ], [ 88.6410349, 28.0372541 ], [ 88.6403901, 28.0370761 ], [ 88.6392025, 28.0373725 ], [ 88.6380759, 28.0369549 ], [ 88.6381221, 28.036328 ], [ 88.6377208, 28.0359928 ], [ 88.637222, 28.0360602 ], [ 88.6357436, 28.0366386 ], [ 88.6347584, 28.0366116 ], [ 88.6343303, 28.036735 ], [ 88.6338845, 28.0370895 ], [ 88.6332505, 28.0372932 ], [ 88.6327738, 28.037093 ], [ 88.6319537, 28.0369677 ], [ 88.6308651, 28.0374587 ], [ 88.6300844, 28.0373642 ], [ 88.6293083, 28.037775 ], [ 88.6285198, 28.0376985 ], [ 88.6270332, 28.0390924 ], [ 88.6261611, 28.0395191 ], [ 88.6249114, 28.0393786 ], [ 88.624593, 28.039541 ], [ 88.6237379, 28.0394625 ], [ 88.6228056, 28.0392731 ], [ 88.6222262, 28.039735 ], [ 88.6216447, 28.0398119 ], [ 88.621134, 28.0395089 ], [ 88.620884, 28.0395297 ], [ 88.6205826, 28.0396765 ], [ 88.6204366, 28.0399814 ], [ 88.6199646, 28.0402134 ], [ 88.6188853, 28.0400448 ], [ 88.6185484, 28.0404463 ], [ 88.6176697, 28.0403194 ], [ 88.617409, 28.0399956 ], [ 88.6170377, 28.0398999 ], [ 88.6168543, 28.0402219 ], [ 88.6164402, 28.039988 ], [ 88.6163104, 28.0395839 ], [ 88.6156602, 28.039399 ], [ 88.6151173, 28.0395638 ], [ 88.6137933, 28.0393715 ], [ 88.6126035, 28.0390306 ], [ 88.6120842, 28.0385903 ], [ 88.6118557, 28.0377248 ], [ 88.611168, 28.037667 ], [ 88.6115478, 28.0372409 ], [ 88.6116079, 28.0369369 ], [ 88.611168, 28.0361698 ], [ 88.6113268, 28.0355628 ], [ 88.6109019, 28.0348213 ], [ 88.6103543, 28.0350858 ], [ 88.6099599, 28.0348924 ], [ 88.610152, 28.0343289 ], [ 88.608912, 28.0337317 ], [ 88.6088227, 28.0336887 ], [ 88.6066498, 28.0316086 ], [ 88.606189, 28.0309172 ], [ 88.6063579, 28.0307401 ], [ 88.6062844, 28.0304486 ], [ 88.6049332, 28.0290327 ], [ 88.6035226, 28.0277641 ], [ 88.602012, 28.027015 ], [ 88.6012428, 28.0272101 ], [ 88.60082, 28.0266276 ], [ 88.6000561, 28.0264657 ], [ 88.599759, 28.0258274 ], [ 88.5988974, 28.0256095 ], [ 88.5983567, 28.0259041 ], [ 88.5975306, 28.0253728 ], [ 88.5971261, 28.0255745 ], [ 88.5964641, 28.0256342 ], [ 88.596653, 28.0251862 ], [ 88.5965854, 28.0248604 ], [ 88.5958408, 28.0246217 ], [ 88.5963032, 28.0226054 ], [ 88.5947314, 28.0221669 ], [ 88.5943473, 28.0210256 ], [ 88.5936779, 28.0207074 ], [ 88.5935834, 28.0200112 ], [ 88.593027, 28.0189026 ], [ 88.5935588, 28.0171604 ], [ 88.5927452, 28.0140304 ], [ 88.5935974, 28.012219 ], [ 88.5953201, 28.0109994 ], [ 88.5958102, 28.010048 ], [ 88.5960594, 28.0097497 ], [ 88.5965717, 28.0094679 ], [ 88.5967031, 28.009359 ], [ 88.5967463, 28.0092741 ], [ 88.5967353, 28.0087504 ], [ 88.5966656, 28.0083715 ], [ 88.5967889, 28.0079358 ], [ 88.5966183, 28.0073101 ], [ 88.595877, 28.005473 ], [ 88.5951206, 28.004701 ], [ 88.5949374, 28.0042689 ], [ 88.5946864, 28.0028309 ], [ 88.5949677, 28.0024536 ], [ 88.5950589, 28.001826 ], [ 88.5951099, 28.0015679 ], [ 88.5953494, 28.001266 ], [ 88.5952842, 28.0008621 ], [ 88.5951297, 28.000601 ], [ 88.5948846, 28.0004406 ], [ 88.5945198, 27.9990575 ], [ 88.5942999, 27.9980273 ], [ 88.5942325, 27.997679 ], [ 88.5946378, 27.9969379 ], [ 88.5952126, 27.9959961 ], [ 88.5953137, 27.9956424 ], [ 88.595354, 27.9953298 ], [ 88.5955095, 27.9951782 ], [ 88.5955042, 27.9948111 ], [ 88.5956798, 27.9945396 ], [ 88.595414, 27.9935126 ], [ 88.5950857, 27.9924949 ], [ 88.5947236, 27.9919667 ], [ 88.5943918, 27.9914616 ], [ 88.5936347, 27.9906664 ], [ 88.5932136, 27.9901785 ], [ 88.5928517, 27.9894049 ], [ 88.5925108, 27.9879119 ], [ 88.592366, 27.9869668 ], [ 88.5922694, 27.9866731 ], [ 88.5921501, 27.9864911 ], [ 88.5917893, 27.9862255 ], [ 88.5914594, 27.9860668 ], [ 88.5913395, 27.9859397 ], [ 88.5910732, 27.9856618 ], [ 88.5910249, 27.9854865 ], [ 88.5909763, 27.9852296 ], [ 88.5901341, 27.9844485 ], [ 88.5901532, 27.984108 ], [ 88.5900201, 27.9838255 ], [ 88.5895389, 27.9837219 ], [ 88.5891768, 27.9835419 ], [ 88.5888445, 27.9834532 ], [ 88.5882703, 27.9828834 ], [ 88.5879028, 27.9825968 ], [ 88.5876901, 27.9823546 ], [ 88.5875139, 27.9818649 ], [ 88.5872953, 27.9814043 ], [ 88.5864885, 27.980607 ], [ 88.5863216, 27.9797069 ], [ 88.5860191, 27.979373 ], [ 88.5859421, 27.9788543 ], [ 88.5857624, 27.9784113 ], [ 88.5856817, 27.9781203 ], [ 88.5855585, 27.9778073 ], [ 88.5853118, 27.9774496 ], [ 88.5853305, 27.977298 ], [ 88.5850572, 27.9768772 ], [ 88.5842461, 27.9764992 ], [ 88.5841396, 27.9762866 ], [ 88.5841101, 27.9760663 ], [ 88.5841477, 27.9758247 ], [ 88.584078, 27.9757133 ], [ 88.5839063, 27.9755854 ], [ 88.5838293, 27.9754153 ], [ 88.5837588, 27.975159 ], [ 88.583445, 27.9750051 ], [ 88.5831293, 27.9749268 ], [ 88.5828825, 27.9744838 ], [ 88.5825311, 27.9741246 ], [ 88.5823211, 27.9739723 ], [ 88.5821454, 27.9738589 ], [ 88.5820156, 27.9736618 ], [ 88.5819778, 27.9734606 ], [ 88.5820368, 27.9732356 ], [ 88.5819429, 27.9729774 ], [ 88.5817882, 27.9727015 ], [ 88.5817796, 27.9719586 ], [ 88.5811656, 27.9716165 ], [ 88.5805597, 27.9710461 ], [ 88.5802572, 27.9701526 ], [ 88.5805865, 27.9697859 ], [ 88.5802475, 27.9687426 ], [ 88.5804503, 27.9681646 ], [ 88.5806713, 27.9675553 ], [ 88.5803226, 27.9672284 ], [ 88.5797786, 27.9669327 ], [ 88.5797347, 27.9663073 ], [ 88.5800211, 27.9660448 ], [ 88.5801756, 27.9656582 ], [ 88.5796885, 27.9645969 ], [ 88.5799535, 27.9643903 ], [ 88.5798269, 27.9638331 ], [ 88.5794965, 27.9635583 ], [ 88.5793044, 27.9629888 ], [ 88.5786832, 27.9612726 ], [ 88.5787015, 27.9607732 ], [ 88.5785373, 27.9597327 ], [ 88.5784311, 27.9585898 ], [ 88.5773582, 27.9578033 ], [ 88.5773754, 27.9573503 ], [ 88.5770117, 27.9570337 ], [ 88.5765407, 27.9567665 ], [ 88.5761849, 27.9559631 ], [ 88.5757757, 27.9555411 ], [ 88.5759152, 27.9551147 ], [ 88.5756427, 27.9546408 ], [ 88.5757028, 27.9529321 ], [ 88.575323, 27.9523967 ], [ 88.5748863, 27.952136 ], [ 88.5749732, 27.9512338 ], [ 88.5746106, 27.9508092 ], [ 88.5741374, 27.9503704 ], [ 88.5738703, 27.949906 ], [ 88.5735548, 27.9498122 ], [ 88.5732147, 27.9500065 ], [ 88.5728403, 27.9499269 ], [ 88.5725581, 27.9493127 ], [ 88.572218, 27.9491403 ], [ 88.5723275, 27.9487545 ], [ 88.5720088, 27.9483773 ], [ 88.5715625, 27.9484484 ], [ 88.5707965, 27.9476276 ], [ 88.5699092, 27.9468637 ], [ 88.5698395, 27.9463643 ], [ 88.5695948, 27.9460619 ], [ 88.5697847, 27.9458525 ], [ 88.569847, 27.9455738 ], [ 88.569523, 27.9452184 ], [ 88.5690176, 27.9451833 ], [ 88.568405, 27.9446801 ], [ 88.5677165, 27.9443034 ], [ 88.5674831, 27.9442513 ], [ 88.5672551, 27.9441328 ], [ 88.5670406, 27.9438817 ], [ 88.5669413, 27.9438461 ], [ 88.5666919, 27.9439148 ], [ 88.5665993, 27.9439413 ], [ 88.5663944, 27.9438408 ], [ 88.5655378, 27.9433224 ], [ 88.5652542, 27.942967 ], [ 88.5649645, 27.942787 ], [ 88.5647231, 27.9425547 ], [ 88.5644791, 27.9423936 ], [ 88.5642967, 27.9421969 ], [ 88.5630685, 27.941031 ], [ 88.5622419, 27.9401857 ], [ 88.561892, 27.9399878 ], [ 88.5616815, 27.9399227 ], [ 88.561025, 27.9393981 ], [ 88.5602933, 27.9394272 ], [ 88.5590894, 27.9390299 ], [ 88.5586975, 27.9387059 ], [ 88.5586597, 27.9384334 ], [ 88.5582797, 27.9383016 ], [ 88.5579635, 27.9383199 ], [ 88.5577021, 27.9382773 ], [ 88.5574947, 27.9383278 ], [ 88.5574099, 27.9382807 ], [ 88.5572811, 27.9380465 ], [ 88.5568714, 27.9379966 ], [ 88.5563547, 27.9380373 ], [ 88.5560273, 27.9382359 ], [ 88.5552662, 27.9381948 ], [ 88.5550527, 27.9381168 ], [ 88.5545803, 27.9381556 ], [ 88.5543002, 27.938302 ], [ 88.5541715, 27.9383326 ], [ 88.5538464, 27.9381592 ], [ 88.5535289, 27.937955 ], [ 88.5534408, 27.9377651 ], [ 88.5532931, 27.9376848 ], [ 88.5526644, 27.9374307 ], [ 88.5524763, 27.9373708 ], [ 88.552331, 27.9373535 ], [ 88.5522391, 27.9374269 ], [ 88.5521686, 27.9375382 ], [ 88.5519538, 27.9375843 ], [ 88.551809, 27.9375292 ], [ 88.5517162, 27.9374301 ], [ 88.5515437, 27.9371663 ], [ 88.551408, 27.9370722 ], [ 88.55089, 27.9369958 ], [ 88.5503238, 27.9367299 ], [ 88.5501838, 27.9367687 ], [ 88.5501244, 27.9368217 ], [ 88.5487782, 27.9365067 ], [ 88.5476305, 27.9367084 ], [ 88.5467652, 27.9363847 ], [ 88.5465284, 27.9360593 ], [ 88.5464712, 27.9356653 ], [ 88.544886, 27.9343169 ], [ 88.544534, 27.9340959 ], [ 88.5438922, 27.9339935 ], [ 88.5433867, 27.9336748 ], [ 88.5428478, 27.933412 ], [ 88.5423571, 27.9329417 ], [ 88.5411959, 27.9327179 ], [ 88.5409141, 27.9325849 ], [ 88.5406897, 27.9324071 ], [ 88.5405054, 27.9322474 ], [ 88.5402905, 27.9320602 ], [ 88.5400614, 27.9318719 ], [ 88.539797, 27.9318333 ], [ 88.5394468, 27.931821 ], [ 88.5391771, 27.931857 ], [ 88.5385795, 27.93149 ], [ 88.5383362, 27.9316303 ], [ 88.5381214, 27.9316772 ], [ 88.5374733, 27.9312561 ], [ 88.5370447, 27.931293 ], [ 88.536611, 27.9311322 ], [ 88.5365758, 27.9308722 ], [ 88.5360326, 27.9306522 ], [ 88.5354907, 27.9306401 ], [ 88.5350484, 27.9301989 ], [ 88.5348002, 27.9300659 ], [ 88.5345521, 27.929873 ], [ 88.53429, 27.9296179 ], [ 88.5341972, 27.9290967 ], [ 88.5342087, 27.928675 ], [ 88.5330115, 27.9271057 ], [ 88.5319969, 27.9256455 ], [ 88.5317503, 27.924918 ], [ 88.5318612, 27.924659 ], [ 88.5318302, 27.9241189 ], [ 88.5307187, 27.9225054 ], [ 88.5304594, 27.9220291 ], [ 88.5304234, 27.9214529 ], [ 88.5301439, 27.9210844 ], [ 88.5300839, 27.9209469 ], [ 88.5302428, 27.9204901 ], [ 88.5301954, 27.9201945 ], [ 88.5301008, 27.9199436 ], [ 88.5298879, 27.9197615 ], [ 88.5296683, 27.9193703 ], [ 88.5296784, 27.9191583 ], [ 88.5298043, 27.9189607 ], [ 88.5298507, 27.9186566 ], [ 88.5294047, 27.9181878 ], [ 88.5293236, 27.9179012 ], [ 88.5292019, 27.9175518 ], [ 88.5289349, 27.917295 ], [ 88.5286169, 27.9170653 ], [ 88.5282827, 27.9169426 ], [ 88.5281104, 27.9167605 ], [ 88.5281138, 27.9163514 ], [ 88.5279679, 27.9159132 ], [ 88.5279903, 27.9156539 ], [ 88.5278366, 27.9154466 ], [ 88.5275781, 27.9149374 ], [ 88.5272757, 27.9144552 ], [ 88.5268093, 27.9139983 ], [ 88.5263562, 27.9133292 ], [ 88.5261165, 27.9129531 ], [ 88.5261098, 27.9126008 ], [ 88.5260016, 27.9124365 ], [ 88.5258192, 27.912335 ], [ 88.5255522, 27.9120901 ], [ 88.525397, 27.9119968 ], [ 88.525194, 27.911887 ], [ 88.524856, 27.9116571 ], [ 88.5247443, 27.9113899 ], [ 88.5247344, 27.9108568 ], [ 88.5248189, 27.9101849 ], [ 88.525052, 27.9099519 ], [ 88.5253494, 27.9095189 ], [ 88.5252007, 27.9093009 ], [ 88.5251703, 27.9090799 ], [ 88.5251872, 27.9086798 ], [ 88.5254035, 27.9083841 ], [ 88.5256603, 27.9079362 ], [ 88.5260773, 27.907508 ], [ 88.5261855, 27.9072992 ], [ 88.5266541, 27.9069008 ], [ 88.5271011, 27.9064192 ], [ 88.5271854, 27.9059469 ], [ 88.527104, 27.9054944 ], [ 88.5272446, 27.9052913 ], [ 88.5275832, 27.905024 ], [ 88.528237, 27.9047378 ], [ 88.528721, 27.9044287 ], [ 88.5289798, 27.9040954 ], [ 88.5293912, 27.903803 ], [ 88.5296082, 27.9033738 ], [ 88.5305976, 27.9020887 ], [ 88.5310787, 27.9017236 ], [ 88.5311227, 27.9016902 ], [ 88.5317702, 27.9013033 ], [ 88.5323481, 27.9009061 ], [ 88.5326151, 27.9003894 ], [ 88.532686, 27.9001027 ], [ 88.5326151, 27.8998697 ], [ 88.5326359, 27.8997006 ], [ 88.5325779, 27.8995084 ], [ 88.5323887, 27.8992903 ], [ 88.5321994, 27.8992067 ], [ 88.5320372, 27.8990514 ], [ 88.5319764, 27.8988961 ], [ 88.5320075, 27.8987176 ], [ 88.5321555, 27.8982092 ], [ 88.5322129, 27.8978179 ], [ 88.5321859, 27.8976537 ], [ 88.5321014, 27.8974834 ], [ 88.5321217, 27.8973102 ], [ 88.532071, 27.8971459 ], [ 88.5321048, 27.8969608 ], [ 88.5321825, 27.8967995 ], [ 88.5323189, 27.8966868 ], [ 88.5329125, 27.8963873 ], [ 88.533541, 27.8960678 ], [ 88.533597, 27.89597 ], [ 88.533612, 27.8957661 ], [ 88.5335309, 27.8953928 ], [ 88.5333045, 27.8950702 ], [ 88.5332436, 27.8949268 ], [ 88.5332436, 27.8947058 ], [ 88.5333078, 27.8944938 ], [ 88.5334836, 27.894446 ], [ 88.5335951, 27.8943534 ], [ 88.5335714, 27.8941354 ], [ 88.5334937, 27.8938277 ], [ 88.5334131, 27.8934642 ], [ 88.5334489, 27.8933439 ], [ 88.5335005, 27.8931706 ], [ 88.5337485, 27.8928915 ], [ 88.5339736, 27.8926987 ], [ 88.5338587, 27.8919252 ], [ 88.5339026, 27.8916205 ], [ 88.533781, 27.8913397 ], [ 88.5337674, 27.8910052 ], [ 88.5338925, 27.8906976 ], [ 88.5341662, 27.8904975 ], [ 88.5342372, 27.890369 ], [ 88.5342829, 27.8899209 ], [ 88.5348488, 27.8893595 ], [ 88.5350584, 27.8891205 ], [ 88.5353355, 27.8887412 ], [ 88.5353794, 27.8884515 ], [ 88.535447, 27.8882633 ], [ 88.5355991, 27.8881109 ], [ 88.5358525, 27.8879078 ], [ 88.53616, 27.8873075 ], [ 88.5362686, 27.8868065 ], [ 88.5364262, 27.8857433 ], [ 88.5364405, 27.8856467 ], [ 88.5366602, 27.8849926 ], [ 88.5368224, 27.8845386 ], [ 88.5369831, 27.8842663 ], [ 88.536996, 27.8831659 ], [ 88.5366196, 27.8823879 ], [ 88.5366264, 27.8822087 ], [ 88.5367785, 27.8818681 ], [ 88.5368798, 27.8816053 ], [ 88.5367278, 27.8813424 ], [ 88.5366331, 27.8810646 ], [ 88.5366196, 27.8808047 ], [ 88.5366602, 27.8805508 ], [ 88.536692, 27.880393 ], [ 88.5367311, 27.8802641 ], [ 88.5366737, 27.8799833 ], [ 88.5365922, 27.8797977 ], [ 88.5366273, 27.8796973 ], [ 88.5367764, 27.879642 ], [ 88.5371477, 27.8795121 ], [ 88.5372602, 27.8794364 ], [ 88.5373066, 27.8792992 ], [ 88.5372773, 27.8788433 ], [ 88.5372955, 27.8786839 ], [ 88.5374172, 27.8786361 ], [ 88.5376909, 27.8785465 ], [ 88.5377923, 27.8784837 ], [ 88.5378638, 27.8784299 ], [ 88.5379154, 27.8783218 ], [ 88.5381328, 27.8780643 ], [ 88.5382384, 27.8777995 ], [ 88.5383988, 27.8773439 ], [ 88.5384636, 27.8772038 ], [ 88.5386482, 27.8770715 ], [ 88.5387308, 27.8768138 ], [ 88.5386974, 27.8765121 ], [ 88.538805, 27.8762731 ], [ 88.5391582, 27.8759433 ], [ 88.5393561, 27.8757899 ], [ 88.5396059, 27.8754349 ], [ 88.5397355, 27.8752481 ], [ 88.5399898, 27.8751395 ], [ 88.5401474, 27.8748659 ], [ 88.5403112, 27.8747525 ], [ 88.5405228, 27.8744983 ], [ 88.5407976, 27.8744136 ], [ 88.5410762, 27.8742134 ], [ 88.5412282, 27.8739015 ], [ 88.5412767, 27.8735292 ], [ 88.5414055, 27.8733202 ], [ 88.5416269, 27.8731974 ], [ 88.5419113, 27.8727786 ], [ 88.5424302, 27.872477 ], [ 88.5426308, 27.8721538 ], [ 88.5428804, 27.8718156 ], [ 88.5429649, 27.8717463 ], [ 88.5432183, 27.8714648 ], [ 88.543187, 27.8711075 ], [ 88.5429304, 27.870853 ], [ 88.5428841, 27.8707092 ], [ 88.5429476, 27.8706129 ], [ 88.5431237, 27.8704513 ], [ 88.5437034, 27.8702279 ], [ 88.5441127, 27.8698869 ], [ 88.544255, 27.8697698 ], [ 88.5444391, 27.8696698 ], [ 88.5445009, 27.8694454 ], [ 88.5443782, 27.869089 ], [ 88.5440694, 27.8687922 ], [ 88.5438211, 27.8685341 ], [ 88.5436724, 27.8681035 ], [ 88.5436211, 27.8678038 ], [ 88.5436778, 27.8676262 ], [ 88.5437835, 27.8674737 ], [ 88.54395, 27.8673411 ], [ 88.5442033, 27.8671959 ], [ 88.5445505, 27.867046 ], [ 88.5449232, 27.8670046 ], [ 88.5455555, 27.866961 ], [ 88.5457394, 27.8668469 ], [ 88.5458489, 27.8666745 ], [ 88.5459157, 27.8662428 ], [ 88.5460335, 27.8657583 ], [ 88.5459609, 27.8655086 ], [ 88.5459616, 27.8652749 ], [ 88.5459961, 27.8648945 ], [ 88.5462516, 27.8643872 ], [ 88.5461403, 27.8637652 ], [ 88.5461756, 27.8635007 ], [ 88.5461733, 27.8632654 ], [ 88.5462007, 27.8629941 ], [ 88.5461254, 27.8628327 ], [ 88.5457507, 27.8626954 ], [ 88.5455037, 27.862373 ], [ 88.545378, 27.8622404 ], [ 88.5453091, 27.8620754 ], [ 88.5452254, 27.8616773 ], [ 88.5450859, 27.8614786 ], [ 88.5450125, 27.8612381 ], [ 88.544869, 27.8610651 ], [ 88.5447281, 27.8610235 ], [ 88.5444734, 27.8607627 ], [ 88.5440402, 27.8602978 ], [ 88.5439888, 27.8600477 ], [ 88.5437314, 27.8599139 ], [ 88.5434089, 27.8595393 ], [ 88.5430172, 27.8589558 ], [ 88.5428934, 27.8584089 ], [ 88.5427849, 27.8579772 ], [ 88.5427851, 27.8577958 ], [ 88.5429419, 27.8575669 ], [ 88.5429089, 27.8573265 ], [ 88.5428709, 27.8569714 ], [ 88.5428694, 27.8566631 ], [ 88.5430611, 27.856411 ], [ 88.5430315, 27.8560088 ], [ 88.5429451, 27.8557963 ], [ 88.5429359, 27.8556467 ], [ 88.5430787, 27.8555221 ], [ 88.5431723, 27.8553291 ], [ 88.5433982, 27.8550768 ], [ 88.5438168, 27.8549277 ], [ 88.5443003, 27.8544372 ], [ 88.5446552, 27.8541731 ], [ 88.5446686, 27.8541632 ], [ 88.544998, 27.8540933 ], [ 88.5450819, 27.8540519 ], [ 88.5456567, 27.8535877 ], [ 88.5461075, 27.8527839 ], [ 88.5467169, 27.8524186 ], [ 88.5469271, 27.8519626 ], [ 88.5470799, 27.8518413 ], [ 88.5473271, 27.8516452 ], [ 88.5483297, 27.8514178 ], [ 88.5485762, 27.8512714 ], [ 88.5487949, 27.8509984 ], [ 88.5491137, 27.8503241 ], [ 88.5488342, 27.8496044 ], [ 88.548977, 27.8492597 ], [ 88.549258, 27.8490121 ], [ 88.5492161, 27.8487386 ], [ 88.5491058, 27.8485877 ], [ 88.5489652, 27.8483036 ], [ 88.5489833, 27.8481436 ], [ 88.5492334, 27.8478869 ], [ 88.5496823, 27.8471222 ], [ 88.5497308, 27.8468526 ], [ 88.549397, 27.8462515 ], [ 88.549356, 27.8459163 ], [ 88.5493294, 27.8456205 ], [ 88.5494002, 27.8453088 ], [ 88.5492203, 27.8448648 ], [ 88.5491771, 27.8445665 ], [ 88.5491018, 27.8442463 ], [ 88.5492164, 27.8441679 ], [ 88.5493957, 27.8440581 ], [ 88.5493839, 27.8439197 ], [ 88.5492867, 27.8438092 ], [ 88.5492646, 27.8437106 ], [ 88.5494343, 27.8436303 ], [ 88.5494594, 27.8433305 ], [ 88.5493137, 27.8431301 ], [ 88.5491434, 27.8424991 ], [ 88.5490053, 27.8420721 ], [ 88.548729, 27.8418703 ], [ 88.5482117, 27.8414016 ], [ 88.5480421, 27.8411185 ], [ 88.5481381, 27.840929 ], [ 88.5481617, 27.8407051 ], [ 88.5481301, 27.8404772 ], [ 88.5482018, 27.8403039 ], [ 88.5481414, 27.8402253 ], [ 88.5479966, 27.8401856 ], [ 88.5479431, 27.8400925 ], [ 88.5480115, 27.8399998 ], [ 88.5480018, 27.8398226 ], [ 88.5480076, 27.8396421 ], [ 88.5481657, 27.8393183 ], [ 88.5482919, 27.839238 ], [ 88.5485725, 27.8392222 ], [ 88.5486654, 27.8391293 ], [ 88.5486405, 27.8389911 ], [ 88.5485033, 27.8388754 ], [ 88.5485927, 27.8387812 ], [ 88.5488077, 27.8387379 ], [ 88.5489695, 27.8385967 ], [ 88.5491122, 27.8383633 ], [ 88.5491175, 27.8382366 ], [ 88.5490781, 27.8380546 ], [ 88.5489142, 27.8379191 ], [ 88.5487716, 27.8376103 ], [ 88.5487992, 27.8372809 ], [ 88.5487311, 27.8371378 ], [ 88.5484288, 27.8366653 ], [ 88.548712, 27.8364935 ], [ 88.5488928, 27.8361005 ], [ 88.5488077, 27.8359184 ], [ 88.5488109, 27.8356028 ], [ 88.5487256, 27.8353078 ], [ 88.5487263, 27.8350499 ], [ 88.5488913, 27.8342828 ], [ 88.5489373, 27.8336896 ], [ 88.5491709, 27.8329303 ], [ 88.5491093, 27.832589 ], [ 88.5489954, 27.8322577 ], [ 88.5492166, 27.8315638 ], [ 88.5494193, 27.8310525 ], [ 88.5495037, 27.830511 ], [ 88.5492477, 27.8302907 ], [ 88.5491645, 27.8298967 ], [ 88.5492191, 27.8296496 ], [ 88.54931, 27.8294596 ], [ 88.549193, 27.8291878 ], [ 88.5485531, 27.828127 ], [ 88.5485222, 27.8278962 ], [ 88.5488623, 27.8275035 ], [ 88.5488768, 27.8270281 ], [ 88.5487834, 27.8268116 ], [ 88.548768, 27.82653 ], [ 88.5486772, 27.8263048 ], [ 88.5484437, 27.8260982 ], [ 88.5483404, 27.825953 ], [ 88.5483337, 27.8256959 ], [ 88.5484529, 27.8253485 ], [ 88.5485841, 27.824954 ], [ 88.54873, 27.8246436 ], [ 88.5488773, 27.8245125 ], [ 88.5490738, 27.8244397 ], [ 88.5491417, 27.824172 ], [ 88.5490687, 27.823874 ], [ 88.5489591, 27.8237226 ], [ 88.5489073, 27.8235656 ], [ 88.5490124, 27.8234101 ], [ 88.5491783, 27.8233067 ], [ 88.5494029, 27.8231812 ], [ 88.5495462, 27.8230338 ], [ 88.5496604, 27.8226861 ], [ 88.549914, 27.8224455 ], [ 88.5501395, 27.8221746 ], [ 88.5502582, 27.8217605 ], [ 88.5504794, 27.82123 ], [ 88.5503591, 27.8209407 ], [ 88.5504172, 27.8206215 ], [ 88.5506863, 27.8200777 ], [ 88.5505821, 27.8195586 ], [ 88.5504068, 27.8192499 ], [ 88.5502781, 27.8191332 ], [ 88.5502531, 27.8188439 ], [ 88.5502584, 27.8187003 ], [ 88.5498263, 27.8183638 ], [ 88.5497641, 27.8182286 ], [ 88.5493802, 27.8179604 ], [ 88.5494091, 27.8171298 ], [ 88.5496409, 27.8166929 ], [ 88.5500471, 27.8162985 ], [ 88.550185, 27.81546 ], [ 88.5503655, 27.815136 ], [ 88.550678, 27.8150258 ], [ 88.5508853, 27.8147367 ], [ 88.5509341, 27.81432 ], [ 88.5510263, 27.8136881 ], [ 88.5511641, 27.8135412 ], [ 88.5519546, 27.8132651 ], [ 88.5521947, 27.8130866 ], [ 88.5523015, 27.8127529 ], [ 88.5525419, 27.8125914 ], [ 88.5525221, 27.812207 ], [ 88.5527397, 27.8119243 ], [ 88.5527522, 27.8110497 ], [ 88.5525348, 27.8106186 ], [ 88.5526538, 27.8098843 ], [ 88.5527436, 27.809726 ], [ 88.5534612, 27.8092123 ], [ 88.5535381, 27.8085386 ], [ 88.5540008, 27.807987 ], [ 88.5545959, 27.8075582 ], [ 88.5546527, 27.8072909 ], [ 88.5545036, 27.8070114 ], [ 88.5545832, 27.8068449 ], [ 88.5548402, 27.8065076 ], [ 88.5547702, 27.8060897 ], [ 88.5543764, 27.8056981 ], [ 88.5543, 27.8054532 ], [ 88.5544268, 27.8037922 ], [ 88.5548702, 27.8026529 ], [ 88.5546076, 27.8019688 ], [ 88.5549567, 27.8007529 ], [ 88.5548333, 27.7994301 ], [ 88.554839, 27.7986559 ], [ 88.5547538, 27.798422 ], [ 88.5543503, 27.7980912 ], [ 88.5543131, 27.7979203 ], [ 88.5545021, 27.7973095 ], [ 88.5543922, 27.7969304 ], [ 88.5543737, 27.7966497 ], [ 88.5545576, 27.7963342 ], [ 88.5545199, 27.7960453 ], [ 88.554099, 27.7956969 ], [ 88.5535941, 27.7947169 ], [ 88.5533052, 27.7944534 ], [ 88.5526979, 27.7940781 ], [ 88.5524628, 27.7936987 ], [ 88.5524484, 27.7933096 ], [ 88.5525049, 27.7925507 ], [ 88.5520261, 27.7918955 ], [ 88.551304, 27.7904651 ], [ 88.5510492, 27.7892122 ], [ 88.5503623, 27.7882088 ], [ 88.549523, 27.7872567 ], [ 88.5491579, 27.786757 ], [ 88.5485615, 27.7861363 ], [ 88.5485184, 27.7858196 ], [ 88.5486438, 27.7855018 ], [ 88.5487662, 27.7851719 ], [ 88.5487375, 27.7848879 ], [ 88.5489276, 27.784591 ], [ 88.5489859, 27.7843282 ], [ 88.5489743, 27.7840791 ], [ 88.5482889, 27.7831415 ], [ 88.5475439, 27.7823708 ], [ 88.546884, 27.7821415 ], [ 88.5466499, 27.7814795 ], [ 88.5470499, 27.7802506 ], [ 88.5470833, 27.7797862 ], [ 88.5471882, 27.7791756 ], [ 88.547501, 27.7787903 ], [ 88.5471882, 27.7771871 ], [ 88.5477668, 27.7761156 ], [ 88.547514, 27.7757701 ], [ 88.5469116, 27.7734072 ], [ 88.5461188, 27.7714203 ], [ 88.5457058, 27.7709336 ], [ 88.545454, 27.7700528 ], [ 88.5451352, 27.7690652 ], [ 88.5439934, 27.7662683 ], [ 88.5442487, 27.7660089 ], [ 88.544117, 27.7656238 ], [ 88.5443367, 27.7639899 ], [ 88.5443367, 27.7618633 ], [ 88.5443086, 27.7608641 ], [ 88.5441038, 27.760414 ], [ 88.5441483, 27.7593037 ], [ 88.5437953, 27.7568263 ], [ 88.5439384, 27.7556154 ], [ 88.5442586, 27.7545773 ], [ 88.5440485, 27.7542674 ] ] } },
{ "type": "Feature", "properties": { "element": "way", "id": 293185705, "name": "Lachen Chu", "waterway": "river" }, "geometry": { "type": "LineString", "coordinates": [ [ 88.7119879, 28.0526868 ], [ 88.7108067, 28.0521547 ], [ 88.7108797, 28.0514852 ], [ 88.7106275, 28.0510753 ], [ 88.7101447, 28.0509039 ], [ 88.7097875, 28.0512097 ], [ 88.7096373, 28.0516112 ], [ 88.7082994, 28.0513063 ], [ 88.7081009, 28.0504768 ], [ 88.7082736, 28.0500413 ], [ 88.707558, 28.0500006 ], [ 88.7068724, 28.0503765 ], [ 88.7061718, 28.0498926 ], [ 88.7055549, 28.0497932 ], [ 88.7038458, 28.0501824 ], [ 88.7026635, 28.0501596 ], [ 88.7022537, 28.0492876 ], [ 88.6990361, 28.0500309 ], [ 88.6982486, 28.049832 ], [ 88.6970083, 28.0499542 ], [ 88.6967938, 28.0495963 ], [ 88.6963553, 28.0496523 ], [ 88.6958314, 28.0501341 ], [ 88.6977774, 28.0512331 ], [ 88.6945761, 28.0505024 ], [ 88.694133, 28.0499845 ], [ 88.694295, 28.0495224 ], [ 88.6934767, 28.0494215 ], [ 88.6915402, 28.0485421 ], [ 88.6905814, 28.0482524 ], [ 88.6889993, 28.047837 ], [ 88.6878974, 28.0474658 ], [ 88.6879521, 28.0466041 ], [ 88.6874779, 28.045839 ], [ 88.6880455, 28.0454395 ], [ 88.6882772, 28.0451488 ], [ 88.6878513, 28.0444338 ], [ 88.6861969, 28.0444501 ], [ 88.6851755, 28.0448855 ], [ 88.6843033, 28.0444604 ], [ 88.6836123, 28.0446772 ], [ 88.6826553, 28.0447577 ], [ 88.6814279, 28.0441753 ], [ 88.680148, 28.0433581 ], [ 88.6794227, 28.0431631 ], [ 88.6787418, 28.042816 ], [ 88.6783223, 28.0430454 ], [ 88.6780135, 28.0427887 ], [ 88.6776775, 28.0424637 ], [ 88.6769284, 28.0425063 ], [ 88.6765707, 28.0428846 ], [ 88.676466, 28.0432127 ], [ 88.6758798, 28.0438132 ], [ 88.6754907, 28.0438493 ], [ 88.6737741, 28.0440584 ], [ 88.6731483, 28.0440316 ], [ 88.6723696, 28.0437321 ], [ 88.6717662, 28.0434925 ], [ 88.6706533, 28.0444512 ], [ 88.6701088, 28.0445216 ], [ 88.6681328, 28.0442577 ], [ 88.6647339, 28.0441763 ], [ 88.6630784, 28.0428354 ], [ 88.6617309, 28.0422199 ], [ 88.6608951, 28.0412228 ], [ 88.6608361, 28.0398346 ], [ 88.6591012, 28.0374843 ], [ 88.6554363, 28.0364634 ], [ 88.6537904, 28.0368223 ], [ 88.6522938, 28.0376623 ], [ 88.6481117, 28.0377522 ], [ 88.6456923, 28.0389994 ], [ 88.6450443, 28.0392248 ], [ 88.6433835, 28.0393204 ], [ 88.6430992, 28.0390467 ], [ 88.6421282, 28.0386358 ], [ 88.6422076, 28.0378952 ], [ 88.6419179, 28.0370856 ], [ 88.6410349, 28.0372541 ], [ 88.6403901, 28.0370761 ], [ 88.6392025, 28.0373725 ], [ 88.6380759, 28.0369549 ], [ 88.6381221, 28.036328 ], [ 88.6377208, 28.0359928 ], [ 88.637222, 28.0360602 ], [ 88.6357436, 28.0366386 ], [ 88.6347584, 28.0366116 ], [ 88.6343303, 28.036735 ], [ 88.6338845, 28.0370895 ], [ 88.6332505, 28.0372932 ], [ 88.6327738, 28.037093 ], [ 88.6319537, 28.0369677 ], [ 88.6308651, 28.0374587 ], [ 88.6300844, 28.0373642 ], [ 88.6293083, 28.037775 ], [ 88.6285198, 28.0376985 ], [ 88.6270332, 28.0390924 ], [ 88.6261611, 28.0395191 ], [ 88.6249114, 28.0393786 ], [ 88.624593, 28.039541 ], [ 88.6237379, 28.0394625 ], [ 88.6228056, 28.0392731 ], [ 88.6222262, 28.039735 ], [ 88.6216447, 28.0398119 ], [ 88.621134, 28.0395089 ], [ 88.620884, 28.0395297 ], [ 88.6205826, 28.0396765 ], [ 88.6204366, 28.0399814 ], [ 88.6199646, 28.0402134 ], [ 88.6188853, 28.0400448 ], [ 88.6185484, 28.0404463 ], [ 88.6176697, 28.0403194 ], [ 88.617409, 28.0399956 ], [ 88.6170377, 28.0398999 ], [ 88.6168543, 28.0402219 ], [ 88.6164402, 28.039988 ], [ 88.6163104, 28.0395839 ], [ 88.6156602, 28.039399 ], [ 88.6151173, 28.0395638 ], [ 88.6137933, 28.0393715 ], [ 88.6126035, 28.0390306 ], [ 88.6120842, 28.0385903 ], [ 88.6118557, 28.0377248 ], [ 88.611168, 28.037667 ], [ 88.6115478, 28.0372409 ], [ 88.6116079, 28.0369369 ], [ 88.611168, 28.0361698 ], [ 88.6113268, 28.0355628 ], [ 88.6109019, 28.0348213 ], [ 88.6103543, 28.0350858 ], [ 88.6099599, 28.0348924 ], [ 88.610152, 28.0343289 ], [ 88.608912, 28.0337317 ], [ 88.6088227, 28.0336887 ], [ 88.6066498, 28.0316086 ], [ 88.606189, 28.0309172 ], [ 88.6063579, 28.0307401 ], [ 88.6062844, 28.0304486 ], [ 88.6049332, 28.0290327 ], [ 88.6035226, 28.0277641 ], [ 88.602012, 28.027015 ], [ 88.6012428, 28.0272101 ], [ 88.60082, 28.0266276 ], [ 88.6000561, 28.0264657 ], [ 88.599759, 28.0258274 ], [ 88.5988974, 28.0256095 ], [ 88.5983567, 28.0259041 ], [ 88.5975306, 28.0253728 ], [ 88.5971261, 28.0255745 ], [ 88.5964641, 28.0256342 ], [ 88.596653, 28.0251862 ], [ 88.5965854, 28.0248604 ], [ 88.5958408, 28.0246217 ], [ 88.5963032, 28.0226054 ], [ 88.5947314, 28.0221669 ], [ 88.5943473, 28.0210256 ], [ 88.5936779, 28.0207074 ], [ 88.5935834, 28.0200112 ], [ 88.593027, 28.0189026 ], [ 88.5935588, 28.0171604 ], [ 88.5927452, 28.0140304 ], [ 88.5935974, 28.012219 ], [ 88.5953201, 28.0109994 ], [ 88.5958102, 28.010048 ], [ 88.5960594, 28.0097497 ], [ 88.5965717, 28.0094679 ], [ 88.5967031, 28.009359 ], [ 88.5967463, 28.0092741 ], [ 88.5967353, 28.0087504 ], [ 88.5966656, 28.0083715 ], [ 88.5967889, 28.0079358 ], [ 88.5966183, 28.0073101 ], [ 88.595877, 28.005473 ], [ 88.5951206, 28.004701 ], [ 88.5949374, 28.0042689 ], [ 88.5946864, 28.0028309 ], [ 88.5949677, 28.0024536 ], [ 88.5950589, 28.001826 ], [ 88.5951099, 28.0015679 ], [ 88.5953494, 28.001266 ], [ 88.5952842, 28.0008621 ], [ 88.5951297, 28.000601 ], [ 88.5948846, 28.0004406 ], [ 88.5945198, 27.9990575 ], [ 88.5942999, 27.9980273 ], [ 88.5942325, 27.997679 ], [ 88.5946378, 27.9969379 ], [ 88.5952126, 27.9959961 ], [ 88.5953137, 27.9956424 ], [ 88.595354, 27.9953298 ], [ 88.5955095, 27.9951782 ], [ 88.5955042, 27.9948111 ], [ 88.5956798, 27.9945396 ], [ 88.595414, 27.9935126 ], [ 88.5950857, 27.9924949 ], [ 88.5947236, 27.9919667 ], [ 88.5943918, 27.9914616 ], [ 88.5936347, 27.9906664 ], [ 88.5932136, 27.9901785 ], [ 88.5928517, 27.9894049 ], [ 88.5925108, 27.9879119 ], [ 88.592366, 27.9869668 ], [ 88.5922694, 27.9866731 ], [ 88.5921501, 27.9864911 ], [ 88.5917893, 27.9862255 ], [ 88.5914594, 27.9860668 ], [ 88.5913395, 27.9859397 ], [ 88.5910732, 27.9856618 ], [ 88.5910249, 27.9854865 ], [ 88.5909763, 27.9852296 ], [ 88.5901341, 27.9844485 ], [ 88.5901532, 27.984108 ], [ 88.5900201, 27.9838255 ], [ 88.5895389, 27.9837219 ], [ 88.5891768, 27.9835419 ], [ 88.5888445, 27.9834532 ], [ 88.5882703, 27.9828834 ], [ 88.5879028, 27.9825968 ], [ 88.5876901, 27.9823546 ], [ 88.5875139, 27.9818649 ], [ 88.5872953, 27.9814043 ], [ 88.5864885, 27.980607 ], [ 88.5863216, 27.9797069 ], [ 88.5860191, 27.979373 ], [ 88.5859421, 27.9788543 ], [ 88.5857624, 27.9784113 ], [ 88.5856817, 27.9781203 ], [ 88.5855585, 27.9778073 ], [ 88.5853118, 27.9774496 ], [ 88.5853305, 27.977298 ], [ 88.5850572, 27.9768772 ], [ 88.5842461, 27.9764992 ], [ 88.5841396, 27.9762866 ], [ 88.5841101, 27.9760663 ], [ 88.5841477, 27.9758247 ], [ 88.584078, 27.9757133 ], [ 88.5839063, 27.9755854 ], [ 88.5838293, 27.9754153 ], [ 88.5837588, 27.975159 ], [ 88.583445, 27.9750051 ], [ 88.5831293, 27.9749268 ], [ 88.5828825, 27.9744838 ], [ 88.5825311, 27.9741246 ], [ 88.5823211, 27.9739723 ], [ 88.5821454, 27.9738589 ], [ 88.5820156, 27.9736618 ], [ 88.5819778, 27.9734606 ], [ 88.5820368, 27.9732356 ], [ 88.5819429, 27.9729774 ], [ 88.5817882, 27.9727015 ], [ 88.5817796, 27.9719586 ], [ 88.5811656, 27.9716165 ], [ 88.5805597, 27.9710461 ], [ 88.5802572, 27.9701526 ], [ 88.5805865, 27.9697859 ], [ 88.5802475, 27.9687426 ], [ 88.5804503, 27.9681646 ], [ 88.5806713, 27.9675553 ], [ 88.5803226, 27.9672284 ], [ 88.5797786, 27.9669327 ], [ 88.5797347, 27.9663073 ], [ 88.5800211, 27.9660448 ], [ 88.5801756, 27.9656582 ], [ 88.5796885, 27.9645969 ], [ 88.5799535, 27.9643903 ], [ 88.5798269, 27.9638331 ], [ 88.5794965, 27.9635583 ], [ 88.5793044, 27.9629888 ], [ 88.5786832, 27.9612726 ], [ 88.5787015, 27.9607732 ], [ 88.5785373, 27.9597327 ], [ 88.5784311, 27.9585898 ], [ 88.5773582, 27.9578033 ], [ 88.5773754, 27.9573503 ], [ 88.5770117, 27.9570337 ], [ 88.5765407, 27.9567665 ], [ 88.5761849, 27.9559631 ], [ 88.5757757, 27.9555411 ], [ 88.5759152, 27.9551147 ], [ 88.5756427, 27.9546408 ], [ 88.5757028, 27.9529321 ], [ 88.575323, 27.9523967 ], [ 88.5748863, 27.952136 ], [ 88.5749732, 27.9512338 ], [ 88.5746106, 27.9508092 ], [ 88.5741374, 27.9503704 ], [ 88.5738703, 27.949906 ], [ 88.5735548, 27.9498122 ], [ 88.5732147, 27.9500065 ], [ 88.5728403, 27.9499269 ], [ 88.5725581, 27.9493127 ], [ 88.572218, 27.9491403 ], [ 88.5723275, 27.9487545 ], [ 88.5720088, 27.9483773 ], [ 88.5715625, 27.9484484 ], [ 88.5707965, 27.9476276 ], [ 88.5699092, 27.9468637 ], [ 88.5698395, 27.9463643 ], [ 88.5695948, 27.9460619 ], [ 88.5697847, 27.9458525 ], [ 88.569847, 27.9455738 ], [ 88.569523, 27.9452184 ], [ 88.5690176, 27.9451833 ], [ 88.568405, 27.9446801 ], [ 88.5677165, 27.9443034 ], [ 88.5674831, 27.9442513 ], [ 88.5672551, 27.9441328 ], [ 88.5670406, 27.9438817 ], [ 88.5669413, 27.9438461 ], [ 88.5666919, 27.9439148 ], [ 88.5665993, 27.9439413 ], [ 88.5663944, 27.9438408 ], [ 88.5655378, 27.9433224 ], [ 88.5652542, 27.942967 ], [ 88.5649645, 27.942787 ], [ 88.5647231, 27.9425547 ], [ 88.5644791, 27.9423936 ], [ 88.5642967, 27.9421969 ], [ 88.5630685, 27.941031 ], [ 88.5622419, 27.9401857 ], [ 88.561892, 27.9399878 ], [ 88.5616815, 27.9399227 ], [ 88.561025, 27.9393981 ], [ 88.5602933, 27.9394272 ], [ 88.5590894, 27.9390299 ], [ 88.5586975, 27.9387059 ], [ 88.5586597, 27.9384334 ], [ 88.5582797, 27.9383016 ], [ 88.5579635, 27.9383199 ], [ 88.5577021, 27.9382773 ], [ 88.5574947, 27.9383278 ], [ 88.5574099, 27.9382807 ], [ 88.5572811, 27.9380465 ], [ 88.5568714, 27.9379966 ], [ 88.5563547, 27.9380373 ], [ 88.5560273, 27.9382359 ], [ 88.5552662, 27.9381948 ], [ 88.5550527, 27.9381168 ], [ 88.5545803, 27.9381556 ], [ 88.5543002, 27.938302 ], [ 88.5541715, 27.9383326 ], [ 88.5538464, 27.9381592 ], [ 88.5535289, 27.937955 ], [ 88.5534408, 27.9377651 ], [ 88.5532931, 27.9376848 ], [ 88.5526644, 27.9374307 ], [ 88.5524763, 27.9373708 ], [ 88.552331, 27.9373535 ], [ 88.5522391, 27.9374269 ], [ 88.5521686, 27.9375382 ], [ 88.5519538, 27.9375843 ], [ 88.551809, 27.9375292 ], [ 88.5517162, 27.9374301 ], [ 88.5515437, 27.9371663 ], [ 88.551408, 27.9370722 ], [ 88.55089, 27.9369958 ], [ 88.5503238, 27.9367299 ], [ 88.5501838, 27.9367687 ], [ 88.5501244, 27.9368217 ], [ 88.5487782, 27.9365067 ], [ 88.5476305, 27.9367084 ], [ 88.5467652, 27.9363847 ], [ 88.5465284, 27.9360593 ], [ 88.5464712, 27.9356653 ], [ 88.544886, 27.9343169 ], [ 88.544534, 27.9340959 ], [ 88.5438922, 27.9339935 ], [ 88.5433867, 27.9336748 ], [ 88.5428478, 27.933412 ], [ 88.5423571, 27.9329417 ], [ 88.5411959, 27.9327179 ], [ 88.5409141, 27.9325849 ], [ 88.5406897, 27.9324071 ], [ 88.5405054, 27.9322474 ], [ 88.5402905, 27.9320602 ], [ 88.5400614, 27.9318719 ], [ 88.539797, 27.9318333 ], [ 88.5394468, 27.931821 ], [ 88.5391771, 27.931857 ], [ 88.5385795, 27.93149 ], [ 88.5383362, 27.9316303 ], [ 88.5381214, 27.9316772 ], [ 88.5374733, 27.9312561 ], [ 88.5370447, 27.931293 ], [ 88.536611, 27.9311322 ], [ 88.5365758, 27.9308722 ], [ 88.5360326, 27.9306522 ], [ 88.5354907, 27.9306401 ], [ 88.5350484, 27.9301989 ], [ 88.5348002, 27.9300659 ], [ 88.5345521, 27.929873 ], [ 88.53429, 27.9296179 ], [ 88.5341972, 27.9290967 ], [ 88.5342087, 27.928675 ], [ 88.5330115, 27.9271057 ], [ 88.5319969, 27.9256455 ], [ 88.5317503, 27.924918 ], [ 88.5318612, 27.924659 ], [ 88.5318302, 27.9241189 ], [ 88.5307187, 27.9225054 ], [ 88.5304594, 27.9220291 ], [ 88.5304234, 27.9214529 ], [ 88.5301439, 27.9210844 ], [ 88.5300839, 27.9209469 ], [ 88.5302428, 27.9204901 ], [ 88.5301954, 27.9201945 ], [ 88.5301008, 27.9199436 ], [ 88.5298879, 27.9197615 ], [ 88.5296683, 27.9193703 ], [ 88.5296784, 27.9191583 ], [ 88.5298043, 27.9189607 ], [ 88.5298507, 27.9186566 ], [ 88.5294047, 27.9181878 ], [ 88.5293236, 27.9179012 ], [ 88.5292019, 27.9175518 ], [ 88.5289349, 27.917295 ], [ 88.5286169, 27.9170653 ], [ 88.5282827, 27.9169426 ], [ 88.5281104, 27.9167605 ], [ 88.5281138, 27.9163514 ], [ 88.5279679, 27.9159132 ], [ 88.5279903, 27.9156539 ], [ 88.5278366, 27.9154466 ], [ 88.5275781, 27.9149374 ], [ 88.5272757, 27.9144552 ], [ 88.5268093, 27.9139983 ], [ 88.5263562, 27.9133292 ], [ 88.5261165, 27.9129531 ], [ 88.5261098, 27.9126008 ], [ 88.5260016, 27.9124365 ], [ 88.5258192, 27.912335 ], [ 88.5255522, 27.9120901 ], [ 88.525397, 27.9119968 ], [ 88.525194, 27.911887 ], [ 88.524856, 27.9116571 ], [ 88.5247443, 27.9113899 ], [ 88.5247344, 27.9108568 ], [ 88.5248189, 27.9101849 ], [ 88.525052, 27.9099519 ], [ 88.5253494, 27.9095189 ], [ 88.5252007, 27.9093009 ], [ 88.5251703, 27.9090799 ], [ 88.5251872, 27.9086798 ], [ 88.5254035, 27.9083841 ], [ 88.5256603, 27.9079362 ], [ 88.5260773, 27.907508 ], [ 88.5261855, 27.9072992 ], [ 88.5266541, 27.9069008 ], [ 88.5271011, 27.9064192 ], [ 88.5271854, 27.9059469 ], [ 88.527104, 27.9054944 ], [ 88.5272446, 27.9052913 ], [ 88.5275832, 27.905024 ], [ 88.528237, 27.9047378 ], [ 88.528721, 27.9044287 ], [ 88.5289798, 27.9040954 ], [ 88.5293912, 27.903803 ], [ 88.5296082, 27.9033738 ], [ 88.5305976, 27.9020887 ], [ 88.5310787, 27.9017236 ], [ 88.5311227, 27.9016902 ], [ 88.5317702, 27.9013033 ], [ 88.5323481, 27.9009061 ], [ 88.5326151, 27.9003894 ], [ 88.532686, 27.9001027 ], [ 88.5326151, 27.8998697 ], [ 88.5326359, 27.8997006 ], [ 88.5325779, 27.8995084 ], [ 88.5323887, 27.8992903 ], [ 88.5321994, 27.8992067 ], [ 88.5320372, 27.8990514 ], [ 88.5319764, 27.8988961 ], [ 88.5320075, 27.8987176 ], [ 88.5321555, 27.8982092 ], [ 88.5322129, 27.8978179 ], [ 88.5321859, 27.8976537 ], [ 88.5321014, 27.8974834 ], [ 88.5321217, 27.8973102 ], [ 88.532071, 27.8971459 ], [ 88.5321048, 27.8969608 ], [ 88.5321825, 27.8967995 ], [ 88.5323189, 27.8966868 ], [ 88.5329125, 27.8963873 ], [ 88.533541, 27.8960678 ], [ 88.533597, 27.89597 ], [ 88.533612, 27.8957661 ], [ 88.5335309, 27.8953928 ], [ 88.5333045, 27.8950702 ], [ 88.5332436, 27.8949268 ], [ 88.5332436, 27.8947058 ], [ 88.5333078, 27.8944938 ], [ 88.5334836, 27.894446 ], [ 88.5335951, 27.8943534 ], [ 88.5335714, 27.8941354 ], [ 88.5334937, 27.8938277 ], [ 88.5334131, 27.8934642 ], [ 88.5334489, 27.8933439 ], [ 88.5335005, 27.8931706 ], [ 88.5337485, 27.8928915 ], [ 88.5339736, 27.8926987 ], [ 88.5338587, 27.8919252 ], [ 88.5339026, 27.8916205 ], [ 88.533781, 27.8913397 ], [ 88.5337674, 27.8910052 ], [ 88.5338925, 27.8906976 ], [ 88.5341662, 27.8904975 ], [ 88.5342372, 27.890369 ], [ 88.5342829, 27.8899209 ], [ 88.5348488, 27.8893595 ], [ 88.5350584, 27.8891205 ], [ 88.5353355, 27.8887412 ], [ 88.5353794, 27.8884515 ], [ 88.535447, 27.8882633 ], [ 88.5355991, 27.8881109 ], [ 88.5358525, 27.8879078 ], [ 88.53616, 27.8873075 ], [ 88.5362686, 27.8868065 ], [ 88.5364262, 27.8857433 ], [ 88.5364405, 27.8856467 ], [ 88.5366602, 27.8849926 ], [ 88.5368224, 27.8845386 ], [ 88.5369831, 27.8842663 ], [ 88.536996, 27.8831659 ], [ 88.5366196, 27.8823879 ], [ 88.5366264, 27.8822087 ], [ 88.5367785, 27.8818681 ], [ 88.5368798, 27.8816053 ], [ 88.5367278, 27.8813424 ], [ 88.5366331, 27.8810646 ], [ 88.5366196, 27.8808047 ], [ 88.5366602, 27.8805508 ], [ 88.536692, 27.880393 ], [ 88.5367311, 27.8802641 ], [ 88.5366737, 27.8799833 ], [ 88.5365922, 27.8797977 ], [ 88.5366273, 27.8796973 ], [ 88.5367764, 27.879642 ], [ 88.5371477, 27.8795121 ], [ 88.5372602, 27.8794364 ], [ 88.5373066, 27.8792992 ], [ 88.5372773, 27.8788433 ], [ 88.5372955, 27.8786839 ], [ 88.5374172, 27.8786361 ], [ 88.5376909, 27.8785465 ], [ 88.5377923, 27.8784837 ], [ 88.5378638, 27.8784299 ], [ 88.5379154, 27.8783218 ], [ 88.5381328, 27.8780643 ], [ 88.5382384, 27.8777995 ], [ 88.5383988, 27.8773439 ], [ 88.5384636, 27.8772038 ], [ 88.5386482, 27.8770715 ], [ 88.5387308, 27.8768138 ], [ 88.5386974, 27.8765121 ], [ 88.538805, 27.8762731 ], [ 88.5391582, 27.8759433 ], [ 88.5393561, 27.8757899 ], [ 88.5396059, 27.8754349 ], [ 88.5397355, 27.8752481 ], [ 88.5399898, 27.8751395 ], [ 88.5401474, 27.8748659 ], [ 88.5403112, 27.8747525 ], [ 88.5405228, 27.8744983 ], [ 88.5407976, 27.8744136 ], [ 88.5410762, 27.8742134 ], [ 88.5412282, 27.8739015 ], [ 88.5412767, 27.8735292 ], [ 88.5414055, 27.8733202 ], [ 88.5416269, 27.8731974 ], [ 88.5419113, 27.8727786 ], [ 88.5424302, 27.872477 ], [ 88.5426308, 27.8721538 ], [ 88.5428804, 27.8718156 ], [ 88.5429649, 27.8717463 ], [ 88.5432183, 27.8714648 ], [ 88.543187, 27.8711075 ], [ 88.5429304, 27.870853 ], [ 88.5428841, 27.8707092 ], [ 88.5429476, 27.8706129 ], [ 88.5431237, 27.8704513 ], [ 88.5437034, 27.8702279 ], [ 88.5441127, 27.8698869 ], [ 88.544255, 27.8697698 ], [ 88.5444391, 27.8696698 ], [ 88.5445009, 27.8694454 ], [ 88.5443782, 27.869089 ], [ 88.5440694, 27.8687922 ], [ 88.5438211, 27.8685341 ], [ 88.5436724, 27.8681035 ], [ 88.5436211, 27.8678038 ], [ 88.5436778, 27.8676262 ], [ 88.5437835, 27.8674737 ], [ 88.54395, 27.8673411 ], [ 88.5442033, 27.8671959 ], [ 88.5445505, 27.867046 ], [ 88.5449232, 27.8670046 ], [ 88.5455555, 27.866961 ], [ 88.5457394, 27.8668469 ], [ 88.5458489, 27.8666745 ], [ 88.5459157, 27.8662428 ], [ 88.5460335, 27.8657583 ], [ 88.5459609, 27.8655086 ], [ 88.5459616, 27.8652749 ], [ 88.5459961, 27.8648945 ], [ 88.5462516, 27.8643872 ], [ 88.5461403, 27.8637652 ], [ 88.5461756, 27.8635007 ], [ 88.5461733, 27.8632654 ], [ 88.5462007, 27.8629941 ], [ 88.5461254, 27.8628327 ], [ 88.5457507, 27.8626954 ], [ 88.5455037, 27.862373 ], [ 88.545378, 27.8622404 ], [ 88.5453091, 27.8620754 ], [ 88.5452254, 27.8616773 ], [ 88.5450859, 27.8614786 ], [ 88.5450125, 27.8612381 ], [ 88.544869, 27.8610651 ], [ 88.5447281, 27.8610235 ], [ 88.5444734, 27.8607627 ], [ 88.5440402, 27.8602978 ], [ 88.5439888, 27.8600477 ], [ 88.5437314, 27.8599139 ], [ 88.5434089, 27.8595393 ], [ 88.5430172, 27.8589558 ], [ 88.5428934, 27.8584089 ], [ 88.5427849, 27.8579772 ], [ 88.5427851, 27.8577958 ], [ 88.5429419, 27.8575669 ], [ 88.5429089, 27.8573265 ], [ 88.5428709, 27.8569714 ], [ 88.5428694, 27.8566631 ], [ 88.5430611, 27.856411 ], [ 88.5430315, 27.8560088 ], [ 88.5429451, 27.8557963 ], [ 88.5429359, 27.8556467 ], [ 88.5430787, 27.8555221 ], [ 88.5431723, 27.8553291 ], [ 88.5433982, 27.8550768 ], [ 88.5438168, 27.8549277 ], [ 88.5443003, 27.8544372 ], [ 88.5446552, 27.8541731 ], [ 88.5446686, 27.8541632 ], [ 88.544998, 27.8540933 ], [ 88.5450819, 27.8540519 ], [ 88.5456567, 27.8535877 ], [ 88.5461075, 27.8527839 ], [ 88.5467169, 27.8524186 ], [ 88.5469271, 27.8519626 ], [ 88.5470799, 27.8518413 ], [ 88.5473271, 27.8516452 ], [ 88.5483297, 27.8514178 ], [ 88.5485762, 27.8512714 ], [ 88.5487949, 27.8509984 ], [ 88.5491137, 27.8503241 ], [ 88.5488342, 27.8496044 ], [ 88.548977, 27.8492597 ], [ 88.549258, 27.8490121 ], [ 88.5492161, 27.8487386 ], [ 88.5491058, 27.8485877 ], [ 88.5489652, 27.8483036 ], [ 88.5489833, 27.8481436 ], [ 88.5492334, 27.8478869 ], [ 88.5496823, 27.8471222 ], [ 88.5497308, 27.8468526 ], [ 88.549397, 27.8462515 ], [ 88.549356, 27.8459163 ], [ 88.5493294, 27.8456205 ], [ 88.5494002, 27.8453088 ], [ 88.5492203, 27.8448648 ], [ 88.5491771, 27.8445665 ], [ 88.5491018, 27.8442463 ], [ 88.5492164, 27.8441679 ], [ 88.5493957, 27.8440581 ], [ 88.5493839, 27.8439197 ], [ 88.5492867, 27.8438092 ], [ 88.5492646, 27.8437106 ], [ 88.5494343, 27.8436303 ], [ 88.5494594, 27.8433305 ], [ 88.5493137, 27.8431301 ], [ 88.5491434, 27.8424991 ], [ 88.5490053, 27.8420721 ], [ 88.548729, 27.8418703 ], [ 88.5482117, 27.8414016 ], [ 88.5480421, 27.8411185 ], [ 88.5481381, 27.840929 ], [ 88.5481617, 27.8407051 ], [ 88.5481301, 27.8404772 ], [ 88.5482018, 27.8403039 ], [ 88.5481414, 27.8402253 ], [ 88.5479966, 27.8401856 ], [ 88.5479431, 27.8400925 ], [ 88.5480115, 27.8399998 ], [ 88.5480018, 27.8398226 ], [ 88.5480076, 27.8396421 ], [ 88.5481657, 27.8393183 ], [ 88.5482919, 27.839238 ], [ 88.5485725, 27.8392222 ], [ 88.5486654, 27.8391293 ], [ 88.5486405, 27.8389911 ], [ 88.5485033, 27.8388754 ], [ 88.5485927, 27.8387812 ], [ 88.5488077, 27.8387379 ], [ 88.5489695, 27.8385967 ], [ 88.5491122, 27.8383633 ], [ 88.5491175, 27.8382366 ], [ 88.5490781, 27.8380546 ], [ 88.5489142, 27.8379191 ], [ 88.5487716, 27.8376103 ], [ 88.5487992, 27.8372809 ], [ 88.5487311, 27.8371378 ], [ 88.5484288, 27.8366653 ], [ 88.548712, 27.8364935 ], [ 88.5488928, 27.8361005 ], [ 88.5488077, 27.8359184 ], [ 88.5488109, 27.8356028 ], [ 88.5487256, 27.8353078 ], [ 88.5487263, 27.8350499 ], [ 88.5488913, 27.8342828 ], [ 88.5489373, 27.8336896 ], [ 88.5491709, 27.8329303 ], [ 88.5491093, 27.832589 ], [ 88.5489954, 27.8322577 ], [ 88.5492166, 27.8315638 ], [ 88.5494193, 27.8310525 ], [ 88.5495037, 27.830511 ], [ 88.5492477, 27.8302907 ], [ 88.5491645, 27.8298967 ], [ 88.5492191, 27.8296496 ], [ 88.54931, 27.8294596 ], [ 88.549193, 27.8291878 ], [ 88.5485531, 27.828127 ], [ 88.5485222, 27.8278962 ], [ 88.5488623, 27.8275035 ], [ 88.5488768, 27.8270281 ], [ 88.5487834, 27.8268116 ], [ 88.548768, 27.82653 ], [ 88.5486772, 27.8263048 ], [ 88.5484437, 27.8260982 ], [ 88.5483404, 27.825953 ], [ 88.5483337, 27.8256959 ], [ 88.5484529, 27.8253485 ], [ 88.5485841, 27.824954 ], [ 88.54873, 27.8246436 ], [ 88.5488773, 27.8245125 ], [ 88.5490738, 27.8244397 ], [ 88.5491417, 27.824172 ], [ 88.5490687, 27.823874 ], [ 88.5489591, 27.8237226 ], [ 88.5489073, 27.8235656 ], [ 88.5490124, 27.8234101 ], [ 88.5491783, 27.8233067 ], [ 88.5494029, 27.8231812 ], [ 88.5495462, 27.8230338 ], [ 88.5496604, 27.8226861 ], [ 88.549914, 27.8224455 ], [ 88.5501395, 27.8221746 ], [ 88.5502582, 27.8217605 ], [ 88.5504794, 27.82123 ], [ 88.5503591, 27.8209407 ], [ 88.5504172, 27.8206215 ], [ 88.5506863, 27.8200777 ], [ 88.5505821, 27.8195586 ], [ 88.5504068, 27.8192499 ], [ 88.5502781, 27.8191332 ], [ 88.5502531, 27.8188439 ], [ 88.5502584, 27.8187003 ], [ 88.5498263, 27.8183638 ], [ 88.5497641, 27.8182286 ], [ 88.5493802, 27.8179604 ], [ 88.5494091, 27.8171298 ], [ 88.5496409, 27.8166929 ], [ 88.5500471, 27.8162985 ], [ 88.550185, 27.81546 ], [ 88.5503655, 27.815136 ], [ 88.550678, 27.8150258 ], [ 88.5508853, 27.8147367 ], [ 88.5509341, 27.81432 ], [ 88.5510263, 27.8136881 ], [ 88.5511641, 27.8135412 ], [ 88.5519546, 27.8132651 ], [ 88.5521947, 27.8130866 ], [ 88.5523015, 27.8127529 ], [ 88.5525419, 27.8125914 ], [ 88.5525221, 27.812207 ], [ 88.5527397, 27.8119243 ], [ 88.5527522, 27.8110497 ], [ 88.5525348, 27.8106186 ], [ 88.5526538, 27.8098843 ], [ 88.5527436, 27.809726 ], [ 88.5534612, 27.8092123 ], [ 88.5535381, 27.8085386 ], [ 88.5540008, 27.807987 ], [ 88.5545959, 27.8075582 ], [ 88.5546527, 27.8072909 ], [ 88.5545036, 27.8070114 ], [ 88.5545832, 27.8068449 ], [ 88.5548402, 27.8065076 ], [ 88.5547702, 27.8060897 ], [ 88.5543764, 27.8056981 ], [ 88.5543, 27.8054532 ], [ 88.5544268, 27.8037922 ], [ 88.5548702, 27.8026529 ], [ 88.5546076, 27.8019688 ], [ 88.5549567, 27.8007529 ], [ 88.5548333, 27.7994301 ], [ 88.554839, 27.7986559 ], [ 88.5547538, 27.798422 ], [ 88.5543503, 27.7980912 ], [ 88.5543131, 27.7979203 ], [ 88.5545021, 27.7973095 ], [ 88.5543922, 27.7969304 ], [ 88.5543737, 27.7966497 ], [ 88.5545576, 27.7963342 ], [ 88.5545199, 27.7960453 ], [ 88.554099, 27.7956969 ], [ 88.5535941, 27.7947169 ], [ 88.5533052, 27.7944534 ], [ 88.5526979, 27.7940781 ], [ 88.5524628, 27.7936987 ], [ 88.5524484, 27.7933096 ], [ 88.5525049, 27.7925507 ], [ 88.5520261, 27.7918955 ], [ 88.551304, 27.7904651 ], [ 88.5510492, 27.7892122 ], [ 88.5503623, 27.7882088 ], [ 88.549523, 27.7872567 ], [ 88.5491579, 27.786757 ], [ 88.5485615, 27.7861363 ], [ 88.5485184, 27.7858196 ], [ 88.5486438, 27.7855018 ], [ 88.5487662, 27.7851719 ], [ 88.5487375, 27.7848879 ], [ 88.5489276, 27.784591 ], [ 88.5489859, 27.7843282 ], [ 88.5489743, 27.7840791 ], [ 88.5482889, 27.7831415 ], [ 88.5475439, 27.7823708 ], [ 88.546884, 27.7821415 ], [ 88.5466499, 27.7814795 ], [ 88.5470499, 27.7802506 ], [ 88.5470833, 27.7797862 ], [ 88.5471882, 27.7791756 ], [ 88.547501, 27.7787903 ], [ 88.5471882, 27.7771871 ], [ 88.5477668, 27.7761156 ], [ 88.547514, 27.7757701 ], [ 88.5469116, 27.7734072 ], [ 88.5461188, 27.7714203 ], [ 88.5457058, 27.7709336 ], [ 88.545454, 27.7700528 ], [ 88.5451352, 27.7690652 ], [ 88.5439934, 27.7662683 ], [ 88.5442487, 27.7660089 ], [ 88.544117, 27.7656238 ], [ 88.5443367, 27.7639899 ], [ 88.5443367, 27.7618633 ], [ 88.5443086, 27.7608641 ], [ 88.5441038, 27.760414 ], [ 88.5441483, 27.7593037 ], [ 88.5437953, 27.7568263 ], [ 88.5439384, 27.7556154 ], [ 88.5442586, 27.7545773 ], [ 88.5440485, 27.7542674 ] ] } },
{ "type": "Feature", "properties": { "element": "way", "id": 461631708, "name": "Tarum Chu", "waterway": "stream" }, "geometry": { "type": "LineString", "coordinates": [ [ 88.668133, 27.754589 ], [ 88.6679023, 27.7544798 ], [ 88.6674625, 27.7542377 ], [ 88.6671942, 27.7541475 ], [ 88.6668938, 27.7540716 ], [ 88.6663949, 27.7538722 ], [ 88.6659712, 27.7537725 ], [ 88.6658049, 27.7537108 ], [ 88.6656493, 27.753649 ], [ 88.6652631, 27.7535066 ], [ 88.6649519, 27.7534117 ], [ 88.6645818, 27.7533642 ], [ 88.6644584, 27.7533452 ], [ 88.664276, 27.7533072 ], [ 88.6640668, 27.7532693 ], [ 88.6637878, 27.7532028 ], [ 88.6634499, 27.7530651 ], [ 88.6632246, 27.7530034 ], [ 88.6628866, 27.7529227 ], [ 88.662495, 27.752766 ], [ 88.6621678, 27.7525951 ], [ 88.6618137, 27.7525951 ], [ 88.6615831, 27.7525951 ], [ 88.661347, 27.7525951 ], [ 88.6611968, 27.7525382 ], [ 88.6611003, 27.752448 ], [ 88.6610198, 27.752353 ], [ 88.6608911, 27.7521916 ], [ 88.6608052, 27.7520587 ], [ 88.6606657, 27.7519543 ], [ 88.6604512, 27.7519448 ], [ 88.6602741, 27.7520397 ], [ 88.6600918, 27.7521204 ], [ 88.6599632, 27.7520905 ], [ 88.659872, 27.7517772 ], [ 88.6596788, 27.7515256 ], [ 88.6595018, 27.7512027 ], [ 88.6594374, 27.7508752 ], [ 88.6592121, 27.7506188 ], [ 88.6593462, 27.7499542 ], [ 88.6592819, 27.7495886 ], [ 88.6590083, 27.7490332 ], [ 88.6587669, 27.748943 ], [ 88.6585845, 27.7489145 ], [ 88.658504, 27.748829 ], [ 88.6585148, 27.7486771 ], [ 88.6582412, 27.7485489 ], [ 88.6580051, 27.7485726 ], [ 88.6578281, 27.7485299 ], [ 88.6577798, 27.7484065 ], [ 88.6576726, 27.7483305 ], [ 88.6571737, 27.7482925 ], [ 88.6569752, 27.7482023 ], [ 88.6569001, 27.7479317 ], [ 88.6563636, 27.7476089 ], [ 88.6559667, 27.7474855 ], [ 88.655677, 27.7472433 ], [ 88.6553015, 27.7471009 ], [ 88.6551405, 27.7470439 ], [ 88.6547865, 27.7467306 ], [ 88.6544432, 27.7463793 ], [ 88.6540194, 27.7462891 ], [ 88.6538477, 27.7461989 ], [ 88.6536439, 27.7463128 ], [ 88.6535151, 27.7464647 ], [ 88.6532845, 27.7464362 ], [ 88.6530431, 27.7462416 ], [ 88.6527587, 27.7460327 ], [ 88.6525173, 27.7460232 ], [ 88.652351, 27.7461751 ], [ 88.6521526, 27.746384 ], [ 88.6518683, 27.7463983 ], [ 88.6515947, 27.7462986 ], [ 88.6512621, 27.7463983 ], [ 88.6509563, 27.7467638 ], [ 88.6507149, 27.7468778 ], [ 88.6505003, 27.7467116 ], [ 88.6501999, 27.746517 ], [ 88.6496849, 27.7465027 ], [ 88.6493523, 27.7466404 ], [ 88.6490466, 27.7465407 ], [ 88.6486979, 27.7466262 ], [ 88.648655, 27.7465549 ], [ 88.6486603, 27.746479 ], [ 88.6485369, 27.7465312 ], [ 88.6484297, 27.7465454 ], [ 88.6483921, 27.746479 ], [ 88.6483438, 27.7463983 ], [ 88.648258, 27.7464315 ], [ 88.6480381, 27.7464125 ], [ 88.6476894, 27.7463366 ], [ 88.6474533, 27.7463888 ], [ 88.6470886, 27.7465407 ], [ 88.6468472, 27.7465597 ], [ 88.646697, 27.7464695 ], [ 88.6464985, 27.7464315 ], [ 88.6461927, 27.7465075 ], [ 88.6458494, 27.7463888 ], [ 88.6456294, 27.7462653 ], [ 88.64549, 27.7460375 ], [ 88.6455007, 27.7458381 ], [ 88.6455865, 27.7456339 ], [ 88.6455812, 27.7455105 ], [ 88.6454739, 27.7454203 ], [ 88.6452593, 27.7454203 ], [ 88.6450662, 27.7454203 ], [ 88.6449642, 27.7452921 ], [ 88.6447175, 27.7451259 ], [ 88.6441918, 27.7451734 ], [ 88.6438377, 27.7451686 ], [ 88.6435427, 27.7452636 ], [ 88.6432315, 27.7452161 ], [ 88.6429258, 27.7452446 ], [ 88.6425985, 27.7450594 ], [ 88.6419655, 27.7446606 ], [ 88.6416276, 27.7442238 ], [ 88.641177, 27.7436731 ], [ 88.6406781, 27.7433218 ], [ 88.6403562, 27.742771 ], [ 88.6400987, 27.7423722 ], [ 88.6398198, 27.7421728 ], [ 88.6397339, 27.7419972 ], [ 88.6399002, 27.741774 ], [ 88.6399485, 27.741323 ], [ 88.6398573, 27.7408007 ], [ 88.6397554, 27.7403639 ], [ 88.6395194, 27.7401313 ], [ 88.6392243, 27.7393194 ], [ 88.6389668, 27.7388921 ], [ 88.6389132, 27.738441 ], [ 88.6387201, 27.7382273 ], [ 88.6382534, 27.7382701 ], [ 88.6378403, 27.7379282 ], [ 88.6375667, 27.7374202 ], [ 88.6374862, 27.7371353 ], [ 88.6376579, 27.7367555 ], [ 88.6377062, 27.7364801 ], [ 88.6376686, 27.7361097 ], [ 88.6373897, 27.7359388 ], [ 88.6368747, 27.7356682 ], [ 88.636805, 27.735464 ], [ 88.6366494, 27.7352741 ], [ 88.6363651, 27.7352171 ], [ 88.6361451, 27.7350082 ], [ 88.636172, 27.7346948 ], [ 88.6360432, 27.7343197 ], [ 88.6360057, 27.7339636 ], [ 88.6359628, 27.7335315 ], [ 88.6354692, 27.7332324 ], [ 88.6350132, 27.7331089 ], [ 88.6347879, 27.7328098 ], [ 88.634214, 27.7324537 ], [ 88.6338921, 27.7318934 ], [ 88.633876, 27.731637 ], [ 88.6339243, 27.7314565 ], [ 88.6337902, 27.7313331 ], [ 88.633758, 27.7310624 ], [ 88.6336292, 27.7308773 ], [ 88.6333932, 27.7307063 ], [ 88.6333342, 27.7305496 ], [ 88.6333878, 27.7302837 ], [ 88.6333717, 27.7300843 ], [ 88.6331089, 27.7299466 ], [ 88.6327924, 27.7297804 ], [ 88.6325993, 27.7292866 ], [ 88.6323525, 27.7291631 ], [ 88.6321379, 27.72875 ], [ 88.6317892, 27.7284651 ], [ 88.6314888, 27.7283084 ], [ 88.630888, 27.7276199 ], [ 88.6305661, 27.727297 ], [ 88.630534, 27.7268364 ], [ 88.6305018, 27.726523 ], [ 88.6302979, 27.7263473 ], [ 88.6299117, 27.7263046 ], [ 88.6296059, 27.7263046 ], [ 88.6293484, 27.7261716 ], [ 88.6293592, 27.7259009 ], [ 88.629445, 27.7256398 ], [ 88.6292519, 27.724804 ], [ 88.6291714, 27.7244432 ], [ 88.6287852, 27.7241297 ], [ 88.6283775, 27.7239256 ], [ 88.6282648, 27.7237736 ], [ 88.6281307, 27.7235362 ], [ 88.6279108, 27.7233937 ], [ 88.627723, 27.723256 ], [ 88.6277498, 27.7229711 ], [ 88.627782, 27.7227099 ], [ 88.6275728, 27.7224202 ], [ 88.6275245, 27.7222778 ], [ 88.627385, 27.7221211 ], [ 88.6271222, 27.7218504 ], [ 88.6270095, 27.721613 ], [ 88.6262478, 27.7211666 ], [ 88.6251481, 27.7207155 ], [ 88.6245365, 27.7206822 ], [ 88.6243005, 27.7201836 ], [ 88.6238177, 27.7197942 ], [ 88.6233671, 27.7196565 ], [ 88.6231364, 27.7192766 ], [ 88.6229594, 27.7188872 ], [ 88.6224069, 27.718683 ], [ 88.6219831, 27.7186783 ], [ 88.6216398, 27.7183838 ], [ 88.6214037, 27.7179707 ], [ 88.6213984, 27.7176193 ], [ 88.621114, 27.7173913 ], [ 88.6208619, 27.7170162 ], [ 88.6208565, 27.7165033 ], [ 88.6206903, 27.7162373 ], [ 88.620304, 27.7160901 ], [ 88.6191346, 27.7159477 ], [ 88.618523, 27.7156627 ], [ 88.6182655, 27.7153208 ], [ 88.6181261, 27.7148886 ], [ 88.6176701, 27.7145087 ], [ 88.6170317, 27.714143 ], [ 88.6165275, 27.7139056 ], [ 88.6162378, 27.7138866 ], [ 88.6157711, 27.7139388 ], [ 88.6153527, 27.7136729 ], [ 88.6142851, 27.7126091 ], [ 88.6130996, 27.7115263 ], [ 88.6123808, 27.7109089 ], [ 88.6115976, 27.7106715 ], [ 88.6108197, 27.7101396 ], [ 88.6104388, 27.7097026 ], [ 88.6102994, 27.7091707 ], [ 88.6101277, 27.7089997 ], [ 88.6096074, 27.7087575 ], [ 88.6093499, 27.7083301 ], [ 88.6094035, 27.7078742 ], [ 88.6093231, 27.7075037 ], [ 88.608572, 27.7067486 ], [ 88.6073275, 27.7055755 ], [ 88.6065389, 27.7049866 ], [ 88.6061205, 27.7041744 ], [ 88.6062117, 27.7032768 ], [ 88.605627, 27.7019137 ], [ 88.6053427, 27.7010113 ], [ 88.605289, 27.7005505 ], [ 88.6047043, 27.7005268 ], [ 88.6046345, 27.7001611 ], [ 88.6040981, 27.6998429 ], [ 88.6040337, 27.6996386 ], [ 88.6039694, 27.6993489 ], [ 88.6033685, 27.6987504 ], [ 88.6026551, 27.6980285 ], [ 88.600917, 27.6972115 ], [ 88.5992906, 27.6968781 ], [ 88.5981332, 27.6962847 ], [ 88.5970707, 27.6957011 ], [ 88.5966395, 27.6951985 ], [ 88.5966244, 27.6950122 ], [ 88.5967674, 27.6949011 ], [ 88.5968839, 27.6945966 ], [ 88.5967024, 27.6938897 ], [ 88.5966845, 27.6933737 ], [ 88.5967502, 27.693065 ], [ 88.5965163, 27.6928503 ], [ 88.5963978, 27.6922698 ], [ 88.5960837, 27.6917824 ], [ 88.5955258, 27.6913074 ], [ 88.5949229, 27.6910951 ], [ 88.5946635, 27.690663 ], [ 88.5943232, 27.690492 ], [ 88.5940206, 27.6902197 ], [ 88.5936071, 27.6901405 ], [ 88.5928587, 27.6900336 ], [ 88.5923035, 27.6900771 ], [ 88.5914893, 27.6899406 ], [ 88.5907072, 27.6897961 ], [ 88.5905329, 27.6896654 ], [ 88.590427, 27.689704 ], [ 88.5902035, 27.6896872 ], [ 88.5899779, 27.6894661 ], [ 88.5897412, 27.6893503 ], [ 88.589607, 27.6891414 ], [ 88.5891493, 27.688326 ], [ 88.5889771, 27.6883135 ], [ 88.5886688, 27.6881992 ], [ 88.5885248, 27.6879448 ], [ 88.5883303, 27.6878691 ], [ 88.5881609, 27.6877375 ], [ 88.588164, 27.6875307 ], [ 88.588079, 27.6872791 ], [ 88.587733, 27.6868423 ], [ 88.5872646, 27.6866048 ], [ 88.5871247, 27.6865737 ] ] } },
{ "type": "Feature", "properties": { "element": "way", "id": 461631708, "name": "Tarum Chu", "waterway": "stream" }, "geometry": { "type": "LineString", "coordinates": [ [ 88.668133, 27.754589 ], [ 88.6679023, 27.7544798 ], [ 88.6674625, 27.7542377 ], [ 88.6671942, 27.7541475 ], [ 88.6668938, 27.7540716 ], [ 88.6663949, 27.7538722 ], [ 88.6659712, 27.7537725 ], [ 88.6658049, 27.7537108 ], [ 88.6656493, 27.753649 ], [ 88.6652631, 27.7535066 ], [ 88.6649519, 27.7534117 ], [ 88.6645818, 27.7533642 ], [ 88.6644584, 27.7533452 ], [ 88.664276, 27.7533072 ], [ 88.6640668, 27.7532693 ], [ 88.6637878, 27.7532028 ], [ 88.6634499, 27.7530651 ], [ 88.6632246, 27.7530034 ], [ 88.6628866, 27.7529227 ], [ 88.662495, 27.752766 ], [ 88.6621678, 27.7525951 ], [ 88.6618137, 27.7525951 ], [ 88.6615831, 27.7525951 ], [ 88.661347, 27.7525951 ], [ 88.6611968, 27.7525382 ], [ 88.6611003, 27.752448 ], [ 88.6610198, 27.752353 ], [ 88.6608911, 27.7521916 ], [ 88.6608052, 27.7520587 ], [ 88.6606657, 27.7519543 ], [ 88.6604512, 27.7519448 ], [ 88.6602741, 27.7520397 ], [ 88.6600918, 27.7521204 ], [ 88.6599632, 27.7520905 ], [ 88.659872, 27.7517772 ], [ 88.6596788, 27.7515256 ], [ 88.6595018, 27.7512027 ], [ 88.6594374, 27.7508752 ], [ 88.6592121, 27.7506188 ], [ 88.6593462, 27.7499542 ], [ 88.6592819, 27.7495886 ], [ 88.6590083, 27.7490332 ], [ 88.6587669, 27.748943 ], [ 88.6585845, 27.7489145 ], [ 88.658504, 27.748829 ], [ 88.6585148, 27.7486771 ], [ 88.6582412, 27.7485489 ], [ 88.6580051, 27.7485726 ], [ 88.6578281, 27.7485299 ], [ 88.6577798, 27.7484065 ], [ 88.6576726, 27.7483305 ], [ 88.6571737, 27.7482925 ], [ 88.6569752, 27.7482023 ], [ 88.6569001, 27.7479317 ], [ 88.6563636, 27.7476089 ], [ 88.6559667, 27.7474855 ], [ 88.655677, 27.7472433 ], [ 88.6553015, 27.7471009 ], [ 88.6551405, 27.7470439 ], [ 88.6547865, 27.7467306 ], [ 88.6544432, 27.7463793 ], [ 88.6540194, 27.7462891 ], [ 88.6538477, 27.7461989 ], [ 88.6536439, 27.7463128 ], [ 88.6535151, 27.7464647 ], [ 88.6532845, 27.7464362 ], [ 88.6530431, 27.7462416 ], [ 88.6527587, 27.7460327 ], [ 88.6525173, 27.7460232 ], [ 88.652351, 27.7461751 ], [ 88.6521526, 27.746384 ], [ 88.6518683, 27.7463983 ], [ 88.6515947, 27.7462986 ], [ 88.6512621, 27.7463983 ], [ 88.6509563, 27.7467638 ], [ 88.6507149, 27.7468778 ], [ 88.6505003, 27.7467116 ], [ 88.6501999, 27.746517 ], [ 88.6496849, 27.7465027 ], [ 88.6493523, 27.7466404 ], [ 88.6490466, 27.7465407 ], [ 88.6486979, 27.7466262 ], [ 88.648655, 27.7465549 ], [ 88.6486603, 27.746479 ], [ 88.6485369, 27.7465312 ], [ 88.6484297, 27.7465454 ], [ 88.6483921, 27.746479 ], [ 88.6483438, 27.7463983 ], [ 88.648258, 27.7464315 ], [ 88.6480381, 27.7464125 ], [ 88.6476894, 27.7463366 ], [ 88.6474533, 27.7463888 ], [ 88.6470886, 27.7465407 ], [ 88.6468472, 27.7465597 ], [ 88.646697, 27.7464695 ], [ 88.6464985, 27.7464315 ], [ 88.6461927, 27.7465075 ], [ 88.6458494, 27.7463888 ], [ 88.6456294, 27.7462653 ], [ 88.64549, 27.7460375 ], [ 88.6455007, 27.7458381 ], [ 88.6455865, 27.7456339 ], [ 88.6455812, 27.7455105 ], [ 88.6454739, 27.7454203 ], [ 88.6452593, 27.7454203 ], [ 88.6450662, 27.7454203 ], [ 88.6449642, 27.7452921 ], [ 88.6447175, 27.7451259 ], [ 88.6441918, 27.7451734 ], [ 88.6438377, 27.7451686 ], [ 88.6435427, 27.7452636 ], [ 88.6432315, 27.7452161 ], [ 88.6429258, 27.7452446 ], [ 88.6425985, 27.7450594 ], [ 88.6419655, 27.7446606 ], [ 88.6416276, 27.7442238 ], [ 88.641177, 27.7436731 ], [ 88.6406781, 27.7433218 ], [ 88.6403562, 27.742771 ], [ 88.6400987, 27.7423722 ], [ 88.6398198, 27.7421728 ], [ 88.6397339, 27.7419972 ], [ 88.6399002, 27.741774 ], [ 88.6399485, 27.741323 ], [ 88.6398573, 27.7408007 ], [ 88.6397554, 27.7403639 ], [ 88.6395194, 27.7401313 ], [ 88.6392243, 27.7393194 ], [ 88.6389668, 27.7388921 ], [ 88.6389132, 27.738441 ], [ 88.6387201, 27.7382273 ], [ 88.6382534, 27.7382701 ], [ 88.6378403, 27.7379282 ], [ 88.6375667, 27.7374202 ], [ 88.6374862, 27.7371353 ], [ 88.6376579, 27.7367555 ], [ 88.6377062, 27.7364801 ], [ 88.6376686, 27.7361097 ], [ 88.6373897, 27.7359388 ], [ 88.6368747, 27.7356682 ], [ 88.636805, 27.735464 ], [ 88.6366494, 27.7352741 ], [ 88.6363651, 27.7352171 ], [ 88.6361451, 27.7350082 ], [ 88.636172, 27.7346948 ], [ 88.6360432, 27.7343197 ], [ 88.6360057, 27.7339636 ], [ 88.6359628, 27.7335315 ], [ 88.6354692, 27.7332324 ], [ 88.6350132, 27.7331089 ], [ 88.6347879, 27.7328098 ], [ 88.634214, 27.7324537 ], [ 88.6338921, 27.7318934 ], [ 88.633876, 27.731637 ], [ 88.6339243, 27.7314565 ], [ 88.6337902, 27.7313331 ], [ 88.633758, 27.7310624 ], [ 88.6336292, 27.7308773 ], [ 88.6333932, 27.7307063 ], [ 88.6333342, 27.7305496 ], [ 88.6333878, 27.7302837 ], [ 88.6333717, 27.7300843 ], [ 88.6331089, 27.7299466 ], [ 88.6327924, 27.7297804 ], [ 88.6325993, 27.7292866 ], [ 88.6323525, 27.7291631 ], [ 88.6321379, 27.72875 ], [ 88.6317892, 27.7284651 ], [ 88.6314888, 27.7283084 ], [ 88.630888, 27.7276199 ], [ 88.6305661, 27.727297 ], [ 88.630534, 27.7268364 ], [ 88.6305018, 27.726523 ], [ 88.6302979, 27.7263473 ], [ 88.6299117, 27.7263046 ], [ 88.6296059, 27.7263046 ], [ 88.6293484, 27.7261716 ], [ 88.6293592, 27.7259009 ], [ 88.629445, 27.7256398 ], [ 88.6292519, 27.724804 ], [ 88.6291714, 27.7244432 ], [ 88.6287852, 27.7241297 ], [ 88.6283775, 27.7239256 ], [ 88.6282648, 27.7237736 ], [ 88.6281307, 27.7235362 ], [ 88.6279108, 27.7233937 ], [ 88.627723, 27.723256 ], [ 88.6277498, 27.7229711 ], [ 88.627782, 27.7227099 ], [ 88.6275728, 27.7224202 ], [ 88.6275245, 27.7222778 ], [ 88.627385, 27.7221211 ], [ 88.6271222, 27.7218504 ], [ 88.6270095, 27.721613 ], [ 88.6262478, 27.7211666 ], [ 88.6251481, 27.7207155 ], [ 88.6245365, 27.7206822 ], [ 88.6243005, 27.7201836 ], [ 88.6238177, 27.7197942 ], [ 88.6233671, 27.7196565 ], [ 88.6231364, 27.7192766 ], [ 88.6229594, 27.7188872 ], [ 88.6224069, 27.718683 ], [ 88.6219831, 27.7186783 ], [ 88.6216398, 27.7183838 ], [ 88.6214037, 27.7179707 ], [ 88.6213984, 27.7176193 ], [ 88.621114, 27.7173913 ], [ 88.6208619, 27.7170162 ], [ 88.6208565, 27.7165033 ], [ 88.6206903, 27.7162373 ], [ 88.620304, 27.7160901 ], [ 88.6191346, 27.7159477 ], [ 88.618523, 27.7156627 ], [ 88.6182655, 27.7153208 ], [ 88.6181261, 27.7148886 ], [ 88.6176701, 27.7145087 ], [ 88.6170317, 27.714143 ], [ 88.6165275, 27.7139056 ], [ 88.6162378, 27.7138866 ], [ 88.6157711, 27.7139388 ], [ 88.6153527, 27.7136729 ], [ 88.6142851, 27.7126091 ], [ 88.6130996, 27.7115263 ], [ 88.6123808, 27.7109089 ], [ 88.6115976, 27.7106715 ], [ 88.6108197, 27.7101396 ], [ 88.6104388, 27.7097026 ], [ 88.6102994, 27.7091707 ], [ 88.6101277, 27.7089997 ], [ 88.6096074, 27.7087575 ], [ 88.6093499, 27.7083301 ], [ 88.6094035, 27.7078742 ], [ 88.6093231, 27.7075037 ], [ 88.608572, 27.7067486 ], [ 88.6073275, 27.7055755 ], [ 88.6065389, 27.7049866 ], [ 88.6061205, 27.7041744 ], [ 88.6062117, 27.7032768 ], [ 88.605627, 27.7019137 ], [ 88.6053427, 27.7010113 ], [ 88.605289, 27.7005505 ], [ 88.6047043, 27.7005268 ], [ 88.6046345, 27.7001611 ], [ 88.6040981, 27.6998429 ], [ 88.6040337, 27.6996386 ], [ 88.6039694, 27.6993489 ], [ 88.6033685, 27.6987504 ], [ 88.6026551, 27.6980285 ], [ 88.600917, 27.6972115 ], [ 88.5992906, 27.6968781 ], [ 88.5981332, 27.6962847 ], [ 88.5970707, 27.6957011 ], [ 88.5966395, 27.6951985 ], [ 88.5966244, 27.6950122 ], [ 88.5967674, 27.6949011 ], [ 88.5968839, 27.6945966 ], [ 88.5967024, 27.6938897 ], [ 88.5966845, 27.6933737 ], [ 88.5967502, 27.693065 ], [ 88.5965163, 27.6928503 ], [ 88.5963978, 27.6922698 ], [ 88.5960837, 27.6917824 ], [ 88.5955258, 27.6913074 ], [ 88.5949229, 27.6910951 ], [ 88.5946635, 27.690663 ], [ 88.5943232, 27.690492 ], [ 88.5940206, 27.6902197 ], [ 88.5936071, 27.6901405 ], [ 88.5928587, 27.6900336 ], [ 88.5923035, 27.6900771 ], [ 88.5914893, 27.6899406 ], [ 88.5907072, 27.6897961 ], [ 88.5905329, 27.6896654 ], [ 88.590427, 27.689704 ], [ 88.5902035, 27.6896872 ], [ 88.5899779, 27.6894661 ], [ 88.5897412, 27.6893503 ], [ 88.589607, 27.6891414 ], [ 88.5891493, 27.688326 ], [ 88.5889771, 27.6883135 ], [ 88.5886688, 27.6881992 ], [ 88.5885248, 27.6879448 ], [ 88.5883303, 27.6878691 ], [ 88.5881609, 27.6877375 ], [ 88.588164, 27.6875307 ], [ 88.588079, 27.6872791 ], [ 88.587733, 27.6868423 ], [ 88.5872646, 27.6866048 ], [ 88.5871247, 27.6865737 ] ] } },
{ "type": "Feature", "properties": { "element": "way", "id": 461631711, "name": "Rabom Chu", "waterway": "stream" }, "geometry": { "type": "LineString", "coordinates": [ [ 88.6944079, 27.6959163 ], [ 88.69385, 27.6960398 ], [ 88.6931634, 27.6962583 ], [ 88.6928093, 27.6963723 ], [ 88.6924338, 27.6965052 ], [ 88.6917472, 27.6966762 ], [ 88.6911464, 27.6967807 ], [ 88.6904383, 27.6968947 ], [ 88.6899984, 27.696966 ], [ 88.6896819, 27.6970372 ], [ 88.6893976, 27.6971132 ], [ 88.6888987, 27.6972605 ], [ 88.6885339, 27.6973554 ], [ 88.6882335, 27.6974219 ], [ 88.6875254, 27.6976689 ], [ 88.6868066, 27.6978019 ], [ 88.6862594, 27.6980394 ], [ 88.6858678, 27.6981012 ], [ 88.6855245, 27.6982579 ], [ 88.6851543, 27.6984574 ], [ 88.6844194, 27.6987946 ], [ 88.6839956, 27.6990748 ], [ 88.6834592, 27.6991936 ], [ 88.6832285, 27.6992411 ], [ 88.682971, 27.6993456 ], [ 88.6826813, 27.6994263 ], [ 88.6824721, 27.6994643 ], [ 88.6823112, 27.6994928 ], [ 88.6820912, 27.6994976 ], [ 88.6819303, 27.6995736 ], [ 88.6817801, 27.6995926 ], [ 88.6817104, 27.6995926 ], [ 88.6815333, 27.6995831 ], [ 88.6812919, 27.6995261 ], [ 88.6809325, 27.6994596 ], [ 88.6804175, 27.6993598 ], [ 88.6799616, 27.6992553 ], [ 88.6796129, 27.6991793 ], [ 88.6792374, 27.6990416 ], [ 88.6789745, 27.6989323 ], [ 88.6788994, 27.6988611 ], [ 88.6787224, 27.6986949 ], [ 88.6785454, 27.6985239 ], [ 88.6783683, 27.6983766 ], [ 88.678261, 27.6981819 ], [ 88.6781698, 27.6980394 ], [ 88.6781323, 27.6979587 ], [ 88.6781162, 27.6978589 ], [ 88.6781216, 27.6977972 ], [ 88.678143, 27.6976737 ], [ 88.6782396, 27.6975454 ], [ 88.6782396, 27.6974837 ], [ 88.6782181, 27.6974029 ], [ 88.6780572, 27.6972747 ], [ 88.6779714, 27.6972225 ], [ 88.6777997, 27.6971512 ], [ 88.6776334, 27.6970847 ], [ 88.67751, 27.6969375 ], [ 88.6774671, 27.6968425 ], [ 88.6773974, 27.6967 ], [ 88.6772901, 27.6966382 ], [ 88.6771989, 27.696586 ], [ 88.6771989, 27.6965052 ], [ 88.6772042, 27.6964435 ], [ 88.6772579, 27.6963675 ], [ 88.6773652, 27.6962488 ], [ 88.6773652, 27.6961823 ], [ 88.6773276, 27.696073 ], [ 88.6772525, 27.695978 ], [ 88.6771774, 27.6957975 ], [ 88.677097, 27.6956123 ], [ 88.6770648, 27.6955125 ], [ 88.6770648, 27.695408 ], [ 88.6770648, 27.695294 ], [ 88.6770755, 27.6951373 ], [ 88.6771452, 27.6949806 ], [ 88.6772364, 27.6947478 ], [ 88.6772686, 27.6946006 ], [ 88.6772472, 27.6944581 ], [ 88.6771506, 27.6943821 ], [ 88.6769843, 27.6943061 ], [ 88.6769038, 27.6942301 ], [ 88.676877, 27.6941636 ], [ 88.6768663, 27.6940638 ], [ 88.676936, 27.6939356 ], [ 88.6770755, 27.6939071 ], [ 88.6771935, 27.6938738 ], [ 88.6774349, 27.6938406 ], [ 88.6776602, 27.6937503 ], [ 88.6777246, 27.6936268 ], [ 88.6777139, 27.6935223 ], [ 88.6775744, 27.6932754 ], [ 88.6774564, 27.6930854 ], [ 88.6772203, 27.6926864 ], [ 88.6768341, 27.6920784 ], [ 88.6765551, 27.6915654 ], [ 88.6764049, 27.6911094 ], [ 88.6762333, 27.6905964 ], [ 88.6760831, 27.6901594 ], [ 88.6757397, 27.6893994 ], [ 88.6748385, 27.6886393 ], [ 88.6740231, 27.6879173 ], [ 88.6735725, 27.6875373 ], [ 88.6729932, 27.6872143 ], [ 88.6723923, 27.6869293 ], [ 88.6717701, 27.6866633 ], [ 88.6714268, 27.6864733 ], [ 88.6709976, 27.6861123 ], [ 88.6706757, 27.6857892 ], [ 88.6700535, 27.6852952 ], [ 88.6695814, 27.6848582 ], [ 88.6692166, 27.6844022 ], [ 88.6686802, 27.6839841 ], [ 88.6681652, 27.6834711 ], [ 88.6677575, 27.682768 ], [ 88.6671996, 27.682065 ], [ 88.6668134, 27.6814379 ], [ 88.6666305, 27.68124 ], [ 88.6664271, 27.6810199 ], [ 88.665998, 27.6807349 ], [ 88.6653971, 27.6801838 ], [ 88.6648607, 27.6796518 ], [ 88.6638093, 27.6791387 ], [ 88.6626506, 27.6790817 ], [ 88.6619425, 27.6790437 ], [ 88.6608267, 27.6787777 ], [ 88.6597109, 27.6785116 ], [ 88.6589339, 27.6782073 ], [ 88.6582016, 27.678205 ], [ 88.6577456, 27.6780529 ], [ 88.6573111, 27.6778772 ], [ 88.6565199, 27.6776183 ], [ 88.6557206, 27.677813 ], [ 88.6553317, 27.6778962 ], [ 88.6549588, 27.6776895 ], [ 88.6542977, 27.6779591 ], [ 88.6535788, 27.6781016 ], [ 88.6529673, 27.678066 ], [ 88.6517201, 27.6784389 ], [ 88.6509395, 27.6782323 ], [ 88.6504219, 27.6782679 ], [ 88.6500866, 27.6781705 ], [ 88.6498184, 27.6779639 ], [ 88.6494134, 27.6780066 ], [ 88.6491076, 27.6776907 ], [ 88.6488528, 27.67761 ], [ 88.648209, 27.6776955 ], [ 88.6474339, 27.6773368 ], [ 88.6461089, 27.6774627 ], [ 88.6458004, 27.6774294 ], [ 88.6455644, 27.6767145 ], [ 88.6453766, 27.6765743 ], [ 88.6452237, 27.6764746 ], [ 88.6451057, 27.676142 ], [ 88.6446122, 27.6757643 ], [ 88.6442286, 27.6757121 ], [ 88.6437673, 27.6757691 ], [ 88.6435796, 27.6757334 ], [ 88.643432, 27.6755197 ], [ 88.6431209, 27.6754555 ], [ 88.6423699, 27.6750589 ], [ 88.6414096, 27.6744341 ], [ 88.6409134, 27.6741681 ], [ 88.6404762, 27.6742299 ], [ 88.6402214, 27.6740802 ], [ 88.6400846, 27.673807 ], [ 88.6397306, 27.6735932 ], [ 88.6392532, 27.6732868 ], [ 88.638596, 27.6728141 ], [ 88.6365039, 27.6715789 ], [ 88.6355919, 27.6711751 ], [ 88.6350179, 27.6706145 ], [ 88.6342937, 27.6706857 ], [ 88.6334301, 27.670605 ], [ 88.6327649, 27.6704434 ], [ 88.6325074, 27.6701916 ], [ 88.6320192, 27.6699541 ], [ 88.6315418, 27.6696073 ], [ 88.6309249, 27.669308 ], [ 88.6304957, 27.6693935 ], [ 88.6302651, 27.669479 ], [ 88.6298145, 27.66927 ], [ 88.6291104, 27.6688364 ], [ 88.6285981, 27.6685799 ], [ 88.6282011, 27.6685514 ], [ 88.6277907, 27.6683091 ], [ 88.6273911, 27.6682734 ], [ 88.6267018, 27.6679884 ], [ 88.6261492, 27.6676226 ], [ 88.6257496, 27.6676796 ], [ 88.6252855, 27.6680145 ], [ 88.624674, 27.6680596 ], [ 88.6242127, 27.6678696 ], [ 88.6236655, 27.6680003 ], [ 88.6233222, 27.6680702 ], [ 88.6229654, 27.6681428 ], [ 88.6209591, 27.6675299 ], [ 88.6200687, 27.6670786 ], [ 88.6193069, 27.6671071 ], [ 88.6186095, 27.6669835 ], [ 88.6182179, 27.6666367 ], [ 88.6173972, 27.6660428 ], [ 88.6162975, 27.6657863 ], [ 88.6158884, 27.6654477 ], [ 88.614499, 27.6650677 ], [ 88.6132304, 27.6647755 ], [ 88.6126322, 27.6644619 ], [ 88.6118598, 27.6639725 ], [ 88.6112643, 27.6639084 ], [ 88.6106313, 27.6636613 ], [ 88.6102665, 27.663305 ], [ 88.6094779, 27.6632527 ], [ 88.6086637, 27.662388 ], [ 88.6076624, 27.6616519 ], [ 88.607051, 27.660971 ], [ 88.6065954, 27.6605364 ], [ 88.6060508, 27.6600658 ], [ 88.605168, 27.6596999 ], [ 88.6043552, 27.6594316 ], [ 88.6040455, 27.6591979 ], [ 88.6034779, 27.6585475 ], [ 88.6029899, 27.6581654 ] ] } },
{ "type": "Feature", "properties": { "element": "way", "id": 481835020, "name": "Zemu Chu", "waterway": "river" }, "geometry": { "type": "LineString", "coordinates": [ [ 88.5384709, 27.7570384 ], [ 88.5388443, 27.7569237 ], [ 88.5399565, 27.7565338 ], [ 88.5404772, 27.7564138 ], [ 88.5410233, 27.7564218 ], [ 88.5414614, 27.7561358 ], [ 88.5418977, 27.7557667 ], [ 88.5420251, 27.7555209 ], [ 88.5423086, 27.7553762 ], [ 88.5440485, 27.7542674 ] ] } },
{ "type": "Feature", "properties": { "element": "way", "id": 481835020, "name": "Zemu Chu", "waterway": "river" }, "geometry": { "type": "LineString", "coordinates": [ [ 88.5384709, 27.7570384 ], [ 88.5388443, 27.7569237 ], [ 88.5399565, 27.7565338 ], [ 88.5404772, 27.7564138 ], [ 88.5410233, 27.7564218 ], [ 88.5414614, 27.7561358 ], [ 88.5418977, 27.7557667 ], [ 88.5420251, 27.7555209 ], [ 88.5423086, 27.7553762 ], [ 88.5440485, 27.7542674 ] ] } },
{ "type": "Feature", "properties": { "element": "way", "id": 575361593, "name": null, "waterway": "stream" }, "geometry": { "type": "LineString", "coordinates": [ [ 88.1755037, 27.501324 ], [ 88.1759092, 27.5013917 ], [ 88.1762493, 27.5014286 ] ] } },
{ "type": "Feature", "properties": { "element": "way", "id": 575361594, "name": null, "waterway": "stream" }, "geometry": { "type": "LineString", "coordinates": [ [ 88.1868146, 27.5522016 ], [ 88.1866138, 27.5521685 ], [ 88.1865007, 27.552154 ] ] } },
{ "type": "Feature", "properties": { "element": "way", "id": 575361595, "name": null, "waterway": "stream" }, "geometry": { "type": "LineString", "coordinates": [ [ 88.1866617, 27.5425083 ], [ 88.1864176, 27.5425155 ], [ 88.1861869, 27.5425036 ], [ 88.1859965, 27.5424893 ] ] } },
{ "type": "Feature", "properties": { "element": "way", "id": 575361596, "name": null, "waterway": "stream" }, "geometry": { "type": "LineString", "coordinates": [ [ 88.1865866, 27.5418329 ], [ 88.1863988, 27.5418139 ], [ 88.186093, 27.5417877 ] ] } },
{ "type": "Feature", "properties": { "element": "way", "id": 575361597, "name": null, "waterway": "stream" }, "geometry": { "type": "LineString", "coordinates": [ [ 88.1869111, 27.5405201 ], [ 88.1866724, 27.5404702 ], [ 88.18649, 27.5404321 ], [ 88.1864283, 27.5404178 ] ] } },
{ "type": "Feature", "properties": { "element": "way", "id": 575361598, "name": null, "waterway": "stream" }, "geometry": { "type": "LineString", "coordinates": [ [ 88.1880531, 27.5307188 ], [ 88.1879002, 27.5307045 ], [ 88.1876776, 27.5306855 ], [ 88.1875488, 27.5306784 ] ] } },
{ "type": "Feature", "properties": { "element": "way", "id": 575361599, "name": null, "waterway": "stream" }, "geometry": { "type": "LineString", "coordinates": [ [ 88.184023, 27.5201995 ], [ 88.1838688, 27.5201745 ], [ 88.1837535, 27.52014 ], [ 88.1836918, 27.5201293 ], [ 88.1832039, 27.5200194 ] ] } },
{ "type": "Feature", "properties": { "element": "way", "id": 575361600, "name": null, "waterway": "stream" }, "geometry": { "type": "LineString", "coordinates": [ [ 88.1840572, 27.5194561 ], [ 88.18395, 27.5193395 ], [ 88.1837702, 27.5191587 ], [ 88.1836222, 27.5190608 ], [ 88.1834023, 27.5187706 ], [ 88.1833272, 27.5186564 ], [ 88.1829838, 27.5184185 ], [ 88.1827672, 27.5183232 ] ] } },
{ "type": "Feature", "properties": { "element": "way", "id": 575361601, "name": null, "waterway": "stream" }, "geometry": { "type": "LineString", "coordinates": [ [ 88.1913201, 27.5163775 ], [ 88.1907944, 27.5164204 ], [ 88.1900112, 27.5164251 ], [ 88.1894909, 27.5163728 ], [ 88.1888257, 27.5161492 ], [ 88.1885575, 27.5161777 ], [ 88.1882839, 27.5159779 ], [ 88.1879084, 27.5159494 ], [ 88.1871091, 27.5157257 ], [ 88.1864975, 27.5154593 ], [ 88.1859933, 27.515288 ], [ 88.185768, 27.5152547 ], [ 88.1854676, 27.5150835 ], [ 88.1849419, 27.5148599 ], [ 88.1845771, 27.5148028 ], [ 88.1843679, 27.5148123 ], [ 88.1840675, 27.5147504 ], [ 88.1833379, 27.5144412 ], [ 88.182898, 27.514308 ], [ 88.1825279, 27.5138845 ], [ 88.1823938, 27.513423 ], [ 88.1822311, 27.5132442 ], [ 88.1820074, 27.5131006 ], [ 88.1820221, 27.5130429 ], [ 88.1819063, 27.5129445 ], [ 88.1816213, 27.5127688 ], [ 88.181404, 27.5126713 ], [ 88.1810768, 27.5126547 ], [ 88.1809373, 27.5124905 ], [ 88.1805967, 27.5122598 ], [ 88.1804545, 27.5121503 ], [ 88.1803016, 27.5117983 ], [ 88.1801273, 27.5117317 ], [ 88.179756, 27.5117005 ] ] } },
{ "type": "Feature", "properties": { "element": "way", "id": 575361602, "name": null, "waterway": "stream" }, "geometry": { "type": "LineString", "coordinates": [ [ 88.1805771, 27.511389 ], [ 88.1803974, 27.5113818 ], [ 88.1802579, 27.5113628 ], [ 88.1801211, 27.5113461 ] ] } },
{ "type": "Feature", "properties": { "element": "way", "id": 575361603, "name": null, "waterway": "stream" }, "geometry": { "type": "LineString", "coordinates": [ [ 88.1789436, 27.5085794 ], [ 88.1787961, 27.5085604 ], [ 88.178662, 27.5085675 ], [ 88.1782171, 27.5086267 ] ] } },
{ "type": "Feature", "properties": { "element": "way", "id": 598315743, "name": "Prek Chu", "waterway": "river" }, "geometry": { "type": "LineString", "coordinates": [ [ 88.1775486, 27.5065767 ], [ 88.1776085, 27.5064517 ], [ 88.1776423, 27.5062749 ], [ 88.1776153, 27.50611 ], [ 88.1774869, 27.5059422 ], [ 88.1776322, 27.5057174 ], [ 88.1775849, 27.5055825 ], [ 88.1774666, 27.5054746 ], [ 88.1773821, 27.5053337 ], [ 88.1773382, 27.5051958 ], [ 88.1773145, 27.505004 ], [ 88.1773213, 27.5049021 ], [ 88.1772875, 27.5047792 ], [ 88.1771692, 27.5048091 ], [ 88.1770239, 27.5049141 ], [ 88.1768212, 27.5048901 ] ] } },
{ "type": "Feature", "properties": { "element": "way", "id": 599006002, "name": "Lasha Chu", "waterway": "river" }, "geometry": { "type": "LineString", "coordinates": [ [ 88.6342588, 27.9656316 ], [ 88.6343993, 27.9654323 ], [ 88.6345824, 27.9652781 ], [ 88.6347314, 27.9651389 ], [ 88.6348676, 27.9649472 ], [ 88.6349656, 27.9647441 ], [ 88.6353615, 27.9645072 ], [ 88.635502, 27.9643455 ], [ 88.635485, 27.9641048 ], [ 88.6355957, 27.9639243 ], [ 88.6356979, 27.9637889 ], [ 88.6358128, 27.9635933 ], [ 88.6358597, 27.9633 ], [ 88.6358682, 27.9630255 ], [ 88.6358852, 27.9627321 ], [ 88.6359065, 27.9624915 ], [ 88.6360002, 27.9623786 ], [ 88.6361833, 27.9623448 ], [ 88.6363025, 27.9622583 ], [ 88.6362642, 27.9620439 ], [ 88.6361109, 27.9617581 ], [ 88.6359448, 27.9615513 ], [ 88.6356979, 27.9613294 ], [ 88.6354637, 27.9610737 ], [ 88.6352977, 27.960912 ], [ 88.6351955, 27.960675 ], [ 88.6352466, 27.9603967 ], [ 88.6352679, 27.9600357 ], [ 88.6353104, 27.9597161 ], [ 88.6353275, 27.9594528 ], [ 88.6352806, 27.9592535 ], [ 88.6351018, 27.959088 ], [ 88.6349698, 27.9588924 ], [ 88.6347952, 27.9583998 ], [ 88.634642, 27.9580575 ], [ 88.6346164, 27.9578018 ], [ 88.6345398, 27.9575085 ], [ 88.6345015, 27.9572866 ], [ 88.6344759, 27.9570271 ], [ 88.6345909, 27.9567864 ], [ 88.634659, 27.9564629 ], [ 88.6347058, 27.9561357 ], [ 88.6346249, 27.9558913 ], [ 88.6345142, 27.9557145 ], [ 88.6344461, 27.9556431 ], [ 88.6342077, 27.95544 ], [ 88.6339352, 27.9552181 ], [ 88.6336925, 27.9551541 ], [ 88.6335477, 27.9550488 ], [ 88.633586, 27.9548533 ], [ 88.633535, 27.9545562 ], [ 88.6335605, 27.9543719 ], [ 88.6335222, 27.9542177 ], [ 88.633437, 27.9540559 ], [ 88.6333561, 27.9538641 ], [ 88.6333008, 27.9536799 ], [ 88.6331603, 27.9534918 ], [ 88.6330538, 27.9533526 ], [ 88.6329814, 27.9531872 ], [ 88.6329346, 27.9529728 ], [ 88.6329048, 27.9527998 ], [ 88.6329133, 27.9524914 ], [ 88.63299, 27.9520212 ], [ 88.6330453, 27.9517956 ], [ 88.6331901, 27.9515097 ], [ 88.6333859, 27.951333 ], [ 88.6336457, 27.9511863 ], [ 88.633982, 27.9509682 ], [ 88.6343099, 27.9507199 ], [ 88.6345994, 27.9505432 ], [ 88.6349443, 27.9502423 ], [ 88.6351742, 27.9500279 ], [ 88.6352764, 27.9499 ], [ 88.6353913, 27.9497007 ], [ 88.6355404, 27.9495728 ], [ 88.6357447, 27.949396 ], [ 88.635881, 27.9492569 ], [ 88.6358427, 27.9490274 ], [ 88.635783, 27.948813 ], [ 88.6357234, 27.9485686 ], [ 88.6356723, 27.9483203 ], [ 88.6356936, 27.9480909 ], [ 88.6357745, 27.9478314 ], [ 88.6358086, 27.9475907 ], [ 88.6358384, 27.9474628 ], [ 88.6359576, 27.947301 ], [ 88.6360641, 27.9470566 ], [ 88.6360699, 27.946635 ], [ 88.6359572, 27.9465686 ], [ 88.635866, 27.9464928 ], [ 88.6357695, 27.9464028 ], [ 88.6356622, 27.9463412 ], [ 88.6355549, 27.9463032 ], [ 88.6354208, 27.9462464 ], [ 88.6352652, 27.946199 ], [ 88.6352277, 27.9460995 ], [ 88.6352438, 27.945981 ], [ 88.6352223, 27.9458815 ], [ 88.6352062, 27.9457725 ], [ 88.6351901, 27.9456635 ], [ 88.6352169, 27.9455355 ], [ 88.6351955, 27.9454171 ], [ 88.6352223, 27.9453128 ], [ 88.6352009, 27.9450996 ], [ 88.6351955, 27.9448863 ], [ 88.6351418, 27.9447394 ], [ 88.635115, 27.9446209 ], [ 88.6351311, 27.944474 ], [ 88.6351043, 27.9443745 ], [ 88.6350024, 27.944275 ], [ 88.6349595, 27.9442039 ], [ 88.6349487, 27.9440854 ], [ 88.6349273, 27.9440238 ], [ 88.6348736, 27.9439954 ], [ 88.6347824, 27.9439764 ], [ 88.6347181, 27.9439243 ], [ 88.6346376, 27.9438058 ], [ 88.6345625, 27.9437205 ], [ 88.6345357, 27.9436542 ], [ 88.6345357, 27.9435642 ], [ 88.6344713, 27.9434978 ], [ 88.6343533, 27.9434457 ], [ 88.6342943, 27.9433888 ], [ 88.634246, 27.9432798 ], [ 88.6341494, 27.9431898 ], [ 88.6339939, 27.9431756 ], [ 88.6339456, 27.9430997 ], [ 88.6338705, 27.9430571 ], [ 88.63379, 27.9430666 ], [ 88.6337095, 27.9430144 ], [ 88.6336074, 27.9429129 ], [ 88.6335534, 27.9427964 ], [ 88.6335061, 27.9427039 ], [ 88.6334554, 27.9426173 ], [ 88.6333776, 27.9425307 ], [ 88.6333438, 27.9424382 ], [ 88.6333472, 27.9423247 ], [ 88.6333506, 27.9422173 ], [ 88.6333641, 27.9421128 ], [ 88.6333472, 27.9420381 ], [ 88.6333269, 27.9419486 ], [ 88.6333067, 27.9418948 ], [ 88.6332053, 27.941647 ], [ 88.6330938, 27.9415664 ], [ 88.6329856, 27.9414918 ], [ 88.6329349, 27.9414022 ], [ 88.6327356, 27.9413395 ], [ 88.6325294, 27.9413097 ], [ 88.6323537, 27.9413395 ], [ 88.6321949, 27.9413097 ], [ 88.6320631, 27.9412709 ], [ 88.6319009, 27.9412142 ], [ 88.6318164, 27.9411425 ], [ 88.631786, 27.9410261 ], [ 88.6316981, 27.9409395 ], [ 88.6315832, 27.9408261 ], [ 88.6314987, 27.9407425 ], [ 88.6314075, 27.940626 ], [ 88.6313061, 27.9405006 ], [ 88.6311979, 27.9403424 ], [ 88.6310155, 27.9401573 ], [ 88.6308938, 27.9401066 ], [ 88.6307417, 27.9401006 ], [ 88.6305491, 27.9401006 ], [ 88.6303801, 27.9400737 ], [ 88.6302348, 27.9400349 ], [ 88.6301165, 27.9399752 ], [ 88.6300287, 27.9398528 ], [ 88.6299983, 27.9397393 ], [ 88.6299949, 27.939608 ], [ 88.629951, 27.9394826 ], [ 88.6298361, 27.9393632 ], [ 88.629684, 27.9392557 ], [ 88.6295184, 27.9391811 ], [ 88.6293393, 27.9391512 ], [ 88.6290994, 27.939196 ], [ 88.6289371, 27.9392497 ], [ 88.6286904, 27.9392049 ], [ 88.6284843, 27.939193 ], [ 88.6282309, 27.9390796 ], [ 88.627947, 27.9389452 ], [ 88.6276902, 27.9388019 ], [ 88.6274874, 27.9386168 ], [ 88.6273961, 27.9384466 ], [ 88.6273657, 27.9382735 ], [ 88.6273421, 27.9381779 ], [ 88.6272407, 27.9380943 ], [ 88.6270819, 27.9380914 ], [ 88.6269264, 27.9381272 ], [ 88.6267879, 27.938154 ], [ 88.6266763, 27.938163 ], [ 88.6263891, 27.9380943 ], [ 88.6262066, 27.9380346 ], [ 88.6259295, 27.9379451 ], [ 88.6257369, 27.9378943 ], [ 88.6255105, 27.9378107 ], [ 88.6254361, 27.9378047 ], [ 88.6252942, 27.9377898 ], [ 88.6251962, 27.9377361 ], [ 88.6250948, 27.9376495 ], [ 88.6250002, 27.9376137 ], [ 88.624892, 27.9375629 ], [ 88.6247974, 27.9374465 ], [ 88.624696, 27.937342 ], [ 88.6246622, 27.9372405 ], [ 88.6246352, 27.9371629 ], [ 88.6245271, 27.9370494 ], [ 88.6244392, 27.9370255 ], [ 88.6243311, 27.9371002 ], [ 88.6241722, 27.9371151 ], [ 88.6240202, 27.937127 ], [ 88.6238951, 27.9371688 ], [ 88.6237802, 27.9371957 ], [ 88.6235639, 27.9371808 ], [ 88.6234828, 27.9371151 ], [ 88.6234288, 27.9370255 ], [ 88.6233544, 27.93693 ], [ 88.6232057, 27.9368494 ], [ 88.6230469, 27.9367926 ], [ 88.6229286, 27.9367508 ], [ 88.6227901, 27.9367001 ], [ 88.6226346, 27.9366523 ], [ 88.6225535, 27.9366434 ], [ 88.6224589, 27.9366255 ], [ 88.622317, 27.9366075 ], [ 88.6221987, 27.9366046 ], [ 88.6221041, 27.9366195 ], [ 88.6220128, 27.9366911 ], [ 88.6219216, 27.9367389 ], [ 88.6218033, 27.9367598 ], [ 88.6216614, 27.9366911 ], [ 88.621587, 27.9366344 ], [ 88.621489, 27.9366314 ], [ 88.6214248, 27.9366016 ], [ 88.6213369, 27.9365359 ], [ 88.6211849, 27.9363985 ], [ 88.6210125, 27.9363269 ], [ 88.6207861, 27.9362642 ], [ 88.6206306, 27.9362194 ], [ 88.6204617, 27.9361746 ], [ 88.6202522, 27.9361 ], [ 88.6201102, 27.9360313 ], [ 88.6199818, 27.9359567 ], [ 88.6198264, 27.935888 ], [ 88.619654, 27.9358432 ], [ 88.6191572, 27.9357746 ], [ 88.6189173, 27.9357477 ], [ 88.6187416, 27.9357059 ], [ 88.6186368, 27.9356462 ], [ 88.6185591, 27.9355656 ], [ 88.6185016, 27.9354282 ], [ 88.6185084, 27.9352909 ], [ 88.6185422, 27.9351924 ], [ 88.6185422, 27.9350909 ], [ 88.6184678, 27.9350132 ], [ 88.6183665, 27.9349923 ], [ 88.618211, 27.9349953 ], [ 88.618086, 27.9349774 ], [ 88.6179677, 27.9349117 ], [ 88.6178887, 27.9348609 ], [ 88.617819, 27.9348162 ], [ 88.6176433, 27.9347236 ], [ 88.6175149, 27.9346341 ], [ 88.6174135, 27.9345594 ], [ 88.6172884, 27.9345146 ], [ 88.6171702, 27.9345027 ], [ 88.6169978, 27.9345296 ], [ 88.6168525, 27.9345684 ], [ 88.6167309, 27.9346102 ], [ 88.616616, 27.934649 ], [ 88.6164808, 27.9346759 ], [ 88.6163963, 27.9346699 ], [ 88.6162882, 27.9346132 ], [ 88.6161969, 27.9345594 ], [ 88.6160685, 27.9345206 ], [ 88.6158657, 27.9344878 ], [ 88.6157373, 27.9345117 ], [ 88.6156596, 27.9345863 ], [ 88.6155413, 27.9345923 ], [ 88.6154264, 27.9346012 ], [ 88.6152338, 27.9345773 ], [ 88.6149499, 27.9345445 ], [ 88.614737, 27.9345624 ], [ 88.6146424, 27.9346281 ], [ 88.6145647, 27.9347117 ], [ 88.6143518, 27.9347863 ], [ 88.6141896, 27.9348311 ], [ 88.6140375, 27.9348759 ], [ 88.6139226, 27.9348998 ], [ 88.6137908, 27.9348819 ], [ 88.6136286, 27.9348699 ], [ 88.6134258, 27.9348222 ], [ 88.6132501, 27.9347923 ], [ 88.6131149, 27.9347505 ], [ 88.6129696, 27.9346938 ], [ 88.6128277, 27.9346102 ], [ 88.612777, 27.9345714 ], [ 88.6127804, 27.9344728 ], [ 88.6127736, 27.9343922 ], [ 88.6127195, 27.9343206 ], [ 88.6126452, 27.9342907 ], [ 88.612581, 27.9343385 ], [ 88.6124728, 27.9343952 ], [ 88.6123275, 27.9344131 ], [ 88.6121383, 27.9344131 ], [ 88.6119896, 27.9344161 ], [ 88.6118409, 27.934431 ], [ 88.6116753, 27.9344639 ], [ 88.611601, 27.9345296 ], [ 88.6115739, 27.934637 ], [ 88.6115199, 27.9346759 ], [ 88.6114421, 27.934643 ], [ 88.6113002, 27.9345684 ], [ 88.6111988, 27.9345505 ], [ 88.6110805, 27.9345893 ], [ 88.6109961, 27.9346072 ], [ 88.6108913, 27.9345744 ], [ 88.6107967, 27.9345893 ], [ 88.6107156, 27.934637 ], [ 88.6106142, 27.934655 ], [ 88.6105263, 27.934637 ], [ 88.6104858, 27.9345803 ], [ 88.6104723, 27.9344848 ], [ 88.6104925, 27.9343922 ], [ 88.6104621, 27.9343265 ], [ 88.6104182, 27.9342788 ], [ 88.6103168, 27.934222 ], [ 88.6101343, 27.9341653 ], [ 88.6099755, 27.9341802 ], [ 88.6097896, 27.9341773 ], [ 88.609597, 27.9341474 ], [ 88.6094855, 27.9340847 ], [ 88.6094483, 27.9339533 ], [ 88.6094551, 27.933813 ], [ 88.6094889, 27.9336966 ], [ 88.6095091, 27.9336339 ], [ 88.6094584, 27.9335712 ], [ 88.6093469, 27.9335234 ], [ 88.609232, 27.9334965 ], [ 88.6091678, 27.9334189 ], [ 88.6091813, 27.9333025 ], [ 88.6092185, 27.933189 ], [ 88.609178, 27.9330845 ], [ 88.60908, 27.9330308 ], [ 88.6089076, 27.9329979 ], [ 88.6087285, 27.9330696 ], [ 88.6086102, 27.9331532 ], [ 88.6084615, 27.9332159 ], [ 88.6083297, 27.9332189 ], [ 88.6082892, 27.9331472 ], [ 88.608252, 27.9330517 ], [ 88.6082115, 27.9329024 ], [ 88.608225, 27.9326456 ], [ 88.6081337, 27.9325859 ], [ 88.6080323, 27.9325471 ], [ 88.6079445, 27.9324516 ], [ 88.6078296, 27.9323142 ], [ 88.6077383, 27.9322037 ], [ 88.6076099, 27.9321201 ], [ 88.607495, 27.9320903 ], [ 88.607343, 27.9320694 ], [ 88.6071875, 27.9320843 ], [ 88.6070456, 27.9320873 ], [ 88.6069273, 27.9320843 ], [ 88.6067854, 27.9320604 ], [ 88.6065826, 27.9320216 ], [ 88.6063427, 27.9319589 ], [ 88.6060656, 27.9318932 ], [ 88.6059033, 27.9317917 ], [ 88.6057783, 27.931726 ], [ 88.6056533, 27.9316603 ], [ 88.6055553, 27.9316126 ], [ 88.6053998, 27.9315678 ], [ 88.6052444, 27.9315469 ], [ 88.6050619, 27.9316514 ], [ 88.6049436, 27.931735 ], [ 88.6048287, 27.9318156 ], [ 88.6047138, 27.9319052 ], [ 88.6045516, 27.93195 ], [ 88.6043725, 27.9319947 ], [ 88.6041697, 27.9320276 ], [ 88.6039839, 27.9319709 ], [ 88.6038081, 27.931938 ], [ 88.6037405, 27.9319918 ], [ 88.6036594, 27.9320306 ], [ 88.6035479, 27.9320425 ], [ 88.6034229, 27.9320515 ], [ 88.6033316, 27.9320007 ], [ 88.6032472, 27.9319111 ], [ 88.6032134, 27.9318007 ], [ 88.6032505, 27.9316006 ], [ 88.6032742, 27.9314633 ], [ 88.6033316, 27.9313707 ], [ 88.6033181, 27.9312782 ], [ 88.6032978, 27.9311826 ], [ 88.6032472, 27.9310662 ], [ 88.6031593, 27.9309856 ], [ 88.6030309, 27.930905 ], [ 88.6028552, 27.9308154 ], [ 88.6026997, 27.9307497 ], [ 88.6025747, 27.9307228 ], [ 88.60248, 27.9307049 ], [ 88.6023246, 27.9306721 ], [ 88.6021793, 27.9306362 ], [ 88.6020171, 27.9305825 ], [ 88.6019157, 27.9304929 ], [ 88.6018278, 27.9303795 ], [ 88.6017738, 27.930272 ], [ 88.601669, 27.9301526 ], [ 88.6015135, 27.9300899 ], [ 88.6014122, 27.9301257 ], [ 88.601304, 27.9300839 ], [ 88.6012567, 27.9300301 ], [ 88.6011587, 27.9299256 ], [ 88.6010708, 27.9298779 ], [ 88.6009593, 27.929848 ], [ 88.6008546, 27.9298719 ], [ 88.6007464, 27.9298779 ], [ 88.6006484, 27.929851 ], [ 88.6005842, 27.9298361 ], [ 88.6004626, 27.9298122 ], [ 88.6003071, 27.9298152 ], [ 88.6001348, 27.92986 ], [ 88.6000537, 27.9299585 ], [ 88.5999692, 27.9300451 ], [ 88.599807, 27.9300779 ], [ 88.5995738, 27.9301018 ], [ 88.5993845, 27.9301317 ], [ 88.5992291, 27.9302212 ], [ 88.5990027, 27.9304243 ], [ 88.5988743, 27.9305616 ], [ 88.5987222, 27.9306183 ], [ 88.5985262, 27.9306303 ], [ 88.598364, 27.9306362 ], [ 88.5982018, 27.9306452 ], [ 88.5980193, 27.9306482 ], [ 88.5978942, 27.9307049 ], [ 88.5979686, 27.9308035 ], [ 88.5980091, 27.9309856 ], [ 88.5980024, 27.9311408 ], [ 88.5979044, 27.9312842 ], [ 88.597776, 27.9313678 ], [ 88.5974346, 27.9314872 ], [ 88.5973062, 27.9315558 ], [ 88.5971744, 27.9315857 ], [ 88.597019, 27.9315947 ], [ 88.59685, 27.9315767 ], [ 88.5966979, 27.9314991 ], [ 88.5966033, 27.9314036 ], [ 88.5965222, 27.9313289 ], [ 88.5964276, 27.9312573 ], [ 88.5962485, 27.9312125 ], [ 88.5960457, 27.9312155 ], [ 88.5958261, 27.9311707 ], [ 88.5956943, 27.9312065 ], [ 88.5955354, 27.9312842 ], [ 88.5953597, 27.9313648 ], [ 88.5951637, 27.9314066 ], [ 88.5950319, 27.9313648 ], [ 88.5949069, 27.9313379 ], [ 88.594748, 27.9314066 ], [ 88.5946568, 27.9313827 ], [ 88.5945013, 27.9312662 ], [ 88.5944169, 27.9311617 ], [ 88.5944439, 27.9310423 ], [ 88.5945115, 27.9309468 ], [ 88.5945216, 27.9308363 ], [ 88.5944135, 27.9307467 ], [ 88.5942682, 27.9307049 ], [ 88.5941026, 27.9307258 ], [ 88.5939708, 27.9307945 ], [ 88.5939437, 27.93089 ], [ 88.5939167, 27.9309975 ], [ 88.5938153, 27.9310214 ], [ 88.5936666, 27.9310363 ], [ 88.5935991, 27.9311289 ], [ 88.5936531, 27.9312185 ], [ 88.593768, 27.9311826 ], [ 88.5938593, 27.9311916 ], [ 88.5938964, 27.9312812 ], [ 88.5938593, 27.9314006 ], [ 88.5937646, 27.9314573 ], [ 88.5936835, 27.9314066 ], [ 88.5936193, 27.9313498 ], [ 88.5933997, 27.931317 ], [ 88.5932037, 27.93132 ], [ 88.5931733, 27.9314155 ], [ 88.5932679, 27.9314693 ], [ 88.5934368, 27.9314872 ], [ 88.5935382, 27.9315439 ], [ 88.5934605, 27.9316245 ], [ 88.5933152, 27.9316633 ], [ 88.5931834, 27.9317499 ], [ 88.5930043, 27.9317678 ], [ 88.5928657, 27.9317021 ], [ 88.5928015, 27.9316006 ], [ 88.5927779, 27.9314454 ], [ 88.5927745, 27.931317 ], [ 88.5927914, 27.9312006 ], [ 88.5927272, 27.9311259 ], [ 88.5926089, 27.9310961 ], [ 88.5924805, 27.9310871 ], [ 88.5923791, 27.9310483 ], [ 88.5923284, 27.9309766 ], [ 88.592325, 27.9308691 ], [ 88.5923825, 27.9307706 ], [ 88.5925278, 27.9306661 ], [ 88.592592, 27.9305646 ], [ 88.5924839, 27.9304601 ], [ 88.5923419, 27.9303675 ], [ 88.5921763, 27.9303317 ], [ 88.5920682, 27.9304123 ], [ 88.5919736, 27.9304422 ], [ 88.5918587, 27.9304362 ], [ 88.5917167, 27.9303974 ], [ 88.5916289, 27.9303377 ], [ 88.5916052, 27.9302302 ], [ 88.5916863, 27.9300451 ], [ 88.5917303, 27.9299256 ], [ 88.5917201, 27.9298092 ], [ 88.5916424, 27.9297346 ], [ 88.5915207, 27.9297017 ], [ 88.5914058, 27.9297405 ], [ 88.5912808, 27.9298391 ], [ 88.5911828, 27.9299167 ], [ 88.5910713, 27.9299286 ], [ 88.5910375, 27.9298868 ], [ 88.5910476, 27.9298241 ], [ 88.5910814, 27.9297166 ], [ 88.5911355, 27.929651 ], [ 88.5912842, 27.9295763 ], [ 88.5913923, 27.9295315 ], [ 88.5914498, 27.9294509 ], [ 88.5915343, 27.9293076 ], [ 88.5915343, 27.9291195 ], [ 88.5915275, 27.9289762 ], [ 88.5914396, 27.9289075 ], [ 88.5913011, 27.9289045 ], [ 88.5911963, 27.929015 ], [ 88.5910578, 27.929215 ], [ 88.5909902, 27.9293434 ], [ 88.5909023, 27.9295076 ], [ 88.5908145, 27.9295554 ], [ 88.5906556, 27.9295405 ], [ 88.5905711, 27.9294808 ], [ 88.5904867, 27.9293703 ], [ 88.590463, 27.9292538 ], [ 88.5904292, 27.9291493 ], [ 88.5903244, 27.9290896 ], [ 88.5902163, 27.9290896 ], [ 88.5901251, 27.9291732 ], [ 88.5900135, 27.9292479 ], [ 88.5899122, 27.9292807 ], [ 88.5898142, 27.9292479 ], [ 88.5897601, 27.9291882 ], [ 88.5896418, 27.929003 ], [ 88.5894796, 27.9289194 ], [ 88.5892971, 27.9288747 ], [ 88.5890842, 27.9288776 ], [ 88.5888713, 27.9289672 ], [ 88.5887733, 27.9291165 ], [ 88.5887497, 27.9292748 ], [ 88.5887834, 27.9294718 ], [ 88.5887801, 27.9296002 ], [ 88.5887159, 27.9297137 ], [ 88.5885807, 27.9299436 ], [ 88.5885097, 27.9300839 ], [ 88.5885232, 27.9302481 ], [ 88.5885063, 27.9304004 ], [ 88.5883881, 27.9304332 ], [ 88.5881515, 27.9304034 ], [ 88.5879048, 27.9303675 ], [ 88.5877122, 27.9303825 ], [ 88.5876176, 27.930481 ], [ 88.5875094, 27.9305407 ], [ 88.5873945, 27.9305706 ], [ 88.5872661, 27.9305616 ], [ 88.5871816, 27.9305108 ], [ 88.5871546, 27.9304123 ], [ 88.5871242, 27.9302899 ], [ 88.5870836, 27.9301824 ], [ 88.5870093, 27.9300719 ], [ 88.5869248, 27.9300152 ], [ 88.5867964, 27.9299645 ], [ 88.5865936, 27.9299256 ], [ 88.5865024, 27.9298629 ], [ 88.5864821, 27.9297047 ], [ 88.5864618, 27.9295912 ], [ 88.5864584, 27.9294509 ], [ 88.5865564, 27.9293613 ], [ 88.5867355, 27.9293404 ], [ 88.5868572, 27.9293016 ], [ 88.5870194, 27.9292359 ], [ 88.5871107, 27.9291225 ], [ 88.5871309, 27.9289881 ], [ 88.5871039, 27.9288717 ], [ 88.587016, 27.9287731 ], [ 88.5869045, 27.9287104 ], [ 88.5867389, 27.9286806 ], [ 88.5865666, 27.9287433 ], [ 88.5864483, 27.9289075 ], [ 88.5864483, 27.9290628 ], [ 88.5864517, 27.9291792 ], [ 88.5863942, 27.9292628 ], [ 88.5862962, 27.9292807 ], [ 88.5861746, 27.929224 ], [ 88.5860867, 27.9291344 ], [ 88.5860124, 27.9290807 ], [ 88.5859279, 27.9290628 ], [ 88.5857961, 27.9290329 ], [ 88.5857645, 27.9289841 ], [ 88.5857285, 27.9289284 ], [ 88.585742, 27.9288329 ], [ 88.5857758, 27.9287284 ], [ 88.5857927, 27.9286149 ], [ 88.5857758, 27.9284178 ], [ 88.5856846, 27.9282775 ], [ 88.5855629, 27.9281999 ], [ 88.5853804, 27.9281581 ], [ 88.5852115, 27.9281163 ], [ 88.5851337, 27.9280357 ], [ 88.585127, 27.9278983 ], [ 88.5852419, 27.9277848 ], [ 88.5854108, 27.9276296 ], [ 88.5854886, 27.9274892 ], [ 88.5854615, 27.9274027 ], [ 88.58535, 27.9273579 ], [ 88.5851912, 27.9273609 ], [ 88.585056, 27.9274773 ], [ 88.5849445, 27.9276117 ], [ 88.5848127, 27.9276415 ], [ 88.5846167, 27.9276594 ], [ 88.584495, 27.9277221 ], [ 88.5843463, 27.9278804 ], [ 88.5842213, 27.9279998 ], [ 88.5840726, 27.9280864 ], [ 88.5839239, 27.9281431 ], [ 88.5837921, 27.9281999 ], [ 88.5836231, 27.9282626 ], [ 88.583488, 27.9283074 ], [ 88.5833503, 27.9283541 ], [ 88.5831702, 27.9282769 ], [ 88.5830863, 27.9282189 ], [ 88.5829964, 27.9281348 ], [ 88.582949, 27.9280596 ], [ 88.5829306, 27.9279491 ], [ 88.5829055, 27.9277998 ], [ 88.5828963, 27.9276027 ], [ 88.5829811, 27.9274206 ], [ 88.5829338, 27.9272175 ], [ 88.5828324, 27.9271041 ], [ 88.5827175, 27.9270503 ], [ 88.582633, 27.927122 ], [ 88.5826195, 27.9272534 ], [ 88.5825722, 27.9274295 ], [ 88.5825014, 27.9275956 ], [ 88.5822674, 27.9276422 ], [ 88.5821024, 27.9275191 ], [ 88.5819199, 27.9273937 ], [ 88.5817949, 27.9272713 ], [ 88.5816023, 27.9271757 ], [ 88.5814097, 27.9271369 ], [ 88.5812643, 27.9270891 ], [ 88.5811461, 27.9270026 ], [ 88.581092, 27.9268772 ], [ 88.5810345, 27.9267547 ], [ 88.5809365, 27.9267099 ], [ 88.5808284, 27.9266681 ], [ 88.580771, 27.9266025 ], [ 88.5807574, 27.9265009 ], [ 88.5807912, 27.9263128 ], [ 88.5808284, 27.9262173 ], [ 88.5808588, 27.9261307 ], [ 88.5808081, 27.9260411 ], [ 88.5806831, 27.9259724 ], [ 88.580531, 27.9259157 ], [ 88.5804296, 27.9258321 ], [ 88.5803958, 27.9257425 ], [ 88.5805513, 27.925635 ], [ 88.5808318, 27.9255813 ], [ 88.5810481, 27.9255096 ], [ 88.5811934, 27.9254201 ], [ 88.5812508, 27.9253305 ], [ 88.5812373, 27.9252529 ], [ 88.5811393, 27.9251872 ], [ 88.5809906, 27.9251692 ], [ 88.5808419, 27.9251991 ], [ 88.5806628, 27.925214 ], [ 88.5805479, 27.9251573 ], [ 88.5805209, 27.9250349 ], [ 88.580477, 27.9248199 ], [ 88.5803891, 27.9246348 ], [ 88.5802809, 27.9245183 ], [ 88.5801289, 27.9244556 ], [ 88.5800512, 27.9245392 ], [ 88.5800816, 27.9246228 ], [ 88.5801661, 27.9247841 ], [ 88.5801829, 27.9249095 ], [ 88.5801086, 27.9249722 ], [ 88.5799903, 27.9249991 ], [ 88.5799058, 27.9249572 ], [ 88.5797436, 27.9248199 ], [ 88.579676, 27.9247453 ], [ 88.579578, 27.9246646 ], [ 88.5794395, 27.9246437 ], [ 88.5793178, 27.9246228 ], [ 88.5792333, 27.924578 ], [ 88.5791151, 27.9244646 ], [ 88.5789968, 27.924378 ], [ 88.5788481, 27.9243272 ], [ 88.5787028, 27.9242466 ], [ 88.5785879, 27.9241391 ], [ 88.5785642, 27.9240137 ], [ 88.5785608, 27.9238734 ], [ 88.5785642, 27.9237181 ], [ 88.5785304, 27.9236285 ], [ 88.5784358, 27.9235688 ], [ 88.5783175, 27.9236046 ], [ 88.5782871, 27.9236972 ], [ 88.5782702, 27.9238435 ], [ 88.5782026, 27.9238973 ], [ 88.5780979, 27.9238823 ], [ 88.5779864, 27.9238196 ], [ 88.577841, 27.923733 ], [ 88.5776349, 27.9236464 ], [ 88.5774828, 27.9235837 ], [ 88.5773578, 27.9234971 ], [ 88.5772159, 27.9234733 ], [ 88.5770638, 27.9234046 ], [ 88.5769219, 27.9232881 ], [ 88.5768103, 27.9231538 ], [ 88.5766549, 27.9230313 ], [ 88.5765265, 27.9229268 ], [ 88.5763676, 27.9228761 ], [ 88.5761919, 27.9228611 ], [ 88.5760601, 27.9228223 ], [ 88.5758979, 27.9226999 ], [ 88.575685, 27.9225685 ], [ 88.5755025, 27.922461 ], [ 88.5753099, 27.9223535 ], [ 88.575195, 27.9223505 ], [ 88.5749246, 27.9223087 ], [ 88.5746644, 27.9223267 ], [ 88.5745259, 27.9224192 ], [ 88.5743941, 27.9225028 ], [ 88.5741913, 27.9225118 ], [ 88.5739987, 27.9225207 ], [ 88.5738872, 27.9224521 ], [ 88.5737419, 27.922458 ], [ 88.5735594, 27.9224849 ], [ 88.5733735, 27.922476 ], [ 88.5732755, 27.9224162 ], [ 88.5732214, 27.9222699 ], [ 88.5731741, 27.9221505 ], [ 88.573137, 27.922046 ], [ 88.5731133, 27.9218877 ], [ 88.573066, 27.9217444 ], [ 88.5730085, 27.9216548 ], [ 88.5729004, 27.9215831 ], [ 88.5728125, 27.9214786 ], [ 88.5727956, 27.9213592 ], [ 88.5728294, 27.9212248 ], [ 88.5728024, 27.9210128 ], [ 88.5726807, 27.920762 ], [ 88.5725422, 27.920544 ], [ 88.5724205, 27.9204365 ], [ 88.572309, 27.9203858 ], [ 88.5722347, 27.9202962 ], [ 88.5722549, 27.9201887 ], [ 88.5722549, 27.9200901 ], [ 88.5721434, 27.9199916 ], [ 88.5720082, 27.919908 ], [ 88.5719271, 27.9198214 ], [ 88.571917, 27.9197378 ], [ 88.5718967, 27.9196154 ], [ 88.5718528, 27.9195138 ], [ 88.5717278, 27.9193526 ], [ 88.5715926, 27.9191794 ], [ 88.5715115, 27.9190659 ], [ 88.5713864, 27.9189495 ], [ 88.5712006, 27.9188898 ], [ 88.571106, 27.9188659 ], [ 88.5710586, 27.9188465 ], [ 88.5710198, 27.9187942 ], [ 88.5710164, 27.918727 ], [ 88.5710451, 27.9185821 ], [ 88.5710987, 27.9184802 ], [ 88.5711497, 27.918383 ], [ 88.5711873, 27.9182622 ], [ 88.5711819, 27.9181579 ], [ 88.5711712, 27.9180512 ], [ 88.5711363, 27.9179612 ], [ 88.5710558, 27.9178687 ], [ 88.5710156, 27.9178071 ], [ 88.5709861, 27.9177218 ], [ 88.5709298, 27.9176483 ], [ 88.5709271, 27.9175748 ], [ 88.5709056, 27.9175132 ], [ 88.5708842, 27.9174753 ], [ 88.5708922, 27.917416 ], [ 88.5709217, 27.9173521 ], [ 88.5709566, 27.9172691 ], [ 88.5709003, 27.9170605 ], [ 88.57086, 27.916942 ], [ 88.570852, 27.9168401 ], [ 88.5708949, 27.9167501 ], [ 88.5709539, 27.9166671 ], [ 88.5709485, 27.9165747 ], [ 88.5708922, 27.9164893 ], [ 88.5708708, 27.9163993 ], [ 88.5708734, 27.9162879 ], [ 88.5708439, 27.9162144 ], [ 88.5708734, 27.9161504 ], [ 88.5708198, 27.9160604 ], [ 88.5708037, 27.9159679 ], [ 88.5707661, 27.9158873 ], [ 88.5707045, 27.9158589 ], [ 88.5706347, 27.9158091 ], [ 88.570565, 27.9157048 ], [ 88.5704362, 27.9157001 ], [ 88.5703102, 27.9156788 ], [ 88.5702351, 27.9156029 ], [ 88.5701492, 27.9154821 ], [ 88.5700634, 27.915411 ], [ 88.5699749, 27.9153351 ], [ 88.5698917, 27.9152545 ], [ 88.569814, 27.9151716 ], [ 88.5697228, 27.9150957 ], [ 88.5696557, 27.9150223 ], [ 88.569594, 27.9149606 ], [ 88.5695511, 27.9149559 ], [ 88.5694894, 27.9149725 ], [ 88.5694116, 27.9149369 ], [ 88.5692856, 27.9148658 ], [ 88.5691783, 27.9148042 ], [ 88.5691085, 27.9147687 ], [ 88.5689825, 27.9147497 ], [ 88.5689396, 27.9147355 ], [ 88.5688296, 27.914643 ], [ 88.5686821, 27.9145435 ], [ 88.5685748, 27.9144819 ], [ 88.5685372, 27.9144274 ], [ 88.5684809, 27.9143823 ], [ 88.5683334, 27.9143278 ], [ 88.5681564, 27.9142875 ], [ 88.5680088, 27.9142567 ], [ 88.5679042, 27.9142306 ], [ 88.5677782, 27.9142354 ], [ 88.5676575, 27.9141974 ], [ 88.5675502, 27.9141666 ], [ 88.5674348, 27.9140955 ], [ 88.5673383, 27.9140055 ], [ 88.5672498, 27.9138917 ], [ 88.5672069, 27.9138159 ], [ 88.5671505, 27.9137471 ], [ 88.5670432, 27.9136808 ], [ 88.5669655, 27.9137021 ], [ 88.5668823, 27.9137779 ], [ 88.5668072, 27.9138064 ], [ 88.5667375, 27.9138301 ], [ 88.5666436, 27.9138253 ], [ 88.5665658, 27.9137945 ], [ 88.5665095, 27.91374 ], [ 88.5663995, 27.9136665 ], [ 88.5661769, 27.9135812 ], [ 88.5660616, 27.9135551 ], [ 88.5659623, 27.913503 ], [ 88.5658121, 27.9134272 ], [ 88.5656726, 27.9133679 ], [ 88.5655063, 27.9133584 ], [ 88.5653749, 27.913356 ], [ 88.5652783, 27.9133039 ], [ 88.5652086, 27.9132091 ], [ 88.5651764, 27.913093 ], [ 88.565163, 27.9129887 ], [ 88.5651255, 27.9129413 ], [ 88.5650369, 27.9128962 ], [ 88.564986, 27.9128346 ], [ 88.5650289, 27.9127422 ], [ 88.5650557, 27.9126758 ], [ 88.5650155, 27.9126023 ], [ 88.5649565, 27.9124933 ], [ 88.5648546, 27.9124104 ], [ 88.5647097, 27.9123013 ], [ 88.5645729, 27.912152 ], [ 88.5644764, 27.9120525 ], [ 88.5643879, 27.9120051 ], [ 88.5642859, 27.9119932 ], [ 88.5642806, 27.9119339 ], [ 88.5642752, 27.9118889 ], [ 88.564176, 27.9118297 ], [ 88.5640982, 27.911768 ], [ 88.5640123, 27.9116709 ], [ 88.5639721, 27.9115761 ], [ 88.5639319, 27.9114765 ], [ 88.5638943, 27.9114172 ], [ 88.5638434, 27.9113556 ], [ 88.5638139, 27.9113248 ], [ 88.5636502, 27.911211 ], [ 88.5635617, 27.9111257 ], [ 88.5634947, 27.9110499 ], [ 88.5633874, 27.910974 ], [ 88.5633364, 27.9108816 ], [ 88.5632774, 27.9107939 ], [ 88.563154, 27.9106777 ], [ 88.5630628, 27.9105569 ], [ 88.5629261, 27.9104621 ], [ 88.5628161, 27.9103957 ], [ 88.5627517, 27.910308 ], [ 88.5626256, 27.9102061 ], [ 88.5625237, 27.9101516 ], [ 88.5623869, 27.9100639 ], [ 88.5623172, 27.909988 ], [ 88.5622233, 27.9099003 ], [ 88.5621107, 27.9098268 ], [ 88.562057, 27.9097462 ], [ 88.5619873, 27.9096348 ], [ 88.5619819, 27.9095329 ], [ 88.5619712, 27.90945 ], [ 88.5618746, 27.9094215 ], [ 88.5617432, 27.9094263 ], [ 88.5616171, 27.9093741 ], [ 88.5615581, 27.9093196 ], [ 88.5614911, 27.9091987 ], [ 88.5615018, 27.9091229 ], [ 88.5615393, 27.9090399 ], [ 88.5615125, 27.9089451 ], [ 88.5614482, 27.9088503 ], [ 88.5614133, 27.9087579 ], [ 88.5613918, 27.9086488 ], [ 88.5613301, 27.9085611 ], [ 88.5612738, 27.9084592 ], [ 88.5611504, 27.9082909 ], [ 88.5610834, 27.9081677 ], [ 88.5609922, 27.9080657 ], [ 88.5608822, 27.9080278 ], [ 88.5607776, 27.9080397 ], [ 88.560673, 27.907997 ], [ 88.5605362, 27.9079306 ], [ 88.560394, 27.9078358 ], [ 88.5602975, 27.9077695 ], [ 88.560217, 27.907696 ], [ 88.5600775, 27.9075964 ], [ 88.5599193, 27.9075064 ], [ 88.5597825, 27.9074684 ], [ 88.5595947, 27.9074471 ], [ 88.5594258, 27.9074115 ], [ 88.5593104, 27.9073807 ], [ 88.5592514, 27.9073357 ], [ 88.5592192, 27.9072575 ], [ 88.55923, 27.9071532 ], [ 88.5592461, 27.9070489 ], [ 88.5592487, 27.9069375 ], [ 88.559238, 27.9068498 ], [ 88.5591763, 27.9067739 ], [ 88.5590422, 27.9067265 ], [ 88.5589161, 27.9066886 ], [ 88.558774, 27.9066388 ], [ 88.5586748, 27.9065748 ], [ 88.5585782, 27.9064895 ], [ 88.5584789, 27.9063971 ], [ 88.5583985, 27.9063046 ], [ 88.5582724, 27.9062145 ], [ 88.5581329, 27.9061553 ], [ 88.5580632, 27.9061411 ], [ 88.5580122, 27.9061197 ], [ 88.5579827, 27.9060628 ], [ 88.5579452, 27.9059491 ], [ 88.557862, 27.9058614 ], [ 88.5577762, 27.9058021 ], [ 88.5576957, 27.9057832 ], [ 88.5575509, 27.9057997 ], [ 88.5573819, 27.905795 ], [ 88.5572773, 27.9058329 ], [ 88.5571754, 27.9058803 ], [ 88.5570896, 27.9059183 ], [ 88.5570118, 27.9059254 ], [ 88.5569152, 27.9058874 ], [ 88.556816, 27.9058543 ], [ 88.5567194, 27.9058424 ], [ 88.5566068, 27.9058163 ], [ 88.5565585, 27.9057737 ], [ 88.5564968, 27.9057073 ], [ 88.5563922, 27.9056623 ], [ 88.5562634, 27.905648 ], [ 88.5561803, 27.9056409 ], [ 88.5560784, 27.9056006 ], [ 88.5559818, 27.9055461 ], [ 88.5559577, 27.9054774 ], [ 88.5558906, 27.9053802 ], [ 88.5558102, 27.9053209 ], [ 88.5557538, 27.9053494 ], [ 88.5556868, 27.9054039 ], [ 88.5555553, 27.9054063 ], [ 88.5553381, 27.9053707 ], [ 88.5551476, 27.905392 ], [ 88.5550457, 27.9054134 ], [ 88.5549277, 27.9053897 ], [ 88.554807, 27.9053446 ], [ 88.5546809, 27.9052664 ], [ 88.5545495, 27.905219 ], [ 88.5545281, 27.9051645 ], [ 88.5544932, 27.9050744 ], [ 88.5544717, 27.9050175 ], [ 88.5544288, 27.9049393 ], [ 88.5543805, 27.9048611 ], [ 88.5543135, 27.9047829 ], [ 88.5542169, 27.9046667 ], [ 88.5541043, 27.9045127 ], [ 88.5540721, 27.9044036 ], [ 88.5540372, 27.9043112 ], [ 88.5539943, 27.9042187 ], [ 88.5539541, 27.9041381 ], [ 88.5539353, 27.9040244 ], [ 88.5539219, 27.9038869 ], [ 88.5539058, 27.903785 ], [ 88.5539326, 27.9036617 ], [ 88.5539567, 27.9036143 ], [ 88.5539809, 27.90351 ], [ 88.5539353, 27.9034175 ], [ 88.5538736, 27.903299 ], [ 88.5537931, 27.9031853 ], [ 88.5536805, 27.9030644 ], [ 88.5535437, 27.9030833 ], [ 88.5534418, 27.9031284 ], [ 88.5533425, 27.9031307 ], [ 88.553195, 27.9030264 ], [ 88.5530984, 27.9029909 ], [ 88.5529751, 27.9029956 ], [ 88.552857, 27.902979 ], [ 88.5527417, 27.9029861 ], [ 88.552621, 27.9029909 ], [ 88.5525379, 27.9029387 ], [ 88.552452, 27.9028581 ], [ 88.5523903, 27.9027918 ], [ 88.5523233, 27.9027183 ], [ 88.5522321, 27.902678 ], [ 88.552157, 27.9026519 ], [ 88.5520416, 27.9026021 ], [ 88.5519826, 27.9026164 ], [ 88.5519236, 27.9026495 ], [ 88.5518432, 27.9026543 ], [ 88.5517278, 27.902633 ], [ 88.5516661, 27.9025524 ], [ 88.5515857, 27.9025097 ], [ 88.5514918, 27.9024789 ], [ 88.5514435, 27.9024623 ], [ 88.5514006, 27.9024125 ], [ 88.551347, 27.9023722 ], [ 88.5512826, 27.9022845 ], [ 88.5512423, 27.9022063 ], [ 88.5511994, 27.9020925 ], [ 88.5511592, 27.9019669 ], [ 88.5510975, 27.9018649 ], [ 88.551009, 27.9017535 ], [ 88.5509124, 27.9015473 ], [ 88.5508588, 27.9014146 ], [ 88.5508266, 27.9013245 ], [ 88.5507649, 27.9012486 ], [ 88.5506415, 27.9012155 ], [ 88.5504511, 27.9011633 ], [ 88.5503116, 27.9011491 ], [ 88.550207, 27.9011088 ], [ 88.550097, 27.901059 ], [ 88.5499656, 27.9009974 ], [ 88.5498556, 27.9009168 ], [ 88.5497564, 27.9008386 ], [ 88.5496625, 27.9007319 ], [ 88.5495767, 27.900656 ], [ 88.549456, 27.9005968 ], [ 88.5493273, 27.9006157 ], [ 88.549161, 27.9006063 ], [ 88.549051, 27.9006063 ], [ 88.5488847, 27.9005541 ], [ 88.5487533, 27.9004854 ], [ 88.5486245, 27.9004308 ], [ 88.5484743, 27.9003076 ], [ 88.5484582, 27.9002412 ], [ 88.5484421, 27.9001298 ], [ 88.5484099, 27.9000231 ], [ 88.5483134, 27.8999212 ], [ 88.5482061, 27.8998572 ], [ 88.5481256, 27.8997979 ], [ 88.5480452, 27.8996604 ], [ 88.5478815, 27.8994803 ], [ 88.5477635, 27.8994305 ], [ 88.5475329, 27.8993997 ], [ 88.5473049, 27.8994187 ], [ 88.5471708, 27.8994637 ], [ 88.5469562, 27.8995135 ], [ 88.5468328, 27.8995419 ], [ 88.5466906, 27.8995301 ], [ 88.5465699, 27.8994542 ], [ 88.5464573, 27.8993973 ], [ 88.5463715, 27.8993855 ], [ 88.5462186, 27.8992978 ], [ 88.5461622, 27.8991935 ], [ 88.5461006, 27.8990986 ], [ 88.5459289, 27.8990204 ], [ 88.5457438, 27.898973 ], [ 88.5455373, 27.898928 ], [ 88.5454354, 27.8988948 ], [ 88.5454112, 27.8988379 ], [ 88.5453334, 27.8987573 ], [ 88.5451886, 27.8987241 ], [ 88.5450652, 27.8987123 ], [ 88.5448989, 27.8986459 ], [ 88.5447192, 27.8985771 ], [ 88.5445958, 27.8985511 ], [ 88.5444403, 27.8985345 ], [ 88.5442552, 27.8985226 ], [ 88.5441291, 27.8985084 ], [ 88.5440326, 27.8984586 ], [ 88.5438582, 27.8983448 ], [ 88.5436892, 27.8982382 ], [ 88.5436034, 27.8981694 ], [ 88.5434854, 27.8980722 ], [ 88.5433084, 27.8979656 ], [ 88.5431099, 27.8978802 ], [ 88.5429597, 27.8977854 ], [ 88.5428148, 27.8977024 ], [ 88.5427237, 27.8976337 ], [ 88.5426432, 27.8975744 ], [ 88.5425493, 27.8974417 ], [ 88.5424769, 27.8973326 ], [ 88.5424286, 27.8972449 ], [ 88.5423857, 27.8971501 ], [ 88.5423321, 27.8970505 ], [ 88.5422328, 27.8969415 ], [ 88.5421416, 27.8968894 ], [ 88.5420048, 27.8968301 ], [ 88.5418841, 27.8967756 ], [ 88.5418385, 27.8966665 ], [ 88.541742, 27.8965527 ], [ 88.5416239, 27.8964484 ], [ 88.5414442, 27.8963489 ], [ 88.5413477, 27.8962469 ], [ 88.5412806, 27.8961711 ], [ 88.5411948, 27.8961071 ], [ 88.5411036, 27.8960668 ], [ 88.5409212, 27.8960526 ], [ 88.5407335, 27.8960929 ], [ 88.5405859, 27.8962138 ], [ 88.5403901, 27.8963584 ], [ 88.5402641, 27.8964484 ], [ 88.540079, 27.8965575 ], [ 88.5400012, 27.8966144 ], [ 88.5399985, 27.8967139 ], [ 88.539961, 27.8968253 ], [ 88.5398966, 27.8969154 ], [ 88.5398108, 27.8970055 ], [ 88.5397276, 27.8971193 ], [ 88.5395801, 27.8971738 ], [ 88.5394487, 27.8972426 ], [ 88.5393092, 27.8972354 ], [ 88.5391456, 27.8972141 ], [ 88.5390356, 27.8971525 ], [ 88.5389042, 27.8970814 ], [ 88.5387862, 27.8970055 ], [ 88.5386521, 27.8969605 ], [ 88.5385367, 27.8969178 ], [ 88.5383838, 27.8968775 ], [ 88.5383302, 27.8968135 ], [ 88.5382605, 27.8966879 ], [ 88.5382041, 27.8965741 ], [ 88.5381612, 27.8964555 ], [ 88.5380995, 27.8963868 ], [ 88.5380647, 27.896356 ], [ 88.5379145, 27.8962872 ], [ 88.5377911, 27.8962422 ], [ 88.5377213, 27.8962138 ], [ 88.5376355, 27.8961616 ], [ 88.537555, 27.8960763 ], [ 88.5374799, 27.8960004 ], [ 88.537378, 27.8958961 ], [ 88.5371849, 27.8957231 ], [ 88.5370025, 27.8956022 ], [ 88.5368657, 27.8955382 ], [ 88.5366645, 27.8954078 ], [ 88.5365278, 27.8952798 ], [ 88.5363668, 27.8951778 ], [ 88.5362381, 27.8950664 ], [ 88.5360584, 27.895 ], [ 88.5359403, 27.8949313 ], [ 88.5358411, 27.8948388 ], [ 88.5357285, 27.8947251 ], [ 88.5356104, 27.8946231 ], [ 88.5354871, 27.8944643 ], [ 88.5353717, 27.8943221 ], [ 88.5352752, 27.8941419 ], [ 88.5351732, 27.8940044 ], [ 88.5351062, 27.8938669 ], [ 88.5350123, 27.8937721 ], [ 88.5349131, 27.8937413 ], [ 88.5348138, 27.8937507 ], [ 88.5346046, 27.8937626 ], [ 88.5345, 27.8937105 ], [ 88.5343605, 27.8936867 ], [ 88.5341835, 27.8936725 ], [ 88.5340199, 27.8936559 ], [ 88.5339099, 27.8935896 ], [ 88.5338697, 27.8935303 ], [ 88.5337731, 27.8934212 ], [ 88.5336873, 27.8933383 ], [ 88.5336444, 27.8932766 ], [ 88.5335005, 27.8931706 ] ] } },
{ "type": "Feature", "properties": { "element": "way", "id": 599006011, "name": null, "waterway": "stream" }, "geometry": { "type": "LineString", "coordinates": [ [ 88.6288557, 27.9284295 ], [ 88.6288557, 27.9286476 ], [ 88.6287876, 27.9287831 ], [ 88.6286684, 27.9289072 ], [ 88.6286002, 27.929069 ], [ 88.6284597, 27.9291104 ], [ 88.6282894, 27.9290502 ], [ 88.6280425, 27.929005 ], [ 88.6276422, 27.9290238 ], [ 88.6273825, 27.929069 ], [ 88.6271824, 27.9291856 ], [ 88.6268971, 27.9293361 ], [ 88.6267226, 27.9296182 ], [ 88.6267694, 27.9298891 ], [ 88.6268844, 27.9301486 ], [ 88.6269142, 27.9304119 ], [ 88.626812, 27.9306677 ], [ 88.6265778, 27.9307919 ], [ 88.6262798, 27.9308182 ], [ 88.626135, 27.9309536 ], [ 88.6259988, 27.9311079 ], [ 88.625722, 27.9312771 ], [ 88.6255347, 27.93139 ], [ 88.6253005, 27.9315668 ], [ 88.625028, 27.9319016 ], [ 88.6247683, 27.9322326 ], [ 88.6245554, 27.9324922 ], [ 88.6243255, 27.9326953 ], [ 88.62407, 27.9328195 ], [ 88.6236911, 27.9328383 ], [ 88.6233504, 27.9329173 ], [ 88.6231376, 27.9330527 ], [ 88.622831, 27.9332445 ], [ 88.6224435, 27.9335304 ], [ 88.6221753, 27.9335605 ], [ 88.6218475, 27.9335379 ], [ 88.6216559, 27.9336245 ], [ 88.6214898, 27.9337749 ], [ 88.6212556, 27.9338163 ], [ 88.6211705, 27.933948 ], [ 88.621064, 27.9340909 ], [ 88.6208852, 27.9341323 ], [ 88.6206936, 27.9342113 ], [ 88.6204679, 27.9341849 ], [ 88.6202678, 27.9341248 ], [ 88.6201273, 27.9340571 ], [ 88.6198804, 27.9340345 ], [ 88.6195738, 27.9341436 ], [ 88.6193907, 27.9343429 ], [ 88.6192673, 27.9344144 ], [ 88.6190629, 27.9344257 ], [ 88.618833, 27.9344106 ], [ 88.6186627, 27.9344859 ], [ 88.6185222, 27.9346138 ], [ 88.6183987, 27.9346965 ], [ 88.6182199, 27.934783 ], [ 88.6179814, 27.934847 ], [ 88.6178887, 27.9348609 ] ] } },
{ "type": "Feature", "properties": { "element": "way", "id": 599006016, "name": null, "waterway": "stream" }, "geometry": { "type": "LineString", "coordinates": [ [ 88.5945216, 27.9308363 ], [ 88.5944676, 27.93069 ], [ 88.5944202, 27.9305467 ], [ 88.5944101, 27.9304243 ], [ 88.5943324, 27.9303138 ], [ 88.5942344, 27.9301944 ], [ 88.5941904, 27.9301376 ], [ 88.5940891, 27.9300988 ], [ 88.5940181, 27.9301884 ], [ 88.5939742, 27.9303108 ], [ 88.5938525, 27.9303526 ], [ 88.593768, 27.9303257 ], [ 88.5936802, 27.9303407 ], [ 88.5935247, 27.9303556 ], [ 88.5934368, 27.9302869 ], [ 88.5933152, 27.9302272 ], [ 88.5931192, 27.9301794 ], [ 88.5930482, 27.9301973 ], [ 88.5929941, 27.9303168 ], [ 88.5930584, 27.9304631 ], [ 88.593153, 27.9306124 ], [ 88.5931935, 27.9307408 ], [ 88.5931597, 27.9308303 ], [ 88.5930685, 27.9309199 ], [ 88.5929401, 27.9309199 ], [ 88.5928928, 27.9308393 ], [ 88.592913, 27.9307228 ], [ 88.5929502, 27.9306303 ], [ 88.5929063, 27.9305825 ], [ 88.5928522, 27.9305676 ], [ 88.5928286, 27.9305138 ], [ 88.5928117, 27.9303645 ], [ 88.5927677, 27.9302362 ], [ 88.5926866, 27.9302242 ], [ 88.592592, 27.9302481 ], [ 88.5924636, 27.930263 ], [ 88.5923588, 27.9302451 ], [ 88.5923453, 27.9301764 ], [ 88.5923859, 27.9300719 ], [ 88.5924129, 27.9299077 ], [ 88.5924163, 27.9298002 ], [ 88.5923588, 27.9297256 ], [ 88.5921493, 27.9297913 ], [ 88.5920952, 27.9298659 ], [ 88.592075, 27.9300063 ], [ 88.5920986, 27.9301287 ], [ 88.592173, 27.9302451 ], [ 88.5921763, 27.9303317 ] ] } },
{ "type": "Feature", "properties": { "element": "way", "id": 599008308, "name": null, "waterway": "stream" }, "geometry": { "type": "LineString", "coordinates": [ [ 88.6435151, 27.9461614 ], [ 88.6431064, 27.9462178 ], [ 88.6428637, 27.9462479 ], [ 88.6427104, 27.9462742 ], [ 88.6424847, 27.9463908 ], [ 88.6422974, 27.9465187 ], [ 88.6421228, 27.9465864 ], [ 88.6419057, 27.9465902 ], [ 88.6417183, 27.9465676 ], [ 88.6414033, 27.9465864 ], [ 88.6411648, 27.9466654 ], [ 88.6409477, 27.9467557 ], [ 88.6404155, 27.9468647 ], [ 88.6399216, 27.9469174 ], [ 88.639466, 27.9469926 ], [ 88.6389295, 27.9470002 ], [ 88.6385123, 27.947128 ], [ 88.638227, 27.9472033 ], [ 88.6378949, 27.9472822 ], [ 88.6376437, 27.9473575 ], [ 88.6373797, 27.9473838 ], [ 88.6370604, 27.9473236 ], [ 88.6368347, 27.9471995 ], [ 88.6366176, 27.9471393 ], [ 88.6363596, 27.9470804 ] ] } },
{ "type": "Feature", "properties": { "element": "way", "id": 599010848, "name": null, "waterway": "stream" }, "geometry": { "type": "LineString", "coordinates": [ [ 88.598476, 27.8676072 ], [ 88.5983339, 27.8678087 ], [ 88.5982105, 27.8679961 ], [ 88.5980844, 27.8681834 ], [ 88.5979396, 27.8684015 ], [ 88.5977089, 27.8686102 ], [ 88.5976016, 27.8687525 ], [ 88.5973898, 27.869037 ], [ 88.5971081, 27.8692599 ], [ 88.5968104, 27.8694187 ], [ 88.5966307, 27.8696416 ], [ 88.5965502, 27.8698693 ], [ 88.5964403, 27.8700518 ], [ 88.5962123, 27.8701538 ], [ 88.5960969, 27.8702676 ], [ 88.5959601, 27.8703767 ], [ 88.5958046, 27.8704217 ], [ 88.5955417, 27.8704122 ], [ 88.5952735, 27.8704099 ], [ 88.5950401, 27.8704502 ], [ 88.5948256, 27.8706185 ], [ 88.5947075, 27.8708177 ], [ 88.5945895, 27.8709932 ], [ 88.5944286, 27.871152 ], [ 88.5943723, 27.8713583 ], [ 88.5943186, 27.871484 ], [ 88.5941228, 27.8716547 ], [ 88.5939699, 27.8718467 ], [ 88.5939136, 27.8720269 ], [ 88.5939485, 27.8722712 ], [ 88.5939619, 27.8724632 ], [ 88.5939431, 27.8726576 ], [ 88.5938707, 27.8728663 ], [ 88.5938117, 27.8730607 ], [ 88.5937929, 27.873184 ], [ 88.59386, 27.873312 ], [ 88.5938385, 27.8734496 ], [ 88.5937446, 27.8735278 ], [ 88.5936347, 27.8735444 ], [ 88.5935354, 27.8736416 ], [ 88.5933852, 27.8737981 ], [ 88.5931653, 27.8739973 ], [ 88.5930043, 27.8741134 ], [ 88.5928434, 27.8742533 ], [ 88.5927173, 27.8743909 ], [ 88.5925537, 27.8744454 ], [ 88.5924196, 27.8744454 ], [ 88.5922909, 27.874443 ], [ 88.5921541, 27.8745047 ], [ 88.5920602, 27.8746469 ], [ 88.5919127, 27.8747726 ], [ 88.5918, 27.8748793 ], [ 88.5916981, 27.8750073 ], [ 88.591623, 27.8751425 ], [ 88.5916015, 27.8752254 ] ] } },
{ "type": "Feature", "properties": { "element": "way", "id": 599010849, "name": "Kalep Chu", "waterway": "stream" }, "geometry": { "type": "LineString", "coordinates": [ [ 88.5916015, 27.8752254 ], [ 88.5915077, 27.875408 ], [ 88.5913575, 27.8754744 ], [ 88.5912046, 27.8754554 ], [ 88.5910436, 27.875472 ], [ 88.5909122, 27.875574 ], [ 88.5907674, 27.8756617 ], [ 88.5906064, 27.8757139 ], [ 88.5904053, 27.8757565 ], [ 88.5902229, 27.8758087 ], [ 88.5900512, 27.8758775 ], [ 88.5899466, 27.8759889 ], [ 88.5898688, 27.87606 ], [ 88.5897186, 27.8761312 ], [ 88.5896087, 27.8761596 ], [ 88.5894853, 27.8761525 ], [ 88.5893029, 27.8761217 ], [ 88.5891956, 27.8760387 ], [ 88.5891125, 27.875932 ], [ 88.5890374, 27.875849 ], [ 88.5889435, 27.875804 ], [ 88.588796, 27.8758087 ], [ 88.5886538, 27.8757874 ], [ 88.5885143, 27.8757423 ], [ 88.5884178, 27.8756712 ], [ 88.5882622, 27.8755645 ], [ 88.5880798, 27.8754625 ], [ 88.5879189, 27.8753843 ], [ 88.5876426, 27.8752373 ], [ 88.5874441, 27.8751614 ], [ 88.58731, 27.8751425 ], [ 88.5872671, 27.8751353 ], [ 88.5871598, 27.8750547 ], [ 88.5870257, 27.874967 ], [ 88.5868782, 27.874884 ], [ 88.5867414, 27.8747797 ], [ 88.5866126, 27.8747157 ], [ 88.5865375, 27.8746777 ], [ 88.5864705, 27.8745971 ], [ 88.5865027, 27.8744904 ], [ 88.5864437, 27.8743932 ], [ 88.5863364, 27.8742818 ], [ 88.5862559, 27.8742059 ], [ 88.5860869, 27.8740779 ], [ 88.5855612, 27.8739807 ], [ 88.5853788, 27.8740305 ], [ 88.5850945, 27.874066 ], [ 88.5849363, 27.8740589 ], [ 88.5848933, 27.8740115 ], [ 88.5847458, 27.8739593 ], [ 88.5845447, 27.8739024 ], [ 88.5843971, 27.8738906 ], [ 88.5842308, 27.8738266 ], [ 88.5841182, 27.8737791 ], [ 88.5840082, 27.8738005 ], [ 88.5838768, 27.8737957 ], [ 88.5837293, 27.8737388 ], [ 88.5835066, 27.8736724 ], [ 88.583217, 27.8736108 ], [ 88.5829836, 27.8735586 ], [ 88.5827664, 27.8735254 ], [ 88.5825089, 27.8734899 ], [ 88.5822916, 27.8735065 ], [ 88.5820073, 27.8735776 ], [ 88.5818088, 27.8736701 ], [ 88.5815486, 27.8738028 ], [ 88.5813045, 27.873874 ], [ 88.5810792, 27.8739332 ], [ 88.5810471, 27.8739973 ], [ 88.58098, 27.8740921 ], [ 88.5808325, 27.8741964 ], [ 88.5806045, 27.8742344 ], [ 88.5803524, 27.8742439 ], [ 88.580229, 27.8742557 ], [ 88.5801324, 27.8743529 ], [ 88.5799822, 27.8743671 ], [ 88.5798508, 27.8743837 ], [ 88.5797891, 27.8744762 ], [ 88.5797274, 27.8745165 ], [ 88.5795423, 27.8746019 ], [ 88.5793439, 27.874673 ], [ 88.5791856, 27.8747607 ], [ 88.5790837, 27.8748034 ], [ 88.5789227, 27.8748058 ], [ 88.5787564, 27.8747655 ], [ 88.5786062, 27.8747275 ], [ 88.5784802, 27.8747228 ], [ 88.5784373, 27.8747015 ], [ 88.5783327, 27.874628 ], [ 88.5782361, 27.8745734 ], [ 88.5780618, 27.8744833 ], [ 88.5778901, 27.8744478 ], [ 88.5777774, 27.8744217 ], [ 88.5776487, 27.874334 ], [ 88.5775065, 27.8742462 ], [ 88.5773456, 27.8741395 ], [ 88.5771525, 27.8739973 ], [ 88.5769111, 27.873855 ], [ 88.5767367, 27.8737862 ], [ 88.5765919, 27.8737531 ], [ 88.5764471, 27.8737459 ], [ 88.5763666, 27.873727 ], [ 88.5762539, 27.8736677 ], [ 88.5761172, 27.8736084 ], [ 88.5759535, 27.8736179 ], [ 88.5758463, 27.8735942 ], [ 88.575696, 27.8734851 ], [ 88.5755861, 27.8733642 ], [ 88.5755324, 27.873203 ], [ 88.5755271, 27.8730868 ], [ 88.5754868, 27.8729137 ], [ 88.5753769, 27.8727809 ], [ 88.5752937, 27.8727122 ], [ 88.575173, 27.8725912 ], [ 88.5750657, 27.8725154 ], [ 88.5749504, 27.8724798 ], [ 88.5747975, 27.8724395 ], [ 88.5746393, 27.8724158 ], [ 88.5745534, 27.872366 ], [ 88.5745078, 27.8722522 ], [ 88.5744461, 27.8721455 ], [ 88.5742423, 27.8719961 ], [ 88.5741377, 27.8719724 ], [ 88.5739553, 27.871887 ], [ 88.57384, 27.8718301 ], [ 88.5737085, 27.8717803 ], [ 88.5735208, 27.8717614 ], [ 88.5733062, 27.8717969 ], [ 88.573164, 27.8718135 ], [ 88.5730138, 27.8718207 ], [ 88.572877, 27.8717803 ], [ 88.5727188, 27.8716879 ], [ 88.5725632, 27.8715835 ], [ 88.5723701, 27.8715195 ], [ 88.5721984, 27.8715314 ], [ 88.5720992, 27.8715527 ], [ 88.571831, 27.8715812 ], [ 88.5716379, 27.871631 ], [ 88.5714903, 27.8716831 ], [ 88.571367, 27.8717566 ], [ 88.5712624, 27.871823 ], [ 88.5711256, 27.8718467 ], [ 88.5710049, 27.8718396 ], [ 88.5708627, 27.8717922 ], [ 88.570691, 27.8717543 ], [ 88.5704952, 27.8717282 ], [ 88.5703048, 27.8717116 ], [ 88.5701063, 27.8717163 ], [ 88.5699427, 27.871695 ], [ 88.5698274, 27.8716547 ], [ 88.5697362, 27.8715859 ], [ 88.5696128, 27.8714911 ], [ 88.5694599, 27.8714318 ], [ 88.569358, 27.8714105 ], [ 88.5692909, 27.8713867 ], [ 88.5692641, 27.8713322 ], [ 88.5693204, 27.8712682 ], [ 88.5693499, 27.8712184 ], [ 88.5692373, 27.8710927 ], [ 88.5691461, 27.8709932 ], [ 88.5689932, 27.8709125 ], [ 88.5687625, 27.8708295 ], [ 88.5686499, 27.8707513 ], [ 88.5685426, 27.8706588 ], [ 88.5684407, 27.870583 ], [ 88.56832, 27.8704905 ], [ 88.5681805, 27.8704099 ], [ 88.5680249, 27.8703933 ], [ 88.5678828, 27.8704431 ], [ 88.5677245, 27.8705071 ], [ 88.5675529, 27.8705403 ], [ 88.5673302, 27.8705592 ], [ 88.5671237, 27.8705735 ], [ 88.5669708, 27.8705498 ], [ 88.5668716, 27.8704644 ], [ 88.5667777, 27.8703292 ], [ 88.5666463, 27.8702178 ], [ 88.5664907, 27.8701656 ], [ 88.5663164, 27.8700921 ], [ 88.5661206, 27.8699499 ], [ 88.5659704, 27.8698052 ], [ 88.5659489, 27.8697222 ], [ 88.566032, 27.8696321 ], [ 88.5661045, 27.8695397 ], [ 88.5660937, 27.8694543 ], [ 88.5660025, 27.869414 ], [ 88.5659087, 27.8693927 ], [ 88.5657692, 27.8693784 ], [ 88.5656163, 27.8694069 ], [ 88.5654661, 27.8694282 ], [ 88.5653025, 27.8694235 ], [ 88.5652301, 27.8693761 ], [ 88.5652918, 27.8693073 ], [ 88.5654017, 27.8692219 ], [ 88.565509, 27.8690702 ], [ 88.5655117, 27.8689706 ], [ 88.5654446, 27.8688924 ], [ 88.5653213, 27.8688829 ], [ 88.5651335, 27.8689516 ], [ 88.5649914, 27.8690607 ], [ 88.5648277, 27.8690892 ], [ 88.5647204, 27.8690702 ], [ 88.5646078, 27.8689777 ], [ 88.5644925, 27.8688663 ], [ 88.5643959, 27.8687287 ], [ 88.5642698, 27.86866 ], [ 88.5641599, 27.8686102 ], [ 88.5640177, 27.8685675 ], [ 88.5638782, 27.8686149 ], [ 88.5638916, 27.8687406 ], [ 88.5639104, 27.8688544 ], [ 88.5638675, 27.8689659 ], [ 88.5637495, 27.8690085 ], [ 88.5636261, 27.8689706 ], [ 88.5635269, 27.8688829 ], [ 88.5635081, 27.8687382 ], [ 88.5635054, 27.8685983 ], [ 88.5634249, 27.8684039 ], [ 88.5633579, 27.868264 ], [ 88.563256, 27.8680885 ], [ 88.5630628, 27.8679629 ], [ 88.5628617, 27.867887 ], [ 88.5625532, 27.867785 ], [ 88.562336, 27.8677092 ], [ 88.5620865, 27.8676831 ], [ 88.5618317, 27.8677447 ], [ 88.5616091, 27.8678562 ], [ 88.5614401, 27.8679652 ], [ 88.5612389, 27.8680056 ], [ 88.5610619, 27.8680411 ], [ 88.56085, 27.8680482 ], [ 88.5606086, 27.8679771 ], [ 88.5604128, 27.8678657 ], [ 88.560217, 27.8677969 ], [ 88.5600266, 27.8678277 ], [ 88.5598549, 27.8678396 ], [ 88.5596645, 27.8678064 ], [ 88.5596403, 27.8677258 ], [ 88.5596618, 27.8676191 ], [ 88.5596618, 27.8674815 ], [ 88.5596269, 27.8673606 ], [ 88.5595492, 27.8672705 ], [ 88.5594526, 27.8672468 ], [ 88.559356, 27.8671994 ], [ 88.5592461, 27.8671567 ], [ 88.5590744, 27.8671164 ], [ 88.5589081, 27.8672041 ], [ 88.5587445, 27.8672823 ], [ 88.5585487, 27.8673701 ], [ 88.5583824, 27.8673914 ], [ 88.5582161, 27.8673985 ], [ 88.558082, 27.8673914 ], [ 88.5579532, 27.8673013 ], [ 88.5579103, 27.8671543 ], [ 88.5578111, 27.867012 ], [ 88.5576636, 27.8668982 ], [ 88.5574865, 27.8668152 ], [ 88.557339, 27.8668484 ], [ 88.5571942, 27.8668247 ], [ 88.5569876, 27.8667773 ], [ 88.5567731, 27.8668674 ], [ 88.5567114, 27.8670144 ], [ 88.556655, 27.8671543 ], [ 88.556596, 27.8673274 ], [ 88.5564539, 27.8673582 ], [ 88.5562769, 27.8673416 ], [ 88.5560784, 27.8671922 ], [ 88.5558584, 27.8670666 ], [ 88.5556895, 27.8669456 ], [ 88.5555124, 27.8668318 ], [ 88.5553595, 27.8667702 ], [ 88.5551879, 27.8667559 ], [ 88.5549787, 27.8667773 ], [ 88.5548151, 27.8668555 ], [ 88.5546568, 27.866986 ], [ 88.5544154, 27.8671448 ], [ 88.5541794, 27.8671567 ], [ 88.5540345, 27.8671116 ], [ 88.5538441, 27.8670263 ], [ 88.5536295, 27.8670097 ], [ 88.5534579, 27.8669765 ], [ 88.553313, 27.8669053 ], [ 88.553187, 27.8668413 ], [ 88.5530797, 27.8667322 ], [ 88.5529429, 27.8666374 ], [ 88.5527605, 27.8665449 ], [ 88.5525539, 27.8665663 ], [ 88.5523581, 27.8665663 ], [ 88.5522106, 27.8664596 ], [ 88.5519773, 27.8663884 ], [ 88.5517895, 27.8663078 ], [ 88.5515776, 27.8661632 ], [ 88.5513228, 27.8660825 ], [ 88.5509929, 27.8660161 ], [ 88.5507381, 27.8659521 ], [ 88.550363, 27.8659506 ], [ 88.5499802, 27.8659163 ], [ 88.5497752, 27.8659029 ], [ 88.5495513, 27.8660082 ], [ 88.5492629, 27.866037 ], [ 88.5489157, 27.8660755 ], [ 88.5486705, 27.8660872 ], [ 88.5483511, 27.8660214 ], [ 88.548128, 27.8658923 ], [ 88.5480371, 27.8659078 ], [ 88.5478465, 27.8658672 ], [ 88.5476992, 27.8657838 ], [ 88.5476665, 27.8655967 ], [ 88.5475686, 27.8653917 ], [ 88.5475009, 27.865261 ], [ 88.5472673, 27.8651293 ], [ 88.5471896, 27.8650179 ], [ 88.5472129, 27.8649482 ], [ 88.5470836, 27.8647605 ], [ 88.5470983, 27.86461 ], [ 88.5470848, 27.8645584 ], [ 88.5470022, 27.8643265 ], [ 88.5470087, 27.8641295 ], [ 88.5470261, 27.8639028 ], [ 88.5469803, 27.8638512 ], [ 88.5468221, 27.8637066 ], [ 88.5466799, 27.8636236 ], [ 88.5465815, 27.8635894 ], [ 88.5464144, 27.863558 ], [ 88.5461756, 27.8635007 ] ] } },
{ "type": "Feature", "properties": { "element": "way", "id": 599010850, "name": null, "waterway": "stream" }, "geometry": { "type": "LineString", "coordinates": [ [ 88.5947953, 27.8779014 ], [ 88.5945926, 27.8779492 ], [ 88.5943898, 27.8778895 ], [ 88.594106, 27.8777461 ], [ 88.59391, 27.877531 ], [ 88.5937883, 27.8773458 ], [ 88.5935855, 27.8771068 ], [ 88.5934842, 27.8768858 ], [ 88.5934067, 27.8767026 ], [ 88.5933101, 27.8765342 ], [ 88.5932618, 27.8763991 ], [ 88.5932431, 27.8762924 ], [ 88.5932806, 27.8761478 ], [ 88.5933074, 27.8760245 ], [ 88.5933128, 27.8758941 ], [ 88.5932136, 27.875804 ], [ 88.5930982, 27.8757305 ], [ 88.5930204, 27.8755929 ], [ 88.5929453, 27.8754649 ], [ 88.59283, 27.8753155 ], [ 88.5927147, 27.8752326 ], [ 88.5925671, 27.875178 ], [ 88.5924357, 27.875216 ], [ 88.5922909, 27.8751994 ], [ 88.5921863, 27.8751994 ], [ 88.5921085, 27.8751567 ], [ 88.5919958, 27.8751804 ], [ 88.5918859, 27.8751472 ], [ 88.5917678, 27.8751401 ], [ 88.5916015, 27.8752254 ] ] } },
{ "type": "Feature", "properties": { "element": "way", "id": 599747305, "name": null, "waterway": "stream" }, "geometry": { "type": "LineString", "coordinates": [ [ 88.4791875, 27.5025618 ], [ 88.4798312, 27.502105 ], [ 88.4800672, 27.5018766 ], [ 88.4797668, 27.5012104 ], [ 88.4799385, 27.5006014 ], [ 88.4800672, 27.5001255 ], [ 88.4800672, 27.4996687 ], [ 88.4800243, 27.499269 ], [ 88.4800243, 27.4988503 ], [ 88.4800887, 27.4983935 ], [ 88.4803033, 27.4977654 ], [ 88.4804535, 27.4972515 ], [ 88.4806037, 27.4966805 ], [ 88.4807753, 27.4963569 ], [ 88.4806037, 27.4956717 ], [ 88.4803676, 27.4952339 ] ] } },
{ "type": "Feature", "properties": { "element": "way", "id": 599747306, "name": null, "waterway": "stream" }, "geometry": { "type": "LineString", "coordinates": [ [ 88.4726429, 27.5011724 ], [ 88.4731793, 27.5006014 ], [ 88.4737801, 27.5002207 ], [ 88.4741235, 27.4999352 ], [ 88.4744453, 27.49984 ], [ 88.4749603, 27.4996878 ], [ 88.4755611, 27.49925 ], [ 88.4758401, 27.4988693 ], [ 88.4761054, 27.4986508 ], [ 88.4761405, 27.4986219 ], [ 88.4768486, 27.4982793 ], [ 88.4774709, 27.4979177 ], [ 88.4780717, 27.4976131 ], [ 88.4788227, 27.4970421 ], [ 88.479402, 27.4965472 ], [ 88.4800672, 27.495824 ], [ 88.4803676, 27.4952339 ], [ 88.4805822, 27.4948152 ], [ 88.4811187, 27.4943774 ], [ 88.4815478, 27.4938825 ], [ 88.4817624, 27.4932353 ], [ 88.4823632, 27.4923788 ], [ 88.4827065, 27.4920171 ], [ 88.4833288, 27.4917506 ], [ 88.4838652, 27.4915984 ], [ 88.4842086, 27.4916174 ], [ 88.4845519, 27.4912177 ], [ 88.4848952, 27.4906276 ], [ 88.4852385, 27.4900946 ], [ 88.4856891, 27.4894093 ], [ 88.4861183, 27.4888002 ], [ 88.4864847, 27.4881156 ] ] } },
{ "type": "Feature", "properties": { "element": "way", "id": 599770436, "name": null, "waterway": "stream" }, "geometry": { "type": "LineString", "coordinates": [ [ 88.50387, 27.5996182 ], [ 88.5036875, 27.5993247 ], [ 88.5036402, 27.5991031 ], [ 88.5035523, 27.5989354 ], [ 88.5034577, 27.5987318 ], [ 88.5034442, 27.5985521 ], [ 88.5033698, 27.5983963 ], [ 88.5032009, 27.5982166 ], [ 88.5030454, 27.598025 ], [ 88.5029305, 27.5978453 ], [ 88.5028426, 27.5976057 ], [ 88.5027886, 27.597408 ], [ 88.5027277, 27.5971265 ], [ 88.5027075, 27.5969288 ], [ 88.5027277, 27.5966833 ], [ 88.5026804, 27.5964676 ], [ 88.5025655, 27.5962939 ], [ 88.5023898, 27.5961442 ], [ 88.5021262, 27.5958866 ], [ 88.501991, 27.5956949 ], [ 88.5019099, 27.5955152 ], [ 88.5018964, 27.5952637 ], [ 88.5018153, 27.5950241 ], [ 88.5017477, 27.5948444 ], [ 88.501768, 27.5946228 ], [ 88.5017612, 27.594467 ], [ 88.5017275, 27.5942753 ], [ 88.5016261, 27.5940657 ], [ 88.5015314, 27.593886 ], [ 88.5014436, 27.5936763 ], [ 88.5013828, 27.5935026 ], [ 88.5012949, 27.593305 ], [ 88.5011935, 27.5931552 ], [ 88.5011192, 27.5929216 ], [ 88.5010651, 27.592712 ], [ 88.5009502, 27.5925622 ], [ 88.500761, 27.5923765 ], [ 88.5005582, 27.5922747 ], [ 88.5003149, 27.5921848 ], [ 88.5000648, 27.5921189 ], [ 88.4998756, 27.592053 ], [ 88.4995849, 27.5919991 ], [ 88.4993213, 27.5919512 ], [ 88.4990015, 27.5918788 ] ] } },
{ "type": "Feature", "properties": { "element": "way", "id": 599770440, "name": null, "waterway": "stream" }, "geometry": { "type": "LineString", "coordinates": [ [ 88.4941712, 27.5961202 ], [ 88.4941982, 27.5957968 ], [ 88.4943064, 27.5955452 ], [ 88.4944753, 27.5952517 ], [ 88.4946984, 27.5949043 ], [ 88.4948606, 27.5946647 ], [ 88.494962, 27.5943113 ], [ 88.4950228, 27.5939698 ], [ 88.4950025, 27.5936883 ], [ 88.4949755, 27.5934607 ], [ 88.4951174, 27.5931971 ], [ 88.4951512, 27.5930354 ], [ 88.495158, 27.5928737 ], [ 88.4949957, 27.592676 ], [ 88.4949011, 27.5924184 ], [ 88.4949822, 27.5921848 ], [ 88.494989, 27.5919931 ], [ 88.4948471, 27.5918015 ], [ 88.4946984, 27.5916098 ], [ 88.4944956, 27.5913762 ], [ 88.4942996, 27.5912144 ], [ 88.494205, 27.5910827 ], [ 88.4941441, 27.5909389 ], [ 88.4941103, 27.5907532 ], [ 88.4941915, 27.5906514 ], [ 88.4942996, 27.5906214 ], [ 88.4942726, 27.5904237 ], [ 88.4942861, 27.5901781 ], [ 88.4943111, 27.5900769 ] ] } },
{ "type": "Feature", "properties": { "element": "way", "id": 599770443, "name": null, "waterway": "stream" }, "geometry": { "type": "LineString", "coordinates": [ [ 88.4905688, 27.5935506 ], [ 88.4905755, 27.5931672 ], [ 88.4906026, 27.5927239 ], [ 88.4905147, 27.5925502 ], [ 88.4903795, 27.5923945 ], [ 88.4902579, 27.5922268 ], [ 88.4902241, 27.592077 ], [ 88.4902917, 27.5919093 ], [ 88.4904066, 27.5917356 ], [ 88.4904809, 27.5915858 ], [ 88.4905147, 27.5914001 ], [ 88.4904336, 27.5912624 ], [ 88.4902849, 27.5910168 ], [ 88.4901362, 27.5908371 ], [ 88.4901295, 27.5906993 ], [ 88.4901362, 27.5904417 ], [ 88.4901092, 27.5902141 ], [ 88.4901159, 27.5900044 ], [ 88.4900754, 27.5898127 ], [ 88.4899875, 27.5896869 ], [ 88.4897983, 27.5894414 ], [ 88.4896901, 27.5892616 ], [ 88.4898253, 27.58904 ], [ 88.489947, 27.5888723 ], [ 88.4899267, 27.5886806 ], [ 88.4900281, 27.588411 ], [ 88.4900957, 27.5881594 ], [ 88.4901385, 27.5880165 ] ] } },
{ "type": "Feature", "properties": { "element": "way", "id": 599770445, "name": null, "waterway": "stream" }, "geometry": { "type": "LineString", "coordinates": [ [ 88.4949696, 27.6001279 ], [ 88.4943795, 27.6000043 ], [ 88.4940576, 27.5999377 ], [ 88.4936607, 27.5998426 ], [ 88.4932637, 27.5997666 ], [ 88.4928667, 27.599719 ], [ 88.492502, 27.599662 ], [ 88.4922016, 27.5996049 ], [ 88.491987, 27.5994433 ], [ 88.4917831, 27.5994433 ], [ 88.4916007, 27.5994433 ], [ 88.4913969, 27.5993007 ], [ 88.4912038, 27.599139 ], [ 88.4910214, 27.5989679 ], [ 88.4908068, 27.5988823 ], [ 88.4905708, 27.5987207 ], [ 88.4904313, 27.5986161 ], [ 88.4901309, 27.598464 ], [ 88.4898305, 27.5983499 ], [ 88.4897447, 27.5982072 ], [ 88.4896159, 27.5980551 ], [ 88.4893262, 27.5979695 ], [ 88.4891224, 27.5979886 ], [ 88.4889078, 27.5978364 ], [ 88.4886718, 27.5976177 ], [ 88.4884572, 27.5974751 ], [ 88.4882438, 27.5973302 ], [ 88.4879802, 27.5972583 ], [ 88.4878653, 27.5971265 ], [ 88.4877098, 27.5969468 ], [ 88.4875273, 27.5967551 ], [ 88.4873786, 27.5966234 ], [ 88.487257, 27.5964197 ], [ 88.4871083, 27.5961981 ], [ 88.4869461, 27.5960364 ], [ 88.4867771, 27.5959166 ], [ 88.4866014, 27.5957668 ], [ 88.4864595, 27.5955931 ], [ 88.4863108, 27.5954434 ], [ 88.4861688, 27.5952397 ], [ 88.4860674, 27.5949702 ], [ 88.4858512, 27.5948264 ], [ 88.485743, 27.5946048 ], [ 88.4856552, 27.5944071 ], [ 88.4852767, 27.5942214 ], [ 88.4850807, 27.5940837 ], [ 88.4849185, 27.5939579 ], [ 88.4847495, 27.593892 ], [ 88.4845805, 27.5937842 ], [ 88.4844386, 27.5936883 ], [ 88.4843102, 27.5935446 ], [ 88.4841682, 27.5933888 ], [ 88.483952, 27.5933709 ], [ 88.4837627, 27.5933409 ], [ 88.4835397, 27.593257 ], [ 88.4834045, 27.5931313 ], [ 88.4832153, 27.5929336 ], [ 88.4830395, 27.5928258 ], [ 88.4828368, 27.5927 ], [ 88.4825664, 27.5925263 ], [ 88.4824177, 27.5923945 ], [ 88.4822352, 27.5921968 ], [ 88.4820325, 27.592107 ], [ 88.4817959, 27.5919931 ], [ 88.481654, 27.5918015 ], [ 88.4816134, 27.5915619 ], [ 88.4817013, 27.5913462 ], [ 88.4817351, 27.5910707 ], [ 88.4817418, 27.5908251 ], [ 88.4817554, 27.5905495 ], [ 88.4817621, 27.5903279 ], [ 88.4817892, 27.5900404 ], [ 88.4819108, 27.5897888 ], [ 88.4820325, 27.5894833 ], [ 88.4821406, 27.5892437 ], [ 88.482269, 27.589022 ], [ 88.4823974, 27.5888603 ], [ 88.4825326, 27.5886387 ], [ 88.4827151, 27.5884829 ], [ 88.4829719, 27.5883511 ], [ 88.4832288, 27.5882134 ], [ 88.483391, 27.5881235 ], [ 88.4836613, 27.5879977 ], [ 88.4838168, 27.587824 ], [ 88.4838573, 27.5876083 ], [ 88.4838033, 27.5873388 ], [ 88.4837424, 27.5870452 ], [ 88.4836951, 27.5867757 ], [ 88.4836411, 27.586554 ], [ 88.4835329, 27.5863923 ], [ 88.4834315, 27.5862545 ], [ 88.4833234, 27.5860748 ], [ 88.4832896, 27.585931 ], [ 88.4833099, 27.5857753 ], [ 88.4832538, 27.5854289 ] ] } },
{ "type": "Feature", "properties": { "element": "way", "id": 599770451, "name": null, "waterway": "stream" }, "geometry": { "type": "LineString", "coordinates": [ [ 88.473587, 27.5914468 ], [ 88.4734476, 27.5910284 ], [ 88.4734046, 27.5907622 ], [ 88.4733939, 27.5905149 ], [ 88.4734476, 27.5902487 ], [ 88.4735119, 27.5900015 ], [ 88.4735334, 27.5898588 ], [ 88.4734154, 27.5897257 ], [ 88.4732759, 27.589564 ], [ 88.4731901, 27.5894404 ], [ 88.4731471, 27.5892122 ], [ 88.4731579, 27.588965 ], [ 88.4731579, 27.5887653 ], [ 88.4732973, 27.5884705 ], [ 88.4732652, 27.5882423 ], [ 88.4732437, 27.587957 ], [ 88.4731901, 27.5877764 ], [ 88.4730613, 27.5876528 ], [ 88.4729862, 27.5875196 ], [ 88.4729755, 27.5871202 ], [ 88.4729862, 27.5867304 ], [ 88.472954, 27.5864641 ], [ 88.4728897, 27.5862359 ], [ 88.4729862, 27.5859601 ], [ 88.4730291, 27.5856178 ], [ 88.473115, 27.585342 ], [ 88.4732008, 27.5850187 ], [ 88.4731257, 27.5847715 ], [ 88.4731364, 27.5845433 ], [ 88.4734154, 27.584296 ], [ 88.4736621, 27.5841534 ], [ 88.4740162, 27.5838681 ], [ 88.4741449, 27.5836018 ], [ 88.4742415, 27.5833261 ], [ 88.4743059, 27.5829172 ], [ 88.4742308, 27.5825653 ], [ 88.4739733, 27.5823276 ], [ 88.4738767, 27.5820898 ], [ 88.4739733, 27.5816619 ], [ 88.4742737, 27.5817095 ], [ 88.4744775, 27.5817 ], [ 88.4746385, 27.5815098 ], [ 88.4747243, 27.5810533 ], [ 88.4748101, 27.58073 ], [ 88.4748852, 27.5804447 ], [ 88.4750354, 27.580264 ], [ 88.4752279, 27.5800388 ] ] } },
{ "type": "Feature", "properties": { "element": "way", "id": 599770456, "name": null, "waterway": "stream" }, "geometry": { "type": "LineString", "coordinates": [ [ 88.512449, 27.5964012 ], [ 88.5116997, 27.5960239 ], [ 88.5112058, 27.5956315 ], [ 88.51078, 27.595224 ], [ 88.5104564, 27.5948315 ], [ 88.5101839, 27.5945146 ], [ 88.5099114, 27.5940768 ], [ 88.509673, 27.5935938 ], [ 88.5095027, 27.5931259 ], [ 88.5093494, 27.5927637 ], [ 88.509111, 27.5925524 ], [ 88.5087022, 27.592341 ], [ 88.5079529, 27.5922505 ], [ 88.5072546, 27.5922127 ], [ 88.5068799, 27.5921976 ], [ 88.5064627, 27.5921373 ], [ 88.506105, 27.5920316 ], [ 88.5059006, 27.5919637 ], [ 88.5057133, 27.5921373 ], [ 88.5053897, 27.5922052 ], [ 88.5050406, 27.5922203 ], [ 88.5046318, 27.5922052 ], [ 88.5042827, 27.5921826 ], [ 88.5040443, 27.5921826 ], [ 88.503329, 27.5921146 ], [ 88.5026988, 27.5921524 ], [ 88.5020261, 27.5921297 ], [ 88.5013023, 27.5920543 ], [ 88.5008254, 27.5919939 ], [ 88.500323, 27.5918958 ], [ 88.4998376, 27.5918203 ], [ 88.49925, 27.5918128 ], [ 88.4990015, 27.5918788 ], [ 88.4987391, 27.5919486 ], [ 88.4983474, 27.5920844 ], [ 88.4980068, 27.592092 ], [ 88.4977684, 27.5919712 ], [ 88.497598, 27.5917901 ], [ 88.4974277, 27.5915712 ], [ 88.4973, 27.591375 ], [ 88.4970786, 27.5912694 ], [ 88.496772, 27.5911939 ], [ 88.4965336, 27.591126 ], [ 88.4962781, 27.5910128 ], [ 88.4958864, 27.5909373 ], [ 88.4954607, 27.5906656 ], [ 88.4950349, 27.5905977 ], [ 88.4946943, 27.5903562 ], [ 88.4943111, 27.5900769 ], [ 88.4941067, 27.5898656 ], [ 88.4938768, 27.5896694 ], [ 88.4935872, 27.5895109 ], [ 88.4930934, 27.5894882 ], [ 88.4926676, 27.5894052 ], [ 88.4922929, 27.5893599 ], [ 88.4917649, 27.5892694 ], [ 88.4915861, 27.5891486 ], [ 88.4913817, 27.5889298 ], [ 88.4910922, 27.5886882 ], [ 88.4907346, 27.5884014 ], [ 88.4904876, 27.5882882 ], [ 88.4902321, 27.5882354 ], [ 88.4901385, 27.5880165 ], [ 88.4900363, 27.5878505 ], [ 88.4899426, 27.5876618 ], [ 88.4897553, 27.5874807 ], [ 88.489585, 27.5873826 ], [ 88.4893976, 27.5872995 ], [ 88.489321, 27.5871335 ], [ 88.4892444, 27.5869071 ], [ 88.4891677, 27.586741 ], [ 88.4889293, 27.5864769 ], [ 88.4886653, 27.5863033 ], [ 88.4883587, 27.586258 ], [ 88.4880437, 27.5861222 ], [ 88.4877116, 27.5858957 ], [ 88.487405, 27.5856089 ], [ 88.4870474, 27.5855485 ], [ 88.4864428, 27.5856391 ], [ 88.4861277, 27.5858882 ], [ 88.4859318, 27.5860467 ], [ 88.4855827, 27.5861674 ], [ 88.4852676, 27.5861448 ], [ 88.4849866, 27.5859788 ], [ 88.484663, 27.5858127 ], [ 88.4842798, 27.5856693 ], [ 88.4836752, 27.5855712 ], [ 88.4832538, 27.5854289 ], [ 88.4831388, 27.5853901 ], [ 88.4827811, 27.5852089 ], [ 88.4824916, 27.5849372 ], [ 88.4824064, 27.5847636 ], [ 88.4824064, 27.5845674 ], [ 88.4825086, 27.5843636 ], [ 88.4825512, 27.5842051 ], [ 88.4824149, 27.5839334 ], [ 88.4822446, 27.5837749 ], [ 88.4820488, 27.5836617 ], [ 88.4815719, 27.5835862 ], [ 88.4811887, 27.5836013 ], [ 88.4808055, 27.5834201 ], [ 88.4803542, 27.5833069 ], [ 88.479673, 27.5832466 ], [ 88.4792216, 27.583239 ], [ 88.4787873, 27.583156 ], [ 88.4783871, 27.5829597 ], [ 88.4782849, 27.5827333 ], [ 88.4783445, 27.5824088 ], [ 88.4784212, 27.5821899 ], [ 88.4786341, 27.5820087 ], [ 88.4786766, 27.5817748 ], [ 88.4785234, 27.5815559 ], [ 88.4782594, 27.5814578 ], [ 88.4781402, 27.5811936 ], [ 88.4779017, 27.5809822 ], [ 88.477493, 27.5808464 ], [ 88.4771183, 27.5808011 ], [ 88.4767351, 27.5807558 ], [ 88.4764967, 27.5806728 ], [ 88.4763604, 27.5804615 ], [ 88.4760368, 27.5801973 ], [ 88.4756536, 27.5800614 ], [ 88.4752279, 27.5800388 ], [ 88.4748872, 27.5799331 ], [ 88.474734, 27.5796387 ], [ 88.474751, 27.5794727 ], [ 88.4746488, 27.5791406 ], [ 88.4745211, 27.5787858 ], [ 88.4742912, 27.5784235 ], [ 88.4741464, 27.5781141 ], [ 88.473908, 27.577782 ], [ 88.4738398, 27.5776234 ], [ 88.4739931, 27.577397 ], [ 88.4742145, 27.5771932 ], [ 88.4743593, 27.5769894 ], [ 88.4743678, 27.5766422 ], [ 88.4742571, 27.5763629 ], [ 88.4742316, 27.5761969 ], [ 88.4743423, 27.5759629 ], [ 88.4742401, 27.5756911 ], [ 88.4740102, 27.5755175 ], [ 88.4736951, 27.5753364 ], [ 88.4734907, 27.5749967 ], [ 88.4734737, 27.5746948 ], [ 88.4735163, 27.57434 ], [ 88.4731586, 27.5740683 ], [ 88.4727669, 27.5739702 ], [ 88.472273, 27.574023 ], [ 88.4719068, 27.5741287 ], [ 88.4715747, 27.574174 ], [ 88.471183, 27.5740834 ], [ 88.4707487, 27.573789 ], [ 88.4704847, 27.5733965 ], [ 88.4702548, 27.5730115 ], [ 88.4699483, 27.5726417 ], [ 88.4696076, 27.5723624 ], [ 88.4694373, 27.5720378 ], [ 88.4694118, 27.5716755 ], [ 88.4694714, 27.5713358 ], [ 88.4693522, 27.5711471 ], [ 88.4690627, 27.570898 ], [ 88.4689264, 27.5706489 ], [ 88.4688838, 27.57043 ], [ 88.4687135, 27.570196 ], [ 88.4684751, 27.5699544 ], [ 88.4681685, 27.5697657 ], [ 88.4678364, 27.5697355 ], [ 88.4676235, 27.5695996 ], [ 88.4673766, 27.5692826 ], [ 88.4672403, 27.5689052 ], [ 88.4671041, 27.5685051 ], [ 88.4669678, 27.5681654 ], [ 88.4667209, 27.5678182 ], [ 88.4664825, 27.5676144 ], [ 88.4662015, 27.5673426 ], [ 88.4658523, 27.5673049 ], [ 88.4655713, 27.5673049 ], [ 88.4653925, 27.5671992 ], [ 88.4651115, 27.5669954 ], [ 88.4648816, 27.5666934 ], [ 88.4655493, 27.5665376 ], [ 88.4656137, 27.5662269 ], [ 88.4652445, 27.5659075 ], [ 88.4652325, 27.5655957 ], [ 88.4652679, 27.5651118 ], [ 88.4648475, 27.5650327 ], [ 88.4645154, 27.5648817 ], [ 88.4641833, 27.5647458 ], [ 88.4638938, 27.564542 ], [ 88.4634935, 27.5641872 ], [ 88.4633999, 27.5639381 ], [ 88.4633403, 27.5636663 ], [ 88.4633488, 27.5633266 ], [ 88.4634084, 27.5630247 ], [ 88.4634339, 27.5627076 ], [ 88.4633913, 27.5623679 ], [ 88.4634765, 27.562149 ], [ 88.4634765, 27.5618848 ], [ 88.4633488, 27.5616507 ], [ 88.4631359, 27.5614469 ], [ 88.4630422, 27.561228 ], [ 88.4632381, 27.5609185 ], [ 88.463502, 27.5606844 ], [ 88.4637149, 27.56039 ], [ 88.4639363, 27.5600805 ], [ 88.4641322, 27.5599748 ], [ 88.4643791, 27.5600805 ], [ 88.464575, 27.5599446 ], [ 88.4646857, 27.5596351 ], [ 88.4647198, 27.5592878 ], [ 88.4647112, 27.5588122 ], [ 88.4646005, 27.5584574 ], [ 88.4643706, 27.5581328 ], [ 88.4641237, 27.5579516 ], [ 88.4636894, 27.5578308 ], [ 88.4632892, 27.5576345 ], [ 88.4630933, 27.5573628 ], [ 88.4628719, 27.5570004 ], [ 88.4627271, 27.5566305 ], [ 88.4625994, 27.5562605 ], [ 88.4624376, 27.5558604 ], [ 88.4623184, 27.5555207 ], [ 88.462097, 27.5551583 ], [ 88.4618245, 27.5548941 ], [ 88.4614754, 27.5548563 ], [ 88.4611944, 27.5549167 ], [ 88.4609815, 27.5548337 ], [ 88.46099, 27.5545242 ], [ 88.4611433, 27.5541693 ], [ 88.4613732, 27.5537616 ], [ 88.461569, 27.5533389 ], [ 88.4616201, 27.5528255 ], [ 88.4616372, 27.552516 ], [ 88.4617223, 27.5522668 ], [ 88.4618075, 27.5517912 ], [ 88.461552, 27.5515496 ], [ 88.4613817, 27.5514514 ], [ 88.461117, 27.5511589 ] ] } },
{ "type": "Feature", "properties": { "element": "way", "id": 599775741, "name": null, "waterway": "river" }, "geometry": { "type": "LineString", "coordinates": [ [ 88.6787394, 27.4978122 ], [ 88.6781944, 27.4978575 ], [ 88.6778027, 27.4977367 ], [ 88.6772747, 27.4976007 ], [ 88.6766616, 27.4975554 ], [ 88.6760485, 27.4976309 ], [ 88.6753843, 27.4978575 ], [ 88.6746179, 27.4980086 ], [ 88.6740899, 27.4981143 ], [ 88.6735279, 27.4981294 ], [ 88.6731362, 27.4980237 ], [ 88.6725742, 27.4977518 ], [ 88.6720803, 27.4975554 ], [ 88.6716034, 27.4975705 ], [ 88.6710754, 27.4976611 ], [ 88.6705816, 27.4980086 ], [ 88.6702239, 27.4980539 ], [ 88.6697981, 27.4978273 ], [ 88.6692872, 27.4978424 ], [ 88.6687081, 27.498069 ], [ 88.6681632, 27.4982654 ], [ 88.6673116, 27.4989301 ], [ 88.6673116, 27.4995042 ], [ 88.6672775, 27.4998365 ], [ 88.666954, 27.5003199 ], [ 88.6665793, 27.5006372 ], [ 88.6661365, 27.5006372 ], [ 88.6656255, 27.5005767 ], [ 88.6650295, 27.5004861 ], [ 88.6644334, 27.5001991 ], [ 88.6638373, 27.4998969 ], [ 88.6632753, 27.4997912 ], [ 88.6627303, 27.5000178 ], [ 88.662032, 27.5003652 ], [ 88.6610612, 27.5008335 ], [ 88.66038, 27.5012414 ], [ 88.6599372, 27.5014831 ], [ 88.6591538, 27.5020269 ], [ 88.6585236, 27.5025708 ], [ 88.6579957, 27.502888 ], [ 88.6573485, 27.5031448 ], [ 88.6564799, 27.5034469 ], [ 88.6558157, 27.503462 ], [ 88.6551345, 27.5034318 ], [ 88.6544362, 27.5035527 ], [ 88.6539253, 27.5037793 ], [ 88.6532781, 27.5041267 ], [ 88.6530335, 27.504393 ], [ 88.6529034, 27.5045346 ], [ 88.652665, 27.5050331 ], [ 88.6523244, 27.5054258 ], [ 88.6514728, 27.5065739 ], [ 88.651013, 27.5072234 ], [ 88.6504509, 27.5076615 ], [ 88.6496505, 27.5080089 ], [ 88.6487649, 27.5086433 ], [ 88.6483902, 27.5091267 ], [ 88.6478963, 27.5098518 ], [ 88.6475216, 27.5103956 ], [ 88.6472151, 27.5109393 ], [ 88.6469596, 27.5113623 ], [ 88.646636, 27.5118003 ], [ 88.6463295, 27.512329 ], [ 88.6459851, 27.5126814 ], [ 88.6458867, 27.5127822 ], [ 88.6454268, 27.513054 ], [ 88.6449329, 27.513477 ], [ 88.6447967, 27.5138697 ], [ 88.6448137, 27.5143682 ], [ 88.6446775, 27.5146098 ], [ 88.6443198, 27.5148062 ], [ 88.6440303, 27.5150479 ], [ 88.6437237, 27.5155312 ], [ 88.6435364, 27.5158635 ], [ 88.6434172, 27.5160297 ], [ 88.6431787, 27.516226 ], [ 88.64277, 27.5166943 ], [ 88.6425826, 27.5169661 ], [ 88.6422591, 27.5171021 ], [ 88.641663, 27.5171927 ], [ 88.6414416, 27.5174797 ], [ 88.6410669, 27.5179479 ], [ 88.6406241, 27.5183557 ], [ 88.6401642, 27.5189448 ], [ 88.6398747, 27.5193677 ], [ 88.6399088, 27.519851 ], [ 88.6397555, 27.5201984 ], [ 88.6394149, 27.5205156 ], [ 88.6390743, 27.521014 ], [ 88.6385974, 27.5214822 ], [ 88.6382738, 27.5218749 ], [ 88.6377969, 27.5222374 ], [ 88.6373351, 27.5226745 ], [ 88.6368538, 27.5230271 ], [ 88.6367109, 27.523423 ], [ 88.6364626, 27.5242849 ], [ 88.6362174, 27.5249017 ], [ 88.6363349, 27.5255792 ], [ 88.6359836, 27.5262251 ], [ 88.6357769, 27.5268272 ], [ 88.6358429, 27.5273075 ], [ 88.6358518, 27.5279071 ], [ 88.6355489, 27.5282636 ], [ 88.6352253, 27.528913 ], [ 88.6351401, 27.5295322 ], [ 88.6349017, 27.5301816 ], [ 88.634527, 27.5306196 ], [ 88.6341893, 27.5310749 ], [ 88.6340096, 27.5314247 ], [ 88.6339264, 27.5318855 ], [ 88.6339139, 27.5325225 ], [ 88.6340161, 27.5330511 ], [ 88.6340744, 27.5336154 ], [ 88.6339542, 27.5340712 ], [ 88.6341829, 27.5343917 ], [ 88.6344714, 27.5348112 ], [ 88.6345095, 27.5355613 ], [ 88.6346794, 27.5361944 ], [ 88.6344588, 27.5368925 ], [ 88.6341381, 27.5374941 ], [ 88.633459, 27.5378623 ], [ 88.6327116, 27.5385931 ], [ 88.6321086, 27.538684 ], [ 88.6314955, 27.5389709 ], [ 88.6312974, 27.5395617 ], [ 88.6308748, 27.5399536 ], [ 88.6305263, 27.5402385 ], [ 88.6304375, 27.54081 ], [ 88.6301403, 27.5410827 ], [ 88.6297651, 27.5415093 ], [ 88.629515, 27.541725 ], [ 88.629346, 27.5419168 ], [ 88.6293394, 27.5424085 ], [ 88.6292407, 27.5425086 ], [ 88.6290238, 27.5427283 ], [ 88.6290311, 27.5430665 ], [ 88.6289757, 27.5433115 ], [ 88.6288906, 27.5436927 ], [ 88.6288992, 27.5438147 ], [ 88.6287444, 27.5441367 ], [ 88.6280892, 27.544981 ] ] } },
{ "type": "Feature", "properties": { "element": "way", "id": 599775743, "name": null, "waterway": "stream" }, "geometry": { "type": "LineString", "coordinates": [ [ 88.4819514, 27.6213106 ], [ 88.4807348, 27.6217537 ], [ 88.4800454, 27.6220651 ], [ 88.4794236, 27.6223286 ], [ 88.4788964, 27.6225801 ], [ 88.4783827, 27.6226999 ], [ 88.4778015, 27.6226999 ], [ 88.4772067, 27.6225801 ], [ 88.4765579, 27.6224843 ], [ 88.475909, 27.6225083 ], [ 88.4753954, 27.6225322 ], [ 88.4745032, 27.6225322 ], [ 88.4736381, 27.6227238 ], [ 88.4727054, 27.6230113 ], [ 88.4721242, 27.6231311 ], [ 88.4714483, 27.623155 ], [ 88.4709076, 27.623155 ], [ 88.4701236, 27.6230951 ], [ 88.4693395, 27.623167 ], [ 88.4688664, 27.6235143 ], [ 88.4684879, 27.623694 ], [ 88.4679743, 27.6237299 ], [ 88.4671903, 27.6237898 ], [ 88.466609, 27.6238257 ], [ 88.4660954, 27.6238137 ], [ 88.4658289, 27.6240356 ] ] } },
{ "type": "Feature", "properties": { "element": "way", "id": 599775744, "name": null, "waterway": "stream" }, "geometry": { "type": "LineString", "coordinates": [ [ 88.4863851, 27.621598 ], [ 88.4853983, 27.6218735 ], [ 88.484763, 27.622149 ], [ 88.4838844, 27.6226041 ], [ 88.4832626, 27.6229155 ], [ 88.4826543, 27.6232987 ], [ 88.4821541, 27.6235383 ], [ 88.4815729, 27.6238257 ], [ 88.4809376, 27.6240173 ], [ 88.480478, 27.6240533 ], [ 88.4798291, 27.6240413 ], [ 88.4792479, 27.6242209 ], [ 88.4784503, 27.6244844 ], [ 88.4778961, 27.624688 ], [ 88.4772608, 27.6247479 ], [ 88.4767201, 27.6249275 ], [ 88.4763822, 27.6251192 ], [ 88.4753954, 27.6255264 ], [ 88.4745573, 27.6257779 ], [ 88.4738138, 27.6260653 ], [ 88.473192, 27.626197 ], [ 88.4724486, 27.6263527 ], [ 88.4719619, 27.6265923 ], [ 88.4714618, 27.6267599 ], [ 88.4709616, 27.6269755 ], [ 88.4705021, 27.6270833 ], [ 88.4698262, 27.6273587 ], [ 88.4695829, 27.6276222 ], [ 88.4693125, 27.6276222 ] ] } },
{ "type": "Feature", "properties": { "element": "way", "id": 599775745, "name": null, "waterway": "stream" }, "geometry": { "type": "LineString", "coordinates": [ [ 88.5116898, 27.6389751 ], [ 88.5110815, 27.6391068 ], [ 88.5104057, 27.6391188 ], [ 88.509919, 27.6390709 ], [ 88.5092972, 27.6390469 ], [ 88.5088782, 27.6391547 ], [ 88.5084862, 27.639478 ], [ 88.5081753, 27.6395499 ], [ 88.5076346, 27.639502 ], [ 88.5072831, 27.6396337 ], [ 88.5068641, 27.639969 ], [ 88.5065397, 27.6402444 ], [ 88.5060125, 27.6404001 ], [ 88.5055934, 27.64046 ], [ 88.5051068, 27.6404001 ], [ 88.5047283, 27.6403402 ], [ 88.504066, 27.6402684 ] ] } },
{ "type": "Feature", "properties": { "element": "way", "id": 599775746, "name": null, "waterway": "stream" }, "geometry": { "type": "LineString", "coordinates": [ [ 88.4919273, 27.6234784 ], [ 88.4918597, 27.6239694 ], [ 88.491711, 27.6244006 ], [ 88.4914812, 27.6246162 ], [ 88.490927, 27.6248677 ], [ 88.4906026, 27.6251072 ], [ 88.4904944, 27.6253946 ], [ 88.4903728, 27.6257779 ], [ 88.490143, 27.6261132 ], [ 88.4897915, 27.626197 ], [ 88.4892508, 27.6262809 ], [ 88.4885749, 27.6264486 ], [ 88.4881559, 27.626724 ], [ 88.4878855, 27.6271312 ], [ 88.4876152, 27.6275384 ], [ 88.4873313, 27.6278977 ], [ 88.487088, 27.6283049 ], [ 88.4869393, 27.6288318 ] ] } },
{ "type": "Feature", "properties": { "element": "way", "id": 599775747, "name": null, "waterway": "stream" }, "geometry": { "type": "LineString", "coordinates": [ [ 88.4896023, 27.6339575 ], [ 88.488656, 27.6339096 ], [ 88.4879937, 27.6338497 ], [ 88.4875071, 27.6336341 ], [ 88.487088, 27.6333108 ], [ 88.486669, 27.6330114 ], [ 88.4861959, 27.6328318 ], [ 88.4857363, 27.632724 ], [ 88.4853307, 27.6324366 ], [ 88.4849387, 27.632209 ], [ 88.4845197, 27.6321851 ], [ 88.4842223, 27.6320294 ], [ 88.4837086, 27.6316462 ], [ 88.483222, 27.631239 ], [ 88.482857, 27.6309037 ], [ 88.4824785, 27.6306881 ], [ 88.4821947, 27.6305324 ] ] } },
{ "type": "Feature", "properties": { "element": "way", "id": 599775748, "name": null, "waterway": "stream" }, "geometry": { "type": "LineString", "coordinates": [ [ 88.5146907, 27.6478602 ], [ 88.5143393, 27.6480158 ], [ 88.5139337, 27.6481236 ], [ 88.5135688, 27.6482673 ], [ 88.5130957, 27.6482912 ], [ 88.5125955, 27.6482433 ], [ 88.5122576, 27.6480278 ], [ 88.5119331, 27.6477644 ], [ 88.5115817, 27.6476327 ], [ 88.511041, 27.6473213 ], [ 88.5106084, 27.6469861 ], [ 88.5102029, 27.6466268 ], [ 88.5098515, 27.6464832 ], [ 88.5092837, 27.6463514 ], [ 88.5089052, 27.6461 ], [ 88.5086754, 27.6458246 ], [ 88.5084592, 27.645609 ], [ 88.5082564, 27.6454055 ], [ 88.5080807, 27.6450702 ], [ 88.507932, 27.6446631 ], [ 88.5076751, 27.6443637 ], [ 88.5076076, 27.6441122 ], [ 88.5076346, 27.643753 ], [ 88.5074859, 27.6435135 ], [ 88.5070804, 27.6432381 ], [ 88.5066208, 27.6429268 ], [ 88.5063775, 27.6425077 ], [ 88.5059584, 27.6423041 ], [ 88.5056746, 27.6420885 ], [ 88.5053501, 27.6417772 ], [ 88.5051474, 27.6416215 ], [ 88.5049581, 27.6415257 ], [ 88.5049176, 27.641394 ], [ 88.50485, 27.6411785 ], [ 88.5046743, 27.6410348 ], [ 88.5044715, 27.6409869 ], [ 88.5043769, 27.6408552 ], [ 88.5042687, 27.6405678 ], [ 88.504066, 27.6402684 ], [ 88.503674, 27.6398373 ], [ 88.5034036, 27.6394541 ], [ 88.5030657, 27.6392146 ], [ 88.5028764, 27.638999 ], [ 88.5027548, 27.6387835 ], [ 88.5026061, 27.638556 ], [ 88.5023357, 27.6384961 ], [ 88.5021465, 27.6383763 ], [ 88.5018221, 27.6381847 ], [ 88.5015247, 27.6380051 ], [ 88.501403, 27.6377656 ], [ 88.5011192, 27.6374782 ], [ 88.5005379, 27.637095 ], [ 88.5000242, 27.6367956 ], [ 88.4995917, 27.63664 ], [ 88.4992808, 27.6364962 ], [ 88.499051, 27.6362567 ], [ 88.4987401, 27.635658 ], [ 88.4985373, 27.6352029 ], [ 88.4983075, 27.6349395 ], [ 88.4980642, 27.6347478 ], [ 88.4978614, 27.6346161 ], [ 88.4975505, 27.6343766 ], [ 88.4971991, 27.6340772 ], [ 88.496726, 27.633718 ], [ 88.4961177, 27.6333467 ], [ 88.4954959, 27.6330952 ], [ 88.4949822, 27.6328677 ], [ 88.4945767, 27.632724 ], [ 88.4941171, 27.6325204 ], [ 88.493671, 27.6322809 ], [ 88.4931438, 27.6318737 ], [ 88.4924274, 27.6313468 ], [ 88.4919273, 27.6310833 ], [ 88.4913055, 27.6307959 ], [ 88.4907377, 27.6304127 ], [ 88.4902105, 27.6300773 ], [ 88.4898726, 27.6298258 ], [ 88.4895076, 27.6296582 ], [ 88.4892508, 27.6295025 ], [ 88.4889264, 27.6292749 ], [ 88.4884938, 27.6289157 ], [ 88.487845, 27.6287001 ], [ 88.4874935, 27.6286522 ], [ 88.4869393, 27.6288318 ], [ 88.4863445, 27.6289755 ], [ 88.4858714, 27.6293468 ], [ 88.4853037, 27.6295743 ], [ 88.4846684, 27.6297061 ], [ 88.4839114, 27.6299216 ], [ 88.4831679, 27.630221 ], [ 88.4826678, 27.6304486 ], [ 88.4821947, 27.6305324 ], [ 88.4818297, 27.630233 ], [ 88.481316, 27.6298618 ], [ 88.4805996, 27.6295384 ], [ 88.479748, 27.6294067 ], [ 88.4790181, 27.629263 ], [ 88.4783557, 27.6291552 ], [ 88.4777609, 27.6288797 ], [ 88.4773419, 27.6286402 ], [ 88.4768282, 27.6284007 ], [ 88.4762875, 27.6280055 ], [ 88.4756522, 27.6277659 ], [ 88.4748682, 27.6275144 ], [ 88.4741923, 27.627742 ], [ 88.4734353, 27.6280893 ], [ 88.472773, 27.6280534 ], [ 88.4719755, 27.6278378 ], [ 88.4714077, 27.6278977 ], [ 88.47084, 27.6279935 ], [ 88.4702858, 27.6281133 ], [ 88.4697586, 27.6281731 ], [ 88.4695018, 27.6278977 ], [ 88.4693125, 27.6276222 ], [ 88.4689205, 27.627251 ], [ 88.4684474, 27.6268438 ], [ 88.4680554, 27.6264725 ], [ 88.4676769, 27.6261012 ], [ 88.4671227, 27.6255982 ], [ 88.4666361, 27.6251072 ], [ 88.4661089, 27.6245084 ], [ 88.4658289, 27.6240356 ], [ 88.4653929, 27.6234715 ] ] } },
{ "type": "Feature", "properties": { "element": "way", "id": 599775751, "name": null, "waterway": "stream" }, "geometry": { "type": "LineString", "coordinates": [ [ 88.482019, 27.6028406 ], [ 88.4819649, 27.603164 ], [ 88.4820865, 27.6035593 ], [ 88.4822217, 27.6037989 ], [ 88.4823974, 27.6040984 ], [ 88.4826678, 27.6043859 ], [ 88.4829246, 27.6044458 ], [ 88.4832626, 27.6044458 ], [ 88.4835464, 27.6045057 ], [ 88.4836816, 27.6046494 ], [ 88.4836951, 27.604913 ], [ 88.483952, 27.6050687 ], [ 88.4841142, 27.6053202 ], [ 88.4841006, 27.6055838 ], [ 88.4837627, 27.6057634 ], [ 88.483222, 27.6059192 ], [ 88.4828435, 27.6063145 ], [ 88.4827354, 27.6067457 ], [ 88.4827624, 27.6072368 ], [ 88.482411, 27.6075842 ], [ 88.4818567, 27.6077519 ], [ 88.4812214, 27.6081831 ], [ 88.480924, 27.6085664 ], [ 88.4805726, 27.6089976 ], [ 88.4803428, 27.609357 ], [ 88.4799913, 27.6100757 ], [ 88.4797345, 27.6105428 ], [ 88.4794506, 27.6109021 ], [ 88.4791127, 27.6111177 ], [ 88.4786531, 27.6112974 ], [ 88.4782881, 27.6114052 ] ] } },
{ "type": "Feature", "properties": { "element": "way", "id": 599775753, "name": null, "waterway": "stream" }, "geometry": { "type": "LineString", "coordinates": [ [ 88.4729758, 27.5996302 ], [ 88.4730028, 27.6000734 ], [ 88.4729352, 27.6006484 ], [ 88.4728541, 27.6010677 ], [ 88.4728, 27.6014271 ], [ 88.4728946, 27.6018943 ], [ 88.4729893, 27.6022776 ], [ 88.4729487, 27.602649 ], [ 88.4727324, 27.6030203 ], [ 88.4727595, 27.6033557 ], [ 88.4729217, 27.6038468 ], [ 88.4729622, 27.6043979 ], [ 88.4729622, 27.604877 ], [ 88.4729352, 27.6052484 ], [ 88.4729622, 27.6057515 ] ] } },
{ "type": "Feature", "properties": { "element": "way", "id": 599775754, "name": null, "waterway": "stream" }, "geometry": { "type": "LineString", "coordinates": [ [ 88.4815188, 27.5995583 ], [ 88.4805726, 27.6000495 ], [ 88.4795317, 27.6004688 ], [ 88.4787883, 27.6007922 ], [ 88.4781124, 27.6011875 ], [ 88.476274, 27.6023615 ], [ 88.4757063, 27.6028766 ], [ 88.4752872, 27.6034995 ], [ 88.4748412, 27.604302 ], [ 88.4744627, 27.6047213 ], [ 88.4738544, 27.6049848 ], [ 88.4733407, 27.6053801 ], [ 88.4729622, 27.6057515 ], [ 88.4726243, 27.6061468 ], [ 88.4718808, 27.6070451 ], [ 88.4714753, 27.6074045 ], [ 88.4712793, 27.6075722 ], [ 88.4710968, 27.6078836 ], [ 88.4709819, 27.6081172 ], [ 88.470867, 27.6084646 ], [ 88.4707994, 27.608794 ], [ 88.470813, 27.6090276 ], [ 88.4707792, 27.6092671 ], [ 88.4705561, 27.6095187 ], [ 88.4702993, 27.6097522 ], [ 88.4701912, 27.6099499 ], [ 88.469887, 27.6100517 ], [ 88.4696167, 27.6101355 ], [ 88.4693801, 27.6103991 ] ] } },
{ "type": "Feature", "properties": { "element": "way", "id": 599775756, "name": null, "waterway": "stream" }, "geometry": { "type": "LineString", "coordinates": [ [ 88.4792479, 27.6166874 ], [ 88.4789505, 27.6163041 ], [ 88.4787477, 27.6157172 ], [ 88.4786936, 27.615274 ], [ 88.478599, 27.6147949 ], [ 88.4783557, 27.6143877 ], [ 88.4781394, 27.6141002 ], [ 88.4779502, 27.6138128 ], [ 88.4775582, 27.6133337 ], [ 88.4771256, 27.61313 ], [ 88.4769364, 27.6129264 ], [ 88.4767606, 27.6127228 ], [ 88.4765984, 27.6124713 ], [ 88.4764362, 27.6121359 ], [ 88.4763416, 27.6118604 ], [ 88.4760172, 27.6115849 ], [ 88.4756657, 27.6112375 ] ] } },
{ "type": "Feature", "properties": { "element": "way", "id": 599775758, "name": null, "waterway": "stream" }, "geometry": { "type": "LineString", "coordinates": [ [ 88.4852496, 27.6153818 ], [ 88.4845332, 27.6149626 ], [ 88.4841412, 27.6147351 ], [ 88.4836546, 27.6145913 ], [ 88.4833031, 27.6146392 ], [ 88.4829922, 27.6147949 ], [ 88.4826002, 27.6146512 ], [ 88.4821676, 27.6145195 ], [ 88.4818297, 27.6145674 ], [ 88.4815053, 27.6146153 ], [ 88.4812079, 27.6144476 ], [ 88.48087, 27.6142559 ], [ 88.4804509, 27.6141002 ], [ 88.4801265, 27.6139924 ], [ 88.4798426, 27.6138487 ], [ 88.4794641, 27.6135852 ], [ 88.4790992, 27.6134295 ], [ 88.478545, 27.6133217 ], [ 88.478153, 27.6134055 ], [ 88.4778285, 27.6134055 ], [ 88.4775582, 27.6133337 ] ] } },
{ "type": "Feature", "properties": { "element": "way", "id": 599775759, "name": null, "waterway": "stream" }, "geometry": { "type": "LineString", "coordinates": [ [ 88.4906296, 27.6159208 ], [ 88.490197, 27.6159328 ], [ 88.4898861, 27.6161005 ], [ 88.4896023, 27.6160885 ], [ 88.4892778, 27.6160646 ], [ 88.4889264, 27.6160167 ], [ 88.4886425, 27.6160765 ], [ 88.4883181, 27.6158849 ], [ 88.4880478, 27.6156813 ], [ 88.4877368, 27.6155256 ], [ 88.487453, 27.6153699 ], [ 88.4870475, 27.6152501 ], [ 88.4867636, 27.6151782 ], [ 88.4864932, 27.6149267 ], [ 88.4862634, 27.6147231 ], [ 88.4858714, 27.6145913 ], [ 88.4854118, 27.6143877 ], [ 88.4851009, 27.614232 ], [ 88.4849387, 27.6140883 ], [ 88.4846549, 27.6138607 ], [ 88.4843845, 27.6136571 ], [ 88.4841817, 27.6135373 ], [ 88.4837357, 27.6134175 ], [ 88.4833031, 27.6132857 ], [ 88.4828976, 27.613142 ], [ 88.4824785, 27.6130462 ], [ 88.4822352, 27.6128905 ], [ 88.4819378, 27.6126749 ], [ 88.4816405, 27.6125192 ], [ 88.4812079, 27.6123036 ], [ 88.4807348, 27.612088 ], [ 88.4803022, 27.6119322 ], [ 88.4798291, 27.6117047 ], [ 88.4794506, 27.6116807 ], [ 88.4791397, 27.6116687 ], [ 88.4787477, 27.611501 ], [ 88.4782881, 27.6114052 ], [ 88.4775582, 27.6114531 ], [ 88.4768823, 27.6114531 ], [ 88.4763146, 27.6113813 ], [ 88.4756657, 27.6112375 ], [ 88.475098, 27.6110459 ], [ 88.4749579, 27.6107472 ], [ 88.4745658, 27.6104294 ], [ 88.4741548, 27.6099596 ], [ 88.4733407, 27.6099209 ], [ 88.4728406, 27.6102913 ], [ 88.472016, 27.6103751 ], [ 88.4714212, 27.6105069 ], [ 88.4707454, 27.6105907 ], [ 88.4699208, 27.6105428 ], [ 88.4693801, 27.6103991 ], [ 88.4686366, 27.6103032 ], [ 88.4678121, 27.6102913 ], [ 88.4667577, 27.6105428 ], [ 88.4656493, 27.6108063 ], [ 88.4645814, 27.6112635 ], [ 88.4635, 27.6115609 ], [ 88.4629052, 27.6117765 ], [ 88.4624186, 27.6119562 ], [ 88.4616346, 27.6119562 ], [ 88.4610668, 27.6119203 ], [ 88.4605667, 27.6118963 ], [ 88.4603078, 27.6120335 ] ] } },
{ "type": "Feature", "properties": { "element": "way", "id": 601259147, "name": null, "waterway": "stream" }, "geometry": { "type": "LineString", "coordinates": [ [ 88.5235447, 27.5139528 ], [ 88.5237193, 27.513949 ], [ 88.5239449, 27.5140019 ], [ 88.5241195, 27.5140774 ], [ 88.5242643, 27.5141114 ], [ 88.5244729, 27.5140623 ], [ 88.5246475, 27.5140094 ], [ 88.5248518, 27.5139905 ], [ 88.5249881, 27.5139188 ], [ 88.5252095, 27.5138546 ], [ 88.5253968, 27.5137942 ], [ 88.5256097, 27.513764 ], [ 88.5258439, 27.51373 ], [ 88.5259802, 27.5136696 ], [ 88.5260994, 27.5135336 ], [ 88.5261973, 27.513409 ], [ 88.5263506, 27.5133259 ], [ 88.5264655, 27.513307 ], [ 88.5267593, 27.5133373 ], [ 88.5269935, 27.5133146 ], [ 88.5272064, 27.5132504 ], [ 88.5274448, 27.5131824 ], [ 88.5276577, 27.5130918 ], [ 88.5278706, 27.5130352 ], [ 88.5280792, 27.5129445 ], [ 88.5282623, 27.5128086 ], [ 88.5284113, 27.5126538 ], [ 88.5284965, 27.5124952 ], [ 88.5285859, 27.5124083 ], [ 88.5288118, 27.5122031 ] ] } },
{ "type": "Feature", "properties": { "element": "way", "id": 601259148, "name": null, "waterway": "stream" }, "geometry": { "type": "LineString", "coordinates": [ [ 88.5452031, 27.4982746 ], [ 88.5449124, 27.4985923 ], [ 88.5444427, 27.4989491 ], [ 88.5440068, 27.4991379 ], [ 88.5437195, 27.4993387 ], [ 88.5435269, 27.4994976 ], [ 88.543145, 27.4997734 ], [ 88.5428071, 27.4999922 ], [ 88.5426449, 27.500214 ], [ 88.5425503, 27.5004418 ], [ 88.5424996, 27.5006457 ], [ 88.5423678, 27.5007836 ], [ 88.5421211, 27.5009394 ], [ 88.5419183, 27.5011073 ], [ 88.5418102, 27.5012182 ], [ 88.5417291, 27.5013501 ], [ 88.5416108, 27.501449 ], [ 88.5414114, 27.5016289 ], [ 88.5412289, 27.5017428 ], [ 88.541016, 27.5017757 ], [ 88.5407051, 27.5018237 ], [ 88.5403334, 27.5019526 ], [ 88.5401306, 27.5020695 ], [ 88.539911, 27.5021594 ], [ 88.5393263, 27.5024142 ], [ 88.5390019, 27.5025581 ], [ 88.5387012, 27.502678 ], [ 88.5382855, 27.5028218 ], [ 88.5378834, 27.5029298 ], [ 88.5375082, 27.5030287 ], [ 88.5372109, 27.5031546 ], [ 88.5370013, 27.5032595 ], [ 88.5368425, 27.5034273 ], [ 88.5366262, 27.5037451 ], [ 88.5363863, 27.5039998 ], [ 88.5361159, 27.5042276 ], [ 88.5358287, 27.5043625 ], [ 88.5356428, 27.5044674 ], [ 88.5354164, 27.5046203 ], [ 88.5351596, 27.5048601 ], [ 88.535021, 27.505013 ], [ 88.5347743, 27.5051359 ], [ 88.5345412, 27.5052048 ], [ 88.5342911, 27.5053157 ], [ 88.5340985, 27.5054896 ], [ 88.5339396, 27.5056484 ], [ 88.5338788, 27.5058403 ], [ 88.5338382, 27.506077 ], [ 88.5338011, 27.5062299 ], [ 88.5336625, 27.5063648 ], [ 88.5335882, 27.5065506 ], [ 88.5334057, 27.5065956 ], [ 88.5331184, 27.5067185 ], [ 88.5328988, 27.5068624 ], [ 88.5327163, 27.5068923 ], [ 88.5324933, 27.5069283 ], [ 88.5322837, 27.5070662 ], [ 88.5321925, 27.507267 ], [ 88.5321046, 27.5073989 ], [ 88.5317836, 27.5077166 ], [ 88.5315673, 27.5078395 ], [ 88.5313308, 27.5079744 ], [ 88.5311314, 27.5081572 ], [ 88.5309455, 27.5082681 ], [ 88.5307056, 27.5082981 ], [ 88.5304352, 27.5082621 ], [ 88.5301547, 27.5082171 ], [ 88.5299317, 27.5081332 ], [ 88.5295938, 27.5079684 ], [ 88.5293234, 27.5078635 ], [ 88.5292186, 27.5078065 ], [ 88.5289044, 27.5076596 ], [ 88.5285157, 27.5074768 ], [ 88.5283501, 27.5073299 ], [ 88.5281677, 27.5070931 ], [ 88.5279243, 27.5068324 ], [ 88.5277351, 27.5065027 ], [ 88.5275188, 27.5062959 ], [ 88.5272383, 27.506107 ], [ 88.5268463, 27.5058582 ], [ 88.5263956, 27.5056474 ] ] } },
{ "type": "Feature", "properties": { "element": "way", "id": 601311897, "name": null, "waterway": "stream" }, "geometry": { "type": "LineString", "coordinates": [ [ 88.6252284, 27.5124012 ], [ 88.624649, 27.5127819 ], [ 88.6242843, 27.5130864 ], [ 88.6238444, 27.5132386 ], [ 88.623147, 27.5132386 ], [ 88.6226642, 27.5134575 ], [ 88.6221707, 27.513819 ], [ 88.621763, 27.5141426 ], [ 88.6213016, 27.5142663 ], [ 88.6208081, 27.5143424 ], [ 88.6202824, 27.5145803 ], [ 88.6197674, 27.5148467 ], [ 88.6193919, 27.515037 ], [ 88.6189842, 27.5150751 ], [ 88.6183298, 27.5150941 ], [ 88.6177511, 27.5150011 ] ] } },
{ "type": "Feature", "properties": { "element": "way", "id": 601311898, "name": null, "waterway": "stream" }, "geometry": { "type": "LineString", "coordinates": [ [ 88.6355495, 27.4882387 ], [ 88.6350238, 27.488134 ], [ 88.6345303, 27.4882577 ], [ 88.634026, 27.48841 ], [ 88.6337364, 27.4885432 ], [ 88.6334252, 27.488705 ], [ 88.6331141, 27.4887907 ], [ 88.6327922, 27.4888288 ], [ 88.632524, 27.4889049 ], [ 88.6321807, 27.4890667 ], [ 88.6317086, 27.489219 ], [ 88.6315906, 27.4894474 ], [ 88.6315048, 27.4897044 ], [ 88.6313331, 27.4898757 ], [ 88.6310542, 27.4899709 ], [ 88.630625, 27.490066 ], [ 88.6303246, 27.4903135 ], [ 88.6300886, 27.4906752 ], [ 88.6296916, 27.4909512 ], [ 88.6292732, 27.491132 ], [ 88.6291444, 27.4915983 ], [ 88.628962, 27.4920076 ], [ 88.6288011, 27.492255 ], [ 88.6287045, 27.4927404 ], [ 88.6285651, 27.4929879 ], [ 88.6282968, 27.4932734 ], [ 88.628093, 27.493616 ], [ 88.6278677, 27.4940157 ], [ 88.6276209, 27.4944249 ], [ 88.6274385, 27.4947866 ], [ 88.6272669, 27.4951007 ], [ 88.6270738, 27.4953291 ], [ 88.6269557, 27.4956241 ], [ 88.626809, 27.4958844 ], [ 88.6267197, 27.4960428 ], [ 88.6264086, 27.4965092 ], [ 88.6261403, 27.4969945 ], [ 88.6259043, 27.4972229 ], [ 88.625679, 27.4973467 ], [ 88.6254752, 27.4975941 ], [ 88.6253357, 27.4979462 ], [ 88.6251426, 27.4982603 ], [ 88.6249173, 27.4985648 ], [ 88.6245525, 27.4987837 ], [ 88.6241877, 27.4988122 ], [ 88.6236727, 27.4988598 ], [ 88.6232207, 27.4990238 ], [ 88.6232006, 27.4990311 ], [ 88.6231492, 27.4990452 ], [ 88.6231213, 27.499267 ], [ 88.6231156, 27.4994066 ], [ 88.6230628, 27.4998088 ], [ 88.6229064, 27.5001165 ], [ 88.6224389, 27.5007441 ], [ 88.6223986, 27.5011542 ], [ 88.6222714, 27.5014598 ], [ 88.6222464, 27.5017064 ], [ 88.6223592, 27.5019714 ], [ 88.6226751, 27.5022074 ], [ 88.6228751, 27.502609 ], [ 88.6227845, 27.503089 ], [ 88.6226692, 27.5033341 ], [ 88.622514, 27.5037132 ], [ 88.6223013, 27.5039812 ], [ 88.6222656, 27.5043827 ], [ 88.6219644, 27.5047798 ], [ 88.6218163, 27.5050155 ], [ 88.6218675, 27.5054114 ], [ 88.6215541, 27.5056367 ], [ 88.6212892, 27.5061567 ], [ 88.6211289, 27.5064723 ], [ 88.6209465, 27.5066858 ], [ 88.6207206, 27.5070066 ], [ 88.620581, 27.5073973 ], [ 88.6202672, 27.5077833 ], [ 88.6202094, 27.5081154 ], [ 88.6200278, 27.5083265 ], [ 88.6197856, 27.5086404 ], [ 88.6198672, 27.5089621 ], [ 88.6199146, 27.5092343 ], [ 88.6200103, 27.5096205 ], [ 88.6198584, 27.5098997 ], [ 88.6196111, 27.5105796 ], [ 88.6194284, 27.5111199 ], [ 88.6189518, 27.5116834 ], [ 88.6187742, 27.5121631 ], [ 88.6183945, 27.5125632 ], [ 88.6182728, 27.5130138 ], [ 88.6182181, 27.513466 ], [ 88.6181925, 27.5138349 ], [ 88.6181044, 27.5144185 ], [ 88.6178684, 27.5148752 ], [ 88.6177511, 27.5150011 ], [ 88.6176646, 27.5150941 ], [ 88.61745, 27.515332 ], [ 88.6172032, 27.5156745 ], [ 88.6170638, 27.5159314 ], [ 88.6169457, 27.516293 ], [ 88.6169135, 27.5167593 ], [ 88.6168599, 27.5171589 ], [ 88.6167526, 27.5174729 ], [ 88.6163664, 27.5179486 ], [ 88.6159372, 27.518472 ], [ 88.6152077, 27.5190524 ], [ 88.6146927, 27.5197945 ], [ 88.6143601, 27.5201751 ], [ 88.6144996, 27.5204796 ], [ 88.6146283, 27.5208792 ], [ 88.6147249, 27.5213835 ], [ 88.6146068, 27.5215928 ], [ 88.6141455, 27.521707 ], [ 88.6137271, 27.5218212 ], [ 88.6135125, 27.5221447 ], [ 88.6133087, 27.5225063 ], [ 88.6129975, 27.5228964 ], [ 88.6126435, 27.5231342 ], [ 88.6121285, 27.5231437 ], [ 88.6115706, 27.5230391 ], [ 88.6109698, 27.5229249 ], [ 88.6103797, 27.5229154 ], [ 88.6096501, 27.52302 ], [ 88.6089742, 27.5231533 ], [ 88.6088001, 27.5232111 ], [ 88.6085154, 27.5233142 ] ] } },
{ "type": "Feature", "properties": { "element": "way", "id": 601311899, "name": null, "waterway": "stream" }, "geometry": { "type": "LineString", "coordinates": [ [ 88.611871, 27.5260552 ], [ 88.611238, 27.5263786 ], [ 88.6108625, 27.5266831 ], [ 88.6104011, 27.5268544 ], [ 88.6098862, 27.5269305 ], [ 88.6094034, 27.5271208 ], [ 88.60906, 27.5273301 ], [ 88.6085772, 27.5273872 ], [ 88.6080408, 27.5275394 ], [ 88.6076438, 27.5276726 ], [ 88.6073756, 27.5277202 ], [ 88.6066353, 27.5278058 ], [ 88.6062297, 27.5280567 ] ] } },
{ "type": "Feature", "properties": { "element": "way", "id": 601311900, "name": null, "waterway": "stream" }, "geometry": { "type": "LineString", "coordinates": [ [ 88.6135959, 27.4847137 ], [ 88.6136641, 27.4853785 ], [ 88.6138173, 27.4858015 ], [ 88.6138173, 27.4862245 ], [ 88.6137833, 27.4866929 ], [ 88.6138344, 27.4870706 ], [ 88.6137492, 27.4873124 ], [ 88.6136811, 27.4876145 ], [ 88.613613, 27.4879771 ], [ 88.6136811, 27.4884002 ], [ 88.6138514, 27.4887628 ], [ 88.6144101, 27.4894808 ], [ 88.6143427, 27.4899476 ], [ 88.6142827, 27.4904082 ], [ 88.6141049, 27.4909975 ], [ 88.6140362, 27.4914344 ], [ 88.6138232, 27.4916693 ], [ 88.6131872, 27.4916786 ], [ 88.6126763, 27.4917088 ], [ 88.6121653, 27.4916786 ], [ 88.6117566, 27.4917239 ], [ 88.6116544, 27.4919808 ], [ 88.6114311, 27.4923121 ], [ 88.611356, 27.4928166 ], [ 88.6113346, 27.4931116 ], [ 88.6113024, 27.4933876 ], [ 88.6110878, 27.4935874 ], [ 88.6105513, 27.493911 ], [ 88.6101866, 27.4942156 ], [ 88.6098969, 27.4945296 ], [ 88.6097145, 27.4948151 ], [ 88.6095536, 27.4951768 ], [ 88.6094463, 27.495548 ], [ 88.6093712, 27.4958906 ], [ 88.6094141, 27.4961666 ], [ 88.6094141, 27.4965282 ], [ 88.6093819, 27.4968137 ], [ 88.6092639, 27.4971849 ], [ 88.6088991, 27.4979652 ], [ 88.6089069, 27.4982469 ], [ 88.6090986, 27.4986555 ], [ 88.6091182, 27.4988726 ], [ 88.609279, 27.499118 ], [ 88.6093927, 27.4993787 ], [ 88.6094892, 27.4997409 ], [ 88.6094786, 27.5000451 ], [ 88.6094874, 27.5003432 ], [ 88.6094661, 27.5005794 ], [ 88.6096585, 27.5008311 ], [ 88.6101782, 27.5012644 ], [ 88.6102853, 27.5016067 ], [ 88.6099769, 27.5020551 ], [ 88.6098523, 27.5022856 ], [ 88.6098334, 27.5026626 ], [ 88.6099765, 27.5030487 ], [ 88.6098844, 27.5034842 ], [ 88.6095743, 27.5038285 ], [ 88.6094861, 27.5041276 ], [ 88.609103, 27.5042366 ], [ 88.6088562, 27.5043127 ], [ 88.6086416, 27.5044365 ], [ 88.6087023, 27.5047327 ], [ 88.6087515, 27.5051266 ], [ 88.6086298, 27.5057268 ], [ 88.6083623, 27.5060369 ], [ 88.6082221, 27.5062824 ], [ 88.6081357, 27.5065887 ], [ 88.6079556, 27.5068044 ], [ 88.6078317, 27.507157 ], [ 88.6077726, 27.5075672 ], [ 88.6079442, 27.5078051 ], [ 88.6080515, 27.5081287 ], [ 88.6082554, 27.5083951 ], [ 88.6084807, 27.5085664 ], [ 88.6088455, 27.5088138 ], [ 88.6091351, 27.5090137 ], [ 88.6094163, 27.509079 ], [ 88.6096348, 27.509288 ], [ 88.60983, 27.5096807 ], [ 88.609854, 27.5102412 ], [ 88.6098862, 27.5106884 ], [ 88.6099398, 27.5110405 ], [ 88.6098432, 27.5113926 ], [ 88.609693, 27.5117922 ], [ 88.6094355, 27.5121538 ], [ 88.6091459, 27.5124678 ], [ 88.6088455, 27.5127248 ], [ 88.6086523, 27.5129246 ], [ 88.6086202, 27.513172 ], [ 88.6087704, 27.5135907 ], [ 88.6088669, 27.5139618 ], [ 88.6090279, 27.5142187 ], [ 88.6094248, 27.5144566 ], [ 88.609575, 27.5147515 ], [ 88.6097467, 27.5151607 ], [ 88.609854, 27.5155033 ], [ 88.6098647, 27.5158077 ], [ 88.6100228, 27.5162298 ], [ 88.609833, 27.5166838 ], [ 88.6096523, 27.5170488 ], [ 88.6095808, 27.5174509 ], [ 88.6095424, 27.5176971 ], [ 88.6095898, 27.5180308 ], [ 88.6097421, 27.5183605 ], [ 88.6098128, 27.51883 ], [ 88.6098387, 27.5192511 ], [ 88.6096994, 27.5196006 ], [ 88.6095099, 27.5201139 ], [ 88.6094203, 27.5204981 ], [ 88.6092419, 27.5208633 ], [ 88.6089742, 27.5213074 ], [ 88.6087811, 27.5216309 ], [ 88.6085343, 27.5219259 ], [ 88.6082983, 27.5221257 ], [ 88.6082174, 27.5224491 ], [ 88.6084591, 27.5228303 ], [ 88.6085677, 27.5231161 ], [ 88.6085154, 27.5233142 ], [ 88.6085818, 27.5237537 ], [ 88.6083946, 27.5242029 ], [ 88.6081315, 27.5245101 ], [ 88.6075902, 27.5247802 ], [ 88.607161, 27.5249325 ], [ 88.6068346, 27.5250171 ], [ 88.606654, 27.5253529 ], [ 88.6065812, 27.5256841 ], [ 88.6066457, 27.526136 ], [ 88.6067904, 27.5265308 ], [ 88.6068012, 27.5268734 ], [ 88.606775, 27.5270642 ], [ 88.6067643, 27.5271422 ], [ 88.6066673, 27.5274584 ], [ 88.6063375, 27.5278544 ], [ 88.6062297, 27.5280567 ], [ 88.6058521, 27.5284337 ], [ 88.6056912, 27.5288333 ], [ 88.6055839, 27.5292805 ], [ 88.6054659, 27.5297752 ], [ 88.6052191, 27.529975 ], [ 88.6048865, 27.5301843 ], [ 88.6047149, 27.5305649 ], [ 88.6045539, 27.5308788 ], [ 88.6042857, 27.5311072 ], [ 88.6040282, 27.5312974 ], [ 88.6035347, 27.5314497 ], [ 88.6031914, 27.5315258 ], [ 88.6029124, 27.5317446 ], [ 88.6024833, 27.5323059 ], [ 88.602376, 27.5328197 ], [ 88.6022043, 27.5332668 ], [ 88.6018717, 27.5335237 ], [ 88.6013567, 27.5335903 ], [ 88.6009705, 27.53379 ], [ 88.6008203, 27.5341896 ], [ 88.6006057, 27.534475 ], [ 88.6001873, 27.5347509 ], [ 88.6000478, 27.5351505 ], [ 88.5999405, 27.5357498 ], [ 88.5999293, 27.5359114 ] ] } },
{ "type": "Feature", "properties": { "element": "way", "id": 601312114, "name": null, "waterway": "stream" }, "geometry": { "type": "LineString", "coordinates": [ [ 88.6397552, 27.4936065 ], [ 88.6397982, 27.4940252 ], [ 88.6398411, 27.4943488 ], [ 88.6398733, 27.4945963 ], [ 88.6399484, 27.4948723 ], [ 88.6401415, 27.4951578 ], [ 88.6404312, 27.4955099 ], [ 88.640753, 27.4958906 ], [ 88.6408925, 27.4961285 ], [ 88.6409354, 27.4966614 ], [ 88.6409676, 27.496985 ], [ 88.64115, 27.4973371 ], [ 88.6413002, 27.4977749 ], [ 88.6413538, 27.4980794 ], [ 88.6414611, 27.4984316 ], [ 88.6413646, 27.4987742 ], [ 88.6411285, 27.4990406 ], [ 88.6413753, 27.4994784 ], [ 88.6413968, 27.4997639 ], [ 88.6412787, 27.5001541 ], [ 88.6410963, 27.5004586 ], [ 88.6410105, 27.5008298 ], [ 88.6409032, 27.5012485 ], [ 88.6408603, 27.5016006 ], [ 88.6411822, 27.5021335 ], [ 88.6413216, 27.5026474 ], [ 88.6412358, 27.5031898 ], [ 88.6410856, 27.5038274 ], [ 88.64115, 27.5042461 ], [ 88.6413646, 27.5048647 ], [ 88.6415577, 27.5055308 ], [ 88.6419332, 27.5061018 ], [ 88.6422765, 27.5066727 ], [ 88.6426413, 27.5071295 ], [ 88.6431348, 27.5075197 ], [ 88.6434889, 27.5079669 ], [ 88.6437893, 27.5084427 ], [ 88.6442184, 27.5091469 ], [ 88.6443043, 27.5097083 ], [ 88.6445725, 27.5103078 ], [ 88.6450767, 27.5108787 ], [ 88.6452377, 27.511659 ], [ 88.6453557, 27.5121824 ], [ 88.6456132, 27.5124298 ], [ 88.6459851, 27.5126814 ] ] } },
{ "type": "Feature", "properties": { "element": "way", "id": 601320062, "name": null, "waterway": "stream" }, "geometry": { "type": "LineString", "coordinates": [ [ 88.4948876, 27.5784608 ], [ 88.4954418, 27.5777658 ], [ 88.4959284, 27.5772267 ], [ 88.4962393, 27.5767114 ], [ 88.496388, 27.5761483 ], [ 88.4966043, 27.5756091 ], [ 88.4968612, 27.5750819 ], [ 88.4970639, 27.5746146 ], [ 88.4972261, 27.5743031 ], [ 88.4976181, 27.5739796 ], [ 88.4978479, 27.5736081 ], [ 88.4981318, 27.5731049 ], [ 88.498267, 27.5727334 ], [ 88.4984157, 27.5722901 ], [ 88.4988212, 27.5718707 ], [ 88.4989699, 27.5715592 ], [ 88.4992132, 27.5713555 ], [ 88.4992537, 27.5710319 ], [ 88.4994295, 27.5706844 ], [ 88.4995646, 27.570313 ], [ 88.4999161, 27.5699415 ], [ 88.5000918, 27.569606 ], [ 88.5001865, 27.5691147 ], [ 88.5002811, 27.5686714 ], [ 88.5004298, 27.568216 ], [ 88.5003892, 27.5679404 ], [ 88.500592, 27.5676289 ], [ 88.5010786, 27.5670777 ], [ 88.5014976, 27.5666223 ], [ 88.5020113, 27.566119 ], [ 88.5024709, 27.5656038 ], [ 88.5027007, 27.5649926 ], [ 88.5031468, 27.5646331 ], [ 88.5032414, 27.5643096 ], [ 88.5032955, 27.5638422 ], [ 88.5035253, 27.5633749 ], [ 88.5038091, 27.5630274 ], [ 88.5039984, 27.5626319 ], [ 88.5041741, 27.5620328 ], [ 88.50412, 27.5617092 ], [ 88.5038902, 27.5614336 ], [ 88.5037821, 27.5610262 ], [ 88.5038227, 27.560451 ], [ 88.5039173, 27.5598757 ], [ 88.5042282, 27.5594803 ], [ 88.5046202, 27.558953 ], [ 88.5047959, 27.5586294 ], [ 88.5046607, 27.5579104 ], [ 88.504823, 27.5573951 ], [ 88.5050392, 27.5571075 ], [ 88.505269, 27.5566281 ], [ 88.5052825, 27.5562207 ], [ 88.5055799, 27.5558372 ], [ 88.5058773, 27.5554896 ], [ 88.5062423, 27.5551181 ], [ 88.5062828, 27.5545908 ], [ 88.5062828, 27.5539677 ], [ 88.5063504, 27.5534044 ], [ 88.5066343, 27.5526614 ], [ 88.5069587, 27.5520741 ], [ 88.5072831, 27.5515348 ], [ 88.5075129, 27.5512112 ], [ 88.5077157, 27.5509835 ], [ 88.5078238, 27.5505281 ], [ 88.507986, 27.5501566 ], [ 88.5084321, 27.5496892 ], [ 88.5086484, 27.5494495 ], [ 88.508689, 27.5488263 ], [ 88.5086754, 27.548287 ], [ 88.5088647, 27.5476038 ], [ 88.5090945, 27.5470885 ], [ 88.5092567, 27.546645 ], [ 88.5094189, 27.5457941 ], [ 88.5095811, 27.5452068 ], [ 88.5098379, 27.5446794 ], [ 88.5101488, 27.5441042 ], [ 88.5107166, 27.5432891 ], [ 88.5109734, 27.5428097 ], [ 88.5110545, 27.5423663 ], [ 88.5110815, 27.5418269 ], [ 88.5110004, 27.5413235 ], [ 88.510649, 27.5408321 ], [ 88.5104327, 27.5404006 ], [ 88.5103786, 27.5398373 ], [ 88.5102705, 27.5395137 ], [ 88.5099326, 27.539214 ], [ 88.5098785, 27.5387466 ], [ 88.5100272, 27.5382551 ], [ 88.5102705, 27.5380154 ], [ 88.5103111, 27.5377158 ], [ 88.5103381, 27.5372243 ], [ 88.5103651, 27.5367329 ], [ 88.5103246, 27.5361935 ], [ 88.5103786, 27.5356302 ], [ 88.5106084, 27.534911 ], [ 88.5107031, 27.5343956 ], [ 88.5108923, 27.5339401 ], [ 88.5113654, 27.5335446 ], [ 88.5114877, 27.5333087 ] ] } },
{ "type": "Feature", "properties": { "element": "way", "id": 601320063, "name": null, "waterway": "stream" }, "geometry": { "type": "LineString", "coordinates": [ [ 88.5080401, 27.587231 ], [ 88.5087295, 27.5867278 ], [ 88.5091756, 27.5863803 ], [ 88.5095, 27.5860928 ], [ 88.5099461, 27.5857094 ], [ 88.5102299, 27.5854937 ], [ 88.5105679, 27.5852661 ], [ 88.5108653, 27.5849426 ], [ 88.5112843, 27.5846311 ], [ 88.5119467, 27.5842717 ], [ 88.512555, 27.584056 ], [ 88.5134741, 27.5842358 ], [ 88.5140284, 27.5844035 ], [ 88.5146637, 27.5843436 ], [ 88.5151638, 27.5843675 ], [ 88.5157045, 27.5846311 ], [ 88.5162317, 27.584679 ], [ 88.5171239, 27.584679 ], [ 88.5177186, 27.5846191 ], [ 88.5183404, 27.5842238 ], [ 88.5191515, 27.5839722 ], [ 88.5197733, 27.5839362 ], [ 88.5202734, 27.5836127 ], [ 88.5211656, 27.5832174 ], [ 88.5220848, 27.5827261 ], [ 88.5228688, 27.5823308 ], [ 88.5234095, 27.5820192 ], [ 88.523815, 27.5818156 ], [ 88.5242205, 27.5820911 ], [ 88.5246531, 27.5822109 ], [ 88.5251127, 27.5820432 ], [ 88.5255858, 27.5819234 ], [ 88.5260724, 27.5819114 ], [ 88.5265532, 27.5819112 ] ] } },
{ "type": "Feature", "properties": { "element": "way", "id": 601320064, "name": null, "waterway": "stream" }, "geometry": { "type": "LineString", "coordinates": [ [ 88.5367648, 27.5900224 ], [ 88.5362917, 27.5899026 ], [ 88.535778, 27.5897948 ], [ 88.5353454, 27.5897229 ], [ 88.5349264, 27.5895791 ], [ 88.5347642, 27.5892197 ], [ 88.5348318, 27.5888603 ], [ 88.5349399, 27.5885368 ], [ 88.5346966, 27.5881295 ], [ 88.5343992, 27.5876623 ], [ 88.5341559, 27.587231 ], [ 88.5339802, 27.5868356 ], [ 88.5337909, 27.5863564 ], [ 88.5334395, 27.5861048 ], [ 88.5332502, 27.5858172 ], [ 88.5332367, 27.5854338 ], [ 88.5333989, 27.5849546 ], [ 88.5333178, 27.5845473 ], [ 88.5329934, 27.5843076 ], [ 88.5325203, 27.5836367 ], [ 88.5318579, 27.5828579 ], [ 88.5313848, 27.5820792 ], [ 88.5312091, 27.5815759 ], [ 88.5307225, 27.5810967 ], [ 88.530371, 27.5807612 ], [ 88.5300871, 27.5804257 ], [ 88.5297222, 27.5798986 ], [ 88.5294383, 27.5793714 ], [ 88.529249, 27.5788442 ], [ 88.5290193, 27.578281 ], [ 88.5288435, 27.5779456 ], [ 88.5285732, 27.5776221 ] ] } },
{ "type": "Feature", "properties": { "element": "way", "id": 601320065, "name": null, "waterway": "stream" }, "geometry": { "type": "LineString", "coordinates": [ [ 88.5479032, 27.5601274 ], [ 88.5470921, 27.559672 ], [ 88.5463352, 27.5591328 ], [ 88.5459702, 27.5586894 ], [ 88.5454836, 27.5582819 ], [ 88.5449429, 27.5578145 ], [ 88.5444562, 27.5575749 ], [ 88.5436857, 27.5571075 ], [ 88.543145, 27.556688 ], [ 88.542753, 27.5562806 ], [ 88.5422529, 27.555993 ], [ 88.5418744, 27.5556454 ], [ 88.5414959, 27.55519 ], [ 88.5411174, 27.5549623 ], [ 88.5405902, 27.5547586 ], [ 88.5403334, 27.5546268 ], [ 88.5397386, 27.5540635 ], [ 88.5393061, 27.55368 ], [ 88.5391438, 27.5533804 ], [ 88.5389681, 27.552937 ], [ 88.5387518, 27.5525535 ] ] } },
{ "type": "Feature", "properties": { "element": "way", "id": 601320066, "name": null, "waterway": "stream" }, "geometry": { "type": "LineString", "coordinates": [ [ 88.5282758, 27.5970666 ], [ 88.5285597, 27.5965874 ], [ 88.528465, 27.5961801 ], [ 88.5284245, 27.5957369 ], [ 88.5283704, 27.5953775 ], [ 88.5284921, 27.5948863 ], [ 88.5286002, 27.5945389 ], [ 88.5286002, 27.5941795 ], [ 88.5285191, 27.59388 ], [ 88.5286137, 27.5935086 ], [ 88.5285732, 27.5931852 ], [ 88.5283974, 27.5929815 ], [ 88.528046, 27.5927179 ], [ 88.5277081, 27.5924424 ], [ 88.5274783, 27.5922028 ], [ 88.5271944, 27.5919872 ], [ 88.5269376, 27.5916158 ], [ 88.5268429, 27.5913762 ], [ 88.5267889, 27.5911965 ], [ 88.5267483, 27.5908371 ], [ 88.5268159, 27.5904417 ], [ 88.5271403, 27.5899266 ], [ 88.5274242, 27.5893275 ], [ 88.5277892, 27.5889921 ], [ 88.5279649, 27.5886926 ], [ 88.5279649, 27.5883451 ], [ 88.5277486, 27.5879258 ], [ 88.5275864, 27.5876742 ], [ 88.5274918, 27.5873627 ], [ 88.5273296, 27.5869195 ], [ 88.5269916, 27.5864163 ], [ 88.5265861, 27.585937 ], [ 88.5261941, 27.5854219 ], [ 88.5259913, 27.5850505 ], [ 88.5258021, 27.5846072 ], [ 88.525694, 27.5841399 ], [ 88.5257751, 27.5836367 ], [ 88.526113, 27.58281 ], [ 88.5264104, 27.5821391 ], [ 88.5265532, 27.5819112 ], [ 88.5268835, 27.5813842 ], [ 88.5273701, 27.5809769 ], [ 88.5277621, 27.5806414 ], [ 88.528019, 27.58027 ], [ 88.5281947, 27.5798027 ], [ 88.5281406, 27.5792995 ], [ 88.528019, 27.5789041 ], [ 88.528019, 27.5784488 ], [ 88.5282217, 27.5780175 ], [ 88.5285732, 27.5776221 ], [ 88.5291004, 27.5765796 ], [ 88.529192, 27.5764766 ], [ 88.5296546, 27.5759566 ], [ 88.5300736, 27.575705 ], [ 88.5305738, 27.5755492 ], [ 88.5308982, 27.5754054 ], [ 88.5313172, 27.5753934 ], [ 88.5318579, 27.5753455 ], [ 88.5321553, 27.5751059 ], [ 88.532331, 27.5747584 ], [ 88.5323986, 27.5742312 ], [ 88.5324797, 27.5738238 ], [ 88.5327501, 27.5734883 ], [ 88.5330204, 27.5731168 ], [ 88.5329528, 27.5725657 ], [ 88.5330069, 27.5721343 ], [ 88.5335071, 27.5716071 ], [ 88.5339937, 27.5711038 ], [ 88.5342776, 27.5706844 ], [ 88.5344803, 27.5704088 ], [ 88.5346966, 27.569618 ], [ 88.5350616, 27.5691267 ], [ 88.5357374, 27.5685635 ], [ 88.5360985, 27.5682278 ], [ 88.5362917, 27.5680483 ], [ 88.5364674, 27.5676768 ], [ 88.5361835, 27.5671975 ], [ 88.5358185, 27.566826 ], [ 88.5356428, 27.5663587 ], [ 88.5355482, 27.5658434 ], [ 88.5354401, 27.5652922 ], [ 88.5352643, 27.5648728 ], [ 88.5353454, 27.5644294 ], [ 88.5353184, 27.5636985 ], [ 88.5352373, 27.5632551 ], [ 88.534994, 27.5629675 ], [ 88.534602, 27.562608 ], [ 88.5344398, 27.5623443 ], [ 88.5345479, 27.5619848 ], [ 88.5348318, 27.5614696 ], [ 88.5351156, 27.5609423 ], [ 88.5353319, 27.560403 ], [ 88.5354536, 27.559684 ], [ 88.5354671, 27.5591088 ], [ 88.5356293, 27.5583298 ], [ 88.535751, 27.5579224 ], [ 88.5359672, 27.5574191 ], [ 88.5360754, 27.5566761 ], [ 88.5360483, 27.5561488 ], [ 88.536143, 27.5557173 ], [ 88.5365079, 27.5551062 ], [ 88.5370216, 27.554483 ], [ 88.5375353, 27.5537519 ], [ 88.5379813, 27.5534643 ], [ 88.5381976, 27.5530568 ], [ 88.5384409, 27.5527333 ], [ 88.5387518, 27.5525535 ], [ 88.5389816, 27.5522659 ], [ 88.5391438, 27.5515228 ], [ 88.539617, 27.5507678 ], [ 88.5399549, 27.5500367 ], [ 88.5402793, 27.5493536 ], [ 88.5404956, 27.5488982 ], [ 88.5407119, 27.5484308 ], [ 88.5407795, 27.5481431 ], [ 88.5406984, 27.5477956 ], [ 88.540401, 27.5473881 ], [ 88.5401577, 27.5469926 ], [ 88.5397927, 27.5463694 ], [ 88.5393331, 27.5459379 ], [ 88.5390087, 27.5456622 ], [ 88.538887, 27.5454345 ], [ 88.5389276, 27.545039 ], [ 88.5389005, 27.5447633 ], [ 88.5387113, 27.5445956 ], [ 88.5382787, 27.5445476 ], [ 88.5379678, 27.5445716 ], [ 88.5375353, 27.5445596 ], [ 88.5371027, 27.5444158 ], [ 88.5368324, 27.54426 ], [ 88.5366566, 27.5440802 ], [ 88.5364268, 27.5436487 ], [ 88.5364674, 27.5433011 ], [ 88.5366972, 27.5430734 ], [ 88.5367918, 27.542618 ], [ 88.5367242, 27.5423663 ], [ 88.536589, 27.5419588 ], [ 88.536589, 27.5414673 ], [ 88.5363592, 27.5409759 ], [ 88.5360348, 27.5405924 ], [ 88.5358185, 27.5403527 ], [ 88.5351697, 27.539226 ], [ 88.5348588, 27.5384829 ], [ 88.5346696, 27.5378356 ], [ 88.5344398, 27.5372243 ], [ 88.5341964, 27.5367089 ], [ 88.5336422, 27.5363134 ], [ 88.5331151, 27.5359538 ], [ 88.5326014, 27.5356661 ], [ 88.531912, 27.5355463 ], [ 88.5310198, 27.5353665 ], [ 88.5304656, 27.5352227 ], [ 88.5302088, 27.5346473 ], [ 88.5298844, 27.5341798 ], [ 88.5294788, 27.5337004 ], [ 88.5291815, 27.5333408 ], [ 88.5288435, 27.5329692 ], [ 88.5283839, 27.5327175 ], [ 88.5274242, 27.5324658 ], [ 88.5266942, 27.5321781 ], [ 88.5262211, 27.5318784 ], [ 88.5260589, 27.531375 ], [ 88.5260319, 27.5309195 ], [ 88.5259778, 27.530428 ], [ 88.5258697, 27.5300444 ], [ 88.5256669, 27.5296728 ], [ 88.5252749, 27.5293013 ], [ 88.524937, 27.5290495 ], [ 88.5248964, 27.5285581 ], [ 88.5251127, 27.5281025 ], [ 88.5252073, 27.527647 ], [ 88.5251262, 27.5272155 ], [ 88.5250586, 27.5265922 ], [ 88.5250181, 27.5260407 ], [ 88.5251127, 27.5257171 ], [ 88.5252073, 27.5254534 ], [ 88.5253225, 27.5249125 ] ] } },
{ "type": "Feature", "properties": { "element": "way", "id": 601320069, "name": null, "waterway": "stream" }, "geometry": { "type": "LineString", "coordinates": [ [ 88.6554753, 27.4958525 ], [ 88.6553131, 27.496476 ], [ 88.6552455, 27.4970516 ], [ 88.6552726, 27.4975432 ], [ 88.6551644, 27.4979149 ], [ 88.6549887, 27.4985144 ], [ 88.6547454, 27.498982 ], [ 88.6546237, 27.4995096 ], [ 88.6545021, 27.4999173 ], [ 88.6543264, 27.5003729 ], [ 88.6538803, 27.5006966 ], [ 88.6536505, 27.5009484 ], [ 88.653637, 27.5013321 ], [ 88.6537045, 27.5018717 ], [ 88.6537316, 27.5021594 ], [ 88.653637, 27.5023632 ], [ 88.6533801, 27.502687 ], [ 88.6531774, 27.5030706 ], [ 88.6530287, 27.5034064 ], [ 88.6530152, 27.50385 ], [ 88.6530335, 27.504393 ] ] } },
{ "type": "Feature", "properties": { "element": "way", "id": 601320071, "name": null, "waterway": "stream" }, "geometry": { "type": "LineString", "coordinates": [ [ 88.5862117, 27.5025431 ], [ 88.5861171, 27.5032865 ], [ 88.5858738, 27.5037661 ], [ 88.585644, 27.5041617 ], [ 88.5855223, 27.5046533 ], [ 88.5853872, 27.5050609 ], [ 88.5851303, 27.5054206 ], [ 88.5850763, 27.5057084 ], [ 88.5850898, 27.5062599 ], [ 88.5849681, 27.5067155 ], [ 88.5848194, 27.507243 ], [ 88.5841706, 27.5081302 ], [ 88.5839408, 27.5085858 ], [ 88.5839138, 27.5090294 ], [ 88.5839273, 27.5096888 ], [ 88.5839138, 27.5102763 ], [ 88.5839002, 27.5107319 ], [ 88.5835333, 27.5110098 ] ] } },
{ "type": "Feature", "properties": { "element": "way", "id": 601320072, "name": null, "waterway": "stream" }, "geometry": { "type": "LineString", "coordinates": [ [ 88.5688823, 27.5007086 ], [ 88.568639, 27.5016438 ], [ 88.5683957, 27.5024232 ], [ 88.5680037, 27.5029867 ], [ 88.5673684, 27.5035502 ], [ 88.5671115, 27.5040418 ], [ 88.5668547, 27.5048691 ], [ 88.566733, 27.5053607 ], [ 88.5665303, 27.5057324 ], [ 88.5663681, 27.5060201 ], [ 88.5662734, 27.5068714 ], [ 88.5660977, 27.5074948 ], [ 88.5658814, 27.5081182 ], [ 88.5656111, 27.5088496 ], [ 88.5654083, 27.509509 ], [ 88.5653543, 27.5099406 ], [ 88.5654218, 27.5104561 ], [ 88.5655705, 27.5107798 ], [ 88.5656787, 27.5111035 ], [ 88.5656787, 27.5115231 ], [ 88.5653272, 27.5119428 ], [ 88.5649217, 27.5122425 ], [ 88.5646649, 27.5125902 ], [ 88.5646243, 27.5131536 ], [ 88.5646108, 27.5135612 ], [ 88.564773, 27.5142806 ], [ 88.5649082, 27.5153116 ], [ 88.5651109, 27.5160429 ], [ 88.5653543, 27.5166183 ], [ 88.5653813, 27.5171938 ], [ 88.5653002, 27.517925 ], [ 88.5653002, 27.5186803 ], [ 88.565138, 27.5191958 ], [ 88.5649487, 27.5196753 ], [ 88.564381, 27.52097 ], [ 88.5640971, 27.5214135 ], [ 88.5637925, 27.5221365 ] ] } },
{ "type": "Feature", "properties": { "element": "way", "id": 601320073, "name": null, "waterway": "stream" }, "geometry": { "type": "LineString", "coordinates": [ [ 88.5615964, 27.5102403 ], [ 88.5615558, 27.5107439 ], [ 88.5615153, 27.5111875 ], [ 88.5613936, 27.511631 ], [ 88.5611638, 27.5120866 ], [ 88.560907, 27.5125902 ], [ 88.5607583, 27.5129498 ], [ 88.5606502, 27.5133574 ], [ 88.5605555, 27.5138969 ], [ 88.5605015, 27.5144604 ], [ 88.5607313, 27.5152037 ], [ 88.5608935, 27.5161028 ], [ 88.5609881, 27.5175174 ], [ 88.5610962, 27.5185125 ], [ 88.5613801, 27.5192437 ], [ 88.5615288, 27.519927 ], [ 88.5617181, 27.5202987 ], [ 88.562029, 27.5205744 ], [ 88.562421, 27.521006 ], [ 88.5628535, 27.5214615 ], [ 88.5631644, 27.5216413 ], [ 88.5635429, 27.5217492 ], [ 88.5637925, 27.5221365 ], [ 88.5638133, 27.5221688 ], [ 88.5639214, 27.5228401 ], [ 88.5639079, 27.5234155 ], [ 88.5638673, 27.5239669 ], [ 88.5640701, 27.5246622 ], [ 88.564016, 27.5251417 ], [ 88.564016, 27.5256332 ], [ 88.5643134, 27.5262685 ], [ 88.5647189, 27.5268439 ], [ 88.5648811, 27.5272874 ], [ 88.564815, 27.5281029 ] ] } },
{ "type": "Feature", "properties": { "element": "way", "id": 601320074, "name": null, "waterway": "stream" }, "geometry": { "type": "LineString", "coordinates": [ [ 88.573627, 27.5347672 ], [ 88.5734647, 27.5342278 ], [ 88.5733431, 27.5338682 ], [ 88.5733431, 27.5334007 ], [ 88.5733972, 27.5330771 ], [ 88.5733972, 27.5327055 ], [ 88.5733836, 27.532286 ], [ 88.573289, 27.5319623 ], [ 88.573262, 27.5317106 ], [ 88.5732349, 27.531375 ], [ 88.5730727, 27.5309075 ], [ 88.5730322, 27.5305119 ], [ 88.5730187, 27.5300684 ], [ 88.5730457, 27.5296728 ], [ 88.5730187, 27.5293732 ], [ 88.5730727, 27.5288218 ], [ 88.572924, 27.5285341 ], [ 88.5729781, 27.5282104 ], [ 88.5730322, 27.5279227 ], [ 88.5730457, 27.527719 ], [ 88.5729781, 27.5273713 ], [ 88.5730727, 27.5270836 ], [ 88.5731538, 27.5268918 ], [ 88.5732403, 27.5266261 ] ] } },
{ "type": "Feature", "properties": { "element": "way", "id": 601320075, "name": null, "waterway": "stream" }, "geometry": { "type": "LineString", "coordinates": [ [ 88.594533, 27.5843392 ], [ 88.5939171, 27.5835487 ], [ 88.5930677, 27.5833668 ], [ 88.5921865, 27.582798 ], [ 88.5914295, 27.5825344 ], [ 88.5907401, 27.5822109 ], [ 88.5901048, 27.5819234 ], [ 88.5897533, 27.5816359 ], [ 88.5894559, 27.5812524 ], [ 88.5892397, 27.5808451 ], [ 88.5888882, 27.5805695 ], [ 88.587996, 27.5802101 ], [ 88.5873202, 27.5799225 ], [ 88.5868741, 27.579611 ], [ 88.586428, 27.5793234 ], [ 88.5860495, 27.5790958 ], [ 88.5856575, 27.5787124 ], [ 88.5851844, 27.5784128 ], [ 88.5847113, 27.578317 ], [ 88.5843869, 27.5780774 ], [ 88.5840084, 27.577658 ], [ 88.5835893, 27.5772027 ], [ 88.5833055, 27.5770469 ], [ 88.5829405, 27.576987 ], [ 88.5824047, 27.5770001 ] ] } },
{ "type": "Feature", "properties": { "element": "way", "id": 601320076, "name": null, "waterway": "stream" }, "geometry": { "type": "LineString", "coordinates": [ [ 88.5932003, 27.5751778 ], [ 88.5927136, 27.5747943 ], [ 88.5921459, 27.574387 ], [ 88.5917945, 27.5741114 ], [ 88.5916052, 27.5737759 ], [ 88.5912538, 27.5733805 ], [ 88.5908618, 27.5727933 ], [ 88.5905644, 27.5724339 ], [ 88.5901453, 27.5721103 ], [ 88.5896317, 27.5718827 ], [ 88.5892126, 27.5715831 ], [ 88.5886719, 27.5709481 ], [ 88.5881718, 27.5704688 ], [ 88.5878474, 27.5702291 ], [ 88.587577, 27.5696659 ], [ 88.5873067, 27.5694622 ], [ 88.5868065, 27.5693304 ], [ 88.5864686, 27.5690788 ], [ 88.5861982, 27.5685515 ], [ 88.5858468, 27.568204 ], [ 88.5853331, 27.5679644 ], [ 88.5849141, 27.5676768 ], [ 88.5842923, 27.5671016 ], [ 88.5836299, 27.5671615 ], [ 88.5830622, 27.5671016 ], [ 88.5823052, 27.5667182 ], [ 88.5815482, 27.5662149 ], [ 88.580994, 27.5659393 ], [ 88.5804398, 27.5660232 ], [ 88.5799667, 27.5660591 ], [ 88.5795471, 27.5659022 ] ] } },
{ "type": "Feature", "properties": { "element": "way", "id": 601320077, "name": null, "waterway": "stream" }, "geometry": { "type": "LineString", "coordinates": [ [ 88.5778281, 27.5930166 ], [ 88.5785041, 27.5930356 ], [ 88.5797379, 27.5934635 ], [ 88.5811648, 27.5934349 ], [ 88.5824952, 27.5936536 ], [ 88.5837183, 27.5933303 ], [ 88.5840831, 27.5925792 ], [ 88.584244, 27.5914857 ], [ 88.5838597, 27.5909569 ], [ 88.583738, 27.5903698 ], [ 88.5837651, 27.5900104 ], [ 88.5838732, 27.5895911 ], [ 88.583738, 27.5891478 ], [ 88.5836029, 27.5887405 ], [ 88.5834542, 27.5883092 ], [ 88.5834407, 27.5877821 ], [ 88.5834001, 27.5873148 ], [ 88.5833055, 27.5868715 ], [ 88.5832514, 27.5863803 ], [ 88.5831433, 27.5860449 ], [ 88.5831838, 27.5856615 ], [ 88.5830892, 27.5853859 ], [ 88.5827648, 27.5850864 ], [ 88.582535, 27.5847869 ], [ 88.5825215, 27.5841878 ], [ 88.5823187, 27.5837086 ], [ 88.5823052, 27.5832893 ], [ 88.582143, 27.5829418 ], [ 88.5823187, 27.5825464 ], [ 88.5822241, 27.5819953 ], [ 88.582143, 27.581528 ], [ 88.5822376, 27.5808571 ], [ 88.5824133, 27.5801382 ], [ 88.5824133, 27.5794193 ], [ 88.5824674, 27.5787603 ], [ 88.5824404, 27.5781013 ], [ 88.5823593, 27.5775262 ], [ 88.5822781, 27.5771548 ], [ 88.5824047, 27.5770001 ], [ 88.5826702, 27.5766755 ], [ 88.5826566, 27.576364 ], [ 88.5824133, 27.5759806 ], [ 88.5822376, 27.5755732 ], [ 88.5819267, 27.5752377 ], [ 88.5815212, 27.5750699 ], [ 88.5812238, 27.5747704 ], [ 88.5810751, 27.574351 ], [ 88.5810886, 27.5739197 ], [ 88.5810886, 27.5736321 ], [ 88.5809399, 27.5732487 ], [ 88.5807236, 27.5729251 ], [ 88.5805074, 27.5725417 ], [ 88.5803316, 27.5721583 ], [ 88.5800342, 27.5718347 ], [ 88.5796963, 27.571655 ], [ 88.5795071, 27.5714393 ], [ 88.5796558, 27.5712236 ], [ 88.579818, 27.5710199 ], [ 88.5797504, 27.5707563 ], [ 88.5795341, 27.5704208 ], [ 88.5794395, 27.5701812 ], [ 88.5797639, 27.5699176 ], [ 88.5798044, 27.569642 ], [ 88.5797233, 27.5691507 ], [ 88.5795747, 27.5688751 ], [ 88.5794124, 27.5686115 ], [ 88.5793584, 27.568204 ], [ 88.5793854, 27.5676888 ], [ 88.5795747, 27.5672215 ], [ 88.5796963, 27.566838 ], [ 88.5795071, 27.5664426 ], [ 88.5795341, 27.566155 ], [ 88.5795471, 27.5659022 ], [ 88.5795476, 27.5658914 ], [ 88.5792502, 27.5655319 ], [ 88.5789664, 27.5650765 ], [ 88.5791151, 27.5644055 ], [ 88.5791421, 27.5638782 ], [ 88.579088, 27.5634348 ], [ 88.579088, 27.5629795 ], [ 88.5791691, 27.5623803 ], [ 88.5791962, 27.5617092 ], [ 88.5791421, 27.561122 ], [ 88.5791015, 27.5606067 ], [ 88.5792908, 27.5601034 ], [ 88.5797369, 27.5599357 ], [ 88.5802911, 27.5597439 ], [ 88.5806966, 27.5593245 ], [ 88.5809129, 27.5588811 ], [ 88.5808858, 27.5584497 ], [ 88.5807236, 27.5578625 ], [ 88.5804533, 27.557491 ], [ 88.5800207, 27.5571434 ], [ 88.5796558, 27.5569277 ], [ 88.5792232, 27.5564963 ], [ 88.5790745, 27.5561967 ], [ 88.5790745, 27.5558012 ], [ 88.5791286, 27.5553219 ], [ 88.5791962, 27.5549743 ], [ 88.5795071, 27.5547107 ], [ 88.5796287, 27.5543751 ], [ 88.5793854, 27.5539916 ], [ 88.579061, 27.5538478 ], [ 88.5788042, 27.5536321 ], [ 88.5786284, 27.5533924 ], [ 88.5786014, 27.552973 ], [ 88.5787906, 27.5525415 ], [ 88.579061, 27.552194 ], [ 88.579426, 27.5519063 ], [ 88.5796017, 27.5515947 ], [ 88.5797504, 27.5509715 ], [ 88.5798315, 27.5505761 ], [ 88.5800342, 27.5501326 ], [ 88.5803992, 27.549797 ], [ 88.5809264, 27.5492338 ], [ 88.5812914, 27.5489461 ], [ 88.5814536, 27.5485866 ], [ 88.5816293, 27.5481671 ], [ 88.5820754, 27.5477956 ], [ 88.5823863, 27.5475199 ], [ 88.5825891, 27.5470525 ], [ 88.5826296, 27.5464892 ], [ 88.5826837, 27.5459858 ], [ 88.5826566, 27.5456143 ], [ 88.5823998, 27.5453147 ], [ 88.5822376, 27.5449791 ], [ 88.582197, 27.5446195 ], [ 88.5822241, 27.5441161 ], [ 88.5822917, 27.5436967 ], [ 88.5823187, 27.5432772 ], [ 88.5820889, 27.5428577 ], [ 88.5818186, 27.5424142 ], [ 88.5816969, 27.5419827 ], [ 88.5818997, 27.5414314 ], [ 88.5821024, 27.54088 ], [ 88.5824539, 27.5404366 ], [ 88.5830351, 27.5403167 ], [ 88.5833595, 27.540077 ], [ 88.5834407, 27.5397654 ], [ 88.5836029, 27.5394178 ], [ 88.5838462, 27.5388784 ], [ 88.584103, 27.5386267 ], [ 88.5842382, 27.5382911 ], [ 88.5843869, 27.5379435 ], [ 88.5844545, 27.5376199 ], [ 88.5847924, 27.5372843 ], [ 88.5852114, 27.5369487 ], [ 88.5854007, 27.5367569 ], [ 88.5853601, 27.5364452 ], [ 88.5851979, 27.5361456 ], [ 88.5849141, 27.53581 ], [ 88.5846843, 27.5355583 ], [ 88.5844815, 27.5351148 ], [ 88.5843734, 27.5344555 ], [ 88.5843598, 27.5337963 ], [ 88.5843463, 27.5333168 ], [ 88.5846437, 27.5328014 ], [ 88.5849141, 27.5321182 ], [ 88.5854683, 27.5316746 ], [ 88.585516, 27.531595 ] ] } },
{ "type": "Feature", "properties": { "element": "way", "id": 601320079, "name": null, "waterway": "stream" }, "geometry": { "type": "LineString", "coordinates": [ [ 88.5970528, 27.5136332 ], [ 88.5961471, 27.513831 ], [ 88.5953158, 27.5140767 ], [ 88.5946196, 27.5143345 ], [ 88.5940451, 27.5145623 ], [ 88.5937139, 27.5147961 ], [ 88.5932476, 27.5151198 ], [ 88.5928826, 27.5155274 ], [ 88.5925447, 27.5160549 ], [ 88.592173, 27.516948 ], [ 88.5919296, 27.5173616 ], [ 88.5915917, 27.5175894 ], [ 88.5911051, 27.5178351 ], [ 88.5905479, 27.5182501 ], [ 88.5901588, 27.5185904 ], [ 88.5897263, 27.5190339 ], [ 88.5893478, 27.5195494 ], [ 88.5888679, 27.5201908 ], [ 88.5886719, 27.5205324 ], [ 88.5885503, 27.5208381 ], [ 88.5882191, 27.5211618 ], [ 88.5878, 27.5214795 ], [ 88.5872729, 27.521953 ], [ 88.58682, 27.5224864 ], [ 88.5865226, 27.522954 ], [ 88.5860698, 27.5237032 ], [ 88.5858265, 27.5241467 ], [ 88.58584, 27.5245123 ], [ 88.5857048, 27.5248959 ], [ 88.5852926, 27.5251477 ], [ 88.5849614, 27.5254174 ], [ 88.5848803, 27.5258669 ], [ 88.5847789, 27.5263704 ], [ 88.5845423, 27.5266881 ], [ 88.5843869, 27.5270657 ], [ 88.5839408, 27.5273533 ], [ 88.5836434, 27.5277789 ], [ 88.5833753, 27.5283998 ] ] } },
{ "type": "Feature", "properties": { "element": "way", "id": 601320080, "name": null, "waterway": "stream" }, "geometry": { "type": "LineString", "coordinates": [ [ 88.5902197, 27.502633 ], [ 88.5898006, 27.5029747 ], [ 88.5896519, 27.5032685 ], [ 88.5895235, 27.5034663 ], [ 88.5893005, 27.5036581 ], [ 88.5891856, 27.5039639 ], [ 88.589145, 27.5043655 ], [ 88.5890166, 27.5046713 ], [ 88.588922, 27.504983 ], [ 88.5889017, 27.5053966 ], [ 88.5888814, 27.5058522 ], [ 88.5889152, 27.5062179 ], [ 88.5890099, 27.5065297 ], [ 88.588949, 27.5068594 ], [ 88.588895, 27.5071111 ], [ 88.5889693, 27.5073509 ], [ 88.5891042, 27.5076929 ] ] } },
{ "type": "Feature", "properties": { "element": "way", "id": 601320081, "name": null, "waterway": "stream" }, "geometry": { "type": "LineString", "coordinates": [ [ 88.5975056, 27.495241 ], [ 88.5976611, 27.4955827 ], [ 88.5978503, 27.4960264 ], [ 88.5979449, 27.496476 ], [ 88.5979179, 27.4968058 ], [ 88.5976611, 27.4971955 ], [ 88.5970595, 27.497807 ], [ 88.5962012, 27.4981787 ], [ 88.5954239, 27.4984545 ], [ 88.594944, 27.4986583 ], [ 88.5948021, 27.4990899 ], [ 88.5949508, 27.4996535 ], [ 88.5950251, 27.500289 ], [ 88.5950725, 27.5007926 ], [ 88.5949508, 27.5012002 ], [ 88.5944574, 27.5017997 ], [ 88.5937883, 27.5024352 ], [ 88.5932138, 27.5029867 ], [ 88.5927745, 27.5034543 ], [ 88.592369, 27.503808 ], [ 88.5919296, 27.5042396 ], [ 88.5915782, 27.5046353 ], [ 88.5915444, 27.5048571 ], [ 88.5916458, 27.5051389 ], [ 88.5915714, 27.5054206 ], [ 88.5912402, 27.5057144 ], [ 88.5910645, 27.50608 ], [ 88.5907874, 27.5065057 ], [ 88.5905306, 27.5068174 ], [ 88.5901318, 27.5071351 ], [ 88.5896384, 27.5073749 ], [ 88.5892802, 27.5075428 ], [ 88.5891042, 27.5076929 ], [ 88.5888409, 27.5082921 ], [ 88.5886449, 27.5088676 ], [ 88.5883881, 27.5093891 ], [ 88.5881447, 27.5097248 ], [ 88.5877189, 27.5100485 ], [ 88.5873269, 27.5103123 ], [ 88.5870498, 27.510624 ], [ 88.586428, 27.5110975 ], [ 88.5863672, 27.5115112 ], [ 88.5861036, 27.5119428 ], [ 88.5859346, 27.5123024 ], [ 88.5856575, 27.5126321 ], [ 88.5853399, 27.5129079 ], [ 88.5848803, 27.5130817 ], [ 88.5842179, 27.5135253 ], [ 88.5835623, 27.5140827 ], [ 88.5829878, 27.5145683 ], [ 88.582465, 27.5147652 ] ] } },
{ "type": "Feature", "properties": { "element": "way", "id": 601320082, "name": null, "waterway": "stream" }, "geometry": { "type": "LineString", "coordinates": [ [ 88.5887328, 27.4905106 ], [ 88.5885908, 27.4909782 ], [ 88.5883813, 27.4915478 ], [ 88.5881853, 27.4920395 ], [ 88.5880366, 27.4923812 ], [ 88.5877663, 27.4930647 ], [ 88.5875162, 27.4933824 ], [ 88.5873134, 27.4936342 ], [ 88.587354, 27.4940359 ], [ 88.5872931, 27.4944136 ], [ 88.587185, 27.4947674 ], [ 88.5870769, 27.4950971 ], [ 88.5870228, 27.4954209 ], [ 88.5871174, 27.4957266 ], [ 88.5871985, 27.4960564 ], [ 88.5872188, 27.4961883 ], [ 88.5871512, 27.496506 ], [ 88.5869079, 27.4970276 ], [ 88.586766, 27.4975192 ], [ 88.5866375, 27.4978909 ], [ 88.586401, 27.4980888 ], [ 88.5861442, 27.4982806 ], [ 88.5860833, 27.4985804 ], [ 88.5859684, 27.4987542 ], [ 88.5857386, 27.499006 ], [ 88.5855629, 27.4994257 ], [ 88.5854683, 27.4996595 ], [ 88.5853128, 27.5001331 ], [ 88.5851777, 27.5003729 ], [ 88.5853061, 27.5005707 ], [ 88.5854345, 27.5008225 ], [ 88.5853601, 27.5010324 ], [ 88.5850763, 27.5011463 ], [ 88.5849208, 27.5012901 ], [ 88.5849005, 27.5015899 ], [ 88.5848194, 27.5019076 ], [ 88.5846505, 27.5020515 ], [ 88.5845356, 27.5022194 ], [ 88.5845153, 27.5025191 ], [ 88.5843598, 27.5027169 ], [ 88.5840287, 27.5029687 ], [ 88.5838124, 27.5032925 ], [ 88.5837313, 27.5036342 ], [ 88.5836164, 27.5039819 ], [ 88.5833731, 27.5042277 ], [ 88.5832109, 27.5045574 ], [ 88.58315, 27.5048811 ], [ 88.5830419, 27.5052528 ], [ 88.5830757, 27.5055645 ], [ 88.5833258, 27.506152 ], [ 88.5835082, 27.5066975 ], [ 88.5835961, 27.507219 ], [ 88.5835623, 27.5073869 ], [ 88.5833055, 27.5079384 ], [ 88.5830689, 27.5086578 ], [ 88.5829, 27.5093411 ], [ 88.5827986, 27.5098087 ], [ 88.5828864, 27.5101144 ], [ 88.58315, 27.5105161 ], [ 88.5832852, 27.5108338 ], [ 88.5835333, 27.5110098 ], [ 88.5835556, 27.5110256 ], [ 88.5834136, 27.5112354 ], [ 88.5831298, 27.5117929 ], [ 88.5828391, 27.5122425 ], [ 88.5825823, 27.512782 ], [ 88.5824404, 27.5132016 ], [ 88.5823931, 27.5135373 ], [ 88.5823795, 27.513855 ], [ 88.5823187, 27.5140168 ], [ 88.5824066, 27.5142865 ], [ 88.5824674, 27.5147601 ], [ 88.582465, 27.5147652 ], [ 88.5821497, 27.5154255 ], [ 88.5818456, 27.5161568 ], [ 88.5816361, 27.5166063 ], [ 88.5816901, 27.5170859 ], [ 88.5817915, 27.5175954 ], [ 88.5818253, 27.5180389 ], [ 88.581778, 27.5183506 ], [ 88.5814806, 27.5187043 ], [ 88.5813522, 27.5190219 ], [ 88.5812305, 27.5194775 ], [ 88.5810616, 27.5198311 ], [ 88.5808588, 27.5200709 ], [ 88.5807642, 27.5203886 ], [ 88.5806899, 27.5208201 ], [ 88.5802843, 27.5216353 ], [ 88.5799667, 27.5223546 ], [ 88.5796355, 27.5230738 ], [ 88.5791624, 27.5238351 ], [ 88.578892, 27.5240568 ], [ 88.5785473, 27.5242906 ], [ 88.5782635, 27.5245483 ], [ 88.5779255, 27.524872 ], [ 88.5777295, 27.5252975 ], [ 88.577547, 27.525831 ], [ 88.5774319, 27.5267263 ] ] } },
{ "type": "Feature", "properties": { "element": "way", "id": 601332612, "name": null, "waterway": "stream" }, "geometry": { "type": "LineString", "coordinates": [ [ 88.3880549, 27.5209234 ], [ 88.3888383, 27.5213161 ], [ 88.389758, 27.521588 ], [ 88.3905414, 27.521739 ], [ 88.3913078, 27.5219958 ], [ 88.3920231, 27.5222072 ], [ 88.3929652, 27.5223113 ], [ 88.3936541, 27.5223097 ], [ 88.3944737, 27.5222756 ], [ 88.3954062, 27.5221229 ], [ 88.396056, 27.521985 ], [ 88.3967065, 27.5220532 ], [ 88.3978271, 27.5218572 ], [ 88.3983267, 27.5220121 ], [ 88.3993232, 27.5223126 ], [ 88.3999084, 27.5226584 ], [ 88.4002233, 27.5229539 ], [ 88.4009045, 27.5228904 ], [ 88.4012008, 27.5225934 ], [ 88.4019249, 27.5225729 ], [ 88.4023656, 27.5220873 ], [ 88.4026163, 27.5219353 ], [ 88.4026876, 27.5214092 ], [ 88.403063, 27.5213614 ], [ 88.403508, 27.521237 ], [ 88.4036851, 27.5209135 ], [ 88.4040494, 27.5206108 ], [ 88.4043361, 27.5199313 ], [ 88.4049608, 27.5193781 ], [ 88.4054293, 27.5192815 ], [ 88.4059452, 27.5192142 ], [ 88.4064782, 27.5191889 ], [ 88.4070626, 27.5193167 ], [ 88.4078407, 27.5194155 ], [ 88.4082437, 27.5191949 ], [ 88.4088678, 27.5193397 ], [ 88.4090725, 27.5191051 ], [ 88.4095783, 27.5188813 ], [ 88.4100813, 27.5189531 ], [ 88.4105969, 27.5187741 ], [ 88.4112164, 27.5184834 ], [ 88.4113676, 27.5182364 ], [ 88.411929, 27.5181901 ], [ 88.4123117, 27.5183637 ], [ 88.4128577, 27.5188129 ], [ 88.4133969, 27.5191109 ], [ 88.413976, 27.5189599 ], [ 88.4144417, 27.5185979 ] ] } },
{ "type": "Feature", "properties": { "element": "way", "id": 601332613, "name": null, "waterway": "stream" }, "geometry": { "type": "LineString", "coordinates": [ [ 88.3890053, 27.5095219 ], [ 88.3897395, 27.509754 ], [ 88.3903537, 27.5100204 ], [ 88.3910611, 27.5104524 ], [ 88.391479, 27.5106803 ], [ 88.3919675, 27.5108249 ], [ 88.3922164, 27.5109807 ], [ 88.3924438, 27.5112532 ], [ 88.3927308, 27.5116068 ], [ 88.3932058, 27.5119298 ], [ 88.3937091, 27.5122082 ], [ 88.3938312, 27.5122901 ] ] } },
{ "type": "Feature", "properties": { "element": "way", "id": 601332614, "name": null, "waterway": "stream" }, "geometry": { "type": "LineString", "coordinates": [ [ 88.384308, 27.4991416 ], [ 88.3849041, 27.4993531 ], [ 88.3854832, 27.4994437 ], [ 88.3861644, 27.4994437 ], [ 88.3865561, 27.4995797 ], [ 88.3870671, 27.4995495 ], [ 88.387561, 27.4993682 ], [ 88.3882592, 27.4992473 ], [ 88.3890256, 27.4991416 ], [ 88.3895025, 27.4991416 ], [ 88.3901837, 27.499202 ], [ 88.3909842, 27.4995797 ], [ 88.3920231, 27.5001084 ], [ 88.3927043, 27.5005163 ], [ 88.3932323, 27.5010148 ], [ 88.3936751, 27.5013018 ], [ 88.3943563, 27.5014227 ], [ 88.3948502, 27.5015133 ], [ 88.395259, 27.5014076 ], [ 88.3956847, 27.5016644 ], [ 88.3960083, 27.5018608 ], [ 88.3964852, 27.5016795 ] ] } },
{ "type": "Feature", "properties": { "element": "way", "id": 601332616, "name": null, "waterway": "stream" }, "geometry": { "type": "LineString", "coordinates": [ [ 88.3855343, 27.4957425 ], [ 88.3866243, 27.4963619 ], [ 88.3874247, 27.496513 ], [ 88.38814, 27.4968604 ], [ 88.3887872, 27.4969209 ], [ 88.3896387, 27.4971626 ], [ 88.39032, 27.4974043 ], [ 88.3907458, 27.4976913 ], [ 88.3915121, 27.4980992 ], [ 88.3920912, 27.4983711 ], [ 88.3926021, 27.4982805 ], [ 88.3933685, 27.4985524 ], [ 88.3938965, 27.499051 ], [ 88.3949865, 27.4999422 ], [ 88.3954293, 27.5001688 ], [ 88.3956677, 27.5004106 ], [ 88.3959572, 27.5011357 ], [ 88.3961957, 27.5015889 ], [ 88.3964852, 27.5016795 ], [ 88.3970472, 27.5016946 ], [ 88.3974219, 27.5021327 ], [ 88.397641, 27.5024527 ] ] } },
{ "type": "Feature", "properties": { "element": "way", "id": 601332618, "name": null, "waterway": "stream" }, "geometry": { "type": "LineString", "coordinates": [ [ 88.4020203, 27.4841547 ], [ 88.4017137, 27.4851669 ], [ 88.4020884, 27.4857713 ], [ 88.402412, 27.486572 ], [ 88.4025482, 27.4870857 ], [ 88.4025482, 27.487539 ], [ 88.4021735, 27.4877656 ], [ 88.4014071, 27.4881433 ], [ 88.4009814, 27.4886268 ], [ 88.4008962, 27.4891556 ], [ 88.4010325, 27.4898203 ], [ 88.4011857, 27.4908174 ], [ 88.4010325, 27.4913613 ], [ 88.4009132, 27.4920412 ], [ 88.4010325, 27.492298 ], [ 88.4009473, 27.4934915 ], [ 88.4008451, 27.4939447 ], [ 88.39967, 27.4946548 ], [ 88.3993652, 27.4952253 ], [ 88.3992317, 27.4958776 ], [ 88.3991808, 27.4961452 ], [ 88.3988695, 27.4971324 ], [ 88.3988695, 27.4979028 ], [ 88.3992442, 27.4984165 ], [ 88.3997381, 27.4996401 ], [ 88.399704, 27.5003048 ], [ 88.3994315, 27.5008638 ], [ 88.3993634, 27.5014227 ], [ 88.3994486, 27.501891 ], [ 88.3994393, 27.5022756 ] ] } },
{ "type": "Feature", "properties": { "element": "way", "id": 601332619, "name": null, "waterway": "stream" }, "geometry": { "type": "LineString", "coordinates": [ [ 88.3915973, 27.5074349 ], [ 88.3922445, 27.5075104 ], [ 88.3927213, 27.5075406 ], [ 88.3930449, 27.5076917 ], [ 88.3935559, 27.5079032 ], [ 88.3941009, 27.5080693 ], [ 88.3946458, 27.5080089 ], [ 88.3954974, 27.5076313 ], [ 88.3962297, 27.5074198 ], [ 88.3968939, 27.5073745 ], [ 88.3976603, 27.5075406 ], [ 88.3982053, 27.5079636 ], [ 88.3987333, 27.5083865 ], [ 88.3997551, 27.5089152 ], [ 88.3999254, 27.5091871 ], [ 88.4001172, 27.5094039 ] ] } },
{ "type": "Feature", "properties": { "element": "way", "id": 601332620, "name": null, "waterway": "stream" }, "geometry": { "type": "LineString", "coordinates": [ [ 88.3843251, 27.5166489 ], [ 88.3847338, 27.5164375 ], [ 88.3849723, 27.5162411 ], [ 88.3852448, 27.5159088 ], [ 88.3854491, 27.5156521 ], [ 88.3857046, 27.5153953 ], [ 88.3859941, 27.5153802 ], [ 88.3863347, 27.5155161 ], [ 88.3866583, 27.5154708 ], [ 88.3871182, 27.5155312 ], [ 88.3874588, 27.5156672 ], [ 88.387595, 27.5157578 ], [ 88.3878025, 27.5156097 ], [ 88.3880153, 27.5156059 ], [ 88.388418, 27.5154074 ], [ 88.3888792, 27.5151277 ], [ 88.3892811, 27.5149119 ], [ 88.3896387, 27.5146249 ], [ 88.3900986, 27.514338 ], [ 88.3906294, 27.5140953 ], [ 88.3910864, 27.5138999 ], [ 88.3915462, 27.5135072 ], [ 88.3918187, 27.5131145 ], [ 88.3921852, 27.5126855 ], [ 88.3925273, 27.5125183 ], [ 88.3930396, 27.512629 ], [ 88.3935447, 27.5124991 ], [ 88.3938312, 27.5122901 ], [ 88.3942773, 27.512342 ], [ 88.3951241, 27.5118856 ], [ 88.3954678, 27.5119137 ], [ 88.3960254, 27.5116644 ], [ 88.3964277, 27.5112004 ], [ 88.3972376, 27.5110351 ], [ 88.3977461, 27.5105725 ], [ 88.3985072, 27.5104222 ], [ 88.3993839, 27.5099526 ], [ 88.3996312, 27.509672 ], [ 88.4001172, 27.5094039 ], [ 88.4008383, 27.5094335 ], [ 88.4014954, 27.5093692 ], [ 88.4024185, 27.5091565 ], [ 88.4035568, 27.5089854 ], [ 88.4042675, 27.5089913 ], [ 88.4048133, 27.5090059 ], [ 88.4053012, 27.5086308 ], [ 88.40579, 27.5082046 ] ] } },
{ "type": "Feature", "properties": { "element": "way", "id": 601332622, "name": null, "waterway": "stream" }, "geometry": { "type": "LineString", "coordinates": [ [ 88.3822303, 27.5066041 ], [ 88.3828264, 27.5067098 ], [ 88.3832521, 27.50674 ], [ 88.3835757, 27.506589 ], [ 88.3841548, 27.5063322 ], [ 88.3848871, 27.5061358 ], [ 88.3854491, 27.5060452 ], [ 88.3858068, 27.5058941 ], [ 88.3861133, 27.5057128 ], [ 88.3865561, 27.5055769 ], [ 88.3872033, 27.5054258 ], [ 88.3876972, 27.5052597 ], [ 88.3880719, 27.5051086 ], [ 88.3884295, 27.5048065 ], [ 88.3889575, 27.5043835 ], [ 88.3894684, 27.5042022 ], [ 88.3898601, 27.5041116 ], [ 88.3902178, 27.5038397 ], [ 88.3905584, 27.5036433 ], [ 88.3911204, 27.5035527 ], [ 88.39141, 27.503598 ], [ 88.3920571, 27.5035225 ], [ 88.392517, 27.5034469 ], [ 88.3931301, 27.5031901 ], [ 88.393641, 27.5028427 ], [ 88.3941179, 27.502601 ], [ 88.3944755, 27.5025859 ], [ 88.3948672, 27.5027672 ], [ 88.3953928, 27.5028819 ], [ 88.3957715, 27.5029799 ], [ 88.3962548, 27.5029939 ], [ 88.3969007, 27.5028617 ], [ 88.3973593, 27.5025824 ], [ 88.397641, 27.5024527 ], [ 88.3979592, 27.5025831 ], [ 88.3983668, 27.5024034 ], [ 88.3987858, 27.5021723 ], [ 88.3990839, 27.5022541 ], [ 88.3994393, 27.5022756 ], [ 88.4005497, 27.5024788 ], [ 88.4008657, 27.502644 ], [ 88.4011207, 27.502842 ], [ 88.4014089, 27.5033627 ], [ 88.4015562, 27.5036584 ], [ 88.4022454, 27.503974 ], [ 88.4023393, 27.5046617 ], [ 88.4027009, 27.5050797 ], [ 88.4030986, 27.5056831 ], [ 88.4034204, 27.5060542 ], [ 88.4035814, 27.5064824 ], [ 88.4037101, 27.5069011 ], [ 88.403903, 27.5070412 ], [ 88.4041861, 27.5072219 ], [ 88.4045525, 27.5075869 ], [ 88.4051137, 27.5079897 ], [ 88.40579, 27.5082046 ], [ 88.4068199, 27.5086959 ], [ 88.4074008, 27.5090061 ], [ 88.407716, 27.5093317 ], [ 88.407958, 27.5100133 ], [ 88.4078468, 27.5107267 ], [ 88.4078262, 27.5110434 ], [ 88.4077485, 27.5113567 ], [ 88.4077355, 27.5115891 ], [ 88.4079017, 27.5118917 ], [ 88.4082497, 27.5122079 ], [ 88.4088333, 27.5124831 ], [ 88.4094905, 27.5128207 ], [ 88.4099314, 27.5132315 ], [ 88.4098482, 27.5134499 ], [ 88.4099448, 27.5138941 ], [ 88.4101523, 27.5140236 ], [ 88.410716, 27.5141424 ], [ 88.4111678, 27.5142691 ], [ 88.4115196, 27.5146152 ], [ 88.4117059, 27.5150834 ], [ 88.411801, 27.5154598 ], [ 88.4119283, 27.5157697 ], [ 88.4121954, 27.5160571 ], [ 88.4125919, 27.5163206 ], [ 88.4130514, 27.5166777 ], [ 88.4136261, 27.5170373 ], [ 88.414029, 27.5173723 ], [ 88.4141265, 27.5174533 ], [ 88.4141922, 27.5178916 ], [ 88.4142351, 27.5183863 ], [ 88.4144417, 27.5185979 ], [ 88.4147753, 27.5188309 ], [ 88.4149904, 27.5190218 ], [ 88.4151052, 27.5192655 ], [ 88.4155465, 27.5196643 ], [ 88.4161556, 27.5200895 ], [ 88.4166706, 27.5201181 ], [ 88.4171963, 27.520061 ], [ 88.4177542, 27.5202893 ], [ 88.418076, 27.5206223 ], [ 88.4182477, 27.5211361 ], [ 88.4182155, 27.5214882 ], [ 88.4180117, 27.5218593 ], [ 88.4178615, 27.5221732 ], [ 88.4178078, 27.5224967 ], [ 88.4177327, 27.5227917 ], [ 88.4174216, 27.522982 ], [ 88.4171319, 27.5230962 ], [ 88.416928, 27.5232389 ], [ 88.4168637, 27.5235719 ], [ 88.4169817, 27.5238383 ], [ 88.4171963, 27.5241332 ], [ 88.4172606, 27.5243997 ], [ 88.4171641, 27.5246565 ], [ 88.4172284, 27.5250181 ], [ 88.4174859, 27.5253035 ], [ 88.4177005, 27.5254272 ], [ 88.4180546, 27.5255509 ], [ 88.4182691, 27.52596 ], [ 88.4184515, 27.5264357 ], [ 88.4187841, 27.5269971 ], [ 88.4194064, 27.5277963 ], [ 88.4198034, 27.5284147 ], [ 88.4201145, 27.5286716 ], [ 88.4203613, 27.528624 ], [ 88.4209621, 27.5287857 ], [ 88.4213912, 27.5289855 ], [ 88.4216702, 27.5291092 ], [ 88.4225392, 27.5294993 ], [ 88.4232902, 27.5298418 ], [ 88.4237194, 27.5301463 ], [ 88.4238267, 27.5304602 ], [ 88.4239662, 27.5308122 ], [ 88.4241807, 27.5311167 ], [ 88.4245777, 27.5311833 ], [ 88.4251034, 27.5310025 ], [ 88.4255755, 27.5309454 ], [ 88.4258652, 27.530974 ], [ 88.426069, 27.5312023 ], [ 88.426348, 27.5314497 ], [ 88.4267449, 27.5315448 ], [ 88.4273457, 27.5314306 ], [ 88.4277105, 27.5314592 ], [ 88.4280324, 27.5317065 ], [ 88.428247, 27.5319824 ], [ 88.4283757, 27.5323725 ], [ 88.4285474, 27.5328197 ], [ 88.4286761, 27.5332383 ], [ 88.4287298, 27.5335903 ], [ 88.4288692, 27.5339803 ], [ 88.4292018, 27.5343514 ], [ 88.4294271, 27.53477 ], [ 88.4294486, 27.5351981 ], [ 88.4290194, 27.5359591 ], [ 88.428601, 27.5366631 ], [ 88.428204, 27.5372435 ], [ 88.4279466, 27.5378809 ], [ 88.4278178, 27.5385468 ], [ 88.4279466, 27.5392317 ], [ 88.4280753, 27.5397835 ], [ 88.4282362, 27.5402496 ], [ 88.4283435, 27.5405826 ], [ 88.4286439, 27.5406872 ], [ 88.4290409, 27.5408204 ], [ 88.4291696, 27.5412295 ], [ 88.4295773, 27.5415054 ], [ 88.4302103, 27.5417051 ], [ 88.4307253, 27.5418193 ], [ 88.4314012, 27.5421047 ], [ 88.4318304, 27.5423425 ], [ 88.4322917, 27.5426089 ], [ 88.4328389, 27.5428657 ], [ 88.4333646, 27.5432748 ], [ 88.4337938, 27.5436172 ], [ 88.4341586, 27.5439977 ], [ 88.4343839, 27.5446161 ], [ 88.4348345, 27.5455578 ], [ 88.4347701, 27.5459383 ], [ 88.4347057, 27.5463759 ], [ 88.434813, 27.5466803 ], [ 88.434695, 27.5473367 ], [ 88.4343517, 27.547584 ], [ 88.4342229, 27.5480501 ], [ 88.4340405, 27.5492962 ], [ 88.4338474, 27.5499145 ], [ 88.4337938, 27.5506375 ], [ 88.433826, 27.5509894 ], [ 88.4336221, 27.5518075 ], [ 88.4335792, 27.5524162 ], [ 88.4336221, 27.5526255 ], [ 88.4338796, 27.5532723 ], [ 88.4340942, 27.5537765 ], [ 88.4340727, 27.5541569 ], [ 88.4341478, 27.5547942 ] ] } },
{ "type": "Feature", "properties": { "element": "way", "id": 601332623, "name": null, "waterway": "stream" }, "geometry": { "type": "LineString", "coordinates": [ [ 88.4776934, 27.5152636 ], [ 88.4778285, 27.5156473 ], [ 88.4779907, 27.5160908 ], [ 88.4782881, 27.5163905 ], [ 88.4787072, 27.5167622 ], [ 88.478937, 27.5171338 ], [ 88.4791127, 27.5174815 ], [ 88.4792208, 27.5179011 ], [ 88.4794101, 27.5182727 ], [ 88.4798156, 27.5185484 ], [ 88.4803157, 27.5188122 ], [ 88.4808294, 27.5192198 ], [ 88.4814783, 27.5197952 ], [ 88.4817756, 27.5202148 ], [ 88.4820865, 27.5204665 ], [ 88.4824921, 27.5206703 ], [ 88.4830598, 27.520922 ], [ 88.4834518, 27.5211138 ], [ 88.4836816, 27.5214135 ], [ 88.4838033, 27.5218331 ], [ 88.4837222, 27.5223846 ], [ 88.4836275, 27.522972 ], [ 88.4836546, 27.5234035 ], [ 88.4839384, 27.5236912 ], [ 88.4841953, 27.5239909 ], [ 88.4843304, 27.5243505 ], [ 88.4844115, 27.5245543 ], [ 88.4845738, 27.524842 ], [ 88.4850063, 27.5254414 ] ] } },
{ "type": "Feature", "properties": { "element": "way", "id": 601332624, "name": null, "waterway": "stream" }, "geometry": { "type": "LineString", "coordinates": [ [ 88.4818703, 27.5125182 ], [ 88.4822217, 27.5128179 ], [ 88.4825867, 27.5132615 ], [ 88.482803, 27.5136931 ], [ 88.4830733, 27.5141247 ], [ 88.4833437, 27.5145563 ], [ 88.483587, 27.5150119 ], [ 88.4838303, 27.5153715 ], [ 88.4842088, 27.5157192 ], [ 88.4845197, 27.5160908 ], [ 88.48479, 27.5165224 ], [ 88.4848576, 27.516942 ], [ 88.485128, 27.5176853 ], [ 88.4854118, 27.5181648 ], [ 88.4855605, 27.5186563 ], [ 88.4855605, 27.5190399 ], [ 88.4856011, 27.5195674 ], [ 88.4857227, 27.5202507 ], [ 88.4860472, 27.5205984 ], [ 88.4863716, 27.520922 ], [ 88.4863716, 27.5211508 ], [ 88.4863716, 27.5213776 ], [ 88.4862499, 27.5218811 ], [ 88.4859796, 27.5224325 ], [ 88.4858309, 27.52296 ], [ 88.4857498, 27.5233076 ], [ 88.4853983, 27.5234874 ], [ 88.4851685, 27.5236672 ], [ 88.4851145, 27.5239549 ], [ 88.4850469, 27.5244105 ], [ 88.4849658, 27.5246262 ], [ 88.4848171, 27.524806 ], [ 88.4849658, 27.5252016 ], [ 88.4850063, 27.5254414 ], [ 88.4850198, 27.5256452 ], [ 88.4849252, 27.5259688 ], [ 88.4847089, 27.5262805 ], [ 88.4844115, 27.5266401 ], [ 88.4842764, 27.5272155 ], [ 88.4842088, 27.527647 ], [ 88.4842629, 27.5282824 ], [ 88.484398, 27.5287978 ], [ 88.4846008, 27.5293852 ], [ 88.4846684, 27.5298167 ], [ 88.4844115, 27.5301763 ], [ 88.4844927, 27.530488 ], [ 88.4845873, 27.5308715 ], [ 88.4846684, 27.5312311 ], [ 88.4844791, 27.5318425 ], [ 88.4843575, 27.5321182 ], [ 88.4841277, 27.5323699 ], [ 88.4837762, 27.5327774 ], [ 88.4835464, 27.5330651 ], [ 88.4833842, 27.5334487 ], [ 88.4834788, 27.5337843 ], [ 88.4836275, 27.5341798 ], [ 88.4837222, 27.5344675 ], [ 88.4832355, 27.5350069 ], [ 88.4827759, 27.534947 ], [ 88.4822758, 27.5350189 ], [ 88.4821676, 27.5353665 ], [ 88.4821541, 27.5358459 ], [ 88.482019, 27.5362655 ], [ 88.4818432, 27.536625 ], [ 88.4817216, 27.5370206 ], [ 88.4817326, 27.5373607 ] ] } },
{ "type": "Feature", "properties": { "element": "way", "id": 601332625, "name": null, "waterway": "stream" }, "geometry": { "type": "LineString", "coordinates": [ [ 88.5168805, 27.5772147 ], [ 88.5174888, 27.5770469 ], [ 88.5179214, 27.5768792 ], [ 88.518354, 27.5767114 ], [ 88.5186108, 27.5767833 ], [ 88.5189217, 27.5768912 ], [ 88.5193137, 27.5769271 ], [ 88.5198003, 27.5767833 ], [ 88.5203951, 27.5765437 ], [ 88.5208682, 27.576364 ], [ 88.5212467, 27.576352 ], [ 88.5217063, 27.576376 ], [ 88.5221524, 27.5762561 ], [ 88.5227336, 27.5760764 ], [ 88.5231932, 27.5759925 ], [ 88.5233554, 27.5758368 ], [ 88.5235447, 27.5757529 ], [ 88.5240854, 27.575717 ], [ 88.524572, 27.5757529 ], [ 88.5248829, 27.5758008 ], [ 88.5253425, 27.575705 ], [ 88.5256669, 27.575693 ], [ 88.5259643, 27.5758847 ], [ 88.5262482, 27.5760524 ], [ 88.5267213, 27.5760884 ], [ 88.5271403, 27.5761723 ], [ 88.5274783, 27.5760285 ], [ 88.5277756, 27.5760524 ], [ 88.5282893, 27.5761842 ], [ 88.5286137, 27.5762921 ], [ 88.5288841, 27.576352 ], [ 88.529192, 27.5764766 ] ] } },
{ "type": "Feature", "properties": { "element": "way", "id": 601332626, "name": null, "waterway": "stream" }, "geometry": { "type": "LineString", "coordinates": [ [ 88.5055529, 27.5843795 ], [ 88.5053907, 27.5839242 ], [ 88.505215, 27.5836846 ], [ 88.5049987, 27.583445 ], [ 88.504877, 27.5832413 ], [ 88.5047959, 27.5829418 ], [ 88.5046607, 27.5827022 ], [ 88.5044309, 27.5824626 ], [ 88.5042417, 27.5822828 ], [ 88.5040389, 27.5821271 ], [ 88.5038902, 27.5819953 ], [ 88.5037145, 27.5818156 ], [ 88.5036875, 27.5814441 ], [ 88.5036199, 27.5812165 ], [ 88.5035253, 27.5810368 ], [ 88.5035253, 27.580905 ], [ 88.503674, 27.5806174 ], [ 88.5037821, 27.5804377 ], [ 88.5039173, 27.5803419 ], [ 88.5040254, 27.5801861 ], [ 88.5039308, 27.5798267 ], [ 88.5038227, 27.5793714 ], [ 88.5038227, 27.5789281 ], [ 88.5036875, 27.5785686 ], [ 88.5034847, 27.578329 ], [ 88.5031873, 27.5780175 ], [ 88.5028494, 27.5777658 ], [ 88.5026061, 27.5775741 ], [ 88.5025115, 27.5774304 ], [ 88.5023763, 27.5769511 ], [ 88.5021735, 27.5766875 ], [ 88.5017545, 27.5766755 ], [ 88.5012949, 27.5766156 ], [ 88.5011732, 27.5764718 ], [ 88.500984, 27.5762442 ], [ 88.5007407, 27.5760524 ], [ 88.5005109, 27.5760165 ], [ 88.5001729, 27.5759566 ], [ 88.5000783, 27.5757529 ], [ 88.4998891, 27.5753815 ], [ 88.4998485, 27.5751298 ], [ 88.4997809, 27.5748543 ], [ 88.4995511, 27.5746985 ], [ 88.4993349, 27.5745427 ], [ 88.4992943, 27.5742552 ], [ 88.4992943, 27.5739796 ], [ 88.4992132, 27.5737399 ], [ 88.4990915, 27.5735961 ], [ 88.499051, 27.5733325 ], [ 88.4989969, 27.5731408 ], [ 88.4988888, 27.5729132 ], [ 88.4987401, 27.5727454 ], [ 88.4986184, 27.5725537 ], [ 88.4984157, 27.5722901 ] ] } },
{ "type": "Feature", "properties": { "element": "way", "id": 601332627, "name": null, "waterway": "stream" }, "geometry": { "type": "LineString", "coordinates": [ [ 88.564969, 27.5795032 ], [ 88.5650569, 27.5791677 ], [ 88.5650907, 27.578982 ], [ 88.565138, 27.5787543 ], [ 88.5651042, 27.5785566 ], [ 88.5651109, 27.578341 ], [ 88.5651785, 27.5781612 ], [ 88.5652461, 27.5780115 ], [ 88.5653407, 27.5778257 ], [ 88.5654016, 27.5776939 ], [ 88.5654083, 27.5775442 ], [ 88.5654016, 27.5774064 ], [ 88.5653678, 27.5772566 ], [ 88.5652799, 27.5770889 ], [ 88.5651988, 27.5769391 ], [ 88.5651109, 27.5767953 ], [ 88.5649893, 27.5766635 ], [ 88.5648338, 27.5765197 ], [ 88.5646851, 27.57637 ], [ 88.5645905, 27.5761303 ], [ 88.5645297, 27.5759626 ], [ 88.564577, 27.5758847 ], [ 88.5645905, 27.5758188 ], [ 88.5645162, 27.575651 ], [ 88.5644621, 27.5755013 ], [ 88.5644351, 27.5753096 ], [ 88.5645229, 27.5750519 ], [ 88.5645973, 27.5748243 ], [ 88.5646311, 27.5746805 ], [ 88.5646108, 27.5745487 ], [ 88.5645297, 27.5744049 ], [ 88.564408, 27.5742851 ], [ 88.5642593, 27.5741653 ], [ 88.5640971, 27.5740514 ], [ 88.5640025, 27.5738837 ], [ 88.5639349, 27.5737519 ], [ 88.5638876, 27.573692 ], [ 88.5636984, 27.5735841 ], [ 88.5635362, 27.5735123 ], [ 88.5633807, 27.5733445 ], [ 88.5632658, 27.5731768 ], [ 88.5631644, 27.5729731 ], [ 88.563036, 27.5727873 ], [ 88.5629346, 27.5726316 ], [ 88.562813, 27.5724818 ], [ 88.5626913, 27.572314 ], [ 88.5625629, 27.5721762 ], [ 88.562421, 27.5720684 ], [ 88.5622385, 27.5719665 ], [ 88.5620154, 27.5718767 ], [ 88.5617856, 27.5717808 ], [ 88.5615964, 27.571667 ], [ 88.5614612, 27.5714573 ], [ 88.5614274, 27.5712236 ], [ 88.5612855, 27.570978 ], [ 88.5610422, 27.5708342 ], [ 88.560738, 27.5707443 ], [ 88.5604339, 27.5706665 ], [ 88.560096, 27.5705466 ], [ 88.5597715, 27.5703729 ], [ 88.5594742, 27.5703849 ], [ 88.5592646, 27.570283 ], [ 88.5590078, 27.5700913 ], [ 88.5588388, 27.5699535 ], [ 88.5586428, 27.5698457 ], [ 88.5584536, 27.5697079 ], [ 88.5583117, 27.5694682 ], [ 88.5581021, 27.5692585 ], [ 88.5578115, 27.5690428 ], [ 88.5574803, 27.5688691 ], [ 88.5571559, 27.5687193 ], [ 88.5569734, 27.5686055 ], [ 88.5567909, 27.5684796 ], [ 88.55648, 27.5684437 ], [ 88.5562975, 27.5684856 ], [ 88.5560137, 27.5684557 ], [ 88.5556555, 27.5684377 ], [ 88.5553513, 27.5684677 ], [ 88.5550877, 27.5685096 ], [ 88.5548106, 27.5684976 ], [ 88.5545268, 27.5684437 ], [ 88.553905, 27.5684796 ], [ 88.5532764, 27.5685036 ], [ 88.5527289, 27.5684736 ], [ 88.5524586, 27.5684377 ], [ 88.5522491, 27.5683299 ], [ 88.5520733, 27.568204 ], [ 88.5518908, 27.5680842 ], [ 88.5517016, 27.5678446 ], [ 88.5514988, 27.5676229 ], [ 88.5512623, 27.567551 ], [ 88.5509649, 27.567509 ], [ 88.5507892, 27.5673832 ], [ 88.5507419, 27.5671975 ], [ 88.5507824, 27.5669758 ], [ 88.5507757, 27.5667541 ], [ 88.5505594, 27.5667421 ], [ 88.5502214, 27.5667961 ], [ 88.5497551, 27.5669099 ], [ 88.5494239, 27.5670657 ], [ 88.5492752, 27.5672215 ], [ 88.5491468, 27.5674072 ], [ 88.5489238, 27.5675869 ], [ 88.5487345, 27.5676528 ], [ 88.5486061, 27.5675929 ], [ 88.5483966, 27.567533 ], [ 88.5481533, 27.5674671 ], [ 88.5478288, 27.5675929 ], [ 88.5472746, 27.5679165 ], [ 88.546619, 27.5681861 ], [ 88.5461594, 27.5684257 ], [ 88.545835, 27.5685096 ], [ 88.5455782, 27.5684137 ], [ 88.5452876, 27.5683239 ], [ 88.5449631, 27.5683239 ], [ 88.5446725, 27.5684677 ], [ 88.5444292, 27.5686055 ], [ 88.5440642, 27.5688032 ], [ 88.5438682, 27.5689889 ], [ 88.5436519, 27.5691567 ], [ 88.5433883, 27.5694323 ], [ 88.5431518, 27.5695461 ], [ 88.5429963, 27.5697019 ], [ 88.5428882, 27.5698277 ], [ 88.5424575, 27.5701178 ] ] } },
{ "type": "Feature", "properties": { "element": "way", "id": 601332628, "name": null, "waterway": "stream" }, "geometry": { "type": "LineString", "coordinates": [ [ 88.5638144, 27.5839183 ], [ 88.5628948, 27.5836466 ], [ 88.5618218, 27.5834202 ], [ 88.5607489, 27.5831937 ], [ 88.5597781, 27.5827711 ], [ 88.5592501, 27.5824088 ], [ 88.5587222, 27.5821069 ], [ 88.5579387, 27.5820012 ], [ 88.5572745, 27.5818502 ], [ 88.5566444, 27.5816993 ], [ 88.5562356, 27.5814125 ], [ 88.555878, 27.58102 ], [ 88.5554863, 27.5807181 ], [ 88.5549924, 27.5804917 ], [ 88.5544985, 27.5802803 ], [ 88.5540387, 27.5800841 ], [ 88.5534426, 27.5797822 ], [ 88.5523696, 27.5792991 ], [ 88.551501, 27.5787405 ], [ 88.5506154, 27.5783782 ], [ 88.5499512, 27.5780914 ], [ 88.5494573, 27.577865 ], [ 88.5490486, 27.5776235 ], [ 88.5486228, 27.5772461 ], [ 88.5483844, 27.5768687 ], [ 88.548197, 27.5765365 ], [ 88.5479586, 27.5761289 ], [ 88.5478734, 27.5757364 ], [ 88.5478224, 27.575359 ], [ 88.5475158, 27.575042 ], [ 88.5470389, 27.5748609 ], [ 88.5465621, 27.5746042 ], [ 88.5461363, 27.5743174 ], [ 88.545983, 27.5740155 ], [ 88.5458297, 27.5737135 ], [ 88.5455743, 27.5732908 ], [ 88.5452677, 27.5729436 ], [ 88.544876, 27.5726568 ], [ 88.5442458, 27.5724001 ], [ 88.5440074, 27.5722341 ], [ 88.5438371, 27.5720831 ], [ 88.5437349, 27.5716906 ], [ 88.5436327, 27.5712528 ], [ 88.5434965, 27.57083 ], [ 88.543207, 27.5704526 ], [ 88.5427131, 27.5702262 ], [ 88.5424575, 27.5701178 ], [ 88.5423213, 27.5700601 ], [ 88.5419126, 27.5701205 ], [ 88.5416571, 27.5701809 ], [ 88.5412995, 27.5701205 ], [ 88.5409589, 27.569894 ], [ 88.5407886, 27.5696676 ], [ 88.540465, 27.5694864 ], [ 88.5400051, 27.569577 ], [ 88.5398348, 27.5696223 ], [ 88.539392, 27.5694864 ], [ 88.5391025, 27.5693053 ], [ 88.53883, 27.5692751 ], [ 88.5383702, 27.5693807 ], [ 88.5380125, 27.5692751 ], [ 88.5376719, 27.5690486 ], [ 88.5373653, 27.5688221 ], [ 88.5370247, 27.568641 ], [ 88.5364457, 27.5685202 ], [ 88.5360985, 27.5682278 ] ] } },
{ "type": "Feature", "properties": { "element": "way", "id": 601772315, "name": null, "waterway": "stream" }, "geometry": { "type": "LineString", "coordinates": [ [ 88.6256361, 27.5819377 ], [ 88.6268806, 27.5827936 ], [ 88.6277175, 27.5834022 ], [ 88.627975, 27.5837255 ], [ 88.6282968, 27.5839157 ], [ 88.6288976, 27.5841058 ], [ 88.6294555, 27.5844862 ], [ 88.6300349, 27.5850568 ], [ 88.6304211, 27.5854752 ], [ 88.6308288, 27.5858175 ], [ 88.6313009, 27.5860267 ], [ 88.6317944, 27.5864261 ], [ 88.6322236, 27.5869206 ], [ 88.6326313, 27.587415 ], [ 88.6329746, 27.5877383 ], [ 88.6334252, 27.5880236 ], [ 88.6339187, 27.5882518 ], [ 88.6344766, 27.5885942 ], [ 88.6347985, 27.5888604 ], [ 88.635571, 27.5891647 ], [ 88.6361289, 27.589545 ], [ 88.6363005, 27.5898683 ], [ 88.636837, 27.5899254 ], [ 88.6375236, 27.5901156 ], [ 88.6381244, 27.5907241 ], [ 88.6384678, 27.5910094 ], [ 88.6389184, 27.5911425 ], [ 88.6394334, 27.5914658 ], [ 88.6399269, 27.5918462 ], [ 88.640356, 27.5919412 ], [ 88.6409783, 27.5920363 ], [ 88.6413216, 27.591713 ], [ 88.6418581, 27.5917701 ], [ 88.6423301, 27.5918271 ], [ 88.6428237, 27.5917891 ], [ 88.6435318, 27.5917511 ], [ 88.6437893, 27.5913517 ], [ 88.6441755, 27.5909143 ], [ 88.6447549, 27.5906671 ], [ 88.6454415, 27.5905149 ], [ 88.645935, 27.5905149 ], [ 88.6464286, 27.5905149 ], [ 88.646965, 27.5907241 ], [ 88.6475444, 27.5907622 ], [ 88.6482954, 27.5907812 ], [ 88.649041, 27.5906394 ], [ 88.6494465, 27.5907053 ], [ 88.6495054, 27.5907084 ] ] } },
{ "type": "Feature", "properties": { "element": "way", "id": 601774445, "name": null, "waterway": "stream" }, "geometry": { "type": "LineString", "coordinates": [ [ 88.5042822, 27.6509375 ], [ 88.5034712, 27.6506022 ], [ 88.502525, 27.6502669 ], [ 88.5012273, 27.6498359 ], [ 88.4998215, 27.6498598 ], [ 88.4988212, 27.6500275 ], [ 88.4980912, 27.6499556 ], [ 88.4969828, 27.6496682 ], [ 88.4956851, 27.6494767 ], [ 88.4946848, 27.6494527 ], [ 88.4936034, 27.6495725 ], [ 88.492522, 27.6498359 ], [ 88.4913055, 27.6499317 ], [ 88.4898726, 27.6501472 ], [ 88.4883586, 27.6502669 ], [ 88.4873854, 27.6504825 ], [ 88.4861688, 27.6499317 ], [ 88.4846819, 27.649764 ], [ 88.4833572, 27.6498119 ], [ 88.4823839, 27.6494527 ], [ 88.4815188, 27.6489738 ], [ 88.4805185, 27.6487582 ], [ 88.4796804, 27.6483751 ], [ 88.4789775, 27.6479201 ], [ 88.4779772, 27.647489 ], [ 88.4772473, 27.647034 ], [ 88.4763281, 27.6469142 ], [ 88.4756522, 27.6464353 ], [ 88.4748412, 27.6458126 ], [ 88.4740301, 27.6454294 ], [ 88.473165, 27.6452857 ], [ 88.4717592, 27.6448307 ], [ 88.470894, 27.6447349 ], [ 88.4694342, 27.6439686 ], [ 88.4687583, 27.643298 ], [ 88.4681094, 27.6426993 ], [ 88.4673254, 27.6422682 ], [ 88.4664333, 27.6422921 ], [ 88.4660278, 27.6417652 ], [ 88.4655141, 27.6408791 ], [ 88.4648097, 27.6401473 ] ] } },
{ "type": "Feature", "properties": { "element": "way", "id": 601774446, "name": null, "waterway": "stream" }, "geometry": { "type": "LineString", "coordinates": [ [ 88.4926842, 27.6590553 ], [ 88.4915758, 27.6596779 ], [ 88.4907377, 27.6603484 ], [ 88.4901429, 27.6610428 ], [ 88.4897104, 27.6616893 ], [ 88.4890886, 27.6621921 ], [ 88.4884127, 27.6621203 ], [ 88.4876017, 27.6616414 ], [ 88.4868176, 27.6612104 ], [ 88.4860877, 27.660492 ], [ 88.4853578, 27.6596779 ], [ 88.4844115, 27.6588159 ], [ 88.4834653, 27.6580496 ], [ 88.4828165, 27.6575467 ], [ 88.4823298, 27.6571396 ], [ 88.4815729, 27.6568284 ], [ 88.4807888, 27.6562536 ], [ 88.4798426, 27.6553437 ], [ 88.4788153, 27.654745 ], [ 88.4779502, 27.6545056 ], [ 88.4772473, 27.6539787 ], [ 88.476301, 27.6540506 ], [ 88.4756522, 27.6542661 ], [ 88.4748952, 27.6540985 ], [ 88.4736516, 27.6531645 ], [ 88.4727865, 27.652494 ], [ 88.4717862, 27.652063 ], [ 88.4710022, 27.6518235 ], [ 88.4705967, 27.6512488 ], [ 88.4700289, 27.6506022 ], [ 88.4685961, 27.6498359 ], [ 88.4676769, 27.6492851 ], [ 88.4671092, 27.6491174 ], [ 88.4666225, 27.6486864 ], [ 88.4660548, 27.6480637 ], [ 88.4655682, 27.6475608 ], [ 88.4647301, 27.6471777 ], [ 88.4639461, 27.6472495 ], [ 88.4635946, 27.6466987 ], [ 88.4625528, 27.6462458 ] ] } },
{ "type": "Feature", "properties": { "element": "way", "id": 601774452, "name": null, "waterway": "stream" }, "geometry": { "type": "LineString", "coordinates": [ [ 88.5520792, 27.6855327 ], [ 88.552916, 27.6856562 ], [ 88.5537314, 27.6857607 ], [ 88.5541606, 27.6859792 ], [ 88.5547507, 27.6860457 ], [ 88.5556519, 27.6862643 ], [ 88.5562527, 27.6864353 ], [ 88.556993, 27.6867203 ], [ 88.5575831, 27.6871858 ], [ 88.5580659, 27.6875373 ], [ 88.5585809, 27.6878508 ], [ 88.5598147, 27.6883448 ], [ 88.5607803, 27.6886868 ], [ 88.5613382, 27.6887628 ], [ 88.5616708, 27.6889623 ], [ 88.5619926, 27.6892284 ], [ 88.5623896, 27.6893709 ], [ 88.5628509, 27.6894184 ], [ 88.5634088, 27.6894089 ], [ 88.5637951, 27.6893994 ], [ 88.5642779, 27.6894944 ], [ 88.5645032, 27.6892664 ], [ 88.5648036, 27.6891428 ], [ 88.5651362, 27.6891618 ], [ 88.565458, 27.6892759 ], [ 88.566134, 27.6891618 ], [ 88.5667777, 27.6890953 ], [ 88.5672068, 27.6890193 ], [ 88.5675931, 27.6889338 ], [ 88.5682583, 27.6887818 ] ] } },
{ "type": "Feature", "properties": { "element": "way", "id": 601774453, "name": null, "waterway": "stream" }, "geometry": { "type": "LineString", "coordinates": [ [ 88.5489893, 27.6758133 ], [ 88.5495579, 27.6756803 ], [ 88.5500836, 27.6757183 ], [ 88.5504162, 27.6757753 ], [ 88.5506952, 27.6758418 ], [ 88.5510063, 27.6758703 ], [ 88.5512745, 27.6758988 ], [ 88.5517359, 27.6760033 ], [ 88.5520792, 27.6760033 ], [ 88.5523796, 27.6759178 ], [ 88.55268, 27.6757088 ], [ 88.5530448, 27.6756232 ], [ 88.5535705, 27.6756517 ], [ 88.5538173, 27.6757278 ], [ 88.5542142, 27.6760888 ], [ 88.5544824, 27.6762788 ], [ 88.5547078, 27.6763453 ], [ 88.5551155, 27.6763548 ], [ 88.5554802, 27.6765734 ], [ 88.5557377, 27.6768109 ], [ 88.5560274, 27.6769629 ], [ 88.5564887, 27.6771149 ], [ 88.5567677, 27.6771244 ], [ 88.5570466, 27.677229 ], [ 88.5572505, 27.677476 ], [ 88.5575294, 27.677514 ], [ 88.5579157, 27.677571 ], [ 88.5582912, 27.6778085 ], [ 88.5586345, 27.6780841 ], [ 88.5589027, 27.6783976 ], [ 88.5592139, 27.6786351 ], [ 88.5596645, 27.6789582 ], [ 88.5599327, 27.6790437 ], [ 88.5602331, 27.6792622 ], [ 88.5604906, 27.6793477 ], [ 88.5608017, 27.6794142 ], [ 88.5611665, 27.6794997 ], [ 88.5616386, 27.6796517 ], [ 88.5619712, 27.6799938 ], [ 88.5621536, 27.6802408 ], [ 88.5625291, 27.6809059 ], [ 88.5625291, 27.6811244 ], [ 88.5627758, 27.6814474 ], [ 88.5631621, 27.6817705 ], [ 88.5633123, 27.682084 ], [ 88.5633981, 27.682407 ], [ 88.5637092, 27.6826445 ], [ 88.5638702, 27.6828345 ], [ 88.5639882, 27.6833571 ], [ 88.5642564, 27.6837561 ], [ 88.5644495, 27.6841361 ], [ 88.5646427, 27.6845257 ], [ 88.5649431, 27.6848867 ], [ 88.565104, 27.6852572 ], [ 88.56534, 27.6855422 ], [ 88.5656404, 27.6858652 ], [ 88.5662842, 27.6864448 ], [ 88.566488, 27.6870148 ], [ 88.5667562, 27.6874138 ], [ 88.5671747, 27.6876703 ], [ 88.5674429, 27.6881168 ], [ 88.5677647, 27.6884588 ], [ 88.5682583, 27.6887818 ], [ 88.5689449, 27.6890003 ], [ 88.5697603, 27.6890763 ], [ 88.5704148, 27.6892189 ], [ 88.5714018, 27.6894754 ], [ 88.5721314, 27.6898079 ], [ 88.5727429, 27.6901309 ], [ 88.5734832, 27.6905204 ], [ 88.5741377, 27.6909004 ], [ 88.5747278, 27.6910524 ], [ 88.5752106, 27.6911759 ], [ 88.5757685, 27.6912234 ], [ 88.5763049, 27.6913944 ], [ 88.5766911, 27.6915559 ], [ 88.5771525, 27.6917174 ], [ 88.577746, 27.6919018 ] ] } },
{ "type": "Feature", "properties": { "element": "way", "id": 601774454, "name": null, "waterway": "stream" }, "geometry": { "type": "LineString", "coordinates": [ [ 88.5452132, 27.6595342 ], [ 88.5468083, 27.6600011 ], [ 88.5474706, 27.6601568 ], [ 88.5478356, 27.6601927 ], [ 88.5484439, 27.6602167 ], [ 88.5496334, 27.6602645 ], [ 88.5507283, 27.6603723 ], [ 88.5514042, 27.6604082 ], [ 88.5519855, 27.6602765 ], [ 88.5524856, 27.6601927 ], [ 88.553148, 27.6601927 ], [ 88.5538779, 27.6601328 ], [ 88.554689, 27.6602167 ], [ 88.5551891, 27.6602167 ], [ 88.5555541, 27.6600131 ], [ 88.5560272, 27.6598575 ], [ 88.5564462, 27.6598934 ], [ 88.5569464, 27.6598455 ], [ 88.5575276, 27.6595342 ], [ 88.5581224, 27.6594265 ], [ 88.5588388, 27.6593786 ], [ 88.5594606, 27.6593666 ], [ 88.5597715, 27.6596779 ], [ 88.5598256, 27.6600251 ], [ 88.5600013, 27.6600371 ], [ 88.5603663, 27.660049 ], [ 88.5606231, 27.6602885 ], [ 88.5607989, 27.6603962 ], [ 88.5611503, 27.6605639 ], [ 88.5613396, 27.6608871 ], [ 88.5616234, 27.6611385 ], [ 88.5622182, 27.6612583 ], [ 88.5626237, 27.6612942 ], [ 88.5631104, 27.66139 ], [ 88.5633401, 27.6615815 ], [ 88.5636375, 27.661821 ], [ 88.5640295, 27.6620604 ], [ 88.564408, 27.6623717 ], [ 88.5648136, 27.6628267 ], [ 88.5651245, 27.6632457 ], [ 88.565557, 27.663557 ], [ 88.5662059, 27.6636767 ], [ 88.5669088, 27.6638204 ], [ 88.5675846, 27.6637844 ], [ 88.5682875, 27.6638323 ], [ 88.5690851, 27.6639281 ], [ 88.5698421, 27.6642753 ], [ 88.5710046, 27.6648979 ], [ 88.5718697, 27.6652451 ], [ 88.5724645, 27.665676 ], [ 88.5727754, 27.6658197 ], [ 88.5736134, 27.6660113 ], [ 88.5746273, 27.6662028 ], [ 88.5753842, 27.6662268 ], [ 88.5760466, 27.6662746 ], [ 88.576763, 27.6660472 ], [ 88.5772902, 27.6660352 ], [ 88.5776281, 27.6661669 ], [ 88.578304, 27.666131 ], [ 88.5791691, 27.6661789 ], [ 88.579872, 27.6662866 ], [ 88.5805885, 27.6667416 ], [ 88.5812103, 27.6672204 ], [ 88.5819537, 27.6675197 ], [ 88.5825755, 27.6677592 ], [ 88.5832514, 27.6681183 ], [ 88.5838462, 27.6682859 ], [ 88.5845761, 27.6684296 ], [ 88.5851574, 27.6685852 ], [ 88.5859955, 27.668681 ], [ 88.586766, 27.6686211 ], [ 88.5874553, 27.6688965 ], [ 88.5881718, 27.6693514 ], [ 88.5889558, 27.6697465 ], [ 88.5895911, 27.6700338 ], [ 88.5901859, 27.6702493 ], [ 88.590632, 27.6701655 ], [ 88.5912538, 27.670357 ], [ 88.5916998, 27.6705246 ], [ 88.5924974, 27.6707042 ], [ 88.5931732, 27.6707641 ], [ 88.5936464, 27.6705246 ], [ 88.594133, 27.6701774 ], [ 88.5946064, 27.6698739 ], [ 88.5948108, 27.6698136 ], [ 88.5950322, 27.6698814 ], [ 88.5952195, 27.6697985 ], [ 88.5953302, 27.6696401 ], [ 88.5953047, 27.6694893 ], [ 88.5955261, 27.6691876 ], [ 88.5957475, 27.6689915 ], [ 88.5959604, 27.6688407 ], [ 88.5961477, 27.6687502 ], [ 88.5963351, 27.6686069 ], [ 88.5966814, 27.6681754 ] ] } },
{ "type": "Feature", "properties": { "element": "way", "id": 601774457, "name": null, "waterway": "stream" }, "geometry": { "type": "LineString", "coordinates": [ [ 88.5459431, 27.6523384 ], [ 88.5466055, 27.6524341 ], [ 88.5469705, 27.6523384 ], [ 88.5473354, 27.6523743 ], [ 88.5477004, 27.6524701 ], [ 88.5481195, 27.652506 ], [ 88.5486331, 27.6523503 ], [ 88.5491333, 27.6522545 ], [ 88.549728, 27.652027 ], [ 88.5503363, 27.6518115 ], [ 88.5509852, 27.6515242 ], [ 88.5516881, 27.6513446 ], [ 88.5525126, 27.6513206 ], [ 88.5532967, 27.6514403 ], [ 88.5541753, 27.6517157 ], [ 88.5552297, 27.6519432 ], [ 88.5560002, 27.6521947 ], [ 88.5566084, 27.6528053 ], [ 88.5569058, 27.6534878 ], [ 88.5572167, 27.6539548 ], [ 88.5575952, 27.6540865 ], [ 88.558582, 27.6539428 ], [ 88.5592444, 27.6539907 ], [ 88.5598121, 27.6537991 ], [ 88.5606367, 27.6535118 ], [ 88.5613936, 27.6531645 ], [ 88.5622182, 27.6528532 ], [ 88.5631104, 27.6528053 ], [ 88.5636781, 27.6527934 ], [ 88.5643269, 27.6525898 ], [ 88.5654489, 27.6529011 ], [ 88.566706, 27.6530209 ], [ 88.5676252, 27.6527455 ], [ 88.5687607, 27.6524461 ], [ 88.5695447, 27.6522665 ], [ 88.5699502, 27.6522186 ], [ 88.5704774, 27.652494 ], [ 88.5714236, 27.6525898 ], [ 88.5722211, 27.6526616 ], [ 88.5729511, 27.6525898 ], [ 88.5737081, 27.6521109 ], [ 88.5743975, 27.6517517 ], [ 88.5750328, 27.6512128 ] ] } },
{ "type": "Feature", "properties": { "element": "way", "id": 601774459, "name": null, "waterway": "stream" }, "geometry": { "type": "LineString", "coordinates": [ [ 88.562056, 27.6361011 ], [ 88.5623669, 27.6368675 ], [ 88.5626778, 27.6374902 ], [ 88.5628941, 27.6380051 ], [ 88.5631374, 27.6384602 ], [ 88.5633807, 27.6388074 ], [ 88.5637457, 27.6391906 ], [ 88.5641918, 27.6396217 ], [ 88.5646243, 27.6401606 ], [ 88.5648, 27.6405079 ], [ 88.5650434, 27.6406755 ], [ 88.5653407, 27.6406755 ], [ 88.5657327, 27.6409031 ], [ 88.5661248, 27.6411785 ], [ 88.5665168, 27.6412144 ], [ 88.5673954, 27.6414299 ], [ 88.5679091, 27.6416934 ], [ 88.5684768, 27.6420885 ], [ 88.5688418, 27.6423879 ], [ 88.569396, 27.643286 ], [ 88.5699772, 27.644244 ], [ 88.5703152, 27.6450702 ], [ 88.5706531, 27.6457048 ], [ 88.5706531, 27.6462437 ], [ 88.5708424, 27.6466987 ], [ 88.5712344, 27.646998 ], [ 88.5718697, 27.6473213 ], [ 88.5727348, 27.6478243 ], [ 88.5734512, 27.6483152 ], [ 88.5737892, 27.648854 ], [ 88.5739243, 27.6492372 ], [ 88.5742352, 27.650243 ], [ 88.5744515, 27.6509614 ], [ 88.5750328, 27.6512128 ], [ 88.5756546, 27.6511171 ], [ 88.5761953, 27.6507818 ], [ 88.5768306, 27.6504705 ], [ 88.5774659, 27.6503627 ], [ 88.5781283, 27.6505543 ], [ 88.5791015, 27.6504944 ], [ 88.579845, 27.6504825 ], [ 88.5805074, 27.6505303 ], [ 88.5814536, 27.6506022 ], [ 88.5820889, 27.6513685 ], [ 88.5827242, 27.6518355 ], [ 88.5832514, 27.6521109 ], [ 88.5839408, 27.6522426 ], [ 88.5846437, 27.6521707 ], [ 88.5857116, 27.6520869 ], [ 88.5864415, 27.6520989 ], [ 88.5869552, 27.652506 ], [ 88.5874824, 27.652973 ], [ 88.5883069, 27.6533082 ], [ 88.5894019, 27.6537512 ], [ 88.5903886, 27.6540146 ], [ 88.5912402, 27.6540985 ], [ 88.5921594, 27.6543259 ], [ 88.5929299, 27.654745 ], [ 88.5943222, 27.6556669 ], [ 88.5958362, 27.6571995 ], [ 88.5971609, 27.6580137 ], [ 88.5978638, 27.6587081 ], [ 88.5985397, 27.6594265 ], [ 88.5989993, 27.6597856 ], [ 88.5994859, 27.6600371 ], [ 88.6000536, 27.660061 ], [ 88.6009458, 27.660085 ], [ 88.601721, 27.6599387 ] ] } },
{ "type": "Feature", "properties": { "element": "way", "id": 601774460, "name": null, "waterway": "stream" }, "geometry": { "type": "LineString", "coordinates": [ [ 88.6376052, 27.6467226 ], [ 88.6366049, 27.6469142 ], [ 88.6357939, 27.6470459 ], [ 88.6352667, 27.6470938 ], [ 88.6345908, 27.647034 ], [ 88.6340366, 27.6471298 ], [ 88.6334824, 27.6470699 ], [ 88.632766, 27.6468304 ], [ 88.632374, 27.6466029 ], [ 88.6319955, 27.6462796 ], [ 88.6314277, 27.6461359 ], [ 88.6310087, 27.646076 ], [ 88.6306978, 27.6458246 ], [ 88.630076, 27.6453576 ], [ 88.6294271, 27.6449265 ], [ 88.6289675, 27.6445313 ], [ 88.6286837, 27.6442919 ], [ 88.6281159, 27.6441003 ], [ 88.6278456, 27.6438488 ], [ 88.6277239, 27.6434896 ], [ 88.6273319, 27.6432261 ], [ 88.6267912, 27.6430345 ], [ 88.6264533, 27.6426514 ], [ 88.6262505, 27.6423161 ], [ 88.6260343, 27.6419808 ], [ 88.6259667, 27.6418491 ], [ 88.6256287, 27.6411785 ], [ 88.6254124, 27.6407594 ], [ 88.6247095, 27.6405318 ], [ 88.6241148, 27.6404121 ], [ 88.6235876, 27.6405199 ], [ 88.623128, 27.640448 ], [ 88.6227225, 27.6402085 ], [ 88.6224927, 27.6400409 ], [ 88.6220196, 27.6396816 ], [ 88.6216276, 27.6393583 ], [ 88.621195, 27.6388673 ], [ 88.6206137, 27.6386997 ], [ 88.6202217, 27.6388194 ], [ 88.6193972, 27.6379093 ], [ 88.6189241, 27.6376099 ], [ 88.6184509, 27.6375022 ], [ 88.6177345, 27.6373106 ], [ 88.6172209, 27.6372866 ], [ 88.6167207, 27.6373704 ], [ 88.6163692, 27.6375381 ], [ 88.6161276, 27.637384 ], [ 88.6159226, 27.6371693 ], [ 88.6156152, 27.6369303 ], [ 88.6154409, 27.6365051 ] ] } },
{ "type": "Feature", "properties": { "element": "way", "id": 601774461, "name": null, "waterway": "stream" }, "geometry": { "type": "LineString", "coordinates": [ [ 88.6464827, 27.6358181 ], [ 88.6460399, 27.6351241 ], [ 88.6454268, 27.6345055 ], [ 88.6448989, 27.6340377 ], [ 88.6441665, 27.6334342 ], [ 88.6434512, 27.6330419 ], [ 88.6426678, 27.6326345 ], [ 88.641697, 27.6320913 ], [ 88.6408114, 27.6316538 ], [ 88.6400621, 27.6315934 ], [ 88.6395682, 27.632031 ], [ 88.6389891, 27.6323629 ], [ 88.6385668, 27.6323925 ], [ 88.6383419, 27.6324082 ], [ 88.6379332, 27.6322422 ], [ 88.6374563, 27.6319404 ], [ 88.6368773, 27.6319103 ], [ 88.6362982, 27.632031 ], [ 88.6353615, 27.6320611 ], [ 88.6346462, 27.6322573 ], [ 88.6338969, 27.6324534 ], [ 88.6327728, 27.6326496 ], [ 88.6318361, 27.6327552 ], [ 88.6307461, 27.6326798 ], [ 88.6305077, 27.6321215 ], [ 88.6301841, 27.6317896 ], [ 88.6293836, 27.6312916 ], [ 88.6286854, 27.630839 ], [ 88.6280723, 27.6303109 ], [ 88.627357, 27.629994 ], [ 88.6266246, 27.6299789 ], [ 88.6261478, 27.629662 ], [ 88.6255176, 27.6293904 ], [ 88.624632, 27.6290736 ], [ 88.6241551, 27.628802 ], [ 88.6237634, 27.628636 ], [ 88.623324, 27.6283588 ], [ 88.622959, 27.6283348 ], [ 88.6225813, 27.6282938 ], [ 88.6224168, 27.6283184 ], [ 88.6222536, 27.628213 ], [ 88.6217956, 27.6279472 ], [ 88.6215309, 27.6277765 ], [ 88.6213152, 27.627702 ], [ 88.6208976, 27.6275983 ], [ 88.6204651, 27.6273528 ], [ 88.6203502, 27.6271791 ], [ 88.6201068, 27.6269575 ], [ 88.620019, 27.6266881 ], [ 88.6199649, 27.6264665 ], [ 88.6198635, 27.6263168 ], [ 88.6195864, 27.6261851 ], [ 88.6193264, 27.6259768 ] ] } },
{ "type": "Feature", "properties": { "element": "way", "id": 601774462, "name": null, "waterway": "stream" }, "geometry": { "type": "LineString", "coordinates": [ [ 88.6020489, 27.5950126 ], [ 88.6028324, 27.5952692 ], [ 88.6036839, 27.5952692 ], [ 88.6045014, 27.5951485 ], [ 88.6051145, 27.5950579 ], [ 88.6060512, 27.5949976 ], [ 88.6069368, 27.5949674 ], [ 88.6075329, 27.594907 ], [ 88.6081801, 27.5948466 ], [ 88.6089805, 27.5950428 ], [ 88.6097129, 27.5954202 ], [ 88.6104963, 27.5957824 ], [ 88.6110924, 27.5963409 ], [ 88.6115522, 27.5967031 ], [ 88.611978, 27.5968691 ], [ 88.6124889, 27.5971559 ], [ 88.6128125, 27.597654 ], [ 88.6130509, 27.5981973 ], [ 88.6133064, 27.5984388 ], [ 88.6140217, 27.59862 ], [ 88.6144816, 27.5988614 ], [ 88.6152309, 27.599118 ], [ 88.6158781, 27.599284 ], [ 88.6165764, 27.5996916 ], [ 88.616917, 27.5997368 ], [ 88.6181262, 27.6006726 ], [ 88.6190799, 27.6011405 ], [ 88.6198463, 27.6015178 ], [ 88.6207149, 27.6016989 ], [ 88.6215494, 27.6023177 ], [ 88.6219071, 27.6025894 ], [ 88.6224861, 27.6031327 ], [ 88.6228267, 27.6034798 ], [ 88.623508, 27.6040231 ], [ 88.6238656, 27.6043401 ], [ 88.6239337, 27.604657 ], [ 88.624087, 27.6052003 ], [ 88.6244447, 27.6055475 ], [ 88.6249897, 27.605955 ], [ 88.6254495, 27.6060908 ], [ 88.6266417, 27.6064983 ], [ 88.6271867, 27.6069057 ], [ 88.6276124, 27.6073283 ], [ 88.6280893, 27.6076 ], [ 88.6287024, 27.6076151 ], [ 88.6293836, 27.6078716 ], [ 88.6302352, 27.6080225 ], [ 88.6311549, 27.608264 ], [ 88.6318191, 27.6086413 ], [ 88.6322959, 27.6093808 ], [ 88.6323641, 27.6099845 ], [ 88.6326183, 27.6106697 ] ] } },
{ "type": "Feature", "properties": { "element": "way", "id": 601774463, "name": null, "waterway": "stream" }, "geometry": { "type": "LineString", "coordinates": [ [ 88.564683, 27.6159605 ], [ 88.5651599, 27.6164133 ], [ 88.5652621, 27.6168509 ], [ 88.5653302, 27.6173187 ], [ 88.5654324, 27.6178016 ], [ 88.5656538, 27.6183901 ], [ 88.5659433, 27.6188127 ], [ 88.566318, 27.6192503 ], [ 88.5668289, 27.6196275 ], [ 88.5674761, 27.6198237 ], [ 88.5680892, 27.6199142 ], [ 88.5687193, 27.6203519 ], [ 88.5692473, 27.620714 ], [ 88.5697412, 27.6210309 ], [ 88.5703032, 27.621378 ], [ 88.5707971, 27.6217552 ], [ 88.5711548, 27.6221325 ], [ 88.5716657, 27.6224644 ], [ 88.5722912, 27.6230008 ] ] } },
{ "type": "Feature", "properties": { "element": "way", "id": 601774464, "name": null, "waterway": "stream" }, "geometry": { "type": "LineString", "coordinates": [ [ 88.5802323, 27.6331173 ], [ 88.5811179, 27.6327703 ], [ 88.5816629, 27.6327552 ], [ 88.5820716, 27.6328307 ], [ 88.5826166, 27.6326647 ], [ 88.5830764, 27.6328156 ], [ 88.583383, 27.6327703 ], [ 88.5838599, 27.6324987 ], [ 88.5844049, 27.6323176 ], [ 88.5852224, 27.6321969 ], [ 88.5859206, 27.6320611 ], [ 88.5866359, 27.6320008 ], [ 88.5873683, 27.632031 ], [ 88.5881006, 27.6320159 ], [ 88.588867, 27.631865 ], [ 88.5892246, 27.6316387 ], [ 88.5900762, 27.6314576 ], [ 88.5907063, 27.6313218 ], [ 88.5916601, 27.6312765 ] ] } },
{ "type": "Feature", "properties": { "element": "way", "id": 601774465, "name": null, "waterway": "stream" }, "geometry": { "type": "LineString", "coordinates": [ [ 88.5843708, 27.6143609 ], [ 88.5852224, 27.6153871 ], [ 88.5856481, 27.6161416 ], [ 88.586125, 27.6166396 ], [ 88.586687, 27.6172131 ], [ 88.5871128, 27.6178469 ], [ 88.5872831, 27.618375 ], [ 88.5871469, 27.6189937 ], [ 88.5869936, 27.6196426 ], [ 88.5871128, 27.6199897 ], [ 88.5876578, 27.6202462 ], [ 88.5878792, 27.6205631 ], [ 88.5879643, 27.6209705 ], [ 88.5881857, 27.6216798 ], [ 88.5882709, 27.6226606 ], [ 88.5886456, 27.6231586 ], [ 88.5887648, 27.6235962 ], [ 88.5886796, 27.6241243 ], [ 88.5889862, 27.6246977 ], [ 88.5899059, 27.6265084 ], [ 88.5902295, 27.6271271 ], [ 88.5902295, 27.627625 ], [ 88.5901102, 27.6278514 ], [ 88.5896163, 27.6279419 ], [ 88.5890713, 27.6283946 ] ] } },
{ "type": "Feature", "properties": { "element": "way", "id": 601774466, "name": null, "waterway": "stream" }, "geometry": { "type": "LineString", "coordinates": [ [ 88.564155, 27.6211365 ], [ 88.5651599, 27.621212 ], [ 88.5658071, 27.6212874 ], [ 88.566352, 27.6215591 ], [ 88.5669992, 27.6219061 ], [ 88.567425, 27.6220721 ], [ 88.5680211, 27.6221325 ], [ 88.5686342, 27.6222683 ], [ 88.5691962, 27.6223135 ], [ 88.5698604, 27.6224644 ], [ 88.5708482, 27.6226003 ], [ 88.5716487, 27.6227964 ], [ 88.5722912, 27.6230008 ], [ 88.5729771, 27.6232189 ], [ 88.574033, 27.6235509 ], [ 88.5746802, 27.6237471 ], [ 88.5753103, 27.6238678 ], [ 88.5759405, 27.6241092 ], [ 88.5765706, 27.6245619 ], [ 88.5770986, 27.6250599 ], [ 88.5776947, 27.6254522 ], [ 88.5782056, 27.6256483 ], [ 88.5788357, 27.6257691 ], [ 88.5796192, 27.6260558 ], [ 88.5803004, 27.6261312 ], [ 88.5809476, 27.626101 ], [ 88.5814074, 27.6263575 ], [ 88.5817821, 27.6265386 ], [ 88.5823101, 27.6266141 ], [ 88.5831446, 27.6266292 ], [ 88.58449, 27.6267197 ], [ 88.5853586, 27.6270064 ], [ 88.5860058, 27.6272176 ], [ 88.5870276, 27.6273836 ], [ 88.5878281, 27.6275647 ], [ 88.5885604, 27.6279268 ], [ 88.5890713, 27.6283946 ], [ 88.5893609, 27.6288623 ], [ 88.589429, 27.6292697 ], [ 88.5897185, 27.629828 ], [ 88.5900762, 27.6303561 ], [ 88.5906893, 27.6307484 ], [ 88.5912173, 27.6311106 ], [ 88.5916601, 27.6312765 ], [ 88.5928352, 27.6314123 ], [ 88.5937208, 27.6319555 ], [ 88.5941466, 27.6323176 ], [ 88.5945553, 27.6324233 ], [ 88.5952706, 27.6323026 ], [ 88.59602, 27.6322875 ], [ 88.5967693, 27.6326647 ], [ 88.5973314, 27.6325742 ], [ 88.5981318, 27.6326798 ], [ 88.5986428, 27.6330721 ], [ 88.5988982, 27.6334342 ], [ 88.6000563, 27.6336756 ], [ 88.6007887, 27.6338265 ], [ 88.6016061, 27.6341584 ], [ 88.6024747, 27.634083 ], [ 88.6034114, 27.6344451 ], [ 88.6039394, 27.634777 ], [ 88.6049612, 27.6351995 ], [ 88.6055233, 27.6354862 ], [ 88.6062386, 27.6359841 ], [ 88.6063748, 27.6363009 ], [ 88.6061023, 27.6365272 ], [ 88.6059831, 27.6370101 ], [ 88.6062726, 27.6374476 ], [ 88.6066473, 27.6379153 ], [ 88.6069879, 27.6382925 ], [ 88.6073796, 27.638549 ], [ 88.6078735, 27.6386999 ], [ 88.6085207, 27.6387904 ], [ 88.6094624, 27.6386757 ], [ 88.6102919, 27.638797 ], [ 88.6106962, 27.6389988 ], [ 88.6109391, 27.6389865 ], [ 88.6120121, 27.6390922 ], [ 88.6129269, 27.6390216 ] ] } },
{ "type": "Feature", "properties": { "element": "way", "id": 601774467, "name": null, "waterway": "stream" }, "geometry": { "type": "LineString", "coordinates": [ [ 88.5782499, 27.6012594 ], [ 88.579872, 27.6021698 ], [ 88.5813049, 27.6025052 ], [ 88.5822241, 27.6030083 ], [ 88.5835758, 27.6035833 ], [ 88.5846031, 27.6039427 ], [ 88.5853331, 27.6036312 ], [ 88.5865767, 27.6038229 ], [ 88.5873607, 27.6041343 ], [ 88.5884691, 27.6047333 ], [ 88.5896046, 27.6046854 ], [ 88.5912537, 27.6047572 ], [ 88.5929299, 27.6049968 ], [ 88.594525, 27.6053562 ], [ 88.5955793, 27.6059072 ], [ 88.5967959, 27.607105 ], [ 88.5982288, 27.6082071 ], [ 88.599202, 27.6093091 ], [ 88.6002294, 27.6104111 ], [ 88.6017974, 27.6113214 ], [ 88.6029329, 27.6118484 ], [ 88.6038791, 27.6124952 ], [ 88.604582, 27.613166 ], [ 88.6052579, 27.6138128 ], [ 88.6059337, 27.6141002 ], [ 88.6062582, 27.6143398 ], [ 88.6066907, 27.614795 ], [ 88.6070422, 27.6151782 ], [ 88.6075829, 27.6153459 ], [ 88.6083128, 27.6152501 ], [ 88.6089617, 27.6148189 ], [ 88.6102053, 27.6147231 ], [ 88.6112596, 27.6146512 ], [ 88.6127465, 27.6146512 ], [ 88.6134495, 27.6142679 ], [ 88.6143686, 27.6140763 ], [ 88.6151527, 27.6140763 ], [ 88.6160448, 27.6140044 ], [ 88.6170721, 27.6143158 ], [ 88.6186942, 27.6150824 ], [ 88.6199108, 27.615825 ], [ 88.62083, 27.6167114 ], [ 88.6213977, 27.6176456 ], [ 88.6225873, 27.6183882 ], [ 88.6227339, 27.6186929 ] ] } },
{ "type": "Feature", "properties": { "element": "way", "id": 601780505, "name": null, "waterway": "stream" }, "geometry": { "type": "LineString", "coordinates": [ [ 88.6052038, 27.5759566 ], [ 88.6049875, 27.5752257 ], [ 88.6044063, 27.57501 ], [ 88.6040007, 27.5748183 ], [ 88.603825, 27.5746026 ], [ 88.6036358, 27.574363 ], [ 88.6031627, 27.5742552 ], [ 88.6027571, 27.5741833 ], [ 88.6025949, 27.5740275 ], [ 88.6024057, 27.573704 ], [ 88.6020948, 27.5733445 ], [ 88.6017974, 27.572985 ], [ 88.6017433, 27.5726256 ], [ 88.6016487, 27.5721223 ], [ 88.6015, 27.5717509 ], [ 88.6014324, 27.5713075 ], [ 88.6013243, 27.5710679 ], [ 88.6011891, 27.5707084 ], [ 88.601108, 27.5703369 ], [ 88.6008647, 27.5697378 ], [ 88.600743, 27.5693304 ], [ 88.6005538, 27.5689709 ], [ 88.6003916, 27.5685755 ], [ 88.6003781, 27.5680603 ], [ 88.600324, 27.567557 ], [ 88.6004321, 27.5672095 ], [ 88.6004456, 27.566838 ], [ 88.6002023, 27.5664306 ], [ 88.6001483, 27.566167 ], [ 88.6005132, 27.5657116 ], [ 88.600716, 27.5653401 ], [ 88.6007836, 27.5649327 ], [ 88.6008917, 27.5644654 ], [ 88.6009052, 27.564034 ], [ 88.6010945, 27.5636865 ], [ 88.6013513, 27.5633869 ], [ 88.6016082, 27.5629675 ], [ 88.601892, 27.5623563 ], [ 88.6021489, 27.5621286 ], [ 88.6023111, 27.5617811 ], [ 88.6025273, 27.5615415 ], [ 88.6026625, 27.5612538 ], [ 88.6027301, 27.5609063 ], [ 88.6027571, 27.5606427 ], [ 88.6026625, 27.5602592 ], [ 88.602622, 27.5598398 ], [ 88.6024868, 27.5595042 ], [ 88.6025003, 27.5591567 ], [ 88.6025949, 27.5586654 ], [ 88.6026355, 27.5582819 ], [ 88.6025544, 27.5579344 ], [ 88.6024868, 27.5575988 ], [ 88.6024868, 27.5572633 ], [ 88.6027166, 27.5568798 ], [ 88.603041, 27.5562926 ], [ 88.6032843, 27.5558252 ], [ 88.6039061, 27.5554777 ], [ 88.6044468, 27.5551301 ], [ 88.6049199, 27.5547706 ], [ 88.6052173, 27.5543871 ], [ 88.6055282, 27.5541714 ], [ 88.6058797, 27.5539197 ], [ 88.6059608, 27.5536201 ], [ 88.6059067, 27.5532486 ], [ 88.6059743, 27.552937 ], [ 88.6068746, 27.5523917 ] ] } },
{ "type": "Feature", "properties": { "element": "way", "id": 601780506, "name": null, "waterway": "stream" }, "geometry": { "type": "LineString", "coordinates": [ [ 88.6140919, 27.5730555 ], [ 88.6137485, 27.5729508 ], [ 88.613652, 27.5726941 ], [ 88.6135232, 27.5724848 ], [ 88.6134159, 27.5723041 ], [ 88.6133301, 27.5720569 ], [ 88.6132228, 27.5717811 ], [ 88.6130941, 27.5715338 ], [ 88.6130726, 27.571258 ], [ 88.6130726, 27.5710298 ], [ 88.6130619, 27.5708015 ], [ 88.6129546, 27.5706018 ], [ 88.6128795, 27.570345 ], [ 88.6127937, 27.5700312 ], [ 88.6127293, 27.5697934 ], [ 88.6125898, 27.5695746 ], [ 88.6124718, 27.569413 ], [ 88.6123645, 27.5691562 ], [ 88.6122358, 27.5689469 ], [ 88.6122358, 27.5685855 ], [ 88.6120963, 27.5681671 ], [ 88.6120641, 27.5678342 ], [ 88.6119032, 27.5675299 ], [ 88.6117852, 27.5672921 ], [ 88.6117208, 27.5670163 ], [ 88.6116564, 27.5665883 ], [ 88.6117101, 27.566322 ], [ 88.6118388, 27.5658369 ], [ 88.6118173, 27.5655706 ], [ 88.6117852, 27.5653424 ], [ 88.6118066, 27.5650665 ], [ 88.6118388, 27.5648002 ], [ 88.6118281, 27.5645339 ], [ 88.611592, 27.5642486 ], [ 88.6113775, 27.5640108 ], [ 88.6110985, 27.563735 ], [ 88.6107981, 27.5634972 ], [ 88.6105621, 27.5634306 ] ] } },
{ "type": "Feature", "properties": { "element": "way", "id": 601780507, "name": null, "waterway": "stream" }, "geometry": { "type": "LineString", "coordinates": [ [ 88.60646, 27.5724756 ], [ 88.6068857, 27.5721586 ], [ 88.6069879, 27.5718566 ], [ 88.607056, 27.5716151 ], [ 88.6071923, 27.5714943 ], [ 88.6072945, 27.5713282 ], [ 88.6073796, 27.5711018 ], [ 88.6073967, 27.5708451 ], [ 88.6074307, 27.5705583 ], [ 88.6074307, 27.5702413 ], [ 88.6074307, 27.5699997 ], [ 88.607584, 27.5696374 ], [ 88.6077884, 27.5694109 ], [ 88.6079417, 27.56926 ], [ 88.6080779, 27.568958 ], [ 88.608129, 27.5685957 ], [ 88.6081971, 27.5682032 ], [ 88.6083163, 27.5678106 ], [ 88.6085037, 27.5674181 ], [ 88.6087421, 27.5669652 ], [ 88.6089976, 27.5666934 ], [ 88.6094063, 27.5663311 ], [ 88.6096448, 27.5659083 ], [ 88.6097681, 27.5654375 ], [ 88.6099934, 27.5649239 ], [ 88.6101222, 27.5646861 ], [ 88.6101758, 27.5644483 ], [ 88.6101973, 27.564182 ], [ 88.610326, 27.5639062 ], [ 88.610487, 27.5636589 ], [ 88.6105621, 27.5634306 ], [ 88.6105943, 27.5630692 ], [ 88.6106586, 27.5627744 ], [ 88.6106586, 27.5625461 ], [ 88.6106801, 27.5622037 ], [ 88.6104977, 27.562023 ], [ 88.6102188, 27.5617757 ], [ 88.6099934, 27.5615189 ], [ 88.6098111, 27.5612431 ], [ 88.6096179, 27.5610148 ], [ 88.6094141, 27.5607485 ], [ 88.6091781, 27.5605297 ], [ 88.6090279, 27.5601493 ], [ 88.6089527, 27.5598449 ], [ 88.6090386, 27.5594835 ], [ 88.6090493, 27.5591125 ], [ 88.60906, 27.5587986 ], [ 88.6091137, 27.5584753 ], [ 88.6090922, 27.5581233 ], [ 88.6090922, 27.557819 ], [ 88.60906, 27.5575146 ], [ 88.6090386, 27.5570866 ], [ 88.6090708, 27.5567156 ], [ 88.6089313, 27.5559832 ], [ 88.6088562, 27.5554505 ], [ 88.6087489, 27.5550986 ], [ 88.6086309, 27.5548608 ], [ 88.6085236, 27.554623 ], [ 88.6084914, 27.5543281 ], [ 88.6086416, 27.5540523 ], [ 88.6086416, 27.5538525 ], [ 88.6085451, 27.5536243 ], [ 88.608073, 27.5534245 ], [ 88.607558, 27.5532438 ], [ 88.6073325, 27.5530153 ], [ 88.6072164, 27.5528932 ], [ 88.6070571, 27.5527243 ], [ 88.6068746, 27.5523917 ], [ 88.6067562, 27.5522007 ], [ 88.6070027, 27.5518125 ], [ 88.6068623, 27.5512631 ], [ 88.606343, 27.5505247 ], [ 88.6059375, 27.5498306 ], [ 88.6058648, 27.5495978 ], [ 88.6059373, 27.549341 ], [ 88.6059125, 27.5491654 ], [ 88.6060582, 27.5488411 ], [ 88.6061088, 27.5484556 ], [ 88.6060464, 27.5481523 ], [ 88.6060312, 27.5478241 ], [ 88.6060345, 27.5475269 ], [ 88.6061096, 27.5470418 ], [ 88.6064207, 27.5466708 ], [ 88.6064634, 27.546412 ], [ 88.6064851, 27.5463093 ], [ 88.6064422, 27.546062 ], [ 88.6066675, 27.5457481 ], [ 88.6068821, 27.5454532 ], [ 88.6070537, 27.5452059 ], [ 88.6071503, 27.5449585 ], [ 88.6072147, 27.5446351 ], [ 88.6072361, 27.5443497 ], [ 88.6071932, 27.5440643 ], [ 88.607161, 27.5437789 ], [ 88.6072898, 27.5436077 ], [ 88.6075365, 27.5434365 ], [ 88.6077404, 27.5432653 ], [ 88.6078584, 27.543075 ], [ 88.6079335, 27.5428372 ], [ 88.6080944, 27.5425042 ], [ 88.6082232, 27.5423045 ], [ 88.6082554, 27.541943 ], [ 88.6082876, 27.541591 ], [ 88.6084163, 27.54122 ], [ 88.6087167, 27.5409346 ], [ 88.6091566, 27.5407348 ], [ 88.6094892, 27.5405255 ], [ 88.609854, 27.540478 ], [ 88.6101115, 27.5403923 ], [ 88.6102831, 27.5401926 ], [ 88.6103607, 27.5398493 ] ] } },
{ "type": "Feature", "properties": { "element": "way", "id": 601780508, "name": null, "waterway": "stream" }, "geometry": { "type": "LineString", "coordinates": [ [ 88.6055062, 27.5822427 ], [ 88.605932, 27.5826956 ], [ 88.6062897, 27.583073 ], [ 88.6065281, 27.583239 ], [ 88.6068346, 27.5833296 ], [ 88.6071582, 27.5836768 ], [ 88.6073967, 27.5840692 ], [ 88.607584, 27.5844164 ], [ 88.6077543, 27.5848542 ], [ 88.6078565, 27.5851712 ], [ 88.6082652, 27.5853825 ], [ 88.6087762, 27.5856089 ], [ 88.6094404, 27.5859863 ], [ 88.6099002, 27.5862127 ], [ 88.6100535, 27.5865146 ], [ 88.6102068, 27.5867109 ], [ 88.6107007, 27.5869826 ], [ 88.6110583, 27.5873146 ], [ 88.6115011, 27.5877222 ], [ 88.6118247, 27.5880543 ], [ 88.6122505, 27.5883109 ], [ 88.6126252, 27.5884165 ], [ 88.6131702, 27.5887486 ], [ 88.6135448, 27.5891562 ], [ 88.6139706, 27.5894128 ], [ 88.6144475, 27.5898354 ], [ 88.614703, 27.5900467 ], [ 88.6149925, 27.5904241 ], [ 88.6155715, 27.590892 ], [ 88.616355, 27.5916316 ], [ 88.6170703, 27.5921901 ], [ 88.617496, 27.5925524 ], [ 88.6179729, 27.5928844 ], [ 88.6184668, 27.5932014 ], [ 88.6190458, 27.5936542 ], [ 88.6196249, 27.5940165 ], [ 88.6202721, 27.5943032 ], [ 88.6206638, 27.5948315 ], [ 88.6209363, 27.5953145 ], [ 88.6212088, 27.5956466 ], [ 88.6217197, 27.5963862 ], [ 88.6219922, 27.5967635 ], [ 88.6222988, 27.5971257 ], [ 88.6223839, 27.5976087 ], [ 88.622435, 27.5984237 ], [ 88.6224009, 27.599118 ], [ 88.6224691, 27.5996161 ], [ 88.6226224, 27.600084 ], [ 88.6229119, 27.6003255 ], [ 88.6232695, 27.6007179 ], [ 88.6234569, 27.6011707 ], [ 88.6234739, 27.6015178 ], [ 88.6236612, 27.6018347 ], [ 88.6236783, 27.6024233 ], [ 88.6237123, 27.6028761 ], [ 88.6238316, 27.6034195 ], [ 88.6239508, 27.6037515 ], [ 88.6238656, 27.6043401 ] ] } },
{ "type": "Feature", "properties": { "element": "way", "id": 601780509, "name": null, "waterway": "stream" }, "geometry": { "type": "LineString", "coordinates": [ [ 88.6127893, 27.6827863 ], [ 88.6124029, 27.6826596 ], [ 88.6118033, 27.6825131 ], [ 88.6113438, 27.6824448 ], [ 88.6105014, 27.682443 ], [ 88.6102248, 27.6824605 ], [ 88.609616, 27.6818204 ], [ 88.605781, 27.6793528 ], [ 88.6053592, 27.6788946 ], [ 88.6048642, 27.6782784 ], [ 88.6044402, 27.6776487 ], [ 88.6040916, 27.6767176 ], [ 88.6037576, 27.6761772 ], [ 88.6034568, 27.6757113 ], [ 88.6031753, 27.6753355 ], [ 88.6028029, 27.6750031 ], [ 88.6023739, 27.6747079 ], [ 88.6019124, 27.6746078 ], [ 88.6013254, 27.6744659 ], [ 88.6007247, 27.6742378 ], [ 88.6002198, 27.6740111 ], [ 88.5995065, 27.6737108 ], [ 88.5988432, 27.6733992 ], [ 88.5983135, 27.6730641 ], [ 88.5978188, 27.6728191 ], [ 88.5973009, 27.6726864 ], [ 88.5970684, 27.6726557 ], [ 88.5968272, 27.6726387 ], [ 88.5966995, 27.6726284 ], [ 88.59657, 27.6727003 ] ] } },
{ "type": "Feature", "properties": { "element": "way", "id": 601780510, "name": null, "waterway": "stream" }, "geometry": { "type": "LineString", "coordinates": [ [ 88.6456239, 27.666055 ], [ 88.6450767, 27.6663685 ], [ 88.6447334, 27.6665776 ], [ 88.6443579, 27.6666536 ], [ 88.6440039, 27.6668056 ], [ 88.6436176, 27.6670147 ], [ 88.6433279, 27.6672237 ], [ 88.6430383, 27.6674708 ], [ 88.64277, 27.6675563 ], [ 88.6422765, 27.6676038 ], [ 88.6411607, 27.6676418 ], [ 88.6406886, 27.6676323 ], [ 88.6401951, 27.6676988 ], [ 88.6396587, 27.6678509 ], [ 88.6391759, 27.6680314 ], [ 88.6384463, 27.6682784 ], [ 88.6380386, 27.6685825 ], [ 88.6378348, 27.668763 ], [ 88.6374056, 27.6691241 ], [ 88.6371696, 27.6693617 ], [ 88.6369657, 27.6696752 ], [ 88.6367619, 27.6699508 ], [ 88.6364186, 27.6699888 ], [ 88.635968, 27.6700078 ], [ 88.6356246, 27.6700933 ], [ 88.6351848, 27.6703214 ], [ 88.6350179, 27.6706145 ] ] } },
{ "type": "Feature", "properties": { "element": "way", "id": 601780511, "name": null, "waterway": "stream" }, "geometry": { "type": "LineString", "coordinates": [ [ 88.6283183, 27.6870053 ], [ 88.628211, 27.6868628 ], [ 88.6281145, 27.6865398 ], [ 88.6280393, 27.6862833 ], [ 88.6278677, 27.6861407 ], [ 88.6276317, 27.6859602 ], [ 88.6274278, 27.6857987 ], [ 88.6272669, 27.6855802 ], [ 88.6271167, 27.6853617 ], [ 88.6269343, 27.6851907 ], [ 88.6266875, 27.6850387 ], [ 88.6264729, 27.6849152 ], [ 88.6262262, 27.6847632 ], [ 88.6260331, 27.6846587 ], [ 88.6257863, 27.6845162 ], [ 88.6256146, 27.6843737 ], [ 88.6254966, 27.6842406 ], [ 88.6254322, 27.6840886 ], [ 88.6253464, 27.6838511 ], [ 88.6252499, 27.6836516 ], [ 88.6251318, 27.6834331 ], [ 88.6249709, 27.6831956 ], [ 88.6248636, 27.6830246 ], [ 88.6247671, 27.6829105 ], [ 88.624649, 27.6827015 ], [ 88.6246812, 27.6824355 ], [ 88.6244881, 27.68216 ], [ 88.6244452, 27.682046 ], [ 88.6245096, 27.681856 ], [ 88.6243379, 27.6817134 ], [ 88.6242628, 27.6815899 ], [ 88.6242092, 27.6813429 ], [ 88.6241984, 27.6811244 ], [ 88.6241555, 27.6808299 ], [ 88.6240697, 27.6806208 ], [ 88.6239087, 27.6804593 ], [ 88.6237156, 27.6803263 ], [ 88.6234581, 27.6802503 ], [ 88.6231363, 27.6801173 ], [ 88.6229217, 27.6800033 ], [ 88.6226213, 27.6798798 ], [ 88.6225784, 27.6796898 ], [ 88.622632, 27.6794332 ], [ 88.6225569, 27.6792052 ], [ 88.6224604, 27.6789772 ], [ 88.6225355, 27.6787491 ], [ 88.6225355, 27.6785021 ], [ 88.6225676, 27.6782456 ], [ 88.6225891, 27.6775425 ], [ 88.622396, 27.6770864 ], [ 88.6221921, 27.6766589 ], [ 88.6224282, 27.6759178 ], [ 88.6225569, 27.6754617 ], [ 88.6225998, 27.6751292 ], [ 88.6227178, 27.6748251 ], [ 88.6228681, 27.6745496 ], [ 88.6230504, 27.6741505 ], [ 88.6232757, 27.6735804 ], [ 88.6233938, 27.6731529 ], [ 88.6234796, 27.6728488 ], [ 88.623544, 27.6725638 ], [ 88.6235976, 27.6722122 ], [ 88.6234689, 27.6719272 ], [ 88.6232972, 27.6716326 ], [ 88.623147, 27.6714141 ], [ 88.6230826, 27.6712335 ], [ 88.6231255, 27.6708535 ], [ 88.6233508, 27.6705684 ], [ 88.6233508, 27.6702833 ], [ 88.6234903, 27.6699888 ], [ 88.6236727, 27.6694757 ], [ 88.6238229, 27.6692001 ], [ 88.6239087, 27.6690671 ], [ 88.6239731, 27.6688391 ], [ 88.6238551, 27.6683925 ], [ 88.6235011, 27.6682214 ], [ 88.6233222, 27.6680702 ] ] } },
{ "type": "Feature", "properties": { "element": "way", "id": 620048004, "name": null, "waterway": "stream" }, "geometry": { "type": "LineString", "coordinates": [ [ 88.4913846, 27.9051694 ], [ 88.4909233, 27.9047902 ], [ 88.4900972, 27.9044204 ], [ 88.4890351, 27.9041549 ], [ 88.4876403, 27.9036334 ], [ 88.4867069, 27.9029982 ], [ 88.4862134, 27.9026663 ], [ 88.4856984, 27.9019268 ], [ 88.4849796, 27.9013768 ], [ 88.4843466, 27.9011493 ], [ 88.4835848, 27.9006562 ], [ 88.4828016, 27.9000115 ], [ 88.4826514, 27.8999261 ] ] } },
{ "type": "Feature", "properties": { "element": "way", "id": 680517785, "name": null, "waterway": "stream" }, "geometry": { "type": "LineString", "coordinates": [ [ 88.7045062, 27.6727601 ], [ 88.7071133, 27.6737198 ], [ 88.709377, 27.675221 ], [ 88.7119198, 27.6754205 ], [ 88.7140763, 27.6745464 ], [ 88.7154603, 27.674499 ], [ 88.716898, 27.6742139 ], [ 88.7183785, 27.6731782 ], [ 88.7201917, 27.672019 ], [ 88.7214017, 27.6721362 ], [ 88.722477, 27.6723135 ], [ 88.7244296, 27.6713824 ], [ 88.725599, 27.6701852 ], [ 88.7270153, 27.6686458 ], [ 88.7279916, 27.6666979 ], [ 88.7286201, 27.6641148 ], [ 88.7282777, 27.6634539 ], [ 88.7284128, 27.66289 ], [ 88.7288509, 27.6619266 ], [ 88.72875, 27.6615547 ], [ 88.728548, 27.6612365 ], [ 88.7284892, 27.6607117 ], [ 88.7284057, 27.6601185 ], [ 88.7287751, 27.6596526 ], [ 88.728689, 27.6591625 ], [ 88.7287641, 27.6581932 ], [ 88.7289708, 27.6579298 ], [ 88.7290482, 27.6573233 ], [ 88.7290829, 27.6569359 ], [ 88.7294527, 27.6565601 ], [ 88.7299358, 27.6560876 ], [ 88.7306092, 27.6553892 ] ] } },
{ "type": "Feature", "properties": { "element": "way", "id": 696697549, "name": null, "waterway": "river" }, "geometry": { "type": "LineString", "coordinates": [ [ 88.4690085, 27.5331693 ], [ 88.4691922, 27.5331538 ], [ 88.4693518, 27.5331776 ], [ 88.4694417, 27.5331705 ], [ 88.4695664, 27.5331217 ], [ 88.4696643, 27.5330979 ], [ 88.4697582, 27.5331158 ], [ 88.4698373, 27.5331895 ], [ 88.469962, 27.5334535 ], [ 88.4700465, 27.5335712 ], [ 88.470131, 27.533664 ], [ 88.4702808, 27.5339564 ], [ 88.4705427, 27.5348351 ], [ 88.4705922, 27.5352054 ], [ 88.4707267, 27.5358645 ], [ 88.47084, 27.536059 ], [ 88.4712647, 27.5363352 ], [ 88.4715832, 27.5364168 ], [ 88.4715691, 27.5366239 ], [ 88.4717036, 27.5367495 ], [ 88.4720646, 27.5367934 ], [ 88.4723689, 27.536988 ], [ 88.4726521, 27.53717 ], [ 88.4732325, 27.53717 ], [ 88.4736076, 27.5371198 ], [ 88.4738271, 27.5372265 ], [ 88.4745349, 27.5375968 ], [ 88.4751153, 27.5380173 ], [ 88.4754674, 27.5384177 ] ] } },
{ "type": "Feature", "properties": { "element": "way", "id": 704628450, "name": null, "waterway": "stream" }, "geometry": { "type": "LineString", "coordinates": [ [ 88.7657332, 27.6793002 ], [ 88.7647085, 27.6791563 ], [ 88.7625842, 27.6797644 ], [ 88.7598162, 27.680477 ], [ 88.7587111, 27.6802584 ], [ 88.7569945, 27.6808475 ], [ 88.7564795, 27.6814365 ], [ 88.7550204, 27.6816646 ], [ 88.7526386, 27.6820066 ], [ 88.7512331, 27.6829187 ], [ 88.7503212, 27.6833082 ], [ 88.7469738, 27.6842773 ], [ 88.7455369, 27.6846294 ], [ 88.7452679, 27.6846953 ], [ 88.7438946, 27.6847713 ], [ 88.7429183, 27.6854363 ], [ 88.7426179, 27.6860064 ], [ 88.7413519, 27.6862439 ], [ 88.7404721, 27.6857594 ], [ 88.739443, 27.6854362 ] ] } },
{ "type": "Feature", "properties": { "element": "way", "id": 704628451, "name": null, "waterway": "stream" }, "geometry": { "type": "LineString", "coordinates": [ [ 88.6364983, 27.9487566 ], [ 88.6365792, 27.9485084 ], [ 88.6366261, 27.9483241 ], [ 88.6366942, 27.9481511 ], [ 88.6367155, 27.9479969 ], [ 88.6365878, 27.947617 ], [ 88.6364302, 27.947365 ], [ 88.6363435, 27.9472226 ], [ 88.6363596, 27.9470804 ], [ 88.6362684, 27.9469667 ], [ 88.6361718, 27.9469003 ], [ 88.6361343, 27.9468245 ], [ 88.6361343, 27.9467203 ], [ 88.6360699, 27.946635 ] ] } },
{ "type": "Feature", "properties": { "element": "way", "id": 893125512, "name": null, "waterway": "stream" }, "geometry": { "type": "LineString", "coordinates": [ [ 88.1731152, 27.9881298 ], [ 88.1733513, 27.9893614 ], [ 88.173759, 27.9914267 ], [ 88.1737375, 27.9938709 ], [ 88.1735658, 27.9969782 ], [ 88.1743383, 28.0001233 ], [ 88.1752181, 28.0037987 ], [ 88.1765485, 28.0052386 ], [ 88.1778574, 28.0068868 ], [ 88.1783294, 28.0083834 ], [ 88.1800675, 28.0101452 ], [ 88.1810546, 28.0116418 ], [ 88.1826639, 28.013934 ], [ 88.1841445, 28.0165482 ], [ 88.1854105, 28.0182909 ], [ 88.1854105, 28.0223635 ], [ 88.1858611, 28.0261519 ], [ 88.1870627, 28.0295424 ], [ 88.1885004, 28.0312091 ], [ 88.1890154, 28.0345805 ], [ 88.1901955, 28.0372889 ], [ 88.1921053, 28.0402244 ], [ 88.1934356, 28.0425539 ], [ 88.1937361, 28.0459817 ], [ 88.1932425, 28.0496177 ], [ 88.1924486, 28.0511516 ], [ 88.1931996, 28.0521932 ], [ 88.1942081, 28.0547307 ], [ 88.195796, 28.0586694 ], [ 88.196311, 28.061718 ], [ 88.1982851, 28.0641984 ], [ 88.1994867, 28.0681936 ], [ 88.2015681, 28.0713934 ], [ 88.2046151, 28.0722454 ], [ 88.2075333, 28.073779 ], [ 88.2100653, 28.0775087 ], [ 88.2106232, 28.0800267 ], [ 88.2136273, 28.0816359 ], [ 88.2156873, 28.0837941 ], [ 88.218584, 28.0858576 ], [ 88.2215237, 28.087372 ], [ 88.2232189, 28.0884511 ], [ 88.2257509, 28.0884889 ], [ 88.2297635, 28.0899655 ], [ 88.2324028, 28.0918585 ], [ 88.2359218, 28.0931078 ], [ 88.2405138, 28.0939218 ], [ 88.243196, 28.0956633 ], [ 88.2460713, 28.0978969 ], [ 88.2502126, 28.100528 ] ] } },
{ "type": "Feature", "properties": { "element": "way", "id": 893125531, "name": "布抄老曲", "waterway": "stream" }, "geometry": { "type": "LineString", "coordinates": [ [ 88.2126586, 27.9954096 ], [ 88.2128522, 27.9957798 ], [ 88.2133001, 27.9962085 ], [ 88.2138258, 27.9966774 ], [ 88.2140404, 27.9971368 ], [ 88.2144374, 27.9977739 ], [ 88.214601, 27.9983873 ], [ 88.2146332, 27.9992162 ], [ 88.2149041, 27.9996946 ], [ 88.2153439, 28.002321 ], [ 88.2160306, 28.0034956 ], [ 88.2170176, 28.0046418 ], [ 88.2175755, 28.0067447 ], [ 88.2173717, 28.0074267 ], [ 88.2184017, 28.0086865 ], [ 88.2198608, 28.0105904 ], [ 88.2208264, 28.0118502 ], [ 88.2211053, 28.0131668 ], [ 88.2218349, 28.0141992 ], [ 88.2220387, 28.0150138 ], [ 88.223573, 28.016766 ], [ 88.2245064, 28.018755 ], [ 88.223927, 28.0202988 ], [ 88.2248175, 28.0223351 ], [ 88.2252681, 28.0248828 ], [ 88.2266736, 28.0273168 ], [ 88.2279289, 28.0306788 ], [ 88.2282615, 28.0325728 ], [ 88.229506, 28.0348172 ], [ 88.2309973, 28.0368154 ], [ 88.2323706, 28.0393627 ], [ 88.2334757, 28.041427 ], [ 88.2350528, 28.0440879 ], [ 88.2366729, 28.0459628 ], [ 88.2382929, 28.0484531 ], [ 88.2387006, 28.0502521 ], [ 88.2384217, 28.052534 ], [ 88.2388508, 28.0548538 ], [ 88.2409108, 28.0585179 ], [ 88.2415545, 28.0618505 ], [ 88.2408678, 28.0645014 ], [ 88.2409644, 28.0665652 ], [ 88.2407713, 28.0705319 ], [ 88.2422733, 28.0793641 ], [ 88.2458782, 28.0870881 ], [ 88.2501268, 28.0942058 ], [ 88.2502126, 28.100528 ], [ 88.2486677, 28.1057142 ], [ 88.2440757, 28.1151775 ], [ 88.2399988, 28.1227854 ], [ 88.23987, 28.1289924 ], [ 88.241415, 28.136902 ], [ 88.2400621, 28.1403614 ], [ 88.237338, 28.145303 ], [ 88.2337331, 28.1513574 ], [ 88.2289695, 28.1567681 ], [ 88.2254505, 28.1593789 ], [ 88.2229614, 28.1631245 ], [ 88.2193565, 28.1633137 ], [ 88.2138204, 28.1650919 ], [ 88.210473, 28.1673619 ], [ 88.2073402, 28.1724314 ], [ 88.2080698, 28.176328 ], [ 88.2063961, 28.1811701 ], [ 88.2046794, 28.1857093 ], [ 88.2045936, 28.1901728 ], [ 88.201375, 28.1975862 ], [ 88.195796, 28.2071926 ], [ 88.1927919, 28.2166091 ], [ 88.1888437, 28.2267054 ], [ 88.1865692, 28.237141 ], [ 88.1812906, 28.246328 ], [ 88.1743383, 28.2576689 ], [ 88.1701755, 28.2617135 ], [ 88.1671285, 28.2634145 ], [ 88.1631151, 28.2637915 ] ] } },
{ "type": "Feature", "properties": { "element": "way", "id": 893125546, "name": null, "waterway": "stream" }, "geometry": { "type": "LineString", "coordinates": [ [ 88.3828747, 27.9968645 ], [ 88.3834219, 27.996675 ], [ 88.3839369, 27.9967129 ], [ 88.3845484, 27.9963624 ], [ 88.3849776, 27.9957088 ], [ 88.3854496, 27.9953772 ], [ 88.3860075, 27.9949414 ], [ 88.3870268, 27.9945625 ], [ 88.3876705, 27.9946383 ], [ 88.3884517, 27.9945174 ], [ 88.3891051, 27.9940893 ] ] } },
{ "type": "Feature", "properties": { "element": "way", "id": 893125547, "name": null, "waterway": "stream" }, "geometry": { "type": "LineString", "coordinates": [ [ 88.3914417, 27.9943588 ], [ 88.3927882, 27.9943541 ], [ 88.3931315, 27.9938141 ], [ 88.3936679, 27.9930751 ], [ 88.3941078, 27.9923078 ], [ 88.3966076, 27.9919572 ], [ 88.3978844, 27.9923267 ], [ 88.3984315, 27.9926014 ], [ 88.3989894, 27.9924309 ], [ 88.3993757, 27.9920141 ], [ 88.3997267, 27.9915706 ] ] } },
{ "type": "Feature", "properties": { "element": "way", "id": 998280932, "name": null, "waterway": "stream" }, "geometry": { "type": "LineString", "coordinates": [ [ 88.2469893, 27.8541601 ], [ 88.2474742, 27.8544147 ], [ 88.2482295, 27.8545968 ], [ 88.2486243, 27.854779 ], [ 88.2493968, 27.8548549 ], [ 88.2497573, 27.8545665 ], [ 88.2504096, 27.8542478 ], [ 88.2510619, 27.8542629 ], [ 88.2518859, 27.854521 ], [ 88.2526584, 27.8545968 ], [ 88.2531733, 27.8549156 ], [ 88.254169, 27.8552495 ], [ 88.2547183, 27.8551888 ], [ 88.2553929, 27.8551743 ], [ 88.2555747, 27.8548844 ], [ 88.2562118, 27.8549156 ], [ 88.2564577, 27.855154 ], [ 88.2569635, 27.8553324 ], [ 88.2572074, 27.8555985 ], [ 88.2578172, 27.8557954 ], [ 88.2585873, 27.8556939 ], [ 88.259215, 27.8553166 ], [ 88.25939, 27.8554457 ], [ 88.2595568, 27.8554114 ], [ 88.2596168, 27.8552064 ], [ 88.259822, 27.855236 ], [ 88.2600435, 27.8555753 ], [ 88.2603585, 27.8555362 ], [ 88.2605456, 27.8554253 ], [ 88.2608532, 27.8555513 ] ] } },
{ "type": "Feature", "properties": { "element": "way", "id": 998280933, "name": null, "waterway": "stream" }, "geometry": { "type": "LineString", "coordinates": [ [ 88.2608532, 27.8555513 ], [ 88.2608958, 27.8557098 ], [ 88.2610241, 27.8557963 ], [ 88.2611034, 27.8555545 ], [ 88.2611944, 27.8555787 ], [ 88.261442, 27.8558899 ], [ 88.2615724, 27.8557902 ], [ 88.2619978, 27.8561264 ], [ 88.2619575, 27.8561819 ], [ 88.2617039, 27.8561891 ], [ 88.2618437, 27.856626 ], [ 88.2621448, 27.856524 ], [ 88.2621784, 27.8564541 ], [ 88.2623199, 27.8564941 ], [ 88.2623865, 27.856688 ], [ 88.2622419, 27.856737 ], [ 88.262241, 27.8568195 ], [ 88.2624153, 27.8570175 ], [ 88.2627853, 27.8572115 ], [ 88.2629024, 27.857207 ], [ 88.2629448, 27.8570993 ], [ 88.262889, 27.8569628 ], [ 88.2632018, 27.8566897 ], [ 88.2633092, 27.8564496 ], [ 88.2636676, 27.8565741 ], [ 88.2635775, 27.8567488 ], [ 88.2636057, 27.856965 ], [ 88.2637366, 27.8571357 ], [ 88.2640869, 27.8573775 ], [ 88.2640485, 27.8577352 ], [ 88.264188, 27.8579615 ], [ 88.264461, 27.8579694 ], [ 88.2647292, 27.8578327 ], [ 88.264986, 27.8578174 ], [ 88.2650658, 27.8579708 ], [ 88.265097, 27.8584475 ], [ 88.2652951, 27.858567 ], [ 88.2656575, 27.8585401 ], [ 88.2661143, 27.858495 ], [ 88.266295, 27.8583613 ], [ 88.2670308, 27.8582973 ], [ 88.2674085, 27.8581455 ], [ 88.2677733, 27.8582254 ], [ 88.2678301, 27.8584228 ], [ 88.2686045, 27.8586763 ], [ 88.268997, 27.8587261 ], [ 88.2704616, 27.8594839 ], [ 88.2708511, 27.8598856 ], [ 88.2712022, 27.8601033 ], [ 88.2717, 27.8604068 ], [ 88.271895, 27.8607017 ], [ 88.2726785, 27.8607104 ], [ 88.2730046, 27.8611049 ], [ 88.2731763, 27.8618334 ], [ 88.2736101, 27.8626504 ], [ 88.2739706, 27.8628477 ], [ 88.2742624, 27.8633485 ], [ 88.2746572, 27.8635761 ], [ 88.2748632, 27.8642742 ], [ 88.275464, 27.8650785 ], [ 88.2760305, 27.8655793 ], [ 88.276185, 27.8657463 ], [ 88.2764425, 27.8660953 ], [ 88.2771635, 27.866414 ], [ 88.2778501, 27.8665202 ], [ 88.2789488, 27.8668389 ], [ 88.2800474, 27.8667782 ], [ 88.2811632, 27.8669148 ], [ 88.2818842, 27.8668996 ], [ 88.2826738, 27.8668996 ], [ 88.2831545, 27.866763 ], [ 88.2837381, 27.866763 ], [ 88.2846651, 27.8667479 ], [ 88.2854032, 27.8669603 ], [ 88.2856264, 27.8673549 ], [ 88.28621, 27.8676887 ], [ 88.286828, 27.8675066 ], [ 88.2872228, 27.8674915 ], [ 88.2876348, 27.8675522 ], [ 88.2881357, 27.8678708 ], [ 88.2887194, 27.8679012 ], [ 88.2898524, 27.8678557 ], [ 88.2905047, 27.8678557 ], [ 88.2911227, 27.8677494 ], [ 88.291709, 27.8677799 ] ] } },
{ "type": "Feature", "properties": { "element": "way", "id": 998280938, "name": "Yumthulphuk Chu", "waterway": "stream" }, "geometry": { "type": "LineString", "coordinates": [ [ 88.3805259, 27.6780134 ], [ 88.3807637, 27.6781488 ], [ 88.3808317, 27.6784196 ], [ 88.3815622, 27.6786152 ], [ 88.3823437, 27.6786152 ], [ 88.3834649, 27.6786002 ], [ 88.3838386, 27.6783594 ], [ 88.3843483, 27.6780585 ], [ 88.3847221, 27.6780285 ], [ 88.3854526, 27.6773665 ], [ 88.3860132, 27.6767497 ], [ 88.386234, 27.6764789 ], [ 88.3868966, 27.6764337 ], [ 88.3880518, 27.676524 ], [ 88.3887144, 27.676539 ], [ 88.3896148, 27.6764488 ], [ 88.390685, 27.6760726 ], [ 88.3916704, 27.6760877 ], [ 88.3921631, 27.6763134 ], [ 88.3933692, 27.6764638 ], [ 88.3940488, 27.6766895 ], [ 88.3943546, 27.6767497 ], [ 88.3948473, 27.6772311 ], [ 88.3953399, 27.6769151 ], [ 88.3961554, 27.6771107 ], [ 88.3965121, 27.6773966 ], [ 88.3972596, 27.6777877 ], [ 88.3977353, 27.6781338 ], [ 88.3979562, 27.6782993 ], [ 88.3989585, 27.6783143 ], [ 88.399655, 27.6786603 ], [ 88.4003855, 27.6785099 ], [ 88.4008442, 27.6784948 ], [ 88.401201, 27.6787055 ], [ 88.4016427, 27.6785701 ], [ 88.4020382, 27.6784174 ], [ 88.4023902, 27.6783143 ], [ 88.4026033, 27.6781832 ], [ 88.4028658, 27.6782268 ], [ 88.4031253, 27.6784486 ], [ 88.4034403, 27.6784031 ], [ 88.4037639, 27.6784899 ], [ 88.4040413, 27.6785576 ], [ 88.4043509, 27.6788081 ], [ 88.4045529, 27.6788801 ], [ 88.404759, 27.6788766 ], [ 88.4049712, 27.678839 ], [ 88.4051103, 27.6789671 ], [ 88.4052331, 27.6791059 ], [ 88.4052583, 27.6792628 ], [ 88.4053802, 27.6795028 ], [ 88.4055894, 27.6797707 ], [ 88.4061345, 27.6798604 ], [ 88.4064078, 27.6797324 ], [ 88.406746, 27.67968 ], [ 88.4069941, 27.6798037 ], [ 88.4072829, 27.6797736 ], [ 88.4075239, 27.679879 ], [ 88.4076227, 27.6800745 ], [ 88.4077076, 27.6804657 ], [ 88.4081833, 27.6807064 ], [ 88.4087439, 27.6807064 ] ] } },
{ "type": "Feature", "properties": { "element": "way", "id": 1202223822, "name": null, "waterway": "stream" }, "geometry": { "type": "LineString", "coordinates": [ [ 88.6762281, 27.7188656 ], [ 88.6761796, 27.7186654 ], [ 88.6761099, 27.7185372 ], [ 88.6760241, 27.7183093 ], [ 88.6759704, 27.7181003 ], [ 88.6759061, 27.7179389 ], [ 88.6757773, 27.7177347 ], [ 88.6756378, 27.7175922 ], [ 88.6755788, 27.7173358 ], [ 88.6754447, 27.7170651 ], [ 88.6753374, 27.7169084 ], [ 88.6752462, 27.7166852 ], [ 88.6751926, 27.7165474 ], [ 88.6751336, 27.716348 ], [ 88.6751765, 27.7161675 ], [ 88.6752248, 27.7160346 ], [ 88.6753052, 27.7158684 ], [ 88.6754554, 27.7157734 ], [ 88.6754662, 27.7156452 ], [ 88.6755681, 27.7155027 ], [ 88.6758685, 27.7153365 ], [ 88.6759436, 27.715156 ], [ 88.6760348, 27.715061 ], [ 88.6761367, 27.7149471 ], [ 88.6762494, 27.7149138 ], [ 88.6764532, 27.7148236 ], [ 88.6765873, 27.7147713 ], [ 88.6768234, 27.7146811 ], [ 88.6769897, 27.7146431 ], [ 88.6771291, 27.7146051 ], [ 88.6773169, 27.7146051 ], [ 88.6775422, 27.7146526 ], [ 88.6777729, 27.7146906 ], [ 88.6779821, 27.7147286 ], [ 88.6781537, 27.7149233 ], [ 88.6782557, 27.715023 ], [ 88.6783737, 27.7151275 ], [ 88.6784971, 27.715137 ], [ 88.6786741, 27.715175 ], [ 88.6788297, 27.7151418 ], [ 88.6790174, 27.7150658 ], [ 88.6792105, 27.7150658 ], [ 88.6793554, 27.7150658 ], [ 88.6795163, 27.715061 ], [ 88.6796933, 27.715023 ], [ 88.6798489, 27.7150183 ], [ 88.6799991, 27.7149993 ], [ 88.6801279, 27.7149898 ], [ 88.6802244, 27.7149471 ], [ 88.6803585, 27.7149328 ], [ 88.6804765, 27.7149328 ], [ 88.6806965, 27.7149993 ], [ 88.6807609, 27.7149993 ], [ 88.6808467, 27.7149233 ], [ 88.6809164, 27.7147998 ], [ 88.6809111, 27.7145861 ], [ 88.6808842, 27.7142774 ], [ 88.6808735, 27.7140305 ], [ 88.6808574, 27.7138643 ], [ 88.6807769, 27.713793 ], [ 88.680675, 27.7137456 ], [ 88.6804283, 27.7136506 ], [ 88.6803049, 27.7136221 ], [ 88.680219, 27.7135841 ], [ 88.6800528, 27.7135461 ], [ 88.6799079, 27.7135034 ], [ 88.6797684, 27.7134559 ], [ 88.6797094, 27.7133514 ], [ 88.6796451, 27.7132137 ], [ 88.6796397, 27.7131519 ], [ 88.6796236, 27.7129762 ], [ 88.6795914, 27.7128385 ], [ 88.6795378, 27.7127625 ], [ 88.6794519, 27.712658 ], [ 88.6794519, 27.712601 ], [ 88.6794627, 27.7125488 ], [ 88.6795592, 27.7124253 ], [ 88.6795753, 27.7123018 ], [ 88.67957, 27.7121261 ], [ 88.6795431, 27.7120027 ], [ 88.67957, 27.7118412 ], [ 88.6796129, 27.7116702 ], [ 88.6796129, 27.7115515 ], [ 88.6796129, 27.711428 ], [ 88.6796129, 27.7113283 ], [ 88.6796826, 27.7112333 ], [ 88.6798274, 27.7111526 ], [ 88.6798918, 27.7109626 ], [ 88.6799401, 27.7108391 ], [ 88.6800206, 27.7107584 ], [ 88.6801225, 27.7106539 ], [ 88.6802673, 27.7105589 ], [ 88.6804873, 27.7104402 ], [ 88.6806428, 27.7103167 ], [ 88.6808735, 27.7100223 ], [ 88.6808628, 27.7098655 ], [ 88.680895, 27.7097848 ], [ 88.6809593, 27.7097136 ], [ 88.6810988, 27.7096708 ], [ 88.6812276, 27.7096091 ], [ 88.6813885, 27.7095473 ], [ 88.6814368, 27.7094429 ], [ 88.6815655, 27.7093431 ], [ 88.6815602, 27.7091722 ], [ 88.6815602, 27.7090819 ], [ 88.6815065, 27.708854 ], [ 88.6814529, 27.708664 ], [ 88.6813456, 27.7084978 ], [ 88.6812597, 27.70836 ], [ 88.681072, 27.7082745 ], [ 88.6808145, 27.7081938 ], [ 88.6806804, 27.7080703 ], [ 88.6805677, 27.7079611 ], [ 88.680439, 27.7077996 ], [ 88.6803961, 27.7076904 ], [ 88.6801708, 27.7075574 ], [ 88.6800259, 27.7074387 ], [ 88.6799508, 27.7073484 ], [ 88.6799025, 27.7072487 ], [ 88.6798167, 27.706997 ], [ 88.6797845, 27.7067833 ], [ 88.6797684, 27.7066645 ], [ 88.6797148, 27.7063701 ], [ 88.6796987, 27.7060756 ], [ 88.6796772, 27.7059284 ], [ 88.6797041, 27.7057574 ], [ 88.6797094, 27.7056814 ], [ 88.6797309, 27.7055342 ], [ 88.6798006, 27.7052777 ], [ 88.6798274, 27.7051305 ], [ 88.6798972, 27.7049928 ], [ 88.6799937, 27.704779 ], [ 88.6801064, 27.7045273 ], [ 88.6801976, 27.7043041 ], [ 88.6802351, 27.7041616 ], [ 88.680262, 27.7040049 ], [ 88.6802781, 27.7038481 ], [ 88.6803102, 27.7037579 ], [ 88.6804658, 27.7036439 ], [ 88.6807179, 27.7034682 ], [ 88.6808735, 27.7031737 ], [ 88.6808789, 27.702941 ], [ 88.6808789, 27.7027463 ], [ 88.680836, 27.7025705 ], [ 88.6807609, 27.7023663 ], [ 88.6806536, 27.7022761 ], [ 88.68038, 27.7021906 ], [ 88.68016, 27.7021146 ], [ 88.6798543, 27.7019863 ], [ 88.6797523, 27.7018439 ], [ 88.6796451, 27.7016966 ], [ 88.6795539, 27.7016016 ], [ 88.6793929, 27.7014591 ], [ 88.6792964, 27.7013831 ], [ 88.6790657, 27.7011884 ], [ 88.6789691, 27.7010697 ], [ 88.6788726, 27.7009177 ], [ 88.6788082, 27.7007135 ], [ 88.6786795, 27.7005235 ], [ 88.6785668, 27.7003715 ], [ 88.6785185, 27.7002432 ], [ 88.6785722, 27.7001293 ], [ 88.6786365, 27.70002 ], [ 88.678658, 27.6998823 ], [ 88.6785614, 27.6996305 ], [ 88.6784542, 27.6994216 ], [ 88.6784059, 27.6992648 ], [ 88.6783683, 27.6991793 ], [ 88.6782557, 27.6989656 ], [ 88.6782342, 27.6988374 ], [ 88.6782181, 27.6986141 ], [ 88.6782181, 27.6984716 ], [ 88.6782181, 27.6983339 ], [ 88.678261, 27.6981819 ] ] } },
{ "type": "Feature", "properties": { "element": "way", "id": 1202223823, "name": null, "waterway": "stream" }, "geometry": { "type": "LineString", "coordinates": [ [ 88.6761206, 27.7215479 ], [ 88.6761743, 27.7213437 ], [ 88.676185, 27.7212108 ], [ 88.6762279, 27.7210826 ], [ 88.676303, 27.7209733 ], [ 88.6763406, 27.7208879 ], [ 88.6763728, 27.7207881 ], [ 88.6764264, 27.7207216 ], [ 88.676464, 27.7206409 ], [ 88.6764532, 27.720527 ], [ 88.6764425, 27.7203845 ], [ 88.6764425, 27.7202325 ], [ 88.6764425, 27.7200758 ], [ 88.6764157, 27.7199001 ], [ 88.6764157, 27.7197529 ] ] } },
{ "type": "Feature", "properties": { "element": "way", "id": 1202223824, "name": null, "waterway": "stream" }, "geometry": { "type": "LineString", "coordinates": [ [ 88.6822307, 27.7280772 ], [ 88.6820215, 27.7280202 ], [ 88.6817425, 27.7280107 ], [ 88.6815548, 27.7280202 ], [ 88.6813241, 27.7280962 ], [ 88.6812329, 27.7281199 ], [ 88.6810666, 27.7281579 ], [ 88.6808896, 27.7282006 ], [ 88.6807448, 27.7282006 ], [ 88.680557, 27.7281769 ], [ 88.6803424, 27.7280867 ], [ 88.6802351, 27.7280439 ], [ 88.6801064, 27.7280202 ], [ 88.679983, 27.7280202 ], [ 88.6799133, 27.7280202 ], [ 88.6797792, 27.7280392 ], [ 88.6796343, 27.7279347 ], [ 88.679527, 27.7278492 ], [ 88.6794841, 27.7277638 ], [ 88.6794251, 27.727683 ], [ 88.6793178, 27.7275738 ], [ 88.6792642, 27.7274931 ], [ 88.6791784, 27.7274219 ], [ 88.6790711, 27.7273744 ], [ 88.6790013, 27.7273602 ], [ 88.6789048, 27.7273554 ], [ 88.678835, 27.7273459 ], [ 88.6786419, 27.7274171 ], [ 88.6785507, 27.7274694 ], [ 88.6784756, 27.7274884 ], [ 88.6783576, 27.7274551 ], [ 88.6782503, 27.7273744 ], [ 88.6781162, 27.7273079 ], [ 88.6780465, 27.7272367 ], [ 88.6780143, 27.727156 ], [ 88.6779445, 27.7270753 ], [ 88.6778533, 27.7270088 ], [ 88.6777085, 27.7268711 ], [ 88.6776495, 27.7267856 ], [ 88.6774832, 27.7266669 ], [ 88.677274, 27.7265719 ], [ 88.6772042, 27.7265292 ], [ 88.677097, 27.7264627 ], [ 88.6768931, 27.726344 ], [ 88.6767697, 27.7262585 ], [ 88.6765337, 27.7261351 ], [ 88.6763406, 27.7260543 ], [ 88.6761367, 27.7259356 ], [ 88.6760509, 27.7258691 ], [ 88.6759597, 27.7257884 ], [ 88.6758417, 27.7256602 ], [ 88.6756968, 27.7256175 ], [ 88.6754984, 27.7255747 ], [ 88.6754179, 27.7255462 ], [ 88.6753857, 27.7254798 ], [ 88.6752409, 27.7253658 ], [ 88.675096, 27.7252186 ], [ 88.6749673, 27.7250904 ], [ 88.6747473, 27.7248814 ], [ 88.6746401, 27.7247247 ], [ 88.6746186, 27.7246535 ], [ 88.6745757, 27.7245775 ], [ 88.6745489, 27.7244731 ] ] } },
{ "type": "Feature", "properties": { "element": "way", "id": 1202227618, "name": null, "waterway": "stream" }, "geometry": { "type": "LineString", "coordinates": [ [ 88.715979, 27.6934286 ], [ 88.7161216, 27.6932199 ], [ 88.7162038, 27.6930646 ], [ 88.7163573, 27.6929238 ], [ 88.7163902, 27.6927442 ], [ 88.716434, 27.6926665 ], [ 88.7165601, 27.6925209 ], [ 88.7165656, 27.6922928 ], [ 88.7165163, 27.6921423 ], [ 88.7164614, 27.6919918 ], [ 88.7163463, 27.6917249 ], [ 88.7162367, 27.6915841 ], [ 88.7161161, 27.6914433 ], [ 88.7160887, 27.691322 ], [ 88.7160558, 27.6912055 ], [ 88.7159681, 27.6910647 ], [ 88.715831, 27.6909191 ], [ 88.7158255, 27.6908657 ], [ 88.7158255, 27.6907589 ], [ 88.7158749, 27.6906764 ], [ 88.7160284, 27.6905114 ], [ 88.7161654, 27.6904191 ], [ 88.7162805, 27.6903657 ], [ 88.7163573, 27.6902541 ], [ 88.7165217, 27.6901716 ], [ 88.7166423, 27.6900842 ], [ 88.7166972, 27.6900211 ], [ 88.7167246, 27.6898803 ], [ 88.7167629, 27.6897056 ], [ 88.7168671, 27.6895454 ], [ 88.7170151, 27.6893609 ], [ 88.7171851, 27.6891959 ], [ 88.7174427, 27.6890163 ], [ 88.7175688, 27.688861 ], [ 88.7177826, 27.6886814 ], [ 88.7179141, 27.6885163 ], [ 88.718254, 27.6883027 ], [ 88.7187584, 27.6880503 ], [ 88.7190708, 27.6879532 ], [ 88.7192243, 27.6878367 ], [ 88.7194326, 27.6877299 ], [ 88.7195368, 27.6875746 ], [ 88.7196355, 27.687395 ], [ 88.7197396, 27.6872542 ], [ 88.7199315, 27.6871717 ], [ 88.7200192, 27.686997 ], [ 88.7201398, 27.6869338 ], [ 88.7203372, 27.6868804 ], [ 88.72054, 27.6867251 ], [ 88.7205838, 27.6866086 ], [ 88.7206277, 27.6864873 ], [ 88.7206716, 27.686395 ], [ 88.7207428, 27.6861766 ], [ 88.7208799, 27.6858611 ], [ 88.7209456, 27.685662 ], [ 88.7210553, 27.685429 ], [ 88.7211375, 27.6853028 ], [ 88.7212581, 27.6851281 ], [ 88.7214116, 27.6849436 ], [ 88.7214719, 27.6847251 ], [ 88.7217022, 27.6844873 ], [ 88.7219434, 27.6844387 ], [ 88.7223381, 27.6844582 ], [ 88.7224367, 27.6844582 ], [ 88.7226121, 27.6844921 ], [ 88.7229849, 27.6845795 ], [ 88.7237085, 27.6846863 ], [ 88.7241416, 27.6848028 ], [ 88.7243444, 27.6848465 ], [ 88.7245144, 27.6849048 ], [ 88.7248104, 27.6849484 ], [ 88.7249913, 27.6849727 ], [ 88.7252599, 27.6849679 ], [ 88.7255176, 27.6849679 ], [ 88.7256436, 27.6849484 ], [ 88.7257752, 27.6848805 ], [ 88.7259452, 27.6847154 ], [ 88.7261425, 27.6846329 ], [ 88.7263344, 27.6844921 ], [ 88.7265372, 27.6844873 ], [ 88.7266414, 27.6844582 ], [ 88.7267674, 27.6844339 ], [ 88.7268058, 27.6843417 ], [ 88.7268606, 27.6840892 ], [ 88.7269593, 27.6839193 ], [ 88.7271731, 27.6836426 ], [ 88.727343, 27.683497 ], [ 88.7274746, 27.6833222 ], [ 88.7277048, 27.6831815 ], [ 88.7278967, 27.6829582 ], [ 88.7280721, 27.6828077 ], [ 88.7282147, 27.6826281 ], [ 88.7283407, 27.6825164 ], [ 88.7284833, 27.6824436 ], [ 88.7286148, 27.6823999 ], [ 88.7287409, 27.6823416 ], [ 88.7287848, 27.682264 ], [ 88.7288451, 27.6821572 ], [ 88.7289109, 27.6821426 ], [ 88.7290808, 27.6821572 ], [ 88.7292124, 27.6821863 ], [ 88.7294974, 27.6822009 ], [ 88.7297359, 27.6821863 ], [ 88.7299058, 27.6820916 ], [ 88.7300237, 27.6820164 ], [ 88.7301004, 27.681963 ], [ 88.7301498, 27.6819339 ], [ 88.730221, 27.6818829 ], [ 88.7302978, 27.6818538 ], [ 88.7303737, 27.6818251 ], [ 88.730454, 27.6816911 ], [ 88.7305198, 27.6816232 ], [ 88.7306103, 27.6816013 ], [ 88.7306898, 27.6815698 ], [ 88.7308213, 27.681514 ], [ 88.7309419, 27.6815018 ], [ 88.7310598, 27.681463 ], [ 88.7311338, 27.6814144 ], [ 88.7311859, 27.6813829 ], [ 88.73129, 27.6813586 ], [ 88.7314353, 27.6813392 ], [ 88.7315394, 27.6813076 ], [ 88.7316792, 27.6812567 ], [ 88.7317889, 27.6812154 ], [ 88.7319095, 27.6811766 ], [ 88.7320822, 27.6811013 ], [ 88.7322466, 27.6810018 ], [ 88.73237, 27.6808999 ], [ 88.7325043, 27.6807542 ], [ 88.7326605, 27.6806741 ], [ 88.7327729, 27.6805431 ], [ 88.732825, 27.6804848 ], [ 88.7329209, 27.6803537 ], [ 88.732951, 27.6802712 ], [ 88.7329894, 27.6802057 ], [ 88.7330607, 27.6801013 ], [ 88.7331402, 27.6800552 ], [ 88.7332224, 27.6799702 ], [ 88.7333101, 27.6799095 ], [ 88.7333841, 27.6798464 ], [ 88.7334307, 27.6797833 ], [ 88.7334855, 27.6797154 ], [ 88.7335979, 27.6796692 ], [ 88.7336747, 27.6796474 ], [ 88.7337541, 27.6796401 ], [ 88.7338473, 27.6796401 ], [ 88.733946, 27.6796547 ], [ 88.7341077, 27.6796984 ], [ 88.7343133, 27.6797251 ], [ 88.7345929, 27.6797105 ], [ 88.7348012, 27.679679 ], [ 88.7350259, 27.679662 ], [ 88.735152, 27.6796401 ], [ 88.7352534, 27.6796401 ], [ 88.7355303, 27.6796692 ], [ 88.7356591, 27.6796692 ], [ 88.7357797, 27.6796741 ], [ 88.7359771, 27.6796959 ], [ 88.7360428, 27.6796959 ], [ 88.7362375, 27.6796911 ], [ 88.7364458, 27.6796838 ], [ 88.7366787, 27.6797251 ], [ 88.7368076, 27.6797542 ], [ 88.7368816, 27.6797906 ], [ 88.7370022, 27.6798561 ], [ 88.7371173, 27.6799338 ], [ 88.7372105, 27.6799848 ], [ 88.7372598, 27.6800091 ], [ 88.7373338, 27.6800479 ], [ 88.7373777, 27.680077 ], [ 88.7374325, 27.6801086 ], [ 88.7375093, 27.6801329 ], [ 88.7376463, 27.6801159 ], [ 88.7376902, 27.6800867 ], [ 88.7377313, 27.6800309 ], [ 88.737745, 27.6799605 ], [ 88.7377669, 27.6798974 ], [ 88.7378272, 27.6798222 ], [ 88.7379067, 27.6797858 ], [ 88.7380574, 27.6797396 ], [ 88.7381506, 27.6797324 ], [ 88.7382959, 27.6797251 ], [ 88.7384944, 27.6797064 ] ] } },
{ "type": "Feature", "properties": { "element": "way", "id": 1202227619, "name": null, "waterway": "stream" }, "geometry": { "type": "LineString", "coordinates": [ [ 88.7262887, 27.6894516 ], [ 88.7265247, 27.6892948 ], [ 88.7266588, 27.6892521 ], [ 88.726809, 27.6891856 ], [ 88.7269914, 27.6891096 ], [ 88.7271309, 27.6890241 ], [ 88.7272489, 27.6889386 ], [ 88.7274635, 27.6888103 ], [ 88.7276137, 27.6886678 ], [ 88.7276781, 27.6885823 ], [ 88.7277907, 27.6884398 ], [ 88.7278658, 27.6883258 ], [ 88.7278819, 27.6881311 ], [ 88.7278819, 27.6880598 ], [ 88.7278604, 27.6878936 ], [ 88.7278122, 27.6877178 ], [ 88.7278122, 27.6876228 ], [ 88.7278336, 27.6875421 ], [ 88.7279355, 27.6874945 ], [ 88.7281126, 27.6874898 ], [ 88.728252, 27.6874613 ], [ 88.7283432, 27.6874138 ], [ 88.7285364, 27.6873425 ], [ 88.7287295, 27.6872808 ], [ 88.7289387, 27.6872095 ], [ 88.7291157, 27.6871383 ], [ 88.7293088, 27.6870813 ], [ 88.7294215, 27.6869435 ], [ 88.7295556, 27.6867393 ], [ 88.7295744, 27.6866419 ], [ 88.7296039, 27.6865611 ], [ 88.7296441, 27.6865208 ], [ 88.7296951, 27.6864376 ], [ 88.7297112, 27.6863688 ], [ 88.7297112, 27.6862405 ], [ 88.729687, 27.6860932 ], [ 88.729687, 27.6860077 ], [ 88.7296897, 27.6859697 ], [ 88.7297165, 27.6858985 ], [ 88.7297595, 27.6858367 ], [ 88.7298587, 27.685775 ], [ 88.7299365, 27.6857203 ], [ 88.7300545, 27.6856562 ], [ 88.7301108, 27.6855992 ], [ 88.7301511, 27.6854971 ], [ 88.7301698, 27.6854472 ], [ 88.7301967, 27.6853688 ], [ 88.7302342, 27.6852762 ], [ 88.7302825, 27.6851812 ], [ 88.7302932, 27.6851147 ], [ 88.7303469, 27.6850244 ], [ 88.7303737, 27.6849579 ], [ 88.7304032, 27.6848724 ], [ 88.7304085, 27.6848012 ], [ 88.7304112, 27.6846705 ], [ 88.730422, 27.6846064 ], [ 88.73043, 27.6845304 ], [ 88.7304649, 27.684395 ], [ 88.7305266, 27.6842881 ], [ 88.7305722, 27.6841694 ], [ 88.7306339, 27.6840506 ], [ 88.730658, 27.6839366 ], [ 88.730666, 27.6838701 ], [ 88.7306714, 27.6837157 ], [ 88.7306714, 27.6835376 ], [ 88.730666, 27.6833998 ], [ 88.7306794, 27.6831837 ], [ 88.7306848, 27.6830364 ], [ 88.7306955, 27.6829485 ], [ 88.7306875, 27.6827372 ], [ 88.7306473, 27.682559 ], [ 88.7306312, 27.6824474 ], [ 88.730607, 27.6823547 ], [ 88.7305802, 27.6822289 ], [ 88.7305561, 27.6820958 ], [ 88.7304863, 27.6819486 ], [ 88.7304139, 27.6818583 ], [ 88.7303737, 27.6818251 ] ] } },
{ "type": "Feature", "properties": { "element": "way", "id": 1202227640, "name": null, "waterway": "stream" }, "geometry": { "type": "LineString", "coordinates": [ [ 88.6869621, 27.6833001 ], [ 88.6863828, 27.6837466 ], [ 88.685621, 27.6838891 ], [ 88.6852884, 27.6839461 ], [ 88.6848271, 27.6840981 ], [ 88.6844945, 27.6842311 ], [ 88.6842585, 27.6843832 ], [ 88.6838293, 27.6846587 ], [ 88.6833787, 27.6848962 ], [ 88.6823273, 27.6853332 ], [ 88.681587, 27.6854852 ], [ 88.6807823, 27.6853807 ], [ 88.6802351, 27.6853047 ], [ 88.6799723, 27.6853 ], [ 88.6795431, 27.6852334 ], [ 88.6791944, 27.6852097 ], [ 88.678835, 27.6852714 ], [ 88.6785936, 27.6852477 ], [ 88.6784059, 27.6851954 ], [ 88.677966, 27.6850149 ], [ 88.6777192, 27.6849199 ], [ 88.6775637, 27.6848724 ], [ 88.6773598, 27.6848677 ], [ 88.6771506, 27.6848867 ], [ 88.6768985, 27.6848487 ], [ 88.6767054, 27.6848392 ], [ 88.6764747, 27.6848297 ], [ 88.6763191, 27.6847584 ], [ 88.6761153, 27.6846777 ], [ 88.6757719, 27.6845922 ], [ 88.6754715, 27.6845874 ], [ 88.6750853, 27.6845352 ], [ 88.6748439, 27.6844877 ], [ 88.6744899, 27.6843974 ], [ 88.6741841, 27.6842454 ], [ 88.6739856, 27.6841171 ], [ 88.6737281, 27.6838321 ], [ 88.6733741, 27.6835471 ], [ 88.6729395, 27.6831481 ], [ 88.6724138, 27.6828678 ], [ 88.6720115, 27.6826113 ], [ 88.6715716, 27.6823975 ], [ 88.6712605, 27.6822122 ], [ 88.6708957, 27.6820982 ], [ 88.6705685, 27.6820412 ], [ 88.6702627, 27.6819652 ], [ 88.6699516, 27.6817895 ], [ 88.669737, 27.6816707 ], [ 88.6694366, 27.6814807 ], [ 88.6691844, 27.6813382 ], [ 88.6688304, 27.6811481 ], [ 88.6684978, 27.6810959 ], [ 88.6681491, 27.6810864 ], [ 88.6679506, 27.6811006 ], [ 88.6677951, 27.6811101 ], [ 88.6674946, 27.6811339 ], [ 88.6672318, 27.6811576 ], [ 88.6669099, 27.6812004 ], [ 88.6666305, 27.68124 ] ] } },
{ "type": "Feature", "properties": { "element": "way", "id": 1202227641, "name": null, "waterway": "stream" }, "geometry": { "type": "LineString", "coordinates": [ [ 88.6983025, 27.7000723 ], [ 88.6977875, 27.7000153 ], [ 88.6974549, 27.699887 ], [ 88.6972296, 27.6996923 ], [ 88.6970687, 27.6995213 ], [ 88.6968487, 27.6992601 ], [ 88.6965859, 27.6989561 ], [ 88.6963499, 27.6987424 ], [ 88.696028, 27.6985666 ], [ 88.6956418, 27.6983861 ], [ 88.6952984, 27.6982152 ] ] } },
{ "type": "Feature", "properties": { "element": "way", "id": 1202227642, "name": null, "waterway": "stream" }, "geometry": { "type": "LineString", "coordinates": [ [ 88.6991179, 27.6992791 ], [ 88.6986995, 27.6988516 ], [ 88.698163, 27.6986046 ], [ 88.6974656, 27.6984051 ], [ 88.6971652, 27.6983576 ], [ 88.6967897, 27.6982816 ], [ 88.696382, 27.6982247 ], [ 88.6959958, 27.6982247 ], [ 88.6956739, 27.6982152 ], [ 88.6952984, 27.6982152 ], [ 88.694998, 27.6982152 ], [ 88.6946225, 27.6982436 ], [ 88.694365, 27.6982152 ], [ 88.694129, 27.6981012 ], [ 88.693968, 27.6979587 ], [ 88.693614, 27.6977402 ], [ 88.6933565, 27.6975787 ], [ 88.6931741, 27.6973792 ], [ 88.6929381, 27.6971132 ], [ 88.6925411, 27.6970372 ], [ 88.6922622, 27.6969517 ], [ 88.6919939, 27.6968947 ], [ 88.6917364, 27.6968662 ], [ 88.6911464, 27.6967807 ] ] } },
{ "type": "Feature", "properties": { "element": "way", "id": 1214315130, "name": "Kauum Chu", "waterway": "stream" }, "geometry": { "type": "LineString", "coordinates": [ [ 88.2983125, 27.5203082 ], [ 88.3016885, 27.5191283 ], [ 88.3045781, 27.5186462 ], [ 88.30701, 27.5190395 ], [ 88.3110154, 27.5190014 ], [ 88.3113873, 27.5188365 ], [ 88.313948, 27.5175805 ], [ 88.3147347, 27.516426 ], [ 88.3168233, 27.5151446 ], [ 88.319012, 27.5143327 ], [ 88.3223021, 27.513711 ], [ 88.3288539, 27.5061745 ], [ 88.3345187, 27.5042967 ], [ 88.3361781, 27.5029898 ], [ 88.3366502, 27.5006932 ], [ 88.3364529, 27.4968316 ], [ 88.3356869, 27.4959257 ], [ 88.3361996, 27.491871 ], [ 88.3357776, 27.4901134 ], [ 88.3360279, 27.4882924 ], [ 88.335284, 27.4869346 ], [ 88.3351481, 27.4860082 ], [ 88.33444, 27.4849041 ], [ 88.3339179, 27.484682 ], [ 88.3330167, 27.4825182 ], [ 88.3322728, 27.4819218 ], [ 88.3314503, 27.4816616 ], [ 88.3306992, 27.4803227 ], [ 88.3301485, 27.4766676 ], [ 88.3301485, 27.4746941 ], [ 88.3294547, 27.4722065 ], [ 88.3288896, 27.4717876 ], [ 88.3285392, 27.4693698 ], [ 88.3277095, 27.468494 ], [ 88.3280886, 27.4664949 ], [ 88.3265078, 27.4648195 ], [ 88.3266723, 27.4636264 ], [ 88.3262217, 27.4627759 ], [ 88.3275664, 27.461037 ], [ 88.3276093, 27.4574891 ], [ 88.3299125, 27.4569623 ], [ 88.3311928, 27.4549694 ], [ 88.3329165, 27.4533953 ], [ 88.3331641, 27.451392 ], [ 88.3340418, 27.4507513 ], [ 88.3339569, 27.4499347 ], [ 88.3342683, 27.4488669 ], [ 88.3348771, 27.4482638 ], [ 88.3352169, 27.4474347 ], [ 88.3359105, 27.4468065 ], [ 88.3363352, 27.4453492 ], [ 88.3365759, 27.4445577 ], [ 88.3373545, 27.443942 ], [ 88.3374819, 27.4429495 ], [ 88.3375527, 27.4423967 ], [ 88.3377509, 27.4423465 ], [ 88.337935, 27.4425098 ], [ 88.3380341, 27.4426731 ], [ 88.3386286, 27.4425475 ], [ 88.3393648, 27.4420952 ], [ 88.3399452, 27.4418188 ], [ 88.3401009, 27.441467 ], [ 88.3400018, 27.4409519 ], [ 88.3397187, 27.4407383 ], [ 88.3396196, 27.4401352 ], [ 88.3401151, 27.4393437 ], [ 88.3408229, 27.4387908 ], [ 88.3420546, 27.4381375 ], [ 88.3428049, 27.4376475 ], [ 88.3437251, 27.4370695 ], [ 88.3441498, 27.4367554 ], [ 88.3444046, 27.4358382 ], [ 88.344532, 27.4346697 ], [ 88.3445179, 27.434054 ], [ 88.3451266, 27.4328101 ], [ 88.3458769, 27.4322196 ], [ 88.3462591, 27.4321819 ], [ 88.346967, 27.4316416 ], [ 88.3473917, 27.431051 ], [ 88.3480146, 27.430561 ], [ 88.3487224, 27.4301212 ], [ 88.3490905, 27.4295432 ], [ 88.3494161, 27.4287893 ], [ 88.3501098, 27.4282992 ], [ 88.3507468, 27.4276333 ], [ 88.351214, 27.4276333 ], [ 88.3516387, 27.4278595 ], [ 88.3522191, 27.4278218 ], [ 88.3526439, 27.4272689 ], [ 88.3528279, 27.4267788 ], [ 88.352743, 27.4262134 ], [ 88.3529128, 27.4258615 ], [ 88.3532101, 27.425673 ], [ 88.3536631, 27.425761 ], [ 88.3545833, 27.4256605 ], [ 88.3551921, 27.4252207 ], [ 88.3555177, 27.4247683 ], [ 88.3560273, 27.4243788 ], [ 88.3566644, 27.4242405 ], [ 88.357443, 27.4243788 ], [ 88.3578535, 27.424718 ], [ 88.3585331, 27.4250196 ], [ 88.3588021, 27.4258867 ], [ 88.3589012, 27.4266783 ], [ 88.3590002, 27.427294 ], [ 88.3594957, 27.4275453 ], [ 88.360331, 27.4273317 ], [ 88.3609539, 27.4267788 ], [ 88.3608406, 27.4259746 ], [ 88.3607132, 27.4255977 ], [ 88.3607982, 27.4250573 ], [ 88.3609399, 27.4246315 ] ] } },
{ "type": "Feature", "properties": { "element": "way", "id": 1214338802, "name": null, "waterway": "river" }, "geometry": { "type": "LineString", "coordinates": [ [ 88.1704166, 27.920797 ], [ 88.1704036, 27.9207471 ], [ 88.1703741, 27.920663 ], [ 88.1703741, 27.9204746 ], [ 88.1703902, 27.9202198 ], [ 88.1704089, 27.9200657 ], [ 88.1705632, 27.9199141 ], [ 88.1705766, 27.9198252 ], [ 88.1705232, 27.91977 ] ] } },
{ "type": "Feature", "properties": { "element": "way", "id": 1214338807, "name": null, "waterway": "river" }, "geometry": { "type": "LineString", "coordinates": [ [ 88.1743726, 27.9254921 ], [ 88.1743913, 27.9253873 ], [ 88.1744006, 27.9252924 ], [ 88.1745594, 27.9252449 ], [ 88.1745827, 27.9251583 ], [ 88.1745781, 27.9250593 ], [ 88.1746458, 27.924987 ], [ 88.1747835, 27.9249478 ], [ 88.1749003, 27.9248633 ], [ 88.1750708, 27.9248117 ], [ 88.1751735, 27.924756 ], [ 88.1752412, 27.9246673 ], [ 88.1753463, 27.9246466 ], [ 88.1754518, 27.9246761 ] ] } },
{ "type": "Feature", "properties": { "element": "way", "id": 1214338808, "name": null, "waterway": "river" }, "geometry": { "type": "LineString", "coordinates": [ [ 88.1759996, 27.9245386 ], [ 88.1761007, 27.9245278 ], [ 88.1761824, 27.9244679 ], [ 88.1762677, 27.9243204 ], [ 88.1761953, 27.9242235 ], [ 88.1761649, 27.9241399 ], [ 88.1761871, 27.9240429 ], [ 88.1762502, 27.923979 ], [ 88.1762677, 27.9239047 ], [ 88.1763984, 27.9238913 ], [ 88.1765093, 27.9237995 ], [ 88.1766238, 27.9237995 ], [ 88.176765, 27.9236705 ], [ 88.1768398, 27.9235416 ], [ 88.1769168, 27.9234312 ], [ 88.1770312, 27.9234219 ], [ 88.1771982, 27.923393 ], [ 88.1773558, 27.9232765 ], [ 88.1774971, 27.9231207 ], [ 88.177629, 27.9230867 ], [ 88.1776698, 27.9229629 ], [ 88.1778905, 27.9228607 ], [ 88.1779139, 27.9227401 ], [ 88.1780108, 27.9225358 ], [ 88.1780633, 27.9223532 ], [ 88.1782396, 27.9222181 ], [ 88.1785163, 27.9220809 ], [ 88.1786167, 27.9220097 ], [ 88.1786564, 27.9218415 ], [ 88.1787264, 27.9217147 ], [ 88.1789086, 27.921596 ], [ 88.1790545, 27.9213536 ], [ 88.1791765, 27.9212076 ], [ 88.1792063, 27.921172 ], [ 88.1795157, 27.9211174 ], [ 88.1797527, 27.9210833 ], [ 88.1799044, 27.9211875 ], [ 88.1805431, 27.9213784 ], [ 88.180738, 27.9213598 ], [ 88.1810031, 27.9213072 ], [ 88.1812692, 27.9211566 ], [ 88.1815296, 27.9210844 ], [ 88.1817304, 27.9209131 ], [ 88.1817631, 27.9207058 ], [ 88.1818075, 27.9204974 ], [ 88.1818717, 27.9202859 ], [ 88.1820923, 27.9200569 ], [ 88.1822371, 27.9199125 ], [ 88.1823095, 27.9197526 ], [ 88.1824099, 27.9196535 ], [ 88.1825862, 27.9196401 ], [ 88.1826807, 27.9196886 ], [ 88.1827987, 27.9198217 ], [ 88.1828781, 27.9199145 ], [ 88.1829796, 27.9199424 ], [ 88.1832482, 27.9198671 ], [ 88.1833918, 27.9198083 ], [ 88.1835225, 27.9196628 ], [ 88.1836533, 27.9195287 ], [ 88.1837747, 27.9194173 ], [ 88.1838389, 27.9192141 ], [ 88.1839697, 27.9190242 ], [ 88.1842627, 27.9189149 ], [ 88.1844927, 27.9187932 ], [ 88.1847391, 27.9186229 ], [ 88.1848955, 27.9184992 ], [ 88.1851045, 27.9184589 ], [ 88.1852749, 27.9183785 ], [ 88.1855003, 27.9184042 ], [ 88.185645, 27.9183764 ], [ 88.1857524, 27.9182825 ], [ 88.185868, 27.9181381 ], [ 88.186007, 27.9181061 ], [ 88.186293, 27.9180504 ], [ 88.1864961, 27.9180205 ], [ 88.1866012, 27.917972 ], [ 88.1867495, 27.9179689 ], [ 88.1867974, 27.9179318 ], [ 88.1867974, 27.9178957 ], [ 88.1867705, 27.9178585 ], [ 88.1867833, 27.9178234 ], [ 88.18683, 27.9177615 ], [ 88.1869106, 27.9176635 ], [ 88.1872066, 27.9167488 ], [ 88.187336, 27.9161934 ], [ 88.1873976, 27.9153549 ], [ 88.1874244, 27.9147842 ] ] } },
{ "type": "Feature", "properties": { "element": "way", "id": 1214338810, "name": null, "waterway": "river" }, "geometry": { "type": "LineString", "coordinates": [ [ 88.1697622, 27.926761 ], [ 88.1698423, 27.9266248 ], [ 88.1700333, 27.9264125 ], [ 88.170323, 27.9260749 ], [ 88.1705201, 27.9258136 ], [ 88.1708652, 27.9253944 ], [ 88.1710316, 27.9253399 ], [ 88.1710966, 27.9252952 ], [ 88.1712473, 27.9250677 ], [ 88.1714629, 27.92479 ], [ 88.1716786, 27.9242946 ], [ 88.1717526, 27.9239733 ], [ 88.1718294, 27.923851 ], [ 88.1719497, 27.923851 ], [ 88.1721267, 27.9239229 ], [ 88.1723567, 27.9240136 ], [ 88.1724523, 27.9240011 ], [ 88.1725549, 27.9239073 ], [ 88.1727142, 27.9237353 ], [ 88.172877, 27.9237103 ], [ 88.1731176, 27.9237009 ], [ 88.1734079, 27.9236978 ], [ 88.1735636, 27.9237509 ], [ 88.1736804, 27.9237478 ], [ 88.1737901, 27.9236947 ], [ 88.1738786, 27.9235508 ], [ 88.17419, 27.9234726 ], [ 88.1746041, 27.9233694 ], [ 88.1749545, 27.9231662 ], [ 88.1751739, 27.923113 ], [ 88.1754854, 27.923113 ], [ 88.1757614, 27.9229785 ], [ 88.1759419, 27.9227878 ], [ 88.1762074, 27.9226189 ], [ 88.176625, 27.9225595 ], [ 88.1769223, 27.9225407 ], [ 88.1773187, 27.9223781 ], [ 88.1775558, 27.9222124 ], [ 88.1776584, 27.9221311 ], [ 88.1778637, 27.9220936 ], [ 88.1781044, 27.9220216 ], [ 88.1782955, 27.9218528 ], [ 88.1784264, 27.9215682 ], [ 88.1786671, 27.9213524 ], [ 88.1788653, 27.9212555 ], [ 88.1790635, 27.9212086 ], [ 88.1791765, 27.9212076 ] ] } },
{ "type": "Feature", "properties": { "element": "way", "id": 1214338811, "name": null, "waterway": "river" }, "geometry": { "type": "LineString", "coordinates": [ [ 88.1711406, 27.9254889 ], [ 88.1711446, 27.9254213 ], [ 88.1711278, 27.9253588 ], [ 88.1710966, 27.9252952 ] ] } },
{ "type": "Feature", "properties": { "element": "way", "id": 1214340044, "name": null, "waterway": "stream" }, "geometry": { "type": "LineString", "coordinates": [ [ 88.1925893, 27.9351648 ], [ 88.1925609, 27.934971 ], [ 88.1923981, 27.9348396 ], [ 88.192299, 27.9345082 ], [ 88.192292, 27.9343143 ], [ 88.1922283, 27.934233 ], [ 88.1922141, 27.9339641 ], [ 88.1921362, 27.9337765 ], [ 88.1921433, 27.9332887 ], [ 88.1922212, 27.9330448 ], [ 88.1921575, 27.9327259 ], [ 88.1921255, 27.9325265 ], [ 88.1921296, 27.9324169 ], [ 88.1921499, 27.9321906 ], [ 88.1921357, 27.9319985 ], [ 88.1920645, 27.9318171 ], [ 88.1920666, 27.9316716 ], [ 88.1919812, 27.9313519 ], [ 88.1919914, 27.9311382 ], [ 88.1921723, 27.9308706 ], [ 88.1922739, 27.9307467 ], [ 88.192278, 27.9306192 ], [ 88.1922251, 27.9304396 ], [ 88.1922211, 27.9301271 ], [ 88.1921702, 27.930005 ], [ 88.1922109, 27.9297302 ], [ 88.1921763, 27.9296027 ], [ 88.1922983, 27.9294751 ], [ 88.1923776, 27.9293063 ], [ 88.1924731, 27.9291034 ], [ 88.1924812, 27.9289777 ], [ 88.1925382, 27.9288771 ], [ 88.192715, 27.9285807 ], [ 88.1928004, 27.9283742 ], [ 88.1928532, 27.9283185 ], [ 88.1928858, 27.9282664 ], [ 88.1930382, 27.9282413 ], [ 88.1931738, 27.9281269 ] ] } },
{ "type": "Feature", "properties": { "element": "way", "id": 1214340045, "name": null, "waterway": "stream" }, "geometry": { "type": "LineString", "coordinates": [ [ 88.1992995, 27.9186886 ], [ 88.1988757, 27.9188118 ], [ 88.1985994, 27.919018 ], [ 88.1981703, 27.9190796 ], [ 88.1977947, 27.9190607 ], [ 88.1974461, 27.9189279 ], [ 88.1972014, 27.9188695 ], [ 88.1970101, 27.9189042 ], [ 88.1968416, 27.9189438 ], [ 88.1965422, 27.918973 ], [ 88.1960299, 27.9189279 ], [ 88.1957053, 27.9189564 ], [ 88.1955122, 27.9188639 ], [ 88.1952198, 27.9188592 ], [ 88.1949436, 27.9188568 ], [ 88.1945251, 27.9188213 ], [ 88.1940343, 27.9187123 ], [ 88.1936829, 27.9187194 ], [ 88.1929775, 27.9186554 ], [ 88.1925671, 27.9186625 ], [ 88.1922935, 27.9185914 ], [ 88.1919824, 27.9185677 ], [ 88.191513, 27.9185393 ], [ 88.1914272, 27.9184847 ], [ 88.1911911, 27.9184136 ], [ 88.1906762, 27.9183781 ], [ 88.1903382, 27.9183662 ], [ 88.1899386, 27.9181861 ], [ 88.1896113, 27.9180273 ], [ 88.1893026, 27.917913 ], [ 88.189074, 27.9179259 ], [ 88.188574, 27.9179745 ], [ 88.1882407, 27.9179943 ], [ 88.1878605, 27.917953 ], [ 88.1877386, 27.9178991 ], [ 88.1876613, 27.9179009 ], [ 88.1874113, 27.9179763 ], [ 88.1873524, 27.917962 ], [ 88.1873341, 27.9178955 ], [ 88.1871531, 27.9177626 ], [ 88.1869106, 27.9176635 ] ] } },
{ "type": "Feature", "properties": { "element": "way", "id": 1214340046, "name": null, "waterway": "stream" }, "geometry": { "type": "LineString", "coordinates": [ [ 88.1956973, 27.9255774 ], [ 88.1958888, 27.9252886 ], [ 88.1959448, 27.9249048 ], [ 88.1958911, 27.9245912 ], [ 88.1957224, 27.9243807 ], [ 88.1961533, 27.9236083 ], [ 88.196446, 27.9232455 ], [ 88.1967713, 27.9230444 ], [ 88.196877, 27.9226995 ], [ 88.1971047, 27.9223108 ], [ 88.1971967, 27.9219794 ], [ 88.1972108, 27.9216854 ], [ 88.197133, 27.9213789 ], [ 88.1970268, 27.9209568 ], [ 88.1970126, 27.9204283 ], [ 88.1970551, 27.9198122 ], [ 88.1971047, 27.9195433 ], [ 88.1969702, 27.9192055 ], [ 88.1968416, 27.9189438 ] ] } },
{ "type": "Feature", "properties": { "element": "way", "id": 1214346397, "name": null, "waterway": "river" }, "geometry": { "type": "LineString", "coordinates": [ [ 88.5052378, 27.9631807 ], [ 88.5055647, 27.9627187 ], [ 88.5054713, 27.9618608 ], [ 88.5053218, 27.9612833 ], [ 88.5049669, 27.9605903 ], [ 88.5047614, 27.9595261 ], [ 88.5044626, 27.9590311 ], [ 88.5040703, 27.9587424 ], [ 88.5035659, 27.9582721 ], [ 88.5030802, 27.9577111 ], [ 88.502716, 27.9567706 ], [ 88.5021635, 27.9557398 ], [ 88.5020659, 27.9554812 ], [ 88.501948, 27.9552694 ], [ 88.5019155, 27.9551042 ], [ 88.5019643, 27.9549821 ], [ 88.5020374, 27.95486 ], [ 88.5020212, 27.954684 ], [ 88.5019683, 27.9545871 ], [ 88.5018423, 27.9545116 ], [ 88.501765, 27.954307 ], [ 88.5017488, 27.9541489 ], [ 88.5017041, 27.9539622 ], [ 88.5015414, 27.9537539 ], [ 88.5014439, 27.9535923 ], [ 88.5014113, 27.9534415 ], [ 88.5013372, 27.953435 ], [ 88.5012527, 27.9534137 ], [ 88.5012017, 27.953371 ], [ 88.5011829, 27.9533011 ], [ 88.5012151, 27.953236 ], [ 88.5012272, 27.953146 ], [ 88.5012138, 27.9529813 ], [ 88.5012259, 27.9529114 ], [ 88.5011762, 27.9528143 ], [ 88.501187, 27.9527254 ], [ 88.5012071, 27.9526389 ], [ 88.5012057, 27.9524672 ], [ 88.5012419, 27.952338 ], [ 88.5012205, 27.9522219 ], [ 88.5010998, 27.9520371 ], [ 88.5009496, 27.9518251 ], [ 88.5008544, 27.9517244 ], [ 88.5008343, 27.9516521 ], [ 88.500731, 27.9515325 ], [ 88.500511, 27.9513477 ], [ 88.500452, 27.951247 ], [ 88.5002133, 27.9510539 ], [ 88.5001503, 27.950952 ], [ 88.5000537, 27.9508975 ], [ 88.5000122, 27.9507885 ], [ 88.4999572, 27.9506925 ], [ 88.4999746, 27.9505622 ], [ 88.4999223, 27.9504331 ], [ 88.4998673, 27.9503679 ], [ 88.4998485, 27.9502507 ], [ 88.499874, 27.9500943 ], [ 88.499925, 27.9499426 ], [ 88.5000108, 27.9497531 ], [ 88.4999666, 27.9496275 ], [ 88.5000081, 27.949579 ], [ 88.5000993, 27.94956 ], [ 88.500157, 27.9495292 ], [ 88.5001704, 27.9494557 ], [ 88.5001154, 27.9493598 ], [ 88.5001449, 27.949233 ], [ 88.5001664, 27.9491667 ], [ 88.5001516, 27.9490565 ], [ 88.5001194, 27.9487971 ], [ 88.5000229, 27.9486857 ], [ 88.4998284, 27.9485992 ], [ 88.4997882, 27.9485009 ], [ 88.4998056, 27.9483469 ], [ 88.4999116, 27.9481384 ], [ 88.500039, 27.9478659 ], [ 88.5001489, 27.9475579 ], [ 88.5002348, 27.9475472 ], [ 88.5003032, 27.9474939 ], [ 88.5003917, 27.9474228 ], [ 88.5005942, 27.9473754 ], [ 88.500672, 27.9472688 ], [ 88.5006975, 27.9471101 ], [ 88.5007591, 27.9470496 ], [ 88.5007712, 27.9469264 ], [ 88.5008678, 27.9468352 ], [ 88.5010689, 27.9467001 ], [ 88.5012527, 27.9465544 ], [ 88.5014217, 27.9464206 ], [ 88.5014713, 27.9462891 ], [ 88.5016108, 27.9461872 ], [ 88.501714, 27.9460782 ], [ 88.5017529, 27.945981 ], [ 88.5017046, 27.9457962 ], [ 88.5016724, 27.9456457 ], [ 88.5016778, 27.9454846 ], [ 88.5016805, 27.945346 ], [ 88.5016577, 27.9452157 ], [ 88.5016644, 27.9450676 ], [ 88.5016228, 27.9449598 ], [ 88.5016939, 27.9447999 ], [ 88.5015665, 27.9446304 ], [ 88.501604, 27.9443947 ], [ 88.5016952, 27.9442892 ], [ 88.5017878, 27.9441613 ], [ 88.5018159, 27.9439729 ], [ 88.5018602, 27.9437004 ], [ 88.5021767, 27.9434635 ], [ 88.5024168, 27.9433106 ], [ 88.5025884, 27.9431898 ], [ 88.5027413, 27.9430145 ], [ 88.5029854, 27.9429007 ], [ 88.5033005, 27.9428604 ], [ 88.50333, 27.9427123 ], [ 88.5033917, 27.9425927 ], [ 88.5034829, 27.9424635 ], [ 88.5035661, 27.9423285 ], [ 88.5037753, 27.9422324 ], [ 88.5038611, 27.9421234 ], [ 88.5039389, 27.9419812 ], [ 88.5040677, 27.9419409 ], [ 88.5042044, 27.9419386 ], [ 88.5043144, 27.941877 ], [ 88.5043573, 27.9417158 ], [ 88.5043547, 27.9416116 ], [ 88.5044432, 27.9414102 ], [ 88.5045424, 27.9410784 ], [ 88.5046524, 27.9409671 ], [ 88.5048348, 27.9409671 ], [ 88.5049742, 27.9409173 ], [ 88.5051647, 27.9406282 ], [ 88.505213, 27.9404481 ], [ 88.5051969, 27.9403131 ], [ 88.5052827, 27.940197 ], [ 88.5054409, 27.9400619 ], [ 88.5055911, 27.9399102 ], [ 88.5056421, 27.939787 ], [ 88.5056099, 27.9396686 ], [ 88.5055643, 27.9396212 ], [ 88.5055375, 27.9395051 ], [ 88.5055751, 27.9393889 ], [ 88.5056689, 27.9393629 ], [ 88.5057521, 27.9393771 ], [ 88.5058835, 27.9392657 ], [ 88.5059479, 27.9391662 ], [ 88.5061088, 27.939043 ], [ 88.5062993, 27.9388676 ], [ 88.5064334, 27.9388131 ], [ 88.5065862, 27.938806 ], [ 88.506774, 27.9386804 ], [ 88.5068411, 27.9386473 ], [ 88.5069591, 27.9386259 ], [ 88.5071441, 27.9386188 ], [ 88.5072917, 27.9385217 ], [ 88.507458, 27.9384956 ], [ 88.5076484, 27.938415 ], [ 88.5079113, 27.9384103 ], [ 88.5083243, 27.9383179 ], [ 88.5086515, 27.9382326 ], [ 88.5088393, 27.9381947 ], [ 88.5089466, 27.9381639 ], [ 88.5089895, 27.937998 ], [ 88.5090861, 27.9379151 ], [ 88.5092658, 27.9378487 ], [ 88.5093999, 27.9377184 ], [ 88.5095528, 27.9376473 ], [ 88.5096011, 27.9375857 ], [ 88.5095608, 27.937543 ], [ 88.5095742, 27.9374648 ], [ 88.5096708, 27.9374198 ], [ 88.5097191, 27.9374174 ], [ 88.5098129, 27.9373179 ], [ 88.5099497, 27.9372539 ], [ 88.5100543, 27.9371354 ], [ 88.5101429, 27.9369648 ], [ 88.5102367, 27.9368274 ], [ 88.5103092, 27.9367753 ], [ 88.5103172, 27.9367279 ], [ 88.5103038, 27.9366544 ], [ 88.5103279, 27.9365857 ], [ 88.5103869, 27.9364814 ], [ 88.5105801, 27.9364056 ], [ 88.510741, 27.9363582 ], [ 88.5108966, 27.9362516 ], [ 88.5110924, 27.9361283 ], [ 88.5112533, 27.9361047 ], [ 88.5115027, 27.9360904 ], [ 88.5116809, 27.9360681 ], [ 88.5118882, 27.9361004 ], [ 88.5120285, 27.9360304 ], [ 88.5121372, 27.9359442 ], [ 88.5122602, 27.9358346 ], [ 88.5123496, 27.9357251 ], [ 88.5123913, 27.935603 ], [ 88.5124807, 27.9355213 ], [ 88.5125356, 27.9355105 ], [ 88.5126332, 27.9354575 ], [ 88.5127165, 27.9353982 ], [ 88.5127186, 27.935321 ], [ 88.5127633, 27.9352662 ], [ 88.5128812, 27.9352249 ], [ 88.5129564, 27.9351594 ], [ 88.5131038, 27.9351073 ], [ 88.5132911, 27.9349669 ], [ 88.5134578, 27.934782 ], [ 88.513657, 27.9346042 ], [ 88.5138359, 27.9343635 ], [ 88.5138948, 27.9341785 ], [ 88.5139355, 27.9340043 ], [ 88.5139802, 27.9339541 ], [ 88.5140636, 27.9338948 ], [ 88.5140534, 27.9337439 ], [ 88.5140859, 27.9336236 ], [ 88.5141449, 27.9334853 ], [ 88.5142506, 27.933383 ], [ 88.5143603, 27.9332842 ], [ 88.5145474, 27.9331728 ], [ 88.5145982, 27.9331261 ], [ 88.5145921, 27.9330346 ], [ 88.5146815, 27.9329412 ], [ 88.5148401, 27.9328801 ], [ 88.5150027, 27.9328065 ], [ 88.5151795, 27.9327005 ], [ 88.5152324, 27.9326305 ], [ 88.5153706, 27.9325766 ], [ 88.5154479, 27.9325479 ], [ 88.5155414, 27.9325227 ], [ 88.5156227, 27.9325604 ], [ 88.5156044, 27.9326377 ], [ 88.5156491, 27.9326808 ], [ 88.5157426, 27.9326772 ], [ 88.5157894, 27.9326718 ], [ 88.5158768, 27.9326754 ], [ 88.5159581, 27.9326341 ], [ 88.5159906, 27.932582 ], [ 88.5159723, 27.9325012 ], [ 88.5160434, 27.9324186 ], [ 88.5160028, 27.9323665 ], [ 88.516076, 27.9323126 ], [ 88.5162162, 27.9322066 ], [ 88.5163687, 27.9320342 ], [ 88.5164561, 27.9319857 ], [ 88.5164967, 27.9318654 ], [ 88.5164967, 27.9317307 ], [ 88.5164866, 27.9316679 ], [ 88.516572, 27.9315421 ], [ 88.5166736, 27.9315565 ], [ 88.5168199, 27.9314272 ], [ 88.5169439, 27.9312476 ], [ 88.5170314, 27.9312404 ], [ 88.5170578, 27.9311991 ], [ 88.5170476, 27.9311758 ], [ 88.5170944, 27.9311003 ], [ 88.5171655, 27.9310716 ], [ 88.5172631, 27.9310878 ], [ 88.5172997, 27.931165 ], [ 88.5174623, 27.9312261 ], [ 88.5175131, 27.9311327 ], [ 88.5175863, 27.9310932 ], [ 88.5176595, 27.9310321 ], [ 88.5177347, 27.9309477 ], [ 88.5178749, 27.9309154 ], [ 88.5179664, 27.9309064 ], [ 88.5180335, 27.9308669 ], [ 88.5180437, 27.9308022 ], [ 88.5180294, 27.9307376 ], [ 88.5180823, 27.9307142 ], [ 88.5181372, 27.9307268 ], [ 88.5181941, 27.9307878 ], [ 88.5182632, 27.9308022 ], [ 88.5183201, 27.9307843 ], [ 88.5183689, 27.9307286 ], [ 88.5184258, 27.9307124 ], [ 88.5185132, 27.9307232 ], [ 88.5186331, 27.9306352 ], [ 88.5187673, 27.9305472 ], [ 88.5188933, 27.9305256 ], [ 88.5190275, 27.9304053 ], [ 88.5192247, 27.9302437 ], [ 88.5193731, 27.9301377 ], [ 88.5195296, 27.9300533 ], [ 88.5196719, 27.9299168 ], [ 88.5200622, 27.9291715 ], [ 88.5201597, 27.9290547 ], [ 88.5203345, 27.9289649 ], [ 88.5204972, 27.9289236 ], [ 88.5206964, 27.9288033 ], [ 88.5208082, 27.9288123 ], [ 88.5209749, 27.9288841 ], [ 88.521105, 27.9289075 ], [ 88.5213062, 27.9288733 ], [ 88.521605, 27.9287853 ], [ 88.5217534, 27.9287369 ], [ 88.5219038, 27.9287171 ], [ 88.5220502, 27.9286632 ], [ 88.5222453, 27.9286327 ], [ 88.5223774, 27.9284962 ], [ 88.5227006, 27.9281136 ], [ 88.5229141, 27.9279628 ], [ 88.5231479, 27.9279161 ], [ 88.5233918, 27.9277724 ], [ 88.5234487, 27.9276126 ], [ 88.5235219, 27.9275659 ], [ 88.523715, 27.9275713 ], [ 88.524028, 27.927494 ], [ 88.5241967, 27.9274186 ], [ 88.5243207, 27.9272857 ], [ 88.5245647, 27.9272839 ], [ 88.5247374, 27.9272516 ], [ 88.5248228, 27.9270899 ], [ 88.5250001, 27.926991 ], [ 88.5251465, 27.9268724 ], [ 88.5253457, 27.926682 ], [ 88.5255083, 27.9266425 ], [ 88.5259108, 27.9266569 ], [ 88.5262401, 27.926506 ], [ 88.5266873, 27.9262402 ], [ 88.526793, 27.9260858 ], [ 88.5270532, 27.9259744 ], [ 88.5271833, 27.9258056 ], [ 88.5272971, 27.9257625 ], [ 88.5275573, 27.9253638 ], [ 88.5278216, 27.925335 ], [ 88.5281061, 27.9252955 ], [ 88.5286097, 27.9249213 ], [ 88.5290026, 27.9244647 ], [ 88.5294414, 27.9238987 ], [ 88.5296998, 27.9235516 ], [ 88.5298319, 27.9234594 ], [ 88.5298785, 27.9232481 ], [ 88.5299252, 27.9231036 ], [ 88.5299603, 27.9225858 ], [ 88.5300396, 27.9224641 ], [ 88.5301727, 27.9223176 ], [ 88.5303315, 27.9222268 ], [ 88.5304529, 27.9220948 ], [ 88.5304594, 27.9220291 ] ] } },
{ "type": "Feature", "properties": { "element": "way", "id": 1214347735, "name": null, "waterway": "stream" }, "geometry": { "type": "LineString", "coordinates": [ [ 88.5033511, 27.9705473 ], [ 88.5033511, 27.9702916 ], [ 88.5032857, 27.9694997 ], [ 88.5036687, 27.9688727 ], [ 88.5038928, 27.9682376 ], [ 88.5037714, 27.9674951 ], [ 88.5038181, 27.9671899 ], [ 88.5036593, 27.9664722 ], [ 88.5040142, 27.9654576 ], [ 88.5037714, 27.9649708 ], [ 88.5039675, 27.9643109 ], [ 88.5041263, 27.9637499 ], [ 88.5039956, 27.9633952 ], [ 88.504173, 27.9625207 ], [ 88.5044065, 27.9615885 ], [ 88.5045186, 27.9611266 ], [ 88.5043411, 27.9605161 ], [ 88.5041543, 27.9602521 ], [ 88.5040796, 27.9600046 ], [ 88.5038461, 27.9597736 ], [ 88.5038088, 27.9595508 ], [ 88.5037247, 27.9593034 ], [ 88.50365, 27.9586599 ], [ 88.5035659, 27.9582721 ] ] } },
{ "type": "Feature", "properties": { "element": "way", "id": 1214465961, "name": null, "waterway": "stream" }, "geometry": { "type": "LineString", "coordinates": [ [ 88.2675724, 27.8862243 ], [ 88.2680972, 27.8864388 ], [ 88.2685851, 27.8867622 ], [ 88.2690241, 27.8868053 ], [ 88.2696258, 27.8868053 ], [ 88.2700324, 27.8870425 ], [ 88.2701625, 27.8873012 ], [ 88.2702519, 27.8878618 ], [ 88.2704308, 27.8885733 ], [ 88.2710975, 27.8887817 ], [ 88.2715447, 27.8892344 ], [ 88.2721302, 27.8894285 ], [ 88.2728213, 27.8898525 ], [ 88.2749597, 27.8897734 ], [ 88.2784771, 27.8897923 ], [ 88.2801285, 27.8891714 ], [ 88.2806831, 27.8893457 ], [ 88.2814965, 27.889106 ], [ 88.2831973, 27.8890951 ], [ 88.2840353, 27.8894328 ], [ 88.2854155, 27.8902661 ], [ 88.2862281, 27.8907903 ], [ 88.2870435, 27.8907644 ] ] } },
{ "type": "Feature", "properties": { "element": "way", "id": 1214465962, "name": null, "waterway": "stream" }, "geometry": { "type": "LineString", "coordinates": [ [ 88.2614226, 27.8839092 ], [ 88.2616034, 27.8842239 ], [ 88.2622665, 27.8846078 ], [ 88.2628083, 27.8848389 ], [ 88.2631959, 27.8853632 ], [ 88.2636906, 27.8859313 ] ] } },
{ "type": "Feature", "properties": { "element": "way", "id": 1214465963, "name": null, "waterway": "stream" }, "geometry": { "type": "LineString", "coordinates": [ [ 88.2535205, 27.8815303 ], [ 88.2543578, 27.8816967 ], [ 88.255259, 27.8822941 ], [ 88.2564446, 27.8824316 ], [ 88.2574209, 27.8828252 ], [ 88.2582524, 27.88292 ], [ 88.2586694, 27.8828812 ] ] } },
{ "type": "Feature", "properties": { "element": "way", "id": 1214467947, "name": null, "waterway": "stream" }, "geometry": { "type": "LineString", "coordinates": [ [ 88.2669156, 27.8802301 ], [ 88.2675319, 27.8808082 ], [ 88.2678044, 27.8812305 ], [ 88.2679, 27.8815621 ], [ 88.2677018, 27.8821878 ], [ 88.2677195, 27.8828072 ], [ 88.2679318, 27.8833328 ], [ 88.2679212, 27.8839146 ], [ 88.2676911, 27.8843557 ], [ 88.2671901, 27.8847593 ] ] } },
{ "type": "Feature", "properties": { "element": "way", "id": 1214470004, "name": null, "waterway": "stream" }, "geometry": { "type": "LineString", "coordinates": [ [ 88.4653074, 27.8687979 ], [ 88.4648114, 27.8688194 ], [ 88.4647098, 27.8688625 ], [ 88.4646163, 27.8687907 ], [ 88.4646244, 27.868611 ], [ 88.4643764, 27.8685463 ], [ 88.4641121, 27.8682372 ], [ 88.4636324, 27.868133 ], [ 88.4632503, 27.8682983 ], [ 88.4628925, 27.8682767 ], [ 88.4627624, 27.8681006 ], [ 88.4620835, 27.8679497 ], [ 88.4617664, 27.8679137 ], [ 88.46162, 27.8678598 ], [ 88.4614167, 27.8678598 ], [ 88.4610793, 27.8676765 ], [ 88.4604166, 27.8674861 ], [ 88.4602377, 27.8672201 ], [ 88.4590059, 27.8671123 ], [ 88.4584988, 27.866995 ], [ 88.4583386, 27.8666572 ], [ 88.4575005, 27.8663522 ], [ 88.4568967, 27.8654479 ], [ 88.4557447, 27.8649647 ], [ 88.4530174, 27.8631399 ], [ 88.4516444, 27.8620665 ], [ 88.4513456, 27.8616288 ], [ 88.4508319, 27.8612738 ], [ 88.4507291, 27.8608857 ], [ 88.4504116, 27.8607536 ], [ 88.4501033, 27.8602911 ], [ 88.4494215, 27.8599196 ], [ 88.4491413, 27.8593085 ], [ 88.4492067, 27.8588461 ], [ 88.4497391, 27.8584993 ], [ 88.4500286, 27.8582846 ], [ 88.4502621, 27.8572772 ], [ 88.4501407, 27.8567074 ], [ 88.4503275, 27.8558651 ], [ 88.4505703, 27.8550145 ], [ 88.4506077, 27.8544778 ], [ 88.4509533, 27.8540071 ], [ 88.4510452, 27.8534886 ] ] } },
{ "type": "Feature", "properties": { "element": "way", "id": 1214470004, "name": null, "waterway": "stream" }, "geometry": { "type": "LineString", "coordinates": [ [ 88.4653074, 27.8687979 ], [ 88.4648114, 27.8688194 ], [ 88.4647098, 27.8688625 ], [ 88.4646163, 27.8687907 ], [ 88.4646244, 27.868611 ], [ 88.4643764, 27.8685463 ], [ 88.4641121, 27.8682372 ], [ 88.4636324, 27.868133 ], [ 88.4632503, 27.8682983 ], [ 88.4628925, 27.8682767 ], [ 88.4627624, 27.8681006 ], [ 88.4620835, 27.8679497 ], [ 88.4617664, 27.8679137 ], [ 88.46162, 27.8678598 ], [ 88.4614167, 27.8678598 ], [ 88.4610793, 27.8676765 ], [ 88.4604166, 27.8674861 ], [ 88.4602377, 27.8672201 ], [ 88.4590059, 27.8671123 ], [ 88.4584988, 27.866995 ], [ 88.4583386, 27.8666572 ], [ 88.4575005, 27.8663522 ], [ 88.4568967, 27.8654479 ], [ 88.4557447, 27.8649647 ], [ 88.4530174, 27.8631399 ], [ 88.4516444, 27.8620665 ], [ 88.4513456, 27.8616288 ], [ 88.4508319, 27.8612738 ], [ 88.4507291, 27.8608857 ], [ 88.4504116, 27.8607536 ], [ 88.4501033, 27.8602911 ], [ 88.4494215, 27.8599196 ], [ 88.4491413, 27.8593085 ], [ 88.4492067, 27.8588461 ], [ 88.4497391, 27.8584993 ], [ 88.4500286, 27.8582846 ], [ 88.4502621, 27.8572772 ], [ 88.4501407, 27.8567074 ], [ 88.4503275, 27.8558651 ], [ 88.4505703, 27.8550145 ], [ 88.4506077, 27.8544778 ], [ 88.4509533, 27.8540071 ], [ 88.4510452, 27.8534886 ] ] } },
{ "type": "Feature", "properties": { "element": "way", "id": 1214470005, "name": null, "waterway": "stream" }, "geometry": { "type": "LineString", "coordinates": [ [ 88.4513107, 27.8684285 ], [ 88.4518686, 27.8674136 ], [ 88.4520939, 27.8670532 ], [ 88.4521368, 27.8665031 ], [ 88.4521797, 27.8651563 ], [ 88.451772, 27.8644639 ], [ 88.4517505, 27.8638569 ], [ 88.4509673, 27.8629463 ], [ 88.4503129, 27.8621875 ], [ 88.4502056, 27.8614097 ], [ 88.4494224, 27.8607552 ], [ 88.4488001, 27.8597972 ], [ 88.4488538, 27.8592471 ], [ 88.4492067, 27.8588461 ] ] } },
{ "type": "Feature", "properties": { "element": "way", "id": 1214471578, "name": null, "waterway": "stream" }, "geometry": { "type": "LineString", "coordinates": [ [ 88.4773861, 27.8473062 ], [ 88.4769547, 27.8462383 ], [ 88.4766096, 27.845846 ], [ 88.4759195, 27.8457371 ], [ 88.474761, 27.8458242 ], [ 88.4740585, 27.8455845 ], [ 88.4729124, 27.845323 ], [ 88.4721606, 27.8448217 ], [ 88.4720004, 27.8443967 ], [ 88.4709405, 27.8439172 ], [ 88.4700408, 27.8433723 ], [ 88.4696341, 27.8430018 ], [ 88.4692891, 27.8424025 ], [ 88.4690179, 27.8418467 ], [ 88.4684017, 27.8413236 ], [ 88.4677485, 27.8408114 ], [ 88.4669105, 27.840321 ], [ 88.4664299, 27.8400159 ], [ 88.46537, 27.8398633 ], [ 88.4651235, 27.8392531 ], [ 88.4648893, 27.8390896 ], [ 88.4648031, 27.8384466 ], [ 88.464495, 27.8378472 ], [ 88.4638236, 27.837147 ] ] } },
{ "type": "Feature", "properties": { "element": "way", "id": 1214471586, "name": null, "waterway": "stream" }, "geometry": { "type": "LineString", "coordinates": [ [ 88.5017393, 27.8504427 ], [ 88.5020088, 27.8505944 ], [ 88.5024278, 27.8507279 ], [ 88.5028253, 27.8508315 ], [ 88.5030933, 27.8508587 ], [ 88.5032629, 27.8508471 ] ] } },
{ "type": "Feature", "properties": { "element": "way", "id": 1214471587, "name": null, "waterway": "stream" }, "geometry": { "type": "LineString", "coordinates": [ [ 88.5068527, 27.850405 ], [ 88.5070974, 27.8504086 ], [ 88.5072281, 27.8504355 ], [ 88.5073542, 27.8504623 ], [ 88.5074581, 27.8504716 ], [ 88.5075672, 27.8504559 ] ] } },
{ "type": "Feature", "properties": { "element": "way", "id": 1214496932, "name": null, "waterway": "stream" }, "geometry": { "type": "LineString", "coordinates": [ [ 88.5747112, 28.0039805 ], [ 88.5748411, 28.0038377 ], [ 88.5752171, 28.0034782 ], [ 88.5752971, 28.0031647 ], [ 88.5751614, 28.0025316 ], [ 88.5750389, 28.0021039 ], [ 88.5749534, 28.0018142 ], [ 88.5750968, 28.0016486 ], [ 88.5755546, 28.001746 ], [ 88.5757504, 28.001802 ], [ 88.5760234, 28.001746 ], [ 88.5762854, 28.0017655 ], [ 88.5763874, 28.001651 ], [ 88.5767073, 28.0014928 ], [ 88.5769307, 28.0014514 ], [ 88.5771902, 28.0015232 ], [ 88.5773356, 28.0016958 ], [ 88.5776195, 28.0016561 ], [ 88.577931, 28.0019128 ], [ 88.5783447, 28.0019495 ], [ 88.5787376, 28.0017111 ], [ 88.579082, 28.0016378 ], [ 88.5794783, 28.0014345 ], [ 88.5799404, 28.0010005 ], [ 88.5800564, 28.0008034 ], [ 88.5802347, 28.000727 ], [ 88.5805601, 28.0006185 ], [ 88.5811831, 28.0002976 ], [ 88.5817716, 27.999807 ], [ 88.5825141, 27.9992355 ], [ 88.5826076, 27.9991606 ], [ 88.5827062, 27.9990765 ], [ 88.5828049, 27.9989359 ], [ 88.5829416, 27.9986593 ], [ 88.5832064, 27.998369 ], [ 88.5834539, 27.9982009 ], [ 88.5837222, 27.9980511 ], [ 88.5839074, 27.9980542 ], [ 88.5842518, 27.9981015 ], [ 88.5844803, 27.9981703 ], [ 88.5847537, 27.9981046 ], [ 88.5849268, 27.9979594 ], [ 88.5851691, 27.9978417 ], [ 88.5853682, 27.9976584 ], [ 88.5855482, 27.9973451 ], [ 88.585697, 27.9970868 ], [ 88.5860086, 27.9970073 ], [ 88.5863305, 27.9967368 ], [ 88.5863236, 27.9966696 ], [ 88.5865589, 27.9963746 ], [ 88.5867753, 27.9961011 ], [ 88.5869691, 27.9959192 ], [ 88.5869761, 27.9958016 ], [ 88.5872114, 27.9950405 ], [ 88.5874295, 27.9944078 ] ] } },
{ "type": "Feature", "properties": { "element": "way", "id": 1214529089, "name": null, "waterway": "river" }, "geometry": { "type": "LineString", "coordinates": [ [ 88.544998, 27.8540933 ], [ 88.545404, 27.8542122 ], [ 88.5457738, 27.8541169 ], [ 88.5461004, 27.8540215 ], [ 88.5464116, 27.8538853 ], [ 88.5465995, 27.8538363 ], [ 88.546772, 27.8536211 ], [ 88.5471048, 27.8532425 ], [ 88.5471264, 27.8528475 ], [ 88.5471387, 27.8524715 ], [ 88.5471202, 27.8521637 ], [ 88.5470799, 27.8518413 ] ] } },
{ "type": "Feature", "properties": { "element": "way", "id": 1214531821, "name": null, "waterway": "river" }, "geometry": { "type": "LineString", "coordinates": [ [ 88.5491137, 27.8503241 ], [ 88.5494378, 27.8502201 ], [ 88.549576, 27.8500547 ], [ 88.5496858, 27.8498768 ], [ 88.5497326, 27.849706 ], [ 88.5497448, 27.8495245 ], [ 88.5497061, 27.8493484 ], [ 88.549639, 27.8492549 ], [ 88.5494663, 27.8491597 ], [ 88.549258, 27.8490121 ] ] } },
{ "type": "Feature", "properties": { "element": "way", "id": 1214531822, "name": null, "waterway": "river" }, "geometry": { "type": "LineString", "coordinates": [ [ 88.5492161, 27.8487386 ], [ 88.5494414, 27.8485146 ], [ 88.5494882, 27.8483223 ], [ 88.5494089, 27.8481138 ], [ 88.5492334, 27.8478869 ] ] } },
{ "type": "Feature", "properties": { "element": "way", "id": 1214535877, "name": null, "waterway": "stream" }, "geometry": { "type": "LineString", "coordinates": [ [ 88.5429968, 27.8518167 ], [ 88.54331, 27.8520076 ], [ 88.5435985, 27.852103 ], [ 88.5439648, 27.8524535 ], [ 88.5442904, 27.8528211 ], [ 88.544478, 27.8531732 ], [ 88.544478, 27.8533969 ], [ 88.5444019, 27.853569 ], [ 88.5444001, 27.8536394 ], [ 88.5444166, 27.8537409 ], [ 88.5444993, 27.8538616 ], [ 88.5445378, 27.8539114 ], [ 88.5445327, 27.8539817 ], [ 88.5446001, 27.8540697 ], [ 88.5446462, 27.854133 ], [ 88.5446552, 27.8541731 ] ] } },
{ "type": "Feature", "properties": { "element": "way", "id": 1214535878, "name": null, "waterway": "stream" }, "geometry": { "type": "LineString", "coordinates": [ [ 88.5363741, 27.8583654 ], [ 88.5367764, 27.8582468 ], [ 88.5374524, 27.8581614 ], [ 88.5383482, 27.857986 ], [ 88.5389329, 27.8579243 ], [ 88.539802, 27.8578532 ], [ 88.5402097, 27.8577298 ], [ 88.5407247, 27.8576397 ], [ 88.5411431, 27.8576018 ], [ 88.5415347, 27.8574548 ], [ 88.5418297, 27.8574785 ], [ 88.5420604, 27.8575638 ], [ 88.5422321, 27.8576966 ], [ 88.5422744, 27.8576746 ], [ 88.5424224, 27.8577049 ], [ 88.5425232, 27.8578191 ], [ 88.5427851, 27.8577958 ] ] } },
{ "type": "Feature", "properties": { "element": "way", "id": 1214535879, "name": null, "waterway": "stream" }, "geometry": { "type": "LineString", "coordinates": [ [ 88.5382387, 27.8523041 ], [ 88.5389765, 27.852845 ], [ 88.5398778, 27.8535263 ], [ 88.5406157, 27.8540507 ], [ 88.5411621, 27.8544099 ], [ 88.5420867, 27.8549343 ], [ 88.5424417, 27.8552687 ], [ 88.5425378, 27.8553697 ], [ 88.5427919, 27.8554917 ], [ 88.5430787, 27.8555221 ] ] } },
{ "type": "Feature", "properties": { "element": "way", "id": 1214535880, "name": null, "waterway": "stream" }, "geometry": { "type": "LineString", "coordinates": [ [ 88.5251876, 27.8421504 ], [ 88.5256929, 27.8422975 ], [ 88.5262845, 27.8424556 ], [ 88.5265494, 27.8424011 ], [ 88.5269376, 27.8422921 ], [ 88.5274922, 27.8423956 ], [ 88.5280591, 27.8426245 ], [ 88.528281, 27.8425645 ], [ 88.5288872, 27.8423644 ], [ 88.529599, 27.8421465 ], [ 88.5300627, 27.8421465 ], [ 88.5304077, 27.842077 ], [ 88.5306219, 27.8420539 ], [ 88.5308868, 27.8420525 ], [ 88.5312735, 27.8421179 ], [ 88.5315354, 27.8420607 ], [ 88.531805, 27.8420648 ], [ 88.5320946, 27.8420593 ], [ 88.5324582, 27.8420021 ], [ 88.5326045, 27.8420198 ], [ 88.532737, 27.841998 ], [ 88.5329111, 27.8420062 ], [ 88.5331437, 27.8420062 ], [ 88.5334041, 27.8420062 ], [ 88.5336521, 27.8419367 ], [ 88.5337738, 27.8419462 ], [ 88.5342467, 27.8420171 ], [ 88.5346842, 27.8419939 ], [ 88.5349276, 27.8420157 ], [ 88.5351202, 27.8419299 ], [ 88.5353081, 27.8418754 ], [ 88.5354499, 27.8417337 ], [ 88.5356948, 27.8417283 ], [ 88.5359675, 27.8416643 ], [ 88.5360692, 27.8415716 ], [ 88.536197, 27.8415144 ], [ 88.5365005, 27.8414872 ], [ 88.5367793, 27.8415103 ], [ 88.5368348, 27.8415553 ], [ 88.5370212, 27.8415893 ], [ 88.5371737, 27.8415471 ], [ 88.5372661, 27.841445 ], [ 88.537528, 27.8413414 ], [ 88.5377838, 27.8413237 ], [ 88.5380164, 27.8414422 ], [ 88.5383322, 27.8414395 ], [ 88.538628, 27.8413128 ], [ 88.5389453, 27.8412147 ], [ 88.5392334, 27.8411875 ], [ 88.5394475, 27.8411044 ], [ 88.5397957, 27.8408851 ], [ 88.5401408, 27.8408538 ], [ 88.5403965, 27.8409341 ], [ 88.5408186, 27.8409437 ], [ 88.5409773, 27.8409437 ], [ 88.5412068, 27.8407339 ], [ 88.5414456, 27.8406631 ], [ 88.5416243, 27.8406535 ], [ 88.5419678, 27.8407271 ], [ 88.5424469, 27.8407312 ], [ 88.5427088, 27.8406276 ], [ 88.5429645, 27.8404683 ], [ 88.5431987, 27.8404233 ], [ 88.543684, 27.8402775 ], [ 88.5440891, 27.8401563 ], [ 88.5447594, 27.8399487 ], [ 88.5450464, 27.8399155 ], [ 88.5452664, 27.8397708 ], [ 88.5456446, 27.8397874 ], [ 88.5460227, 27.8396569 ], [ 88.5463151, 27.8395383 ], [ 88.5465136, 27.8394316 ], [ 88.546806, 27.8393581 ], [ 88.5470956, 27.8392419 ], [ 88.5474738, 27.8391778 ], [ 88.5478145, 27.8392253 ], [ 88.5481256, 27.8393012 ], [ 88.5481657, 27.8393183 ] ] } },
{ "type": "Feature", "properties": { "element": "way", "id": 1214535882, "name": null, "waterway": "stream" }, "geometry": { "type": "LineString", "coordinates": [ [ 88.5263153, 27.844373 ], [ 88.5266842, 27.8440881 ], [ 88.5269971, 27.8439642 ], [ 88.5272236, 27.8437845 ], [ 88.5274291, 27.8437598 ], [ 88.5275155, 27.8436875 ], [ 88.5276976, 27.843638 ], [ 88.5278353, 27.8435347 ], [ 88.5279311, 27.8432601 ], [ 88.5280058, 27.8429256 ], [ 88.5281693, 27.8428059 ], [ 88.528281, 27.8425645 ] ] } },
{ "type": "Feature", "properties": { "element": "way", "id": 1214537031, "name": null, "waterway": "stream" }, "geometry": { "type": "LineString", "coordinates": [ [ 88.4495198, 27.8470853 ], [ 88.4499426, 27.8469883 ], [ 88.4502109, 27.8470566 ], [ 88.450406, 27.8471536 ], [ 88.4506134, 27.8472363 ], [ 88.4508085, 27.8472435 ], [ 88.4509345, 27.8472471 ], [ 88.451211, 27.8472974 ], [ 88.4513858, 27.8473945 ], [ 88.4517029, 27.8473154 ], [ 88.4520566, 27.8472399 ], [ 88.4525079, 27.8470242 ], [ 88.4528006, 27.8470314 ], [ 88.4531462, 27.8471141 ], [ 88.4533941, 27.8471285 ], [ 88.45376, 27.8471069 ], [ 88.4539105, 27.8470674 ], [ 88.4540893, 27.84715 ], [ 88.4543536, 27.8472543 ], [ 88.4547886, 27.8473693 ], [ 88.4551789, 27.8474879 ], [ 88.4554528, 27.8476066 ] ] } },
{ "type": "Feature", "properties": { "element": "way", "id": 1214537031, "name": null, "waterway": "stream" }, "geometry": { "type": "LineString", "coordinates": [ [ 88.4495198, 27.8470853 ], [ 88.4499426, 27.8469883 ], [ 88.4502109, 27.8470566 ], [ 88.450406, 27.8471536 ], [ 88.4506134, 27.8472363 ], [ 88.4508085, 27.8472435 ], [ 88.4509345, 27.8472471 ], [ 88.451211, 27.8472974 ], [ 88.4513858, 27.8473945 ], [ 88.4517029, 27.8473154 ], [ 88.4520566, 27.8472399 ], [ 88.4525079, 27.8470242 ], [ 88.4528006, 27.8470314 ], [ 88.4531462, 27.8471141 ], [ 88.4533941, 27.8471285 ], [ 88.45376, 27.8471069 ], [ 88.4539105, 27.8470674 ], [ 88.4540893, 27.84715 ], [ 88.4543536, 27.8472543 ], [ 88.4547886, 27.8473693 ], [ 88.4551789, 27.8474879 ], [ 88.4554528, 27.8476066 ] ] } },
{ "type": "Feature", "properties": { "element": "way", "id": 1214537829, "name": null, "waterway": "stream" }, "geometry": { "type": "LineString", "coordinates": [ [ 88.7251675, 27.8252999 ], [ 88.7245881, 27.8251386 ], [ 88.7243628, 27.824854 ], [ 88.7241912, 27.8247781 ], [ 88.72329, 27.8247306 ], [ 88.722893, 27.824835 ], [ 88.7227106, 27.8247401 ], [ 88.7220561, 27.8246737 ], [ 88.7214339, 27.8245124 ], [ 88.7210584, 27.8238767 ], [ 88.7195563, 27.8229563 ], [ 88.7193954, 27.8226337 ], [ 88.719213, 27.8217133 ] ] } },
{ "type": "Feature", "properties": { "element": "way", "id": 1214537830, "name": null, "waterway": "stream" }, "geometry": { "type": "LineString", "coordinates": [ [ 88.7025618, 27.8289529 ], [ 88.7018645, 27.8283694 ], [ 88.7011349, 27.8279661 ], [ 88.7008023, 27.8277337 ], [ 88.7005931, 27.8276862 ], [ 88.7000727, 27.8275392 ] ] } },
{ "type": "Feature", "properties": { "element": "way", "id": 1214537831, "name": null, "waterway": "stream" }, "geometry": { "type": "LineString", "coordinates": [ [ 88.7237835, 27.8393418 ], [ 88.7238157, 27.8389243 ], [ 88.7237191, 27.8385828 ], [ 88.7237191, 27.838412 ], [ 88.7238049, 27.8380705 ], [ 88.7237942, 27.8378997 ], [ 88.723644, 27.8368181 ], [ 88.7233865, 27.8356133 ], [ 88.7231719, 27.8352622 ], [ 88.7230325, 27.8351199 ], [ 88.7226033, 27.8348258 ], [ 88.7218416, 27.8339719 ], [ 88.721627, 27.8336588 ], [ 88.7213588, 27.8327006 ], [ 88.7212729, 27.8321598 ], [ 88.7209189, 27.8313343 ], [ 88.7205756, 27.8306797 ], [ 88.7204039, 27.8301863 ], [ 88.720361, 27.8291901 ], [ 88.7202859, 27.8285829 ], [ 88.7201679, 27.828061 ], [ 88.7198567, 27.8274063 ], [ 88.7197602, 27.8266757 ], [ 88.7197494, 27.8262013 ], [ 88.7194705, 27.8255372 ], [ 88.7194276, 27.8251956 ], [ 88.7193203, 27.824854 ], [ 88.7190843, 27.8245504 ], [ 88.7191057, 27.8243701 ], [ 88.7191915, 27.8242088 ], [ 88.7191915, 27.8240285 ], [ 88.7190413, 27.8237059 ], [ 88.7189448, 27.8225673 ], [ 88.7189877, 27.8221972 ], [ 88.719213, 27.8217133 ], [ 88.7192666, 27.8210965 ], [ 88.7192237, 27.8207455 ], [ 88.7187302, 27.8193506 ], [ 88.7184513, 27.8183448 ], [ 88.7184083, 27.8179937 ], [ 88.7181508, 27.8173295 ], [ 88.7182045, 27.8160105 ], [ 88.7181508, 27.8158397 ], [ 88.7179041, 27.815574 ], [ 88.7176144, 27.815109 ], [ 88.7175286, 27.8147579 ], [ 88.7174427, 27.8145871 ], [ 88.7171638, 27.8143309 ], [ 88.7169707, 27.8142645 ], [ 88.7166542, 27.8141838 ], [ 88.7161928, 27.8141743 ], [ 88.7159085, 27.8143024 ], [ 88.7158066, 27.8142882 ], [ 88.7143046, 27.8136477 ], [ 88.7137037, 27.8134816 ], [ 88.7125504, 27.8132728 ], [ 88.712427, 27.8132681 ], [ 88.7121051, 27.8133915 ], [ 88.7117994, 27.8133915 ], [ 88.7110108, 27.8130403 ], [ 88.7103403, 27.8128601 ], [ 88.7099379, 27.812694 ], [ 88.7090635, 27.812656 ], [ 88.7088114, 27.8125042 ], [ 88.7085378, 27.8123903 ], [ 88.7080979, 27.8120155 ], [ 88.7077117, 27.8115837 ], [ 88.7074596, 27.8114319 ], [ 88.7071431, 27.8109811 ], [ 88.7069875, 27.810388 ], [ 88.7065959, 27.8100037 ], [ 88.7061989, 27.8098851 ], [ 88.705523, 27.8096146 ], [ 88.7048846, 27.8092825 ], [ 88.7046218, 27.8090737 ] ] } },
{ "type": "Feature", "properties": { "element": "way", "id": 1214537832, "name": null, "waterway": "stream" }, "geometry": { "type": "LineString", "coordinates": [ [ 88.7032056, 27.8391805 ], [ 88.70294, 27.8389836 ], [ 88.7024868, 27.8388792 ], [ 88.7015694, 27.838763 ], [ 88.7011859, 27.8386207 ], [ 88.7008908, 27.8384428 ], [ 88.7006977, 27.8382483 ], [ 88.7004429, 27.8380847 ], [ 88.6999762, 27.837876 ], [ 88.6991957, 27.8374253 ], [ 88.6989167, 27.8371976 ], [ 88.6985171, 27.8370624 ], [ 88.6981791, 27.8369937 ], [ 88.6976668, 27.8370885 ], [ 88.697463, 27.8370719 ], [ 88.6972806, 27.8369723 ], [ 88.6964893, 27.8363628 ] ] } },
{ "type": "Feature", "properties": { "element": "way", "id": 1214539850, "name": null, "waterway": "stream" }, "geometry": { "type": "LineString", "coordinates": [ [ 88.3737726, 27.8723072 ], [ 88.3738281, 27.8722227 ], [ 88.373865, 27.8722554 ], [ 88.3739143, 27.8721873 ], [ 88.3740253, 27.8721683 ], [ 88.3740715, 27.8720866 ], [ 88.3741762, 27.8720457 ], [ 88.3742194, 27.8719695 ], [ 88.3743272, 27.8718741 ], [ 88.3743364, 27.871757 ], [ 88.3744412, 27.8717597 ], [ 88.3744504, 27.8718251 ], [ 88.3745275, 27.8718305 ], [ 88.3745429, 27.8717761 ], [ 88.3745983, 27.8717597 ], [ 88.3746445, 27.8718387 ], [ 88.3747647, 27.871934 ], [ 88.3748356, 27.8719395 ], [ 88.3748479, 27.8718986 ], [ 88.3749249, 27.8718932 ], [ 88.3749681, 27.8719613 ], [ 88.3750636, 27.8719231 ], [ 88.3750358, 27.8718714 ], [ 88.3751067, 27.8718442 ], [ 88.3751221, 27.8717543 ], [ 88.3751622, 27.8716944 ], [ 88.3751807, 27.8715636 ], [ 88.3753717, 27.8715255 ], [ 88.3753994, 27.8714765 ], [ 88.3757691, 27.8712041 ], [ 88.3758646, 27.8712259 ], [ 88.376105, 27.8712368 ], [ 88.3761111, 27.871294 ], [ 88.376259, 27.8713212 ], [ 88.3762652, 27.8712804 ], [ 88.3763391, 27.8712422 ], [ 88.3764285, 27.8712695 ], [ 88.3764685, 27.8713158 ], [ 88.3765332, 27.8713212 ], [ 88.3765271, 27.8712858 ], [ 88.3766195, 27.8712313 ], [ 88.3766441, 27.8712559 ], [ 88.3767119, 27.8712259 ], [ 88.3767859, 27.8712504 ], [ 88.3768506, 27.8712504 ], [ 88.3769276, 27.8712177 ], [ 88.3769461, 27.8713049 ], [ 88.3770354, 27.8712804 ], [ 88.3770539, 27.8713839 ], [ 88.377134, 27.871452 ], [ 88.3773097, 27.8714737 ], [ 88.3774267, 27.8714656 ], [ 88.3775284, 27.8715527 ], [ 88.3776393, 27.8716862 ], [ 88.3777318, 27.8717352 ], [ 88.3778273, 27.8718115 ], [ 88.3779228, 27.8718224 ], [ 88.3781754, 27.8719231 ], [ 88.3783418, 27.8718796 ], [ 88.3784558, 27.8718823 ], [ 88.378616, 27.8717788 ], [ 88.378807, 27.8718932 ], [ 88.3790012, 27.8719558 ], [ 88.3790412, 27.8719967 ], [ 88.3793216, 27.8721465 ], [ 88.3793709, 27.8721492 ], [ 88.3795188, 27.8722745 ], [ 88.379679, 27.8723399 ], [ 88.3797252, 27.8724052 ], [ 88.3799008, 27.8724379 ], [ 88.3799316, 27.8723698 ], [ 88.3800148, 27.8723317 ], [ 88.3800734, 27.8724216 ], [ 88.3802274, 27.8724107 ], [ 88.3803291, 27.8724134 ], [ 88.3805232, 27.8724488 ], [ 88.3806742, 27.8723971 ], [ 88.3808344, 27.8724624 ], [ 88.3810839, 27.8724815 ], [ 88.3812442, 27.872427 ], [ 88.381278, 27.872378 ], [ 88.3813612, 27.8723753 ], [ 88.3814105, 27.8724679 ], [ 88.3815461, 27.8725523 ], [ 88.3815985, 27.8725196 ], [ 88.3818542, 27.8725823 ], [ 88.3825536, 27.8727593 ], [ 88.3828093, 27.8728982 ], [ 88.3830497, 27.8729581 ], [ 88.3832684, 27.8730371 ], [ 88.3834964, 27.873078 ], [ 88.3836843, 27.873018 ], [ 88.3839339, 27.8729881 ], [ 88.3841866, 27.8729145 ], [ 88.3843991, 27.8728002 ], [ 88.3846148, 27.872634 ], [ 88.385117, 27.8724597 ], [ 88.3853943, 27.8724488 ], [ 88.3856624, 27.8724815 ], [ 88.3857764, 27.8724543 ], [ 88.385838, 27.8724543 ], [ 88.385838, 27.8725033 ], [ 88.3861738, 27.8725741 ], [ 88.3863094, 27.8726504 ], [ 88.3865127, 27.8727566 ], [ 88.3865436, 27.8728655 ], [ 88.3866822, 27.8729772 ], [ 88.3867038, 27.873048 ], [ 88.3867716, 27.8730916 ], [ 88.3868609, 27.8730861 ], [ 88.3869102, 27.8731106 ], [ 88.3869749, 27.8730889 ], [ 88.3870581, 27.873127 ], [ 88.3870951, 27.8731706 ], [ 88.3872121, 27.8731951 ], [ 88.3873323, 27.8732005 ], [ 88.3874247, 27.8733422 ], [ 88.3875665, 27.8734239 ], [ 88.3877482, 27.8735573 ], [ 88.3878777, 27.8736009 ], [ 88.3879793, 27.8736472 ], [ 88.3880317, 27.8737235 ], [ 88.3880471, 27.8738242 ], [ 88.3881272, 27.8739304 ], [ 88.3882166, 27.8741102 ], [ 88.3883213, 27.8742328 ], [ 88.3884415, 27.8743117 ], [ 88.3885308, 27.8744343 ], [ 88.3886972, 27.874565 ], [ 88.3888112, 27.8746604 ], [ 88.3888852, 27.8747094 ], [ 88.3889098, 27.8748183 ], [ 88.3890762, 27.8748919 ], [ 88.3891933, 27.8752024 ], [ 88.3892703, 27.8752704 ], [ 88.3895291, 27.8755537 ], [ 88.3895383, 27.8757225 ], [ 88.3895291, 27.8760194 ], [ 88.3898372, 27.8764552 ], [ 88.3899142, 27.8764906 ], [ 88.3900128, 27.8764988 ], [ 88.3901268, 27.8764742 ], [ 88.3904442, 27.8764824 ], [ 88.3906105, 27.8764552 ], [ 88.3908663, 27.8765723 ], [ 88.3909895, 27.8766159 ], [ 88.3911775, 27.8766485 ], [ 88.3912884, 27.8767303 ], [ 88.3912945, 27.8768855 ], [ 88.3913808, 27.8770271 ], [ 88.3914794, 27.8771306 ], [ 88.3915595, 27.8773158 ], [ 88.3916827, 27.8773866 ], [ 88.3918276, 27.8773676 ], [ 88.3919662, 27.8774983 ], [ 88.3921264, 27.8775936 ], [ 88.3923698, 27.8777025 ], [ 88.3925917, 27.8777979 ], [ 88.3929244, 27.8779041 ], [ 88.3929244, 27.8779967 ], [ 88.3930168, 27.878062 ], [ 88.3930322, 27.8781274 ], [ 88.3931385, 27.8781988 ] ] } },
{ "type": "Feature", "properties": { "element": "way", "id": 1214539855, "name": null, "waterway": "river" }, "geometry": { "type": "LineString", "coordinates": [ [ 88.3745871, 27.8826663 ], [ 88.3749414, 27.8823474 ], [ 88.3752733, 27.8820721 ] ] } },
{ "type": "Feature", "properties": { "element": "way", "id": 1214545426, "name": null, "waterway": "stream" }, "geometry": { "type": "LineString", "coordinates": [ [ 88.3631882, 27.8207548 ], [ 88.3639782, 27.8207548 ], [ 88.3644375, 27.8204704 ], [ 88.364612, 27.8201942 ], [ 88.3647222, 27.8196905 ], [ 88.3649611, 27.8194468 ], [ 88.3650713, 27.8190487 ], [ 88.3653653, 27.8185612 ], [ 88.3653928, 27.8179763 ], [ 88.3656868, 27.8173832 ], [ 88.3660435, 27.816518 ], [ 88.3660795, 27.8161991 ], [ 88.3660675, 27.815726 ], [ 88.3659894, 27.8153485 ], [ 88.3660795, 27.8149711 ], [ 88.3662599, 27.8147744 ], [ 88.3665604, 27.8146522 ], [ 88.3665544, 27.8145193 ], [ 88.3670592, 27.8142003 ], [ 88.3673958, 27.8139505 ], [ 88.3675701, 27.813993 ], [ 88.3677925, 27.8139292 ], [ 88.368135, 27.8136262 ], [ 88.3680028, 27.8135358 ], [ 88.368081, 27.8133976 ], [ 88.368093, 27.81327 ], [ 88.3683154, 27.8131531 ], [ 88.3683274, 27.8129245 ], [ 88.3685317, 27.8127863 ], [ 88.368682, 27.8126375 ], [ 88.3686639, 27.8122866 ], [ 88.3687679, 27.8122532 ], [ 88.3689487, 27.812261 ], [ 88.3690376, 27.8121509 ], [ 88.369011, 27.8119176 ], [ 88.3691325, 27.8117105 ], [ 88.3692777, 27.8116004 ], [ 88.3696393, 27.8116686 ], [ 88.369743, 27.811624 ], [ 88.3699801, 27.8116135 ], [ 88.3702278, 27.811569 ], [ 88.3703345, 27.811354 ], [ 88.370453, 27.8113671 ], [ 88.3706486, 27.811354 ], [ 88.3708324, 27.8113121 ], [ 88.3709954, 27.8111076 ], [ 88.3712354, 27.8110893 ], [ 88.3716296, 27.8110578 ], [ 88.372006, 27.8108376 ], [ 88.3722579, 27.810856 ], [ 88.3723735, 27.810814 ], [ 88.3726284, 27.8108114 ], [ 88.3726817, 27.8108927 ], [ 88.3728477, 27.8109058 ], [ 88.3729366, 27.810814 ], [ 88.3731056, 27.8107747 ], [ 88.3732923, 27.8108743 ], [ 88.3734523, 27.81089 ], [ 88.3736746, 27.8107721 ], [ 88.3738761, 27.8107642 ], [ 88.3742703, 27.8108507 ], [ 88.3745282, 27.8107747 ], [ 88.3747741, 27.8104942 ], [ 88.3750585, 27.810426 ], [ 88.3751622, 27.8104706 ], [ 88.3754052, 27.8104156 ], [ 88.375672, 27.8101246 ], [ 88.3766652, 27.8097681 ], [ 88.3776749, 27.8090548 ], [ 88.3779072, 27.809092 ], [ 88.3780655, 27.8091262 ], [ 88.3785397, 27.8090148 ], [ 88.3786849, 27.8088313 ], [ 88.3789013, 27.8087527 ], [ 88.3791206, 27.8087186 ], [ 88.3792623, 27.8085141 ], [ 88.3793136, 27.8084706 ], [ 88.3795679, 27.8084463 ], [ 88.3797797, 27.8083201 ], [ 88.3802205, 27.8082713 ], [ 88.3805206, 27.8081576 ], [ 88.3813472, 27.8079689 ], [ 88.3821296, 27.8078404 ], [ 88.3824468, 27.8081026 ], [ 88.3831106, 27.8082729 ], [ 88.3837093, 27.8083097 ], [ 88.3839583, 27.8083306 ], [ 88.3841539, 27.8082598 ], [ 88.3844295, 27.8082782 ], [ 88.3847377, 27.8082205 ], [ 88.3850964, 27.8081209 ], [ 88.3853957, 27.8080868 ], [ 88.3856921, 27.8080501 ], [ 88.3860181, 27.8079269 ], [ 88.3861811, 27.8079636 ], [ 88.3864034, 27.8079505 ], [ 88.386842, 27.8078797 ], [ 88.3874218, 27.8079752 ], [ 88.3880137, 27.8081036 ], [ 88.3881567, 27.8081847 ], [ 88.3882751, 27.808155 ], [ 88.3888089, 27.8082024 ], [ 88.3897163, 27.8080365 ], [ 88.3899262, 27.8079001 ], [ 88.3901429, 27.8078053 ], [ 88.3903171, 27.8078922 ], [ 88.3905115, 27.8079318 ], [ 88.3908755, 27.8078863 ], [ 88.3911637, 27.8079812 ], [ 88.3913066, 27.8079634 ], [ 88.3915568, 27.8078488 ], [ 88.3917042, 27.8078488 ], [ 88.3919097, 27.8079495 ], [ 88.3925463, 27.8080226 ], [ 88.3927407, 27.8080365 ], [ 88.3931405, 27.8082242 ], [ 88.3933192, 27.808238 ], [ 88.3935247, 27.8081688 ], [ 88.3937503, 27.8082024 ], [ 88.3949364, 27.8081728 ], [ 88.3958499, 27.8080384 ], [ 88.396051, 27.8080049 ], [ 88.3962341, 27.8078508 ], [ 88.3963833, 27.8078152 ], [ 88.3966383, 27.8078972 ], [ 88.3972473, 27.8077726 ], [ 88.3974744, 27.8077708 ], [ 88.3983449, 27.8075081 ], [ 88.3990823, 27.8073843 ], [ 88.3994876, 27.8072152 ], [ 88.3998495, 27.8069011 ], [ 88.4007064, 27.806729 ], [ 88.4014506, 27.8063787 ], [ 88.4022412, 27.8061736 ], [ 88.4027015, 27.8063222 ], [ 88.4031838, 27.8063364 ], [ 88.4035638, 27.8062821 ], [ 88.4037625, 27.8061387 ], [ 88.4039422, 27.8060352 ], [ 88.4041191, 27.8060179 ], [ 88.4046073, 27.8060135 ], [ 88.405146, 27.8061669 ], [ 88.4055501, 27.8062056 ], [ 88.4058901, 27.806356 ], [ 88.4062015, 27.8062488 ], [ 88.4065618, 27.8061043 ], [ 88.4068169, 27.8059271 ], [ 88.4070661, 27.8057886 ], [ 88.4071592, 27.8056233 ], [ 88.4074615, 27.8054812 ], [ 88.4075878, 27.8054571 ], [ 88.4078131, 27.8052366 ], [ 88.4078746, 27.8050856 ], [ 88.4080385, 27.8049981 ], [ 88.4081272, 27.8047353 ], [ 88.408233, 27.8044666 ], [ 88.4082232, 27.8041724 ], [ 88.4082744, 27.8040335 ], [ 88.4084758, 27.8039368 ], [ 88.4087046, 27.8037587 ], [ 88.4089504, 27.8037708 ], [ 88.4090494, 27.8038372 ], [ 88.4091416, 27.8037708 ], [ 88.4092337, 27.8036349 ], [ 88.4095342, 27.8035352 ], [ 88.4098285, 27.8034565 ], [ 88.4099208, 27.8033202 ], [ 88.4101173, 27.8032056 ], [ 88.4105276, 27.802927 ], [ 88.410675, 27.8027769 ], [ 88.4107934, 27.802767 ], [ 88.4110636, 27.8028203 ], [ 88.4113093, 27.802761 ], [ 88.4115372, 27.8026662 ], [ 88.4117393, 27.8025852 ], [ 88.4122173, 27.8024469 ], [ 88.4128494, 27.8023738 ], [ 88.4132225, 27.8022987 ], [ 88.4135419, 27.8023224 ], [ 88.413897, 27.8023817 ], [ 88.4141338, 27.8022414 ], [ 88.4144334, 27.8020089 ], [ 88.4148534, 27.8018864 ], [ 88.4151435, 27.8017402 ], [ 88.4152641, 27.8014656 ], [ 88.4154295, 27.8013312 ], [ 88.415492, 27.8010447 ], [ 88.4156926, 27.8006733 ], [ 88.4162801, 27.8002899 ], [ 88.4168541, 27.8000272 ], [ 88.4176332, 27.7999229 ], [ 88.4184016, 27.7999545 ], [ 88.4186942, 27.7999288 ], [ 88.4190493, 27.799911 ], [ 88.4195005, 27.7998379 ], [ 88.4201103, 27.7999683 ], [ 88.4203672, 27.800075 ], [ 88.4207067, 27.8001896 ], [ 88.4209681, 27.8002469 ], [ 88.4211088, 27.8001916 ], [ 88.4213651, 27.7999189 ], [ 88.4215348, 27.7997293 ], [ 88.4217314, 27.7994783 ], [ 88.4218945, 27.799421 ], [ 88.422196, 27.7994408 ], [ 88.4224864, 27.7993538 ], [ 88.4226025, 27.7994052 ], [ 88.4231565, 27.7995 ], [ 88.4232682, 27.7995277 ], [ 88.4234111, 27.7994783 ], [ 88.4236836, 27.7994744 ], [ 88.423798, 27.7992906 ], [ 88.4240504, 27.7992135 ], [ 88.424285, 27.7990575 ], [ 88.4248121, 27.7990179 ], [ 88.4253795, 27.7988618 ], [ 88.425652, 27.7988875 ], [ 88.4259759, 27.7988164 ], [ 88.4261702, 27.7986722 ], [ 88.426532, 27.7984133 ], [ 88.4267688, 27.7983165 ], [ 88.4272289, 27.7983185 ], [ 88.4275841, 27.798111 ], [ 88.4277293, 27.7980932 ], [ 88.4278968, 27.797949 ], [ 88.428004, 27.7979411 ], [ 88.4280889, 27.7978956 ], [ 88.4283048, 27.7978205 ], [ 88.4287185, 27.7977079 ], [ 88.4289128, 27.79754 ], [ 88.4290602, 27.7975123 ], [ 88.4293707, 27.7975083 ], [ 88.4295405, 27.7973799 ], [ 88.4298912, 27.7972693 ], [ 88.4301346, 27.7972159 ], [ 88.4302932, 27.7971961 ], [ 88.4304139, 27.7970677 ], [ 88.4306052, 27.7968681 ], [ 88.4307616, 27.7965895 ], [ 88.4309626, 27.7965046 ], [ 88.431119, 27.796384 ], [ 88.431387, 27.7963129 ], [ 88.4317444, 27.7963425 ], [ 88.4319906, 27.7962564 ], [ 88.4323141, 27.7962241 ], [ 88.4325646, 27.7962795 ], [ 88.4327629, 27.7961964 ], [ 88.4328933, 27.7959426 ], [ 88.4332429, 27.7957395 ], [ 88.4337751, 27.7954625 ], [ 88.433796, 27.795301 ], [ 88.4338847, 27.7952179 ], [ 88.4340882, 27.7948256 ], [ 88.434276, 27.7947748 ], [ 88.4345525, 27.7947563 ], [ 88.4347613, 27.7946779 ], [ 88.4348291, 27.794484 ], [ 88.4349856, 27.7944009 ], [ 88.4355126, 27.7943778 ], [ 88.4356587, 27.7943086 ], [ 88.4360386, 27.7939405 ], [ 88.4360328, 27.7938702 ], [ 88.4363489, 27.7936695 ], [ 88.4363578, 27.7936112 ], [ 88.4366894, 27.793359 ], [ 88.4368252, 27.7932204 ], [ 88.4369299, 27.7929442 ], [ 88.437116, 27.792819 ], [ 88.4371832, 27.7927109 ], [ 88.4372976, 27.792644 ], [ 88.4375264, 27.7925634 ], [ 88.4377714, 27.7923078 ], [ 88.4378024, 27.7921894 ], [ 88.4384279, 27.7918983 ], [ 88.438742, 27.7918348 ], [ 88.4389708, 27.7917662 ], [ 88.4391047, 27.7916822 ], [ 88.4391959, 27.7914763 ], [ 88.4392963, 27.7913991 ], [ 88.439529, 27.7912653 ], [ 88.4396124, 27.7911658 ], [ 88.43981, 27.7910344 ], [ 88.4401245, 27.7910061 ], [ 88.4402659, 27.7909942 ], [ 88.4404292, 27.790948 ], [ 88.4404999, 27.79089 ], [ 88.4405269, 27.7905906 ], [ 88.4405639, 27.7904327 ], [ 88.4406599, 27.7903538 ], [ 88.4409647, 27.7902466 ], [ 88.4413283, 27.7900113 ], [ 88.4415822, 27.7900232 ], [ 88.4417135, 27.7899562 ], [ 88.4418121, 27.7898132 ], [ 88.4418693, 27.789773 ], [ 88.441927, 27.789612 ], [ 88.4420261, 27.7895524 ], [ 88.4420968, 27.7895107 ], [ 88.4421591, 27.7892426 ], [ 88.4423056, 27.7891086 ], [ 88.4425665, 27.7890878 ], [ 88.4428477, 27.7888694 ], [ 88.4430191, 27.788747 ], [ 88.4430914, 27.788472 ], [ 88.4432856, 27.7882763 ], [ 88.4433988, 27.7881261 ], [ 88.4434193, 27.7880191 ], [ 88.4436097, 27.7877847 ], [ 88.4436895, 27.7877437 ], [ 88.4437976, 27.7875753 ], [ 88.4437875, 27.7874667 ], [ 88.4438158, 27.7873756 ], [ 88.4439573, 27.7872072 ], [ 88.4441741, 27.7867412 ], [ 88.4443592, 27.7866135 ], [ 88.4445831, 27.7864535 ], [ 88.4447806, 27.7863094 ], [ 88.4450457, 27.786185 ], [ 88.4452477, 27.7860822 ], [ 88.4454615, 27.7859437 ], [ 88.4456281, 27.7857441 ], [ 88.4458907, 27.7855578 ], [ 88.4463956, 27.7851008 ], [ 88.4469911, 27.7845863 ], [ 88.4473023, 27.7844444 ], [ 88.4476944, 27.7840478 ], [ 88.4478583, 27.7837795 ], [ 88.4479317, 27.7837412 ], [ 88.448299, 27.783323 ], [ 88.4483668, 27.783308 ], [ 88.4484252, 27.783338 ], [ 88.4484893, 27.783338 ], [ 88.4485194, 27.7832913 ], [ 88.4485514, 27.783138 ], [ 88.4487536, 27.7829865 ], [ 88.4491115, 27.7827966 ], [ 88.4491924, 27.7826382 ], [ 88.4492471, 27.7825766 ], [ 88.4497048, 27.7825733 ], [ 88.4502623, 27.7824633 ], [ 88.4503376, 27.7823533 ], [ 88.4504299, 27.7822983 ], [ 88.450639, 27.7822733 ], [ 88.4511024, 27.7816234 ], [ 88.4512304, 27.7810668 ], [ 88.4513868, 27.7807119 ], [ 88.4516674, 27.7801403 ], [ 88.4517729, 27.779687 ], [ 88.4516749, 27.7795637 ], [ 88.4516373, 27.7789804 ], [ 88.451432, 27.7785905 ], [ 88.4514753, 27.7782489 ], [ 88.4519141, 27.7777656 ], [ 88.4518979, 27.7775864 ], [ 88.4519031, 27.777304 ], [ 88.4520342, 27.7769945 ], [ 88.4522653, 27.7768724 ], [ 88.4523155, 27.7767342 ], [ 88.4524921, 27.7765742 ], [ 88.4525681, 27.7760423 ], [ 88.4526269, 27.7757327 ], [ 88.4528081, 27.77527 ], [ 88.4531574, 27.7749151 ], [ 88.4534046, 27.7746377 ], [ 88.4534548, 27.7744313 ], [ 88.4534228, 27.773887 ], [ 88.4535094, 27.7736163 ], [ 88.4535394, 27.7732642 ], [ 88.4535329, 27.7729249 ] ] } },
{ "type": "Feature", "properties": { "element": "way", "id": 1214545426, "name": null, "waterway": "stream" }, "geometry": { "type": "LineString", "coordinates": [ [ 88.3631882, 27.8207548 ], [ 88.3639782, 27.8207548 ], [ 88.3644375, 27.8204704 ], [ 88.364612, 27.8201942 ], [ 88.3647222, 27.8196905 ], [ 88.3649611, 27.8194468 ], [ 88.3650713, 27.8190487 ], [ 88.3653653, 27.8185612 ], [ 88.3653928, 27.8179763 ], [ 88.3656868, 27.8173832 ], [ 88.3660435, 27.816518 ], [ 88.3660795, 27.8161991 ], [ 88.3660675, 27.815726 ], [ 88.3659894, 27.8153485 ], [ 88.3660795, 27.8149711 ], [ 88.3662599, 27.8147744 ], [ 88.3665604, 27.8146522 ], [ 88.3665544, 27.8145193 ], [ 88.3670592, 27.8142003 ], [ 88.3673958, 27.8139505 ], [ 88.3675701, 27.813993 ], [ 88.3677925, 27.8139292 ], [ 88.368135, 27.8136262 ], [ 88.3680028, 27.8135358 ], [ 88.368081, 27.8133976 ], [ 88.368093, 27.81327 ], [ 88.3683154, 27.8131531 ], [ 88.3683274, 27.8129245 ], [ 88.3685317, 27.8127863 ], [ 88.368682, 27.8126375 ], [ 88.3686639, 27.8122866 ], [ 88.3687679, 27.8122532 ], [ 88.3689487, 27.812261 ], [ 88.3690376, 27.8121509 ], [ 88.369011, 27.8119176 ], [ 88.3691325, 27.8117105 ], [ 88.3692777, 27.8116004 ], [ 88.3696393, 27.8116686 ], [ 88.369743, 27.811624 ], [ 88.3699801, 27.8116135 ], [ 88.3702278, 27.811569 ], [ 88.3703345, 27.811354 ], [ 88.370453, 27.8113671 ], [ 88.3706486, 27.811354 ], [ 88.3708324, 27.8113121 ], [ 88.3709954, 27.8111076 ], [ 88.3712354, 27.8110893 ], [ 88.3716296, 27.8110578 ], [ 88.372006, 27.8108376 ], [ 88.3722579, 27.810856 ], [ 88.3723735, 27.810814 ], [ 88.3726284, 27.8108114 ], [ 88.3726817, 27.8108927 ], [ 88.3728477, 27.8109058 ], [ 88.3729366, 27.810814 ], [ 88.3731056, 27.8107747 ], [ 88.3732923, 27.8108743 ], [ 88.3734523, 27.81089 ], [ 88.3736746, 27.8107721 ], [ 88.3738761, 27.8107642 ], [ 88.3742703, 27.8108507 ], [ 88.3745282, 27.8107747 ], [ 88.3747741, 27.8104942 ], [ 88.3750585, 27.810426 ], [ 88.3751622, 27.8104706 ], [ 88.3754052, 27.8104156 ], [ 88.375672, 27.8101246 ], [ 88.3766652, 27.8097681 ], [ 88.3776749, 27.8090548 ], [ 88.3779072, 27.809092 ], [ 88.3780655, 27.8091262 ], [ 88.3785397, 27.8090148 ], [ 88.3786849, 27.8088313 ], [ 88.3789013, 27.8087527 ], [ 88.3791206, 27.8087186 ], [ 88.3792623, 27.8085141 ], [ 88.3793136, 27.8084706 ], [ 88.3795679, 27.8084463 ], [ 88.3797797, 27.8083201 ], [ 88.3802205, 27.8082713 ], [ 88.3805206, 27.8081576 ], [ 88.3813472, 27.8079689 ], [ 88.3821296, 27.8078404 ], [ 88.3824468, 27.8081026 ], [ 88.3831106, 27.8082729 ], [ 88.3837093, 27.8083097 ], [ 88.3839583, 27.8083306 ], [ 88.3841539, 27.8082598 ], [ 88.3844295, 27.8082782 ], [ 88.3847377, 27.8082205 ], [ 88.3850964, 27.8081209 ], [ 88.3853957, 27.8080868 ], [ 88.3856921, 27.8080501 ], [ 88.3860181, 27.8079269 ], [ 88.3861811, 27.8079636 ], [ 88.3864034, 27.8079505 ], [ 88.386842, 27.8078797 ], [ 88.3874218, 27.8079752 ], [ 88.3880137, 27.8081036 ], [ 88.3881567, 27.8081847 ], [ 88.3882751, 27.808155 ], [ 88.3888089, 27.8082024 ], [ 88.3897163, 27.8080365 ], [ 88.3899262, 27.8079001 ], [ 88.3901429, 27.8078053 ], [ 88.3903171, 27.8078922 ], [ 88.3905115, 27.8079318 ], [ 88.3908755, 27.8078863 ], [ 88.3911637, 27.8079812 ], [ 88.3913066, 27.8079634 ], [ 88.3915568, 27.8078488 ], [ 88.3917042, 27.8078488 ], [ 88.3919097, 27.8079495 ], [ 88.3925463, 27.8080226 ], [ 88.3927407, 27.8080365 ], [ 88.3931405, 27.8082242 ], [ 88.3933192, 27.808238 ], [ 88.3935247, 27.8081688 ], [ 88.3937503, 27.8082024 ], [ 88.3949364, 27.8081728 ], [ 88.3958499, 27.8080384 ], [ 88.396051, 27.8080049 ], [ 88.3962341, 27.8078508 ], [ 88.3963833, 27.8078152 ], [ 88.3966383, 27.8078972 ], [ 88.3972473, 27.8077726 ], [ 88.3974744, 27.8077708 ], [ 88.3983449, 27.8075081 ], [ 88.3990823, 27.8073843 ], [ 88.3994876, 27.8072152 ], [ 88.3998495, 27.8069011 ], [ 88.4007064, 27.806729 ], [ 88.4014506, 27.8063787 ], [ 88.4022412, 27.8061736 ], [ 88.4027015, 27.8063222 ], [ 88.4031838, 27.8063364 ], [ 88.4035638, 27.8062821 ], [ 88.4037625, 27.8061387 ], [ 88.4039422, 27.8060352 ], [ 88.4041191, 27.8060179 ], [ 88.4046073, 27.8060135 ], [ 88.405146, 27.8061669 ], [ 88.4055501, 27.8062056 ], [ 88.4058901, 27.806356 ], [ 88.4062015, 27.8062488 ], [ 88.4065618, 27.8061043 ], [ 88.4068169, 27.8059271 ], [ 88.4070661, 27.8057886 ], [ 88.4071592, 27.8056233 ], [ 88.4074615, 27.8054812 ], [ 88.4075878, 27.8054571 ], [ 88.4078131, 27.8052366 ], [ 88.4078746, 27.8050856 ], [ 88.4080385, 27.8049981 ], [ 88.4081272, 27.8047353 ], [ 88.408233, 27.8044666 ], [ 88.4082232, 27.8041724 ], [ 88.4082744, 27.8040335 ], [ 88.4084758, 27.8039368 ], [ 88.4087046, 27.8037587 ], [ 88.4089504, 27.8037708 ], [ 88.4090494, 27.8038372 ], [ 88.4091416, 27.8037708 ], [ 88.4092337, 27.8036349 ], [ 88.4095342, 27.8035352 ], [ 88.4098285, 27.8034565 ], [ 88.4099208, 27.8033202 ], [ 88.4101173, 27.8032056 ], [ 88.4105276, 27.802927 ], [ 88.410675, 27.8027769 ], [ 88.4107934, 27.802767 ], [ 88.4110636, 27.8028203 ], [ 88.4113093, 27.802761 ], [ 88.4115372, 27.8026662 ], [ 88.4117393, 27.8025852 ], [ 88.4122173, 27.8024469 ], [ 88.4128494, 27.8023738 ], [ 88.4132225, 27.8022987 ], [ 88.4135419, 27.8023224 ], [ 88.413897, 27.8023817 ], [ 88.4141338, 27.8022414 ], [ 88.4144334, 27.8020089 ], [ 88.4148534, 27.8018864 ], [ 88.4151435, 27.8017402 ], [ 88.4152641, 27.8014656 ], [ 88.4154295, 27.8013312 ], [ 88.415492, 27.8010447 ], [ 88.4156926, 27.8006733 ], [ 88.4162801, 27.8002899 ], [ 88.4168541, 27.8000272 ], [ 88.4176332, 27.7999229 ], [ 88.4184016, 27.7999545 ], [ 88.4186942, 27.7999288 ], [ 88.4190493, 27.799911 ], [ 88.4195005, 27.7998379 ], [ 88.4201103, 27.7999683 ], [ 88.4203672, 27.800075 ], [ 88.4207067, 27.8001896 ], [ 88.4209681, 27.8002469 ], [ 88.4211088, 27.8001916 ], [ 88.4213651, 27.7999189 ], [ 88.4215348, 27.7997293 ], [ 88.4217314, 27.7994783 ], [ 88.4218945, 27.799421 ], [ 88.422196, 27.7994408 ], [ 88.4224864, 27.7993538 ], [ 88.4226025, 27.7994052 ], [ 88.4231565, 27.7995 ], [ 88.4232682, 27.7995277 ], [ 88.4234111, 27.7994783 ], [ 88.4236836, 27.7994744 ], [ 88.423798, 27.7992906 ], [ 88.4240504, 27.7992135 ], [ 88.424285, 27.7990575 ], [ 88.4248121, 27.7990179 ], [ 88.4253795, 27.7988618 ], [ 88.425652, 27.7988875 ], [ 88.4259759, 27.7988164 ], [ 88.4261702, 27.7986722 ], [ 88.426532, 27.7984133 ], [ 88.4267688, 27.7983165 ], [ 88.4272289, 27.7983185 ], [ 88.4275841, 27.798111 ], [ 88.4277293, 27.7980932 ], [ 88.4278968, 27.797949 ], [ 88.428004, 27.7979411 ], [ 88.4280889, 27.7978956 ], [ 88.4283048, 27.7978205 ], [ 88.4287185, 27.7977079 ], [ 88.4289128, 27.79754 ], [ 88.4290602, 27.7975123 ], [ 88.4293707, 27.7975083 ], [ 88.4295405, 27.7973799 ], [ 88.4298912, 27.7972693 ], [ 88.4301346, 27.7972159 ], [ 88.4302932, 27.7971961 ], [ 88.4304139, 27.7970677 ], [ 88.4306052, 27.7968681 ], [ 88.4307616, 27.7965895 ], [ 88.4309626, 27.7965046 ], [ 88.431119, 27.796384 ], [ 88.431387, 27.7963129 ], [ 88.4317444, 27.7963425 ], [ 88.4319906, 27.7962564 ], [ 88.4323141, 27.7962241 ], [ 88.4325646, 27.7962795 ], [ 88.4327629, 27.7961964 ], [ 88.4328933, 27.7959426 ], [ 88.4332429, 27.7957395 ], [ 88.4337751, 27.7954625 ], [ 88.433796, 27.795301 ], [ 88.4338847, 27.7952179 ], [ 88.4340882, 27.7948256 ], [ 88.434276, 27.7947748 ], [ 88.4345525, 27.7947563 ], [ 88.4347613, 27.7946779 ], [ 88.4348291, 27.794484 ], [ 88.4349856, 27.7944009 ], [ 88.4355126, 27.7943778 ], [ 88.4356587, 27.7943086 ], [ 88.4360386, 27.7939405 ], [ 88.4360328, 27.7938702 ], [ 88.4363489, 27.7936695 ], [ 88.4363578, 27.7936112 ], [ 88.4366894, 27.793359 ], [ 88.4368252, 27.7932204 ], [ 88.4369299, 27.7929442 ], [ 88.437116, 27.792819 ], [ 88.4371832, 27.7927109 ], [ 88.4372976, 27.792644 ], [ 88.4375264, 27.7925634 ], [ 88.4377714, 27.7923078 ], [ 88.4378024, 27.7921894 ], [ 88.4384279, 27.7918983 ], [ 88.438742, 27.7918348 ], [ 88.4389708, 27.7917662 ], [ 88.4391047, 27.7916822 ], [ 88.4391959, 27.7914763 ], [ 88.4392963, 27.7913991 ], [ 88.439529, 27.7912653 ], [ 88.4396124, 27.7911658 ], [ 88.43981, 27.7910344 ], [ 88.4401245, 27.7910061 ], [ 88.4402659, 27.7909942 ], [ 88.4404292, 27.790948 ], [ 88.4404999, 27.79089 ], [ 88.4405269, 27.7905906 ], [ 88.4405639, 27.7904327 ], [ 88.4406599, 27.7903538 ], [ 88.4409647, 27.7902466 ], [ 88.4413283, 27.7900113 ], [ 88.4415822, 27.7900232 ], [ 88.4417135, 27.7899562 ], [ 88.4418121, 27.7898132 ], [ 88.4418693, 27.789773 ], [ 88.441927, 27.789612 ], [ 88.4420261, 27.7895524 ], [ 88.4420968, 27.7895107 ], [ 88.4421591, 27.7892426 ], [ 88.4423056, 27.7891086 ], [ 88.4425665, 27.7890878 ], [ 88.4428477, 27.7888694 ], [ 88.4430191, 27.788747 ], [ 88.4430914, 27.788472 ], [ 88.4432856, 27.7882763 ], [ 88.4433988, 27.7881261 ], [ 88.4434193, 27.7880191 ], [ 88.4436097, 27.7877847 ], [ 88.4436895, 27.7877437 ], [ 88.4437976, 27.7875753 ], [ 88.4437875, 27.7874667 ], [ 88.4438158, 27.7873756 ], [ 88.4439573, 27.7872072 ], [ 88.4441741, 27.7867412 ], [ 88.4443592, 27.7866135 ], [ 88.4445831, 27.7864535 ], [ 88.4447806, 27.7863094 ], [ 88.4450457, 27.786185 ], [ 88.4452477, 27.7860822 ], [ 88.4454615, 27.7859437 ], [ 88.4456281, 27.7857441 ], [ 88.4458907, 27.7855578 ], [ 88.4463956, 27.7851008 ], [ 88.4469911, 27.7845863 ], [ 88.4473023, 27.7844444 ], [ 88.4476944, 27.7840478 ], [ 88.4478583, 27.7837795 ], [ 88.4479317, 27.7837412 ], [ 88.448299, 27.783323 ], [ 88.4483668, 27.783308 ], [ 88.4484252, 27.783338 ], [ 88.4484893, 27.783338 ], [ 88.4485194, 27.7832913 ], [ 88.4485514, 27.783138 ], [ 88.4487536, 27.7829865 ], [ 88.4491115, 27.7827966 ], [ 88.4491924, 27.7826382 ], [ 88.4492471, 27.7825766 ], [ 88.4497048, 27.7825733 ], [ 88.4502623, 27.7824633 ], [ 88.4503376, 27.7823533 ], [ 88.4504299, 27.7822983 ], [ 88.450639, 27.7822733 ], [ 88.4511024, 27.7816234 ], [ 88.4512304, 27.7810668 ], [ 88.4513868, 27.7807119 ], [ 88.4516674, 27.7801403 ], [ 88.4517729, 27.779687 ], [ 88.4516749, 27.7795637 ], [ 88.4516373, 27.7789804 ], [ 88.451432, 27.7785905 ], [ 88.4514753, 27.7782489 ], [ 88.4519141, 27.7777656 ], [ 88.4518979, 27.7775864 ], [ 88.4519031, 27.777304 ], [ 88.4520342, 27.7769945 ], [ 88.4522653, 27.7768724 ], [ 88.4523155, 27.7767342 ], [ 88.4524921, 27.7765742 ], [ 88.4525681, 27.7760423 ], [ 88.4526269, 27.7757327 ], [ 88.4528081, 27.77527 ], [ 88.4531574, 27.7749151 ], [ 88.4534046, 27.7746377 ], [ 88.4534548, 27.7744313 ], [ 88.4534228, 27.773887 ], [ 88.4535094, 27.7736163 ], [ 88.4535394, 27.7732642 ], [ 88.4535329, 27.7729249 ] ] } },
{ "type": "Feature", "properties": { "element": "way", "id": 1214576964, "name": null, "waterway": "stream" }, "geometry": { "type": "LineString", "coordinates": [ [ 88.5408361, 27.7127117 ], [ 88.5415211, 27.7129019 ], [ 88.5425588, 27.7130621 ], [ 88.5430257, 27.7132908 ], [ 88.5434992, 27.713326 ], [ 88.5440323, 27.7133494 ], [ 88.5445919, 27.7134755 ], [ 88.5451284, 27.7136133 ], [ 88.5455059, 27.7135869 ], [ 88.5458027, 27.7133544 ], [ 88.5460468, 27.7133072 ], [ 88.5464282, 27.7134051 ], [ 88.5467944, 27.7134389 ], [ 88.5471453, 27.7133038 ], [ 88.5473513, 27.7131417 ], [ 88.5478739, 27.7126858 ], [ 88.5481828, 27.7126926 ], [ 88.5485604, 27.7125845 ], [ 88.5489266, 27.712517 ], [ 88.5490105, 27.7123245 ], [ 88.5491097, 27.7120746 ], [ 88.5494072, 27.7119294 ], [ 88.549678, 27.7120206 ], [ 88.5500061, 27.7123313 ], [ 88.5502692, 27.7124191 ], [ 88.5506163, 27.7125913 ], [ 88.5509863, 27.7127736 ], [ 88.5513105, 27.7128817 ], [ 88.5516042, 27.7131248 ], [ 88.5517873, 27.7132869 ], [ 88.5523442, 27.7133983 ], [ 88.5526608, 27.713449 ], [ 88.5531643, 27.7132126 ], [ 88.5532673, 27.7129425 ], [ 88.5534351, 27.7128851 ], [ 88.5536563, 27.7129053 ], [ 88.5538242, 27.7127568 ], [ 88.5540807, 27.7127047 ], [ 88.5546279, 27.7126608 ], [ 88.5547665, 27.7126497 ], [ 88.5550147, 27.7126324 ], [ 88.55524, 27.7127538 ], [ 88.5555274, 27.7128189 ], [ 88.5557675, 27.7128189 ], [ 88.5560646, 27.7127856 ], [ 88.5561642, 27.7128116 ], [ 88.5564508, 27.7128708 ], [ 88.55708, 27.7127711 ], [ 88.5577588, 27.712733 ], [ 88.5582754, 27.7126919 ], [ 88.5593284, 27.7128414 ], [ 88.5596827, 27.7129822 ], [ 88.5601397, 27.7129587 ], [ 88.5605304, 27.7127564 ], [ 88.5608596, 27.7125327 ], [ 88.5610522, 27.712483 ], [ 88.5612366, 27.712438 ], [ 88.5614024, 27.7124357 ], [ 88.5616083, 27.7123149 ], [ 88.5616377, 27.7121493 ], [ 88.5616109, 27.7119717 ], [ 88.5616243, 27.71187 ], [ 88.5616805, 27.7117847 ], [ 88.5616323, 27.7117161 ], [ 88.5616029, 27.7116238 ], [ 88.5616511, 27.7115125 ], [ 88.5617286, 27.7114486 ], [ 88.5618088, 27.7114155 ], [ 88.5619719, 27.71138 ], [ 88.5620681, 27.7113563 ], [ 88.5621403, 27.7112403 ], [ 88.5621804, 27.7111244 ], [ 88.5622633, 27.7110699 ], [ 88.5624024, 27.7109989 ], [ 88.5625253, 27.7108971 ], [ 88.5627095, 27.7108354 ] ] } },
{ "type": "Feature", "properties": { "element": "way", "id": 1214728742, "name": "Burum Chu", "waterway": "stream" }, "geometry": { "type": "LineString", "coordinates": [ [ 88.5553621, 27.7813556 ], [ 88.5515235, 27.7809259 ], [ 88.5509057, 27.7806253 ], [ 88.5504471, 27.7804338 ], [ 88.5500554, 27.7798821 ], [ 88.5491588, 27.779832 ], [ 88.5485765, 27.7796223 ], [ 88.547501, 27.7787903 ] ] } },
{ "type": "Feature", "properties": { "element": "way", "id": 1214728743, "name": "Burum Chu", "waterway": "stream" }, "geometry": { "type": "LineString", "coordinates": [ [ 88.6240352, 27.7848055 ], [ 88.6231341, 27.7845586 ], [ 88.622225, 27.7837825 ], [ 88.6218741, 27.7831828 ], [ 88.6211325, 27.7829994 ], [ 88.6203191, 27.7829147 ], [ 88.6198486, 27.7829712 ], [ 88.6191548, 27.7829288 ], [ 88.6186683, 27.7825761 ], [ 88.6184609, 27.7824995 ], [ 88.6179426, 27.7825126 ], [ 88.6175121, 27.7825715 ], [ 88.6172797, 27.7824263 ], [ 88.6157178, 27.7822045 ], [ 88.6151551, 27.7820684 ], [ 88.6145464, 27.7817668 ], [ 88.6137041, 27.7817115 ], [ 88.613023, 27.7817042 ], [ 88.611437, 27.7812436 ], [ 88.6106791, 27.7813035 ], [ 88.6080336, 27.7807915 ], [ 88.6068597, 27.7807027 ], [ 88.6061227, 27.7808982 ], [ 88.605699, 27.7810604 ], [ 88.6042963, 27.7807296 ], [ 88.6039946, 27.780578 ], [ 88.6038977, 27.7802489 ], [ 88.6035696, 27.7801663 ], [ 88.6030273, 27.7802298 ], [ 88.6026105, 27.7799926 ], [ 88.601684, 27.7796241 ], [ 88.6006508, 27.7795807 ], [ 88.5999491, 27.77975 ], [ 88.599335, 27.7797288 ], [ 88.598821, 27.7795673 ], [ 88.5986078, 27.779329 ], [ 88.5983745, 27.7793459 ], [ 88.5981758, 27.7794858 ], [ 88.5967765, 27.7795788 ], [ 88.5963003, 27.7797467 ], [ 88.5963093, 27.779877 ], [ 88.5962241, 27.7799238 ], [ 88.5960117, 27.7798486 ], [ 88.5957838, 27.7799622 ], [ 88.595212, 27.7799043 ], [ 88.5948207, 27.7801483 ], [ 88.594061, 27.7803398 ], [ 88.5937698, 27.7804999 ], [ 88.5936622, 27.780863 ], [ 88.593157, 27.7813753 ], [ 88.5929442, 27.7816586 ], [ 88.5925334, 27.7817975 ], [ 88.5917822, 27.7818069 ], [ 88.5908615, 27.7814284 ], [ 88.5904752, 27.7814397 ], [ 88.5900448, 27.7818262 ], [ 88.5893472, 27.7823952 ], [ 88.5883446, 27.7830503 ], [ 88.5873616, 27.78327 ], [ 88.5871123, 27.7832697 ], [ 88.5867013, 27.783197 ], [ 88.5862526, 27.7833764 ], [ 88.5859313, 27.7835895 ], [ 88.5849441, 27.7839346 ], [ 88.5846451, 27.7841461 ], [ 88.5844444, 27.7844845 ], [ 88.5833109, 27.7851423 ], [ 88.5829648, 27.7851597 ], [ 88.5827958, 27.7850131 ], [ 88.5826559, 27.7849952 ], [ 88.5825715, 27.7850611 ], [ 88.5822778, 27.7850585 ], [ 88.5818361, 27.7849805 ], [ 88.5815318, 27.7850804 ], [ 88.5813643, 27.7850772 ], [ 88.581251, 27.7850026 ], [ 88.5810313, 27.7849519 ], [ 88.5805507, 27.7849383 ], [ 88.5803155, 27.7850269 ], [ 88.580037, 27.7849964 ], [ 88.5785574, 27.7850236 ], [ 88.5777473, 27.7850568 ], [ 88.5773714, 27.7852981 ], [ 88.5767893, 27.7851879 ], [ 88.57663, 27.7851903 ], [ 88.5763394, 27.7854404 ], [ 88.576097, 27.7854244 ], [ 88.5757731, 27.7851891 ], [ 88.5755879, 27.7851901 ], [ 88.5754599, 27.7853 ], [ 88.574744, 27.78522 ], [ 88.5741793, 27.7850539 ], [ 88.5738315, 27.7852397 ], [ 88.5732349, 27.7852516 ], [ 88.5725498, 27.7855672 ], [ 88.5717076, 27.7861559 ], [ 88.5704888, 27.7863176 ], [ 88.5703237, 27.7863214 ], [ 88.570037, 27.7860493 ], [ 88.5687292, 27.7856922 ], [ 88.564861, 27.7853338 ], [ 88.5646206, 27.7852097 ], [ 88.564379, 27.7851621 ], [ 88.5641536, 27.7852683 ], [ 88.5635919, 27.7851409 ], [ 88.5632036, 27.7852069 ], [ 88.5629365, 27.7851166 ], [ 88.5627403, 27.7849433 ], [ 88.5618874, 27.7845055 ], [ 88.5614468, 27.7842648 ], [ 88.5608146, 27.7838106 ], [ 88.5602938, 27.7836443 ], [ 88.5597501, 27.7836785 ], [ 88.559078, 27.7839416 ], [ 88.5588104, 27.783926 ], [ 88.5585654, 27.7835273 ], [ 88.557692, 27.7827579 ], [ 88.5553621, 27.7813556 ] ] } },
{ "type": "Feature", "properties": { "element": "way", "id": 1214806046, "name": null, "waterway": "stream" }, "geometry": { "type": "LineString", "coordinates": [ [ 88.3919302, 27.5272444 ], [ 88.3928456, 27.5272693 ], [ 88.3936862, 27.526706 ], [ 88.3940224, 27.5265735 ], [ 88.3944334, 27.5261677 ], [ 88.3951432, 27.5252731 ], [ 88.3958904, 27.5242626 ], [ 88.39632, 27.5238651 ], [ 88.3969645, 27.5236994 ], [ 88.3974315, 27.5229125 ], [ 88.3978425, 27.5228297 ], [ 88.3992341, 27.5229456 ], [ 88.4002233, 27.5229539 ] ] } },
{ "type": "Feature", "properties": { "element": "way", "id": 1214806047, "name": null, "waterway": "stream" }, "geometry": { "type": "LineString", "coordinates": [ [ 88.4196638, 27.5102358 ], [ 88.4194489, 27.5105257 ], [ 88.4194489, 27.5107494 ], [ 88.4189726, 27.5111553 ], [ 88.4185523, 27.5117766 ], [ 88.4178518, 27.5123482 ], [ 88.4173101, 27.512928 ], [ 88.4174595, 27.5135162 ], [ 88.4168618, 27.5138807 ], [ 88.41632, 27.5144771 ], [ 88.4158904, 27.5146759 ], [ 88.4158624, 27.5151232 ], [ 88.4159558, 27.5156782 ], [ 88.4156943, 27.5162166 ], [ 88.414029, 27.5173723 ] ] } },
{ "type": "Feature", "properties": { "element": "way", "id": 1214960201, "name": null, "waterway": "stream" }, "geometry": { "type": "LineString", "coordinates": [ [ 88.7076857, 27.5865979 ], [ 88.7065699, 27.5868356 ], [ 88.7048211, 27.587311 ], [ 88.7035122, 27.5878816 ], [ 88.703008, 27.5882429 ], [ 88.7021604, 27.5884236 ], [ 88.701109, 27.5888134 ], [ 88.6998644, 27.588823 ], [ 88.6989739, 27.5892604 ], [ 88.6983195, 27.5893555 ], [ 88.6973324, 27.5898119 ], [ 88.696678, 27.5900306 ], [ 88.6956265, 27.5901447 ], [ 88.6938026, 27.5900591 ], [ 88.6922684, 27.5900306 ], [ 88.6907342, 27.5897834 ], [ 88.6900261, 27.5898594 ], [ 88.6894145, 27.5902208 ], [ 88.6882665, 27.5901257 ], [ 88.6862495, 27.5901922 ], [ 88.6834493, 27.5904775 ], [ 88.6832133, 27.5909624 ], [ 88.6826768, 27.5908388 ], [ 88.6812606, 27.5911906 ], [ 88.6808422, 27.5914379 ], [ 88.6803701, 27.5913523 ], [ 88.6801877, 27.5910765 ], [ 88.6791578, 27.5911811 ], [ 88.6786642, 27.5911241 ], [ 88.6783102, 27.5915139 ], [ 88.6779776, 27.5916185 ], [ 88.6774304, 27.5908674 ], [ 88.6750057, 27.590525 ], [ 88.6736861, 27.5904109 ], [ 88.6733749, 27.5903063 ], [ 88.6729994, 27.5904395 ], [ 88.6722913, 27.5900971 ], [ 88.6712506, 27.5904204 ], [ 88.6703708, 27.5911051 ], [ 88.6695876, 27.5911621 ], [ 88.669137, 27.5908674 ], [ 88.6689976, 27.5905631 ], [ 88.6678603, 27.5907152 ], [ 88.6675599, 27.5910005 ], [ 88.6669484, 27.591048 ], [ 88.6664119, 27.5907913 ], [ 88.6647597, 27.5909434 ], [ 88.6631611, 27.588918 ], [ 88.6622706, 27.5889751 ], [ 88.6606505, 27.588918 ], [ 88.659406, 27.5886518 ], [ 88.6589746, 27.5886315 ], [ 88.6579326, 27.5884699 ], [ 88.6569573, 27.5878643 ], [ 88.655993, 27.5869516 ], [ 88.6557221, 27.5868544 ], [ 88.655554, 27.5868792 ], [ 88.6555306, 27.5868771 ], [ 88.6548131, 27.5867524 ] ] } },
{ "type": "Feature", "properties": { "element": "way", "id": 1214968882, "name": "Teesta", "waterway": "river" }, "geometry": { "type": "LineString", "coordinates": [ [ 88.6489271, 27.6010977 ], [ 88.6496562, 27.6001226 ], [ 88.6495659, 27.599368 ], [ 88.6495006, 27.598618 ], [ 88.6498228, 27.5979365 ], [ 88.650248, 27.5977081 ] ] } },
{ "type": "Feature", "properties": { "element": "way", "id": 1214968883, "name": "Teesta", "waterway": "river" }, "geometry": { "type": "LineString", "coordinates": [ [ 88.650248, 27.5977081 ], [ 88.651974, 27.596012 ] ] } },
{ "type": "Feature", "properties": { "element": "way", "id": 1214968895, "name": null, "waterway": "stream" }, "geometry": { "type": "LineString", "coordinates": [ [ 88.6497221, 27.5907198 ], [ 88.6502441, 27.5907472 ], [ 88.6508186, 27.590891 ], [ 88.6512038, 27.5911006 ], [ 88.651663, 27.5914449 ], [ 88.6516642, 27.5918171 ], [ 88.6515793, 27.592039 ], [ 88.6516492, 27.5921111 ], [ 88.6518171, 27.5921049 ], [ 88.652057, 27.5919394 ], [ 88.6523732, 27.5918966 ], [ 88.652574, 27.5920155 ], [ 88.6528879, 27.5919714 ], [ 88.6535386, 27.592194 ], [ 88.6538176, 27.59245 ], [ 88.6542079, 27.5925455 ], [ 88.654451, 27.5931799 ], [ 88.6545359, 27.5933349 ], [ 88.6550931, 27.5938707 ] ] } },
{ "type": "Feature", "properties": { "element": "way", "id": 1214968896, "name": null, "waterway": "stream" }, "geometry": { "type": "LineString", "coordinates": [ [ 88.6495054, 27.5907084 ], [ 88.6497221, 27.5907198 ] ] } },
{ "type": "Feature", "properties": { "element": "way", "id": 1214972023, "name": null, "waterway": "stream" }, "geometry": { "type": "LineString", "coordinates": [ [ 88.5837183, 27.5933303 ], [ 88.5837719, 27.59411 ], [ 88.5838256, 27.5947186 ], [ 88.5834071, 27.5955933 ], [ 88.5823557, 27.596297 ], [ 88.5821089, 27.596877 ], [ 88.581551, 27.5971337 ], [ 88.5808215, 27.5971337 ] ] } },
{ "type": "Feature", "properties": { "element": "way", "id": 1214972226, "name": null, "waterway": "stream" }, "geometry": { "type": "LineString", "coordinates": [ [ 88.5701517, 27.586955 ], [ 88.570731, 27.5863215 ], [ 88.5712116, 27.5853165 ], [ 88.5717662, 27.5845847 ], [ 88.5722592, 27.5832302 ], [ 88.5729, 27.5821925 ], [ 88.573812, 27.5817664 ], [ 88.5751061, 27.5813732 ], [ 88.5758209, 27.5808489 ], [ 88.5764494, 27.5806522 ], [ 88.5767082, 27.5799422 ], [ 88.5771026, 27.579833 ], [ 88.5771765, 27.5795708 ], [ 88.5775832, 27.5793523 ], [ 88.5783227, 27.5791557 ], [ 88.5788033, 27.5790792 ], [ 88.5794195, 27.5786423 ], [ 88.5796907, 27.5782053 ], [ 88.5798878, 27.5780087 ], [ 88.5801836, 27.5779868 ], [ 88.5804548, 27.5777793 ], [ 88.580615, 27.5775608 ], [ 88.5809847, 27.5775062 ], [ 88.5813421, 27.5773969 ], [ 88.5816132, 27.5772331 ], [ 88.5817488, 27.5767196 ], [ 88.5815146, 27.5757802 ], [ 88.5815212, 27.5750699 ] ] } },
{ "type": "Feature", "properties": { "element": "way", "id": 1215072916, "name": null, "waterway": "stream" }, "geometry": { "type": "LineString", "coordinates": [ [ 88.4170031, 27.637307 ], [ 88.4176898, 27.6359193 ], [ 88.4189772, 27.6349879 ], [ 88.4200287, 27.6336952 ], [ 88.4209943, 27.6313569 ] ] } },
{ "type": "Feature", "properties": { "element": "way", "id": 1215072917, "name": null, "waterway": "stream" }, "geometry": { "type": "LineString", "coordinates": [ [ 88.4280753, 27.6424775 ], [ 88.4281826, 27.6396642 ], [ 88.4262943, 27.6377443 ], [ 88.4250498, 27.6367558 ], [ 88.4237194, 27.6351399 ], [ 88.4228825, 27.6336762 ], [ 88.4209943, 27.6313569 ], [ 88.4206939, 27.6308817 ], [ 88.420608, 27.6303874 ], [ 88.420608, 27.629627 ], [ 88.4202862, 27.6287715 ], [ 88.4199214, 27.6282012 ], [ 88.4195781, 27.6265282 ], [ 88.4193206, 27.6263761 ], [ 88.4179258, 27.6246841 ], [ 88.4181404, 27.6232582 ], [ 88.4176469, 27.6223266 ], [ 88.4177112, 27.6217563 ], [ 88.4185052, 27.6208627 ] ] } },
{ "type": "Feature", "properties": { "element": "way", "id": 1215072918, "name": null, "waterway": "stream" }, "geometry": { "type": "LineString", "coordinates": [ [ 88.4334397, 27.6161475 ], [ 88.4342766, 27.615387 ], [ 88.4354567, 27.6151779 ], [ 88.4361219, 27.6143033 ], [ 88.4367442, 27.6134667 ], [ 88.4373665, 27.6122878 ], [ 88.4374308, 27.6119646 ], [ 88.4382891, 27.6115273 ], [ 88.438847, 27.6108618 ] ] } },
{ "type": "Feature", "properties": { "element": "way", "id": 1215072919, "name": null, "waterway": "stream" }, "geometry": { "type": "LineString", "coordinates": [ [ 88.4302211, 27.6120787 ], [ 88.4329891, 27.6109378 ], [ 88.4364223, 27.6093597 ], [ 88.4379673, 27.6083709 ], [ 88.4386539, 27.6076864 ], [ 88.4394264, 27.6072681 ] ] } },
{ "type": "Feature", "properties": { "element": "way", "id": 1215072920, "name": null, "waterway": "stream" }, "geometry": { "type": "LineString", "coordinates": [ [ 88.439641, 27.6227639 ], [ 88.4410572, 27.6211859 ], [ 88.4415722, 27.6209577 ], [ 88.4418726, 27.6201402 ], [ 88.4409499, 27.6192086 ], [ 88.4402203, 27.6176496 ], [ 88.4396195, 27.6151589 ], [ 88.4394479, 27.6127632 ], [ 88.4389114, 27.6119266 ], [ 88.4387827, 27.6113942 ], [ 88.438847, 27.6108618 ], [ 88.4393191, 27.6102724 ], [ 88.4395766, 27.609778 ], [ 88.4399628, 27.6082568 ], [ 88.4394264, 27.6072681 ], [ 88.4397054, 27.6066976 ], [ 88.4402203, 27.6060511 ], [ 88.4407568, 27.6054617 ], [ 88.4407997, 27.6049483 ], [ 88.4407701, 27.6044148 ], [ 88.4417661, 27.603934 ], [ 88.4424153, 27.603156 ], [ 88.4423558, 27.6024794 ], [ 88.4427186, 27.6005068 ], [ 88.4428628, 27.5997272 ], [ 88.4432679, 27.5988742 ], [ 88.443891, 27.5980297 ], [ 88.4443563, 27.5977287 ], [ 88.4445116, 27.5973232 ] ] } },
{ "type": "Feature", "properties": { "element": "way", "id": 1215072921, "name": null, "waterway": "stream" }, "geometry": { "type": "LineString", "coordinates": [ [ 88.4383535, 27.6226688 ], [ 88.4381604, 27.6209387 ], [ 88.4390616, 27.6200642 ], [ 88.4390187, 27.6192466 ], [ 88.4402203, 27.6176496 ] ] } },
{ "type": "Feature", "properties": { "element": "way", "id": 1215072922, "name": null, "waterway": "stream" }, "geometry": { "type": "LineString", "coordinates": [ [ 88.4604442, 27.6410993 ], [ 88.4613883, 27.6405006 ], [ 88.4618819, 27.640301 ], [ 88.4628475, 27.6399303 ], [ 88.4631157, 27.6396642 ], [ 88.4634483, 27.6391129 ], [ 88.4638774, 27.6388088 ], [ 88.4641778, 27.638286 ], [ 88.4643495, 27.6376777 ], [ 88.4646177, 27.6369934 ], [ 88.4647894, 27.6367938 ], [ 88.4647294, 27.6363325 ] ] } },
{ "type": "Feature", "properties": { "element": "way", "id": 1215093998, "name": null, "waterway": "stream" }, "geometry": { "type": "LineString", "coordinates": [ [ 88.6402325, 27.6488755 ], [ 88.6400803, 27.6491722 ], [ 88.6399676, 27.6494921 ], [ 88.6400394, 27.6497057 ], [ 88.6399497, 27.6498618 ], [ 88.6399155, 27.6503315 ], [ 88.6400849, 27.6505558 ], [ 88.6401141, 27.6507135 ], [ 88.6401503, 27.6509091 ], [ 88.6399593, 27.6511458 ], [ 88.6397416, 27.6514021 ], [ 88.6394595, 27.6518743 ], [ 88.6393117, 27.6522834 ], [ 88.6392563, 27.6524097 ], [ 88.6390872, 27.6527959 ], [ 88.6390781, 27.6531373 ], [ 88.6389514, 27.6534479 ], [ 88.6389432, 27.6537114 ], [ 88.6387725, 27.6541932 ], [ 88.6385961, 27.6545817 ], [ 88.638604, 27.6547946 ], [ 88.6385975, 27.6552085 ], [ 88.6385718, 27.655438 ], [ 88.6386694, 27.6559386 ], [ 88.6386177, 27.6563981 ], [ 88.6384257, 27.6567909 ], [ 88.6382726, 27.6573176 ], [ 88.6377383, 27.6575932 ] ] } },
{ "type": "Feature", "properties": { "element": "way", "id": 1215093999, "name": null, "waterway": "stream" }, "geometry": { "type": "LineString", "coordinates": [ [ 88.6404575, 27.6493766 ], [ 88.640221, 27.6497048 ], [ 88.6402738, 27.6501365 ], [ 88.6402017, 27.6506079 ], [ 88.6401141, 27.6507135 ] ] } },
{ "type": "Feature", "properties": { "element": "way", "id": 1215103316, "name": null, "waterway": "stream" }, "geometry": { "type": "LineString", "coordinates": [ [ 88.4335517, 27.924311 ], [ 88.4335109, 27.9244012 ], [ 88.4333731, 27.9244868 ], [ 88.4331179, 27.9245139 ], [ 88.4329189, 27.9246627 ], [ 88.4325463, 27.9249287 ], [ 88.432455, 27.9251093 ], [ 88.4323847, 27.925134 ], [ 88.4323323, 27.9251547 ], [ 88.4322259, 27.9251579 ], [ 88.4321781, 27.9252185 ], [ 88.4321093, 27.9252456 ], [ 88.4319256, 27.925426 ], [ 88.4316806, 27.9256334 ], [ 88.4315531, 27.9257687 ], [ 88.4314153, 27.9258318 ], [ 88.4313438, 27.9259626 ], [ 88.4310376, 27.9259806 ], [ 88.4309713, 27.9260843 ], [ 88.4308437, 27.9261023 ], [ 88.4307416, 27.9260031 ], [ 88.4305221, 27.9259716 ], [ 88.4303792, 27.9260618 ], [ 88.4302415, 27.9259535 ], [ 88.4301598, 27.9259265 ], [ 88.430022, 27.9260167 ], [ 88.4298842, 27.9260212 ], [ 88.4298179, 27.9258724 ], [ 88.4297566, 27.9256514 ], [ 88.4297107, 27.9255522 ], [ 88.4296545, 27.9253538 ], [ 88.4295014, 27.9252321 ], [ 88.4294912, 27.9250291 ], [ 88.4294861, 27.9248488 ], [ 88.4294351, 27.9246143 ], [ 88.4290932, 27.9243618 ], [ 88.428986, 27.9243077 ], [ 88.4288992, 27.9242896 ], [ 88.4288074, 27.9242896 ], [ 88.4286287, 27.9243392 ], [ 88.428542, 27.9244204 ], [ 88.4285267, 27.9243437 ], [ 88.4284654, 27.9243753 ], [ 88.428297, 27.9241679 ], [ 88.4282817, 27.9240822 ], [ 88.4283583, 27.9241138 ], [ 88.4283889, 27.9240326 ], [ 88.4284246, 27.9238703 ], [ 88.4284552, 27.923735 ], [ 88.4284246, 27.9235862 ], [ 88.4284297, 27.9234689 ], [ 88.4284093, 27.9233562 ], [ 88.4284042, 27.9232389 ], [ 88.428445, 27.9230856 ], [ 88.4283991, 27.923027 ], [ 88.428445, 27.922806 ], [ 88.4283787, 27.9227745 ], [ 88.4283583, 27.9225761 ], [ 88.4282868, 27.922531 ], [ 88.4281898, 27.9224408 ], [ 88.4281337, 27.922301 ], [ 88.428052, 27.9220845 ], [ 88.4280418, 27.9219312 ], [ 88.4281694, 27.921805 ], [ 88.4282562, 27.9215975 ], [ 88.4282511, 27.9214172 ], [ 88.4281235, 27.921097 ], [ 88.428001, 27.920867 ], [ 88.4279857, 27.920637 ], [ 88.4280163, 27.9205604 ], [ 88.4279551, 27.9202898 ], [ 88.4278428, 27.9201049 ], [ 88.4279194, 27.9199877 ], [ 88.4277407, 27.919681 ], [ 88.4276744, 27.9195593 ], [ 88.4276284, 27.9194691 ], [ 88.4275315, 27.9194285 ], [ 88.4274702, 27.9193744 ], [ 88.4273733, 27.9193428 ], [ 88.4271844, 27.9193022 ], [ 88.4271028, 27.9192075 ], [ 88.4270262, 27.9191895 ], [ 88.4268374, 27.9192977 ], [ 88.4267762, 27.9193563 ], [ 88.4265771, 27.9194195 ], [ 88.4265159, 27.9194104 ], [ 88.4264597, 27.9193834 ], [ 88.426424, 27.9192481 ], [ 88.4264342, 27.9191669 ], [ 88.4264495, 27.9191083 ], [ 88.4263934, 27.9190361 ], [ 88.4263424, 27.9189414 ], [ 88.4262454, 27.9188873 ], [ 88.4261535, 27.9189054 ], [ 88.4260106, 27.9188738 ], [ 88.4255972, 27.9186889 ], [ 88.4254844, 27.9185338 ], [ 88.4253299, 27.9184731 ], [ 88.4251668, 27.9184693 ], [ 88.4250423, 27.9184731 ], [ 88.4249994, 27.9184124 ], [ 88.4249908, 27.9183556 ], [ 88.4249307, 27.9183025 ], [ 88.4248363, 27.9182684 ], [ 88.4247076, 27.9182759 ], [ 88.4246518, 27.9182342 ], [ 88.4245016, 27.9181963 ], [ 88.4244544, 27.9180901 ], [ 88.4244716, 27.9180257 ], [ 88.42439, 27.9179005 ], [ 88.42436, 27.9177943 ], [ 88.4243986, 27.917745 ], [ 88.4244673, 27.9176768 ], [ 88.424566, 27.9176389 ], [ 88.4246475, 27.9175896 ], [ 88.4246303, 27.9174872 ], [ 88.4245788, 27.9173848 ], [ 88.4246003, 27.91718 ], [ 88.4246303, 27.916998 ], [ 88.424699, 27.9168956 ], [ 88.4246775, 27.916816 ], [ 88.4247011, 27.9167287 ], [ 88.4247655, 27.9166292 ], [ 88.4247279, 27.9165391 ], [ 88.4246635, 27.9165012 ], [ 88.4245509, 27.9164396 ], [ 88.4245402, 27.9163874 ], [ 88.4245562, 27.9163306 ], [ 88.424567, 27.9162594 ], [ 88.4244758, 27.916212 ], [ 88.4244168, 27.9162026 ], [ 88.4243846, 27.9161552 ], [ 88.4243256, 27.9161362 ], [ 88.4241807, 27.9161409 ], [ 88.4240949, 27.9161457 ], [ 88.4240198, 27.9161457 ] ] } },
{ "type": "Feature", "properties": { "element": "way", "id": 1215105527, "name": null, "waterway": "stream" }, "geometry": { "type": "LineString", "coordinates": [ [ 88.6578976, 27.6481254 ], [ 88.6582838, 27.647289 ], [ 88.658198, 27.6461676 ], [ 88.6582194, 27.6456544 ], [ 88.6580585, 27.6451887 ], [ 88.6578976, 27.644723 ] ] } },
{ "type": "Feature", "properties": { "element": "way", "id": 1215105528, "name": null, "waterway": "stream" }, "geometry": { "type": "LineString", "coordinates": [ [ 88.6757289, 27.647327 ], [ 88.6766516, 27.6466998 ], [ 88.6770807, 27.6457684 ], [ 88.6778532, 27.644799 ] ] } },
{ "type": "Feature", "properties": { "element": "way", "id": 1215105529, "name": null, "waterway": "stream" }, "geometry": { "type": "LineString", "coordinates": [ [ 88.6678539, 27.647289 ], [ 88.6672746, 27.6459965 ], [ 88.6660729, 27.644799 ] ] } },
{ "type": "Feature", "properties": { "element": "way", "id": 1215105530, "name": null, "waterway": "stream" }, "geometry": { "type": "LineString", "coordinates": [ [ 88.6646353, 27.6480113 ], [ 88.6645923, 27.6460155 ], [ 88.6643778, 27.644856 ] ] } },
{ "type": "Feature", "properties": { "element": "way", "id": 1215105531, "name": null, "waterway": "stream" }, "geometry": { "type": "LineString", "coordinates": [ [ 88.6490355, 27.647289 ], [ 88.6497222, 27.6459965 ], [ 88.650044, 27.6453502 ], [ 88.6504088, 27.6452172 ], [ 88.6504517, 27.64478 ] ] } },
{ "type": "Feature", "properties": { "element": "way", "id": 1215105532, "name": null, "waterway": "stream" }, "geometry": { "type": "LineString", "coordinates": [ [ 88.6415254, 27.6607076 ], [ 88.6378775, 27.662228 ] ] } },
{ "type": "Feature", "properties": { "element": "way", "id": 1215105865, "name": null, "waterway": "stream" }, "geometry": { "type": "LineString", "coordinates": [ [ 88.6756188, 27.5035227 ], [ 88.6747008, 27.5043756 ], [ 88.6743368, 27.5050598 ], [ 88.6734405, 27.5068955 ], [ 88.6733916, 27.5075203 ], [ 88.6734568, 27.5080117 ], [ 88.6737067, 27.5084261 ], [ 88.6737501, 27.5087874 ], [ 88.6739131, 27.5092933 ], [ 88.6739837, 27.5095921 ], [ 88.6743642, 27.5108047 ], [ 88.6748013, 27.5118413 ], [ 88.6752233, 27.5130149 ], [ 88.6756238, 27.5135548 ], [ 88.6758384, 27.513891 ], [ 88.6760673, 27.5142717 ], [ 88.6761531, 27.5145064 ], [ 88.6766466, 27.5150202 ], [ 88.6773261, 27.5151471 ], [ 88.6776122, 27.5154769 ], [ 88.6778197, 27.5160669 ], [ 88.6778983, 27.5169296 ], [ 88.6779571, 27.5178073 ] ] } },
{ "type": "Feature", "properties": { "element": "way", "id": 1215105866, "name": null, "waterway": "stream" }, "geometry": { "type": "LineString", "coordinates": [ [ 88.6779571, 27.5178073 ], [ 88.6778477, 27.5189029 ], [ 88.6780784, 27.5194765 ], [ 88.6787176, 27.5203183 ], [ 88.6783251, 27.5207432 ], [ 88.6779388, 27.5211745 ], [ 88.6778816, 27.5216693 ], [ 88.6779388, 27.522329 ], [ 88.6779675, 27.5228745 ], [ 88.6778816, 27.52342 ], [ 88.6776813, 27.5241989 ], [ 88.6776098, 27.5249347 ], [ 88.6775383, 27.5255944 ], [ 88.6775526, 27.5261398 ], [ 88.6775526, 27.527104 ], [ 88.6774096, 27.5273704 ], [ 88.6770519, 27.5282591 ], [ 88.6766371, 27.5289949 ], [ 88.6766197, 27.5295633 ] ] } },
{ "type": "Feature", "properties": { "element": "way", "id": 1215108072, "name": null, "waterway": "stream" }, "geometry": { "type": "LineString", "coordinates": [ [ 88.3113187, 27.6321625 ], [ 88.3128636, 27.632999 ], [ 88.3142584, 27.632942 ], [ 88.3158677, 27.6341206 ], [ 88.3166616, 27.6338735 ], [ 88.3181422, 27.634995 ], [ 88.319773, 27.6350141 ], [ 88.3238641, 27.6368492 ], [ 88.3239778, 27.6369568 ], [ 88.3242576, 27.6370861 ], [ 88.3253091, 27.6376564 ], [ 88.326339, 27.6394813 ], [ 88.3269398, 27.6395003 ], [ 88.3275407, 27.6396904 ], [ 88.3282058, 27.6402226 ], [ 88.3281844, 27.6408499 ], [ 88.3296827, 27.6407352 ], [ 88.329792, 27.6407268 ], [ 88.3299225, 27.6407168 ] ] } },
{ "type": "Feature", "properties": { "element": "way", "id": 1215108073, "name": null, "waterway": "stream" }, "geometry": { "type": "LineString", "coordinates": [ [ 88.3171122, 27.6266874 ], [ 88.319773, 27.6263072 ], [ 88.3220475, 27.625851 ], [ 88.3239143, 27.6279232 ], [ 88.3249872, 27.6279422 ], [ 88.3264463, 27.6285125 ], [ 88.3279054, 27.6289498 ], [ 88.329767, 27.6286253 ] ] } },
{ "type": "Feature", "properties": { "element": "way", "id": 1215112808, "name": null, "waterway": "stream" }, "geometry": { "type": "LineString", "coordinates": [ [ 88.3811904, 27.5727783 ], [ 88.3812979, 27.5723491 ], [ 88.3815268, 27.572191 ], [ 88.3817152, 27.571996 ], [ 88.3818694, 27.5719333 ], [ 88.3820692, 27.5717427 ], [ 88.3822054, 27.5716002 ], [ 88.3822125, 27.5715165 ], [ 88.3823328, 27.5714684 ], [ 88.3823564, 27.571368 ], [ 88.3823682, 27.5712175 ], [ 88.3824721, 27.5710564 ], [ 88.3824768, 27.5707761 ], [ 88.3824036, 27.5705314 ], [ 88.3825561, 27.5703592 ], [ 88.3825843, 27.5700206 ], [ 88.3827997, 27.5696092 ], [ 88.3828484, 27.5692797 ], [ 88.38271, 27.5691183 ], [ 88.382974, 27.5688797 ], [ 88.3833099, 27.5683274 ], [ 88.3837714, 27.567566 ], [ 88.3839355, 27.567141 ], [ 88.3838355, 27.5667819 ] ] } },
{ "type": "Feature", "properties": { "element": "way", "id": 1215112809, "name": null, "waterway": "stream" }, "geometry": { "type": "LineString", "coordinates": [ [ 88.4112005, 27.6050515 ], [ 88.4108742, 27.6040554 ], [ 88.4106929, 27.6035992 ], [ 88.4107146, 27.6032007 ], [ 88.4105986, 27.6023846 ], [ 88.4105624, 27.6019605 ], [ 88.4103303, 27.601652 ], [ 88.4097212, 27.6011315 ], [ 88.4096414, 27.6006623 ], [ 88.4096486, 27.6001803 ], [ 88.4096994, 27.5998911 ], [ 88.4098009, 27.599512 ], [ 88.4098517, 27.599422 ], [ 88.4098807, 27.5991971 ], [ 88.4099677, 27.5988115 ], [ 88.4100547, 27.5985287 ], [ 88.4101708, 27.598156 ], [ 88.4102143, 27.5978154 ], [ 88.4103448, 27.5975712 ], [ 88.4103811, 27.5972884 ], [ 88.4104318, 27.5969928 ], [ 88.4104318, 27.5968128 ], [ 88.4105334, 27.5966072 ], [ 88.4105986, 27.5962987 ], [ 88.4107872, 27.5959773 ], [ 88.411041, 27.5956303 ], [ 88.4112585, 27.5952961 ], [ 88.4116211, 27.5948205 ], [ 88.4118169, 27.5944992 ], [ 88.4119837, 27.5940365 ], [ 88.412194, 27.5937987 ], [ 88.4124696, 27.5934002 ], [ 88.4125856, 27.5929696 ], [ 88.4124623, 27.5926354 ], [ 88.4124478, 27.5923205 ], [ 88.4126871, 27.5918963 ], [ 88.4128176, 27.5915492 ], [ 88.4130642, 27.5906559 ], [ 88.4130569, 27.5904309 ], [ 88.4127669, 27.5895247 ], [ 88.4124768, 27.5892612 ], [ 88.4122158, 27.5888884 ], [ 88.4120127, 27.5885478 ], [ 88.4117879, 27.5882522 ], [ 88.4117661, 27.5877637 ], [ 88.4118193, 27.5872669 ], [ 88.4115249, 27.5867581 ], [ 88.4114954, 27.5860798 ], [ 88.4113924, 27.5851601 ], [ 88.4113924, 27.58486 ], [ 88.4111422, 27.5840447 ], [ 88.4109656, 27.5833793 ], [ 88.4103253, 27.5820617 ], [ 88.410156, 27.5816377 ], [ 88.408824, 27.581031 ], [ 88.4084339, 27.5807114 ], [ 88.4081767, 27.5800412 ] ] } },
{ "type": "Feature", "properties": { "element": "way", "id": 1215112810, "name": null, "waterway": "stream" }, "geometry": { "type": "LineString", "coordinates": [ [ 88.3977023, 27.5867698 ], [ 88.3975211, 27.5860551 ], [ 88.3977657, 27.5851718 ], [ 88.3974758, 27.5843446 ], [ 88.397956, 27.5838788 ], [ 88.3980557, 27.583389 ], [ 88.3981372, 27.5824333 ], [ 88.3980089, 27.5820755 ] ] } },
{ "type": "Feature", "properties": { "element": "way", "id": 1215112819, "name": null, "waterway": "stream" }, "geometry": { "type": "LineString", "coordinates": [ [ 88.3741056, 27.5744504 ], [ 88.3746982, 27.5746804 ], [ 88.3752011, 27.5749132 ], [ 88.3757809, 27.5753136 ], [ 88.3763031, 27.5756657 ], [ 88.3765754, 27.5761541 ], [ 88.3767291, 27.5765345 ], [ 88.3770527, 27.576651 ], [ 88.3774531, 27.5768043 ], [ 88.3777574, 27.5769008 ], [ 88.3779624, 27.5770996 ], [ 88.378161, 27.5773097 ], [ 88.3784686, 27.577534 ], [ 88.3789491, 27.5778009 ], [ 88.3792662, 27.5780991 ], [ 88.3796154, 27.5783631 ] ] } },
{ "type": "Feature", "properties": { "element": "way", "id": 1215115447, "name": null, "waterway": "river" }, "geometry": { "type": "LineString", "coordinates": [ [ 88.77231, 27.6248552 ], [ 88.7716555, 27.6250358 ], [ 88.7710011, 27.6252449 ], [ 88.7705183, 27.6255396 ], [ 88.7699926, 27.6259293 ], [ 88.7694776, 27.6261575 ], [ 88.7689412, 27.6264331 ], [ 88.7685442, 27.6266517 ], [ 88.7683189, 27.6269084 ], [ 88.7683082, 27.627108 ], [ 88.7683296, 27.6274692 ], [ 88.768276, 27.6277924 ], [ 88.7682545, 27.6280871 ], [ 88.7683189, 27.6283247 ], [ 88.7684584, 27.6285053 ], [ 88.7684905, 27.6286954 ], [ 88.7682867, 27.6288951 ], [ 88.7681794, 27.6291137 ], [ 88.7682116, 27.6293038 ], [ 88.7681258, 27.6295604 ], [ 88.7681472, 27.6298646 ], [ 88.7682116, 27.6301878 ], [ 88.7680828, 27.6305015 ], [ 88.7679434, 27.6307296 ], [ 88.7678897, 27.6309672 ], [ 88.7677824, 27.6311478 ], [ 88.7677073, 27.6312524 ], [ 88.7673104, 27.6315375 ], [ 88.7670958, 27.6317371 ], [ 88.7671065, 27.6319463 ], [ 88.7672031, 27.6321649 ], [ 88.7671924, 27.6323074 ], [ 88.7670743, 27.6325071 ], [ 88.766967, 27.6329538 ], [ 88.7669349, 27.6334481 ], [ 88.7669992, 27.6337902 ], [ 88.7671494, 27.6340564 ], [ 88.7672675, 27.634237 ], [ 88.7672675, 27.6343795 ], [ 88.7671387, 27.6345411 ], [ 88.7668919, 27.6345506 ], [ 88.7666988, 27.6346267 ], [ 88.7666774, 27.6347692 ], [ 88.7665057, 27.635235 ], [ 88.7660757, 27.6355771 ], [ 88.7650347, 27.6360052 ], [ 88.7642094, 27.6368286 ], [ 88.7628042, 27.6373555 ], [ 88.7620006, 27.6379425 ], [ 88.7614468, 27.6382621 ], [ 88.7610441, 27.6388493 ], [ 88.7598862, 27.6395108 ], [ 88.7597855, 27.6401129 ], [ 88.7592569, 27.6403136 ], [ 88.7589045, 27.6409156 ], [ 88.7583592, 27.641317 ], [ 88.7579145, 27.6415177 ], [ 88.7571678, 27.6419562 ], [ 88.7565804, 27.6417778 ], [ 88.7555065, 27.6423873 ], [ 88.7544409, 27.6426474 ], [ 88.7529558, 27.6430711 ], [ 88.751798, 27.6431677 ], [ 88.7502206, 27.6427886 ], [ 88.7486684, 27.6431008 ], [ 88.7469819, 27.6437029 ], [ 88.7453794, 27.6445427 ] ] } },
{ "type": "Feature", "properties": { "element": "way", "id": 1215117725, "name": null, "waterway": "stream" }, "geometry": { "type": "LineString", "coordinates": [ [ 88.7452852, 27.6446966 ], [ 88.7439939, 27.6463884 ], [ 88.7427569, 27.6472343 ], [ 88.7417043, 27.648109 ], [ 88.7396317, 27.6491567 ], [ 88.7379172, 27.6499257 ], [ 88.7375049, 27.6500602 ], [ 88.7356927, 27.6498968 ], [ 88.7344231, 27.6507235 ], [ 88.733414, 27.6508196 ], [ 88.7317103, 27.6508484 ], [ 88.7306252, 27.6510407 ], [ 88.7303973, 27.6508965 ], [ 88.7298222, 27.6511464 ], [ 88.7285092, 27.6513963 ], [ 88.7276915, 27.6522532 ] ] } },
{ "type": "Feature", "properties": { "element": "way", "id": 1215119138, "name": null, "waterway": "stream" }, "geometry": { "type": "LineString", "coordinates": [ [ 88.4247774, 27.9109641 ], [ 88.424795, 27.9108922 ], [ 88.4247679, 27.9108233 ], [ 88.4247325, 27.9107942 ], [ 88.4246523, 27.9107983 ], [ 88.4246393, 27.9107639 ], [ 88.4246665, 27.9107128 ], [ 88.4246488, 27.9106784 ], [ 88.4246134, 27.9106659 ], [ 88.4245874, 27.9107139 ], [ 88.4245379, 27.9107191 ], [ 88.424401, 27.9105658 ], [ 88.4241745, 27.9105639 ], [ 88.4240886, 27.9105497 ], [ 88.424052, 27.9105907 ], [ 88.4239974, 27.9106382 ], [ 88.423976, 27.9106152 ], [ 88.4238902, 27.9106579 ], [ 88.4238097, 27.9107014 ], [ 88.4237873, 27.9107527 ], [ 88.4237292, 27.9107369 ], [ 88.4237078, 27.9107488 ], [ 88.4236783, 27.9107544 ], [ 88.4235933, 27.9107916 ], [ 88.42356, 27.9107323 ], [ 88.4234873, 27.91074 ], [ 88.4234114, 27.9107089 ], [ 88.4233949, 27.9106749 ], [ 88.4233531, 27.9106651 ], [ 88.4232947, 27.91067 ], [ 88.4232782, 27.9106972 ], [ 88.4232606, 27.9107702 ], [ 88.4232628, 27.9108159 ], [ 88.4232485, 27.9108402 ], [ 88.4231912, 27.9108898 ], [ 88.4231549, 27.9108782 ], [ 88.423156, 27.9108227 ], [ 88.4231252, 27.9107663 ], [ 88.4231285, 27.9107449 ], [ 88.4232012, 27.9107371 ], [ 88.4232276, 27.9106904 ], [ 88.4232881, 27.9106369 ], [ 88.4232859, 27.9106087 ], [ 88.4232408, 27.9106185 ], [ 88.4231868, 27.9106379 ], [ 88.423167, 27.9106214 ], [ 88.4231472, 27.9105796 ], [ 88.4230933, 27.9105368 ], [ 88.423046, 27.9105426 ], [ 88.4230074, 27.910562 ], [ 88.4230206, 27.9106068 ], [ 88.4230162, 27.9106369 ], [ 88.4230415, 27.9106632 ], [ 88.4230603, 27.9106992 ], [ 88.4230437, 27.9107342 ], [ 88.4230085, 27.9107507 ], [ 88.42297, 27.9107362 ], [ 88.4229524, 27.9106797 ], [ 88.4229392, 27.910634 ], [ 88.4228941, 27.9106272 ], [ 88.4228676, 27.9106622 ], [ 88.4228423, 27.9107255 ], [ 88.4228654, 27.9107712 ], [ 88.4228489, 27.9108091 ], [ 88.4227961, 27.9108266 ], [ 88.4227289, 27.9108587 ], [ 88.4227267, 27.9108976 ], [ 88.4226959, 27.910956 ], [ 88.422653, 27.9110056 ], [ 88.4226222, 27.9110134 ], [ 88.4226074, 27.9109818 ], [ 88.4226467, 27.9109435 ], [ 88.4226522, 27.9108992 ], [ 88.4226196, 27.9108669 ], [ 88.4225085, 27.910874 ], [ 88.4223933, 27.9108693 ], [ 88.4222578, 27.9108896 ], [ 88.4222375, 27.9108717 ], [ 88.4222957, 27.9108178 ], [ 88.4224055, 27.9108249 ], [ 88.4224773, 27.9107675 ], [ 88.422476, 27.91071 ], [ 88.4223039, 27.9107387 ], [ 88.4222551, 27.910704 ], [ 88.4221629, 27.910686 ], [ 88.4221751, 27.9107208 ], [ 88.422209, 27.9107842 ], [ 88.4221589, 27.9108549 ], [ 88.4220735, 27.9108693 ], [ 88.4220301, 27.9108118 ], [ 88.4219664, 27.9107459 ], [ 88.4219556, 27.9107938 ], [ 88.4219163, 27.910886 ], [ 88.4218323, 27.9109279 ], [ 88.4218201, 27.9108968 ], [ 88.4217293, 27.9108501 ], [ 88.4217198, 27.9107962 ], [ 88.4218391, 27.9107124 ], [ 88.4218689, 27.9106537 ], [ 88.4218418, 27.9106298 ], [ 88.4217306, 27.9106357 ], [ 88.4216927, 27.9106106 ], [ 88.4217142, 27.910564 ], [ 88.421811, 27.9105448 ], [ 88.4218377, 27.9104741 ], [ 88.4218143, 27.9104062 ], [ 88.4217009, 27.9103723 ], [ 88.4215907, 27.9102205 ], [ 88.4215273, 27.9102293 ], [ 88.4214656, 27.9102868 ], [ 88.4214089, 27.910362 ], [ 88.4213438, 27.9104814 ], [ 88.4212554, 27.9105537 ], [ 88.4211186, 27.9105817 ], [ 88.4210352, 27.9105684 ], [ 88.4210035, 27.9105345 ], [ 88.4210185, 27.9104785 ], [ 88.4210986, 27.9104003 ], [ 88.4209718, 27.9102912 ], [ 88.4208216, 27.9102824 ], [ 88.420568, 27.9102765 ], [ 88.4204763, 27.9101733 ], [ 88.4204464, 27.9100125 ], [ 88.4205245, 27.9099635 ], [ 88.4206046, 27.9097802 ], [ 88.4206518, 27.9097639 ], [ 88.420734, 27.9098383 ], [ 88.4208675, 27.9098982 ], [ 88.4210585, 27.9099 ], [ 88.4210442, 27.9096604 ], [ 88.4209866, 27.9094462 ], [ 88.4207237, 27.9094988 ], [ 88.4205019, 27.9093464 ], [ 88.4203317, 27.9093351 ], [ 88.4202811, 27.9093838 ], [ 88.4201864, 27.9094324 ], [ 88.4200817, 27.9093799 ], [ 88.4199335, 27.9092311 ], [ 88.4198555, 27.9091529 ], [ 88.4195527, 27.9090005 ], [ 88.4194032, 27.9088752 ], [ 88.4189663, 27.9087228 ], [ 88.4188934, 27.908611 ], [ 88.418353, 27.9083027 ], [ 88.417985, 27.9079877 ] ] } },
{ "type": "Feature", "properties": { "element": "way", "id": 1215119139, "name": null, "waterway": "stream" }, "geometry": { "type": "LineString", "coordinates": [ [ 88.4295452, 27.909604 ], [ 88.4294593, 27.9096704 ], [ 88.4292608, 27.9097794 ], [ 88.4290785, 27.9098221 ], [ 88.4289604, 27.9098695 ], [ 88.4288585, 27.9099738 ], [ 88.4287673, 27.9101255 ], [ 88.4286547, 27.9102724 ], [ 88.4284347, 27.9103862 ], [ 88.4282041, 27.9105237 ], [ 88.4280109, 27.9106706 ], [ 88.4277749, 27.9106943 ], [ 88.4275351, 27.9107305 ], [ 88.4275085, 27.910759 ], [ 88.4274503, 27.9107478 ], [ 88.4273933, 27.9107734 ], [ 88.4272928, 27.9108349 ], [ 88.4272669, 27.9108282 ], [ 88.4271695, 27.9107907 ], [ 88.4270434, 27.9109258 ], [ 88.4269664, 27.9109285 ], [ 88.4269352, 27.9109031 ], [ 88.4268621, 27.9108817 ], [ 88.4267873, 27.910813 ], [ 88.4265616, 27.9108329 ], [ 88.4265317, 27.91091 ], [ 88.4264727, 27.9109795 ], [ 88.426478, 27.9110301 ], [ 88.4264124, 27.9110801 ], [ 88.4262898, 27.9110857 ], [ 88.4262721, 27.9111655 ], [ 88.4262443, 27.9111728 ], [ 88.4261848, 27.91117 ], [ 88.4261437, 27.9111376 ], [ 88.4260195, 27.9111992 ], [ 88.4259394, 27.9111815 ], [ 88.4258855, 27.9112577 ], [ 88.4258193, 27.911285 ], [ 88.425771, 27.9112555 ], [ 88.4257412, 27.9112459 ], [ 88.4256996, 27.9112487 ], [ 88.4256809, 27.9112991 ], [ 88.4256397, 27.9113143 ], [ 88.4256014, 27.9113211 ], [ 88.4255755, 27.9113135 ], [ 88.4255429, 27.911283 ], [ 88.4254586, 27.9112898 ], [ 88.4254222, 27.9113219 ], [ 88.4253762, 27.9113329 ], [ 88.4252524, 27.9113095 ], [ 88.425124, 27.9112957 ], [ 88.4251165, 27.9112436 ], [ 88.4250233, 27.9112269 ], [ 88.4250103, 27.9111935 ], [ 88.4250894, 27.911132 ], [ 88.4250304, 27.9111008 ], [ 88.425028, 27.9110809 ], [ 88.4249962, 27.9110507 ], [ 88.4249242, 27.9110518 ], [ 88.42489, 27.9110236 ], [ 88.4249053, 27.9109913 ], [ 88.4248735, 27.9109579 ], [ 88.4248003, 27.9109777 ], [ 88.4247774, 27.9109641 ] ] } },
{ "type": "Feature", "properties": { "element": "way", "id": 1215119143, "name": null, "waterway": "stream" }, "geometry": { "type": "LineString", "coordinates": [ [ 88.4476629, 27.8814239 ], [ 88.4477752, 27.8814963 ], [ 88.4478307, 27.881488 ], [ 88.4479368, 27.8815609 ], [ 88.4480253, 27.8815828 ], [ 88.4480985, 27.8815672 ], [ 88.4481457, 27.8815547 ] ] } },
{ "type": "Feature", "properties": { "element": "way", "id": 1215121671, "name": null, "waterway": "river" }, "geometry": { "type": "LineString", "coordinates": [ [ 88.5216248, 27.9021952 ], [ 88.5217557, 27.9022829 ], [ 88.521873, 27.90233 ], [ 88.5219389, 27.9023539 ], [ 88.5220147, 27.9023946 ], [ 88.5220526, 27.9024472 ], [ 88.522074, 27.9024975 ], [ 88.5221133, 27.9025705 ], [ 88.5221335, 27.902657 ], [ 88.5221632, 27.9027036 ], [ 88.5221949, 27.9027664 ], [ 88.5222151, 27.9028029 ], [ 88.5222122, 27.9028682 ], [ 88.5222213, 27.9029323 ], [ 88.5222522, 27.9029779 ], [ 88.5223246, 27.9030113 ], [ 88.5223995, 27.9029952 ], [ 88.5224398, 27.9029629 ], [ 88.5224839, 27.9029245 ], [ 88.5225242, 27.9028817 ], [ 88.5225506, 27.902855 ], [ 88.5225978, 27.9028778 ], [ 88.5226287, 27.9028856 ], [ 88.5226709, 27.9028689 ], [ 88.5227005, 27.9028416 ], [ 88.5227407, 27.9028257 ], [ 88.5227747, 27.9027914 ], [ 88.5227908, 27.9027582 ], [ 88.5228098, 27.9027335 ], [ 88.5228576, 27.902734 ], [ 88.522916, 27.9027398 ], [ 88.5229506, 27.9027045 ], [ 88.5230121, 27.9026296 ], [ 88.5229912, 27.9025611 ], [ 88.522909, 27.9024864 ], [ 88.5228939, 27.9024221 ], [ 88.5229272, 27.902331 ], [ 88.5229712, 27.9022641 ], [ 88.5230107, 27.9022479 ], [ 88.5230878, 27.9022529 ], [ 88.5231536, 27.9022747 ], [ 88.5232244, 27.9023194 ], [ 88.5232819, 27.9023451 ], [ 88.5233331, 27.9023423 ], [ 88.5233736, 27.90235 ], [ 88.523439, 27.9023738 ], [ 88.523504, 27.9024023 ], [ 88.523559, 27.9024147 ], [ 88.5236042, 27.9024032 ], [ 88.5236608, 27.9024208 ], [ 88.5237248, 27.9024493 ], [ 88.5237773, 27.9024488 ], [ 88.5237965, 27.9025073 ], [ 88.5237752, 27.902605 ], [ 88.5237385, 27.9026823 ], [ 88.5237476, 27.902819 ], [ 88.523736, 27.9029404 ], [ 88.5236847, 27.9030166 ], [ 88.5237476, 27.9030639 ], [ 88.52385, 27.9030639 ], [ 88.5238896, 27.9030227 ], [ 88.5239734, 27.9029363 ], [ 88.5240503, 27.9028849 ], [ 88.523999, 27.9027717 ], [ 88.5240247, 27.9026462 ], [ 88.5240898, 27.9025701 ], [ 88.5241783, 27.9025824 ], [ 88.5242412, 27.9025145 ], [ 88.5243716, 27.9025125 ], [ 88.5245508, 27.9025557 ], [ 88.5246253, 27.9026174 ], [ 88.5246486, 27.9027923 ], [ 88.5247697, 27.9029055 ], [ 88.5248558, 27.9029651 ], [ 88.5249722, 27.9029651 ], [ 88.5250793, 27.9029466 ], [ 88.5251911, 27.902961 ], [ 88.5252772, 27.9029631 ] ] } },
{ "type": "Feature", "properties": { "element": "way", "id": 1215121672, "name": null, "waterway": "river" }, "geometry": { "type": "LineString", "coordinates": [ [ 88.5252772, 27.9029631 ], [ 88.5253483, 27.9029579 ], [ 88.5253548, 27.9028752 ], [ 88.5252911, 27.9027769 ], [ 88.5252645, 27.9026842 ], [ 88.5252605, 27.9026123 ], [ 88.5252185, 27.902536 ], [ 88.5252226, 27.9024548 ], [ 88.5252709, 27.9024149 ], [ 88.525333, 27.9024006 ], [ 88.5254008, 27.9024071 ], [ 88.5254475, 27.9023999 ], [ 88.5255064, 27.9024113 ], [ 88.5255749, 27.9024505 ], [ 88.5256152, 27.9024933 ], [ 88.525687, 27.9025075 ], [ 88.5257534, 27.9024764 ], [ 88.5257802, 27.9024639 ], [ 88.525803, 27.9024173 ], [ 88.5258204, 27.9023971 ], [ 88.5258414, 27.9023727 ], [ 88.525845, 27.9023282 ], [ 88.5258594, 27.9022805 ], [ 88.5258882, 27.9022466 ], [ 88.5259337, 27.9022339 ], [ 88.5259961, 27.9021873 ], [ 88.5260897, 27.9021682 ], [ 88.5261255, 27.902206 ], [ 88.526152, 27.9022339 ], [ 88.5262156, 27.9022869 ], [ 88.5262923, 27.9022646 ], [ 88.5263499, 27.9022212 ], [ 88.5263411, 27.9021461 ], [ 88.5263094, 27.9020742 ], [ 88.5262777, 27.9020209 ], [ 88.5262861, 27.9019452 ], [ 88.5263379, 27.9019218 ], [ 88.5263876, 27.9019069 ], [ 88.5264691, 27.9019144 ], [ 88.5265441, 27.9019415 ], [ 88.5265674, 27.9020181 ], [ 88.5265558, 27.9021031 ], [ 88.5266012, 27.9021508 ], [ 88.5266594, 27.9021863 ], [ 88.5267123, 27.9021854 ], [ 88.5267525, 27.902134 ], [ 88.5268241, 27.902107 ], [ 88.5268704, 27.9020637 ], [ 88.5268857, 27.9020523 ], [ 88.5269177, 27.9020287 ], [ 88.5269534, 27.9020066 ], [ 88.5269773, 27.9019524 ], [ 88.5270152, 27.901913 ], [ 88.5270584, 27.9018922 ], [ 88.5270885, 27.9018078 ], [ 88.5271407, 27.9017166 ], [ 88.5272244, 27.9016865 ], [ 88.5272911, 27.9017212 ], [ 88.527346, 27.9018228 ], [ 88.5274545, 27.9018275 ], [ 88.5275566, 27.901784 ], [ 88.5275886, 27.9016753 ], [ 88.5276009, 27.9016264 ], [ 88.5276759, 27.9016003 ], [ 88.5277435, 27.9016362 ], [ 88.5277866, 27.9016894 ], [ 88.5277976, 27.9017709 ], [ 88.5278357, 27.9018405 ], [ 88.5278087, 27.9019067 ], [ 88.5278161, 27.9020491 ], [ 88.5278708, 27.9021316 ], [ 88.5280353, 27.9021581 ], [ 88.5281938, 27.9020979 ], [ 88.5283041, 27.90205 ], [ 88.5283949, 27.9020336 ], [ 88.5284764, 27.9020058 ], [ 88.528545, 27.9019679 ], [ 88.5285993, 27.901954 ], [ 88.5286608, 27.9019198 ], [ 88.5287337, 27.9019653 ], [ 88.5287676, 27.9019812 ] ] } },
{ "type": "Feature", "properties": { "element": "way", "id": 1215121673, "name": null, "waterway": "river" }, "geometry": { "type": "LineString", "coordinates": [ [ 88.5287676, 27.9019812 ], [ 88.5288928, 27.9019043 ], [ 88.529073, 27.9017992 ], [ 88.5292447, 27.9016504 ], [ 88.5293841, 27.9014927 ], [ 88.5296238, 27.9014912 ], [ 88.5298244, 27.9015963 ], [ 88.5299842, 27.9015152 ], [ 88.5300913, 27.9014611 ], [ 88.5301933, 27.9014927 ], [ 88.5303029, 27.9015499 ], [ 88.5304386, 27.9016272 ], [ 88.5305407, 27.9016575 ], [ 88.5306454, 27.9016655 ], [ 88.5307819, 27.9017103 ], [ 88.5308612, 27.9017478 ], [ 88.5309656, 27.9017179 ], [ 88.5310374, 27.9016853 ], [ 88.531112, 27.9017204 ], [ 88.5310787, 27.9017236 ] ] } },
{ "type": "Feature", "properties": { "element": "way", "id": 1215121674, "name": null, "waterway": "river" }, "geometry": { "type": "LineString", "coordinates": [ [ 88.5258204, 27.9023971 ], [ 88.5259324, 27.9025902 ], [ 88.5259162, 27.9027106 ], [ 88.5259671, 27.9027574 ], [ 88.525994, 27.9027822 ], [ 88.5261253, 27.9027292 ], [ 88.5261819, 27.9027404 ], [ 88.5262777, 27.9027593 ], [ 88.5263572, 27.902712 ], [ 88.5264123, 27.9024957 ], [ 88.5264577, 27.9023352 ], [ 88.5265485, 27.9022249 ], [ 88.5266506, 27.9022693 ], [ 88.5267512, 27.9023452 ], [ 88.5268776, 27.9023509 ], [ 88.5269846, 27.9023137 ], [ 88.5269911, 27.9022177 ], [ 88.5269068, 27.9021217 ], [ 88.5268857, 27.9020523 ] ] } },
{ "type": "Feature", "properties": { "element": "way", "id": 1215121675, "name": null, "waterway": "river" }, "geometry": { "type": "LineString", "coordinates": [ [ 88.5261819, 27.9027404 ], [ 88.5261078, 27.902633 ], [ 88.526084, 27.9025774 ], [ 88.5260751, 27.9025119 ], [ 88.5261337, 27.9024189 ], [ 88.5262159, 27.9023429 ], [ 88.5262804, 27.9022846 ], [ 88.5262923, 27.9022646 ] ] } },
{ "type": "Feature", "properties": { "element": "way", "id": 1215121676, "name": null, "waterway": "river" }, "geometry": { "type": "LineString", "coordinates": [ [ 88.5257534, 27.9024764 ], [ 88.5256259, 27.9023616 ], [ 88.525564, 27.9022822 ], [ 88.5255351, 27.9021746 ], [ 88.5255279, 27.9020515 ], [ 88.5255299, 27.9020177 ], [ 88.5256269, 27.9019885 ], [ 88.5256765, 27.9020068 ], [ 88.5257157, 27.902056 ], [ 88.5257673, 27.9020524 ], [ 88.5258468, 27.9019903 ], [ 88.5259273, 27.902004 ], [ 88.5259572, 27.9020934 ], [ 88.5260522, 27.902129 ], [ 88.5261079, 27.9021591 ], [ 88.5261255, 27.902206 ] ] } },
{ "type": "Feature", "properties": { "element": "way", "id": 1215121677, "name": null, "waterway": "stream" }, "geometry": { "type": "LineString", "coordinates": [ [ 88.5186994, 27.9026973 ], [ 88.5187786, 27.9027098 ], [ 88.5188511, 27.9027113 ], [ 88.5189327, 27.9027584 ], [ 88.5190086, 27.9027606 ], [ 88.5190636, 27.9027356 ], [ 88.5191294, 27.9027393 ], [ 88.5191677, 27.9027547 ], [ 88.519316, 27.9028077 ], [ 88.5193952, 27.9028829 ], [ 88.5194293, 27.9029359 ], [ 88.5194677, 27.9029727 ], [ 88.5195068, 27.9030139 ], [ 88.5195018, 27.9030529 ], [ 88.5195885, 27.9030846 ], [ 88.5196414, 27.9031019 ], [ 88.5196956, 27.9030817 ], [ 88.5197792, 27.9031129 ], [ 88.5198542, 27.9031797 ], [ 88.5199769, 27.9031825 ], [ 88.5200197, 27.9032044 ], [ 88.5200575, 27.9031836 ], [ 88.5201064, 27.9032055 ], [ 88.5201783, 27.9032027 ], [ 88.5202248, 27.9031885 ], [ 88.520254, 27.9032062 ], [ 88.5202987, 27.903194 ], [ 88.5203244, 27.903252 ], [ 88.5203828, 27.9032715 ], [ 88.5204418, 27.9032794 ], [ 88.5205021, 27.903281 ], [ 88.5205825, 27.9033037 ], [ 88.520719, 27.9033247 ], [ 88.5208214, 27.9033598 ], [ 88.520917, 27.9034151 ], [ 88.5210104, 27.9034445 ], [ 88.5211606, 27.9034924 ], [ 88.5211828, 27.9035315 ], [ 88.5212222, 27.9035315 ], [ 88.5212998, 27.9035642 ], [ 88.5213712, 27.9035511 ], [ 88.5214524, 27.9036295 ], [ 88.5215632, 27.9037404 ], [ 88.5216798, 27.9038126 ], [ 88.5217445, 27.90393 ], [ 88.5217856, 27.9039788 ], [ 88.5218173, 27.90401 ], [ 88.521882, 27.9039653 ], [ 88.5219043, 27.9039975 ], [ 88.521956, 27.9039726 ], [ 88.5220089, 27.9040131 ], [ 88.5220785, 27.9040643 ], [ 88.5221509, 27.9040906 ], [ 88.522186, 27.9040798 ], [ 88.5222238, 27.9041169 ], [ 88.5222679, 27.9041165 ], [ 88.5223238, 27.9040873 ], [ 88.5223408, 27.9040934 ], [ 88.5223467, 27.9040713 ], [ 88.5223371, 27.9039876 ], [ 88.522352, 27.903943 ], [ 88.5223922, 27.903926 ], [ 88.5224429, 27.9039536 ], [ 88.5224558, 27.9039606 ], [ 88.5224688, 27.9039666 ], [ 88.5224739, 27.9039405 ], [ 88.5225109, 27.903945 ], [ 88.5225109, 27.9039285 ], [ 88.5225478, 27.9039285 ], [ 88.5225728, 27.9039385 ], [ 88.5226, 27.903935 ], [ 88.5226222, 27.9039109 ], [ 88.5226421, 27.9038933 ], [ 88.5226603, 27.9038881 ], [ 88.5226682, 27.9038858 ], [ 88.5226751, 27.9038908 ], [ 88.5226949, 27.9039049 ], [ 88.522725, 27.9039004 ], [ 88.522754, 27.9039129 ], [ 88.5227715, 27.9039101 ], [ 88.5228074, 27.9039044 ], [ 88.5228505, 27.9039064 ], [ 88.5228755, 27.903941 ], [ 88.5228987, 27.9039682 ], [ 88.522922, 27.9039935 ], [ 88.5229398, 27.9040103 ], [ 88.5229333, 27.9040252 ], [ 88.5229596, 27.9040076 ], [ 88.522983, 27.9040076 ], [ 88.5230007, 27.9039923 ], [ 88.5230055, 27.9039705 ], [ 88.522996, 27.9039507 ], [ 88.5229873, 27.9039335 ], [ 88.522996, 27.9039239 ], [ 88.5230254, 27.9039241 ], [ 88.5230583, 27.9039312 ], [ 88.5230788, 27.9039229 ], [ 88.5230917, 27.9039119 ], [ 88.5231001, 27.903906 ], [ 88.5231074, 27.9038961 ], [ 88.523102, 27.9038816 ], [ 88.5230956, 27.903866 ], [ 88.5231096, 27.9038538 ], [ 88.5231628, 27.9038492 ], [ 88.523198, 27.9038307 ], [ 88.5232159, 27.903809 ], [ 88.5232497, 27.9037747 ], [ 88.5232712, 27.9038031 ], [ 88.5232881, 27.9038113 ], [ 88.5233295, 27.9038018 ], [ 88.5233633, 27.9037674 ], [ 88.5233875, 27.9037671 ], [ 88.523411, 27.9037819 ], [ 88.5234271, 27.9037851 ], [ 88.5234503, 27.9038027 ], [ 88.5234816, 27.9038215 ], [ 88.5234922, 27.9038312 ], [ 88.5235054, 27.9038563 ], [ 88.5235235, 27.9038697 ], [ 88.5235451, 27.9038927 ], [ 88.5235895, 27.9039343 ], [ 88.5236276, 27.9039549 ], [ 88.5236733, 27.9039639 ], [ 88.5237114, 27.9039639 ], [ 88.5237617, 27.9039861 ], [ 88.5238213, 27.9039812 ], [ 88.5238455, 27.9039713 ], [ 88.5238595, 27.9039499 ], [ 88.5238688, 27.903922 ], [ 88.5238771, 27.9039154 ], [ 88.5239125, 27.9039335 ], [ 88.5239516, 27.9039475 ], [ 88.5239842, 27.9039754 ], [ 88.5240005, 27.9039953 ], [ 88.5240312, 27.9040039 ], [ 88.5240603, 27.9040135 ], [ 88.524066, 27.9040017 ], [ 88.5240959, 27.9039814 ], [ 88.5241423, 27.9039553 ], [ 88.5241839, 27.9039367 ], [ 88.5242172, 27.9039205 ], [ 88.5242245, 27.9039154 ], [ 88.5242493, 27.9039181 ], [ 88.5242884, 27.9039066 ], [ 88.5243068, 27.9038876 ], [ 88.5243201, 27.9038742 ], [ 88.5243277, 27.9038666 ], [ 88.5243718, 27.9038645 ], [ 88.5243984, 27.9038746 ], [ 88.5244083, 27.9038964 ], [ 88.5244226, 27.9039015 ], [ 88.524439, 27.9039176 ], [ 88.5244511, 27.9039446 ], [ 88.5244654, 27.9039691 ], [ 88.524487, 27.9039826 ], [ 88.5245139, 27.9039921 ], [ 88.5245215, 27.904002 ], [ 88.5245489, 27.9040108 ], [ 88.524569, 27.9040282 ], [ 88.5245592, 27.904048 ], [ 88.5245843, 27.904073 ], [ 88.5246022, 27.9041106 ], [ 88.5246426, 27.9041225 ], [ 88.5246609, 27.9041054 ], [ 88.5246615, 27.9040878 ], [ 88.5246615, 27.9040759 ], [ 88.5246765, 27.9040488 ], [ 88.5247062, 27.9040311 ], [ 88.5247315, 27.9040392 ], [ 88.5247579, 27.9040388 ], [ 88.5247843, 27.9040549 ], [ 88.5248182, 27.9040668 ], [ 88.5248514, 27.9040983 ], [ 88.5248685, 27.904125 ], [ 88.5249046, 27.9041384 ], [ 88.5249342, 27.9041639 ], [ 88.5249565, 27.904208 ], [ 88.5249972, 27.9042202 ], [ 88.5250423, 27.9041785 ], [ 88.5250675, 27.9041527 ], [ 88.525106, 27.9041328 ], [ 88.5251458, 27.9041527 ], [ 88.525159, 27.9041152 ], [ 88.5252028, 27.9040777 ], [ 88.5252359, 27.90408 ], [ 88.5252602, 27.9040613 ], [ 88.5252768, 27.9040601 ], [ 88.5252989, 27.9040364 ], [ 88.5253102, 27.9039985 ], [ 88.5253303, 27.9039616 ], [ 88.525341, 27.9039332 ], [ 88.5253303, 27.9038885 ], [ 88.5253028, 27.9038466 ], [ 88.5253196, 27.9038141 ], [ 88.5253089, 27.9037654 ], [ 88.5253854, 27.9037356 ], [ 88.5253854, 27.9037032 ] ] } },
{ "type": "Feature", "properties": { "element": "way", "id": 1215122354, "name": null, "waterway": "stream" }, "geometry": { "type": "LineString", "coordinates": [ [ 88.6385668, 27.6323925 ], [ 88.6391898, 27.6332387 ], [ 88.6395775, 27.6337405 ], [ 88.6399347, 27.6343991 ], [ 88.6402307, 27.6350385 ], [ 88.6405049, 27.6356556 ], [ 88.6406096, 27.6360392 ], [ 88.641135, 27.6367702 ], [ 88.6415688, 27.63748 ], [ 88.6428396, 27.6376609 ], [ 88.643295, 27.6379617 ] ] } },
{ "type": "Feature", "properties": { "element": "way", "id": 1215122576, "name": null, "waterway": "stream" }, "geometry": { "type": "LineString", "coordinates": [ [ 88.6601434, 27.6395926 ], [ 88.6602426, 27.6393354 ], [ 88.6606442, 27.6392046 ], [ 88.6610048, 27.6390074 ], [ 88.661254, 27.6384908 ], [ 88.6613532, 27.6381586 ], [ 88.6614548, 27.6380642 ], [ 88.6613556, 27.6377834 ], [ 88.6613338, 27.6376077 ], [ 88.6613774, 27.6374233 ], [ 88.6615371, 27.6372197 ], [ 88.6614911, 27.6370032 ], [ 88.6614621, 27.6367502 ], [ 88.6614209, 27.6366195 ], [ 88.6614185, 27.6362808 ], [ 88.6614597, 27.6360986 ], [ 88.6615056, 27.6358435 ], [ 88.6615613, 27.6356763 ], [ 88.6616048, 27.6355113 ], [ 88.6616677, 27.6353205 ], [ 88.6615806, 27.6350718 ], [ 88.6615322, 27.6349346 ], [ 88.6615153, 27.6347117 ], [ 88.6616509, 27.6344945 ], [ 88.6616816, 27.6342816 ], [ 88.6616942, 27.6340896 ], [ 88.661678, 27.6339247 ], [ 88.6616653, 27.6337983 ], [ 88.6617285, 27.6336415 ], [ 88.6617014, 27.6335055 ], [ 88.6616563, 27.6332606 ], [ 88.6616454, 27.6331198 ], [ 88.6616165, 27.6330397 ], [ 88.6616888, 27.6328797 ], [ 88.6616093, 27.6327373 ], [ 88.661808, 27.63259 ], [ 88.6619543, 27.6324332 ], [ 88.6622325, 27.6323228 ], [ 88.662312, 27.6322028 ], [ 88.6623102, 27.6321659 ], [ 88.6623825, 27.6319771 ], [ 88.6624511, 27.6317659 ], [ 88.6624511, 27.6316186 ], [ 88.6626751, 27.6312953 ], [ 88.6626895, 27.6311945 ], [ 88.6624782, 27.6308616 ] ] } },
{ "type": "Feature", "properties": { "element": "way", "id": 1215122577, "name": null, "waterway": "stream" }, "geometry": { "type": "LineString", "coordinates": [ [ 88.6624782, 27.6308616 ], [ 88.6626814, 27.6307085 ], [ 88.6626877, 27.6304744 ], [ 88.6630211, 27.6302069 ], [ 88.6631658, 27.6300676 ], [ 88.6633293, 27.6298948 ], [ 88.663235, 27.6296218 ], [ 88.6633042, 27.6290143 ], [ 88.6635118, 27.6287858 ], [ 88.6637319, 27.6285462 ], [ 88.6637319, 27.6283623 ], [ 88.6639018, 27.6280836 ], [ 88.6641911, 27.6279276 ], [ 88.6643169, 27.6273814 ], [ 88.6644113, 27.6270359 ], [ 88.664449, 27.6267126 ], [ 88.6645056, 27.6264451 ], [ 88.6646692, 27.6262166 ], [ 88.6651724, 27.6258376 ], [ 88.6655121, 27.6257429 ], [ 88.6656505, 27.6256203 ], [ 88.6658266, 27.6255311 ], [ 88.6659776, 27.6253472 ], [ 88.6660216, 27.6252023 ], [ 88.6661663, 27.6250518 ], [ 88.6665451, 27.6250548 ], [ 88.666867, 27.6249217 ], [ 88.6670494, 27.6247411 ], [ 88.6671245, 27.624494 ], [ 88.6672103, 27.6242753 ], [ 88.6673605, 27.6241517 ], [ 88.6675537, 27.6240187 ], [ 88.6677118, 27.6238502 ] ] } },
{ "type": "Feature", "properties": { "element": "way", "id": 1215122578, "name": null, "waterway": "stream" }, "geometry": { "type": "LineString", "coordinates": [ [ 88.6660729, 27.644799 ], [ 88.6660528, 27.6443669 ], [ 88.6661767, 27.6441473 ], [ 88.6664055, 27.6436743 ], [ 88.6658335, 27.643024 ], [ 88.6656047, 27.6426861 ], [ 88.6656047, 27.6424074 ], [ 88.6656333, 27.642154 ], [ 88.6655475, 27.6418669 ], [ 88.6652999, 27.6415684 ], [ 88.6652042, 27.641453 ], [ 88.6649659, 27.6412587 ], [ 88.6646703, 27.6410983 ], [ 88.6645464, 27.6408449 ], [ 88.6643938, 27.6405915 ], [ 88.6643461, 27.6403466 ], [ 88.6641745, 27.6398313 ], [ 88.6639743, 27.6394259 ], [ 88.6641173, 27.6391725 ], [ 88.6640887, 27.6389445 ], [ 88.6640124, 27.6387164 ], [ 88.6640124, 27.6385813 ], [ 88.6639552, 27.6381167 ], [ 88.6640601, 27.6377535 ], [ 88.6641268, 27.637441 ], [ 88.6642222, 27.6371792 ], [ 88.664184, 27.6369427 ], [ 88.6642508, 27.6366217 ], [ 88.6642222, 27.636343 ], [ 88.6639743, 27.636267 ], [ 88.6639552, 27.636022 ], [ 88.6639171, 27.6358869 ], [ 88.6638079, 27.6356817 ], [ 88.6639302, 27.6355405 ], [ 88.6639644, 27.6354044 ], [ 88.6640412, 27.6353061 ], [ 88.6640497, 27.6351246 ], [ 88.6639644, 27.6349633 ], [ 88.6641038, 27.6347389 ], [ 88.6641977, 27.6345776 ], [ 88.6643115, 27.6344868 ], [ 88.6644395, 27.6342927 ], [ 88.6644395, 27.634197 ], [ 88.6644964, 27.6340936 ], [ 88.6645249, 27.6340331 ], [ 88.6646159, 27.6339398 ], [ 88.6646074, 27.6338314 ], [ 88.6646245, 27.6337357 ], [ 88.6646245, 27.6336273 ], [ 88.6646302, 27.6334432 ], [ 88.664559, 27.6332668 ], [ 88.6645078, 27.6330928 ], [ 88.6643371, 27.6329114 ], [ 88.664192, 27.6328004 ], [ 88.6641635, 27.632682 ], [ 88.6643172, 27.6324778 ], [ 88.6644196, 27.6322459 ], [ 88.6644765, 27.632087 ], [ 88.6644936, 27.631956 ], [ 88.6644936, 27.6317493 ], [ 88.6646074, 27.6315299 ], [ 88.664633, 27.6313484 ], [ 88.6646216, 27.6311644 ], [ 88.6645846, 27.631056 ], [ 88.6645647, 27.6309048 ], [ 88.6646159, 27.6307913 ], [ 88.6647241, 27.6306199 ], [ 88.6648066, 27.630388 ], [ 88.6649375, 27.6302569 ], [ 88.6650484, 27.6301157 ], [ 88.6652106, 27.6299872 ], [ 88.6654696, 27.6297023 ], [ 88.6656687, 27.6296443 ], [ 88.6656545, 27.6295133 ], [ 88.6657683, 27.6293469 ], [ 88.665848, 27.6292133 ], [ 88.6659447, 27.6290141 ], [ 88.666454, 27.6290797 ], [ 88.6666817, 27.6290948 ], [ 88.6668069, 27.6291225 ], [ 88.6668922, 27.6288603 ], [ 88.6670857, 27.6286133 ], [ 88.6670914, 27.628457 ], [ 88.6671796, 27.6281999 ], [ 88.6672564, 27.6281116 ], [ 88.6674015, 27.6280562 ], [ 88.6674357, 27.6278167 ], [ 88.6673503, 27.6277385 ], [ 88.667228, 27.6276327 ], [ 88.6672451, 27.6274688 ], [ 88.6673731, 27.6273226 ], [ 88.6674613, 27.6271612 ], [ 88.6676491, 27.6271033 ], [ 88.667871, 27.6269142 ], [ 88.6680474, 27.6268234 ], [ 88.6681613, 27.6267327 ], [ 88.6685283, 27.6265789 ], [ 88.6685454, 27.6264579 ], [ 88.6685255, 27.6262739 ], [ 88.6685312, 27.6261579 ], [ 88.6686137, 27.6259764 ], [ 88.6689551, 27.6257419 ], [ 88.668921, 27.6256613 ], [ 88.6688641, 27.6254697 ], [ 88.6688015, 27.6253739 ], [ 88.6689238, 27.6251596 ], [ 88.6688868, 27.6247638 ], [ 88.6689494, 27.6245873 ], [ 88.6689494, 27.6244235 ], [ 88.6689536, 27.6243461 ], [ 88.6689124, 27.6241991 ], [ 88.6688145, 27.6241775 ] ] } },
{ "type": "Feature", "properties": { "element": "way", "id": 1215122579, "name": null, "waterway": "stream" }, "geometry": { "type": "LineString", "coordinates": [ [ 88.6578976, 27.644723 ], [ 88.6579119, 27.644324 ], [ 88.6581794, 27.6440694 ], [ 88.6583875, 27.6439466 ], [ 88.6586649, 27.6434463 ], [ 88.6587937, 27.6428406 ], [ 88.6589027, 27.6425773 ], [ 88.6591207, 27.642235 ], [ 88.6592396, 27.6417611 ], [ 88.659091, 27.6412871 ], [ 88.6597251, 27.6403918 ], [ 88.6601434, 27.6395926 ] ] } },
{ "type": "Feature", "properties": { "element": "way", "id": 1215122580, "name": null, "waterway": "stream" }, "geometry": { "type": "LineString", "coordinates": [ [ 88.6643778, 27.644856 ], [ 88.6642432, 27.644482 ] ] } },
{ "type": "Feature", "properties": { "element": "way", "id": 1215122581, "name": null, "waterway": "stream" }, "geometry": { "type": "LineString", "coordinates": [ [ 88.6642432, 27.644482 ], [ 88.663946, 27.6439641 ], [ 88.6640847, 27.6434814 ], [ 88.6644612, 27.6426827 ], [ 88.6646792, 27.6421911 ], [ 88.6648773, 27.6419805 ], [ 88.6652043, 27.6417172 ], [ 88.6652999, 27.6415684 ] ] } },
{ "type": "Feature", "properties": { "element": "way", "id": 1215122594, "name": null, "waterway": "stream" }, "geometry": { "type": "LineString", "coordinates": [ [ 88.7354726, 27.7487758 ], [ 88.735228, 27.7487222 ], [ 88.7350472, 27.7486808 ], [ 88.7349498, 27.7486014 ], [ 88.7347804, 27.7485208 ], [ 88.7346211, 27.7484839 ], [ 88.7344087, 27.748523 ], [ 88.7343341, 27.7485387 ], [ 88.7342418, 27.7485689 ], [ 88.7338195, 27.748532 ], [ 88.7336134, 27.7485376 ], [ 88.7334743, 27.7485589 ], [ 88.7333757, 27.7485555 ], [ 88.7332593, 27.7485454 ], [ 88.733124, 27.7484772 ], [ 88.7329205, 27.7484436 ], [ 88.7327915, 27.7484369 ], [ 88.7326739, 27.7485365 ], [ 88.7324236, 27.7485678 ], [ 88.7323515, 27.748494 ], [ 88.7321934, 27.7485119 ], [ 88.7321024, 27.7485689 ], [ 88.7319937, 27.7485454 ], [ 88.7319431, 27.7485074 ], [ 88.7319203, 27.7484548 ], [ 88.731804, 27.748447 ], [ 88.7317597, 27.7484235 ], [ 88.7316902, 27.7484134 ], [ 88.731675, 27.7484772 ], [ 88.7316181, 27.7484593 ], [ 88.7315713, 27.7485107 ], [ 88.731431, 27.7484503 ], [ 88.7312881, 27.7484727 ], [ 88.7312198, 27.7483395 ], [ 88.7311291, 27.7482922 ], [ 88.7310925, 27.7482474 ], [ 88.7309331, 27.7482452 ], [ 88.730851, 27.7481758 ], [ 88.7307498, 27.7481534 ], [ 88.7305412, 27.7481792 ], [ 88.7304514, 27.7481109 ], [ 88.7302946, 27.7480975 ], [ 88.7301985, 27.7481154 ], [ 88.7301543, 27.7481781 ], [ 88.7300771, 27.7482127 ], [ 88.7300342, 27.7483414 ], [ 88.7299659, 27.7484298 ], [ 88.7298078, 27.7484287 ], [ 88.7297443, 27.7484455 ], [ 88.7296849, 27.7485182 ], [ 88.7295863, 27.748507 ], [ 88.7295281, 27.7485361 ], [ 88.729456, 27.7485865 ], [ 88.7294497, 27.7486424 ], [ 88.7294029, 27.7486615 ], [ 88.7293841, 27.7487029 ], [ 88.729331, 27.7487141 ], [ 88.7292614, 27.7486805 ], [ 88.7291084, 27.7486917 ], [ 88.7289605, 27.7487073 ], [ 88.7288871, 27.7486727 ], [ 88.7288012, 27.7486917 ], [ 88.7287493, 27.7486727 ], [ 88.7286874, 27.7487219 ], [ 88.7286494, 27.7487364 ], [ 88.7286166, 27.7487846 ], [ 88.7286014, 27.7488371 ], [ 88.7286052, 27.7488886 ], [ 88.7285509, 27.7489546 ], [ 88.7285041, 27.7489759 ], [ 88.7284978, 27.7490408 ], [ 88.7284333, 27.7490632 ], [ 88.7284143, 27.7491572 ], [ 88.728341, 27.7492064 ], [ 88.7283372, 27.7492635 ], [ 88.7282778, 27.7492512 ], [ 88.7282702, 27.7493284 ], [ 88.7282196, 27.7494022 ], [ 88.7281708, 27.7493776 ], [ 88.7281708, 27.7494537 ], [ 88.7280873, 27.7494649 ], [ 88.7280064, 27.7496025 ], [ 88.7279849, 27.7495723 ], [ 88.7279065, 27.7496193 ], [ 88.727861, 27.7496148 ], [ 88.7278472, 27.7496294 ], [ 88.7278005, 27.7496227 ], [ 88.7277752, 27.7496853 ], [ 88.7277094, 27.7497547 ], [ 88.7276386, 27.7497838 ], [ 88.7275931, 27.7498028 ], [ 88.7275071, 27.7497793 ], [ 88.7274237, 27.7497861 ], [ 88.7273617, 27.7498308 ], [ 88.727277, 27.7497905 ], [ 88.7271518, 27.7498532 ], [ 88.7270848, 27.7498286 ], [ 88.7269761, 27.7498845 ], [ 88.7266701, 27.7498599 ], [ 88.7265803, 27.7498129 ], [ 88.7264779, 27.7498588 ], [ 88.7264324, 27.7498275 ], [ 88.7263944, 27.7497402 ], [ 88.7262743, 27.7497816 ], [ 88.7262541, 27.7498219 ], [ 88.725833, 27.7498778 ], [ 88.7257825, 27.7499304 ], [ 88.7256649, 27.7499024 ], [ 88.7255384, 27.7499349 ] ] } },
{ "type": "Feature", "properties": { "element": "way", "id": 1215122597, "name": null, "waterway": "stream" }, "geometry": { "type": "LineString", "coordinates": [ [ 88.7276859, 27.7593119 ], [ 88.7277647, 27.7592296 ], [ 88.7278011, 27.7591974 ], [ 88.7278759, 27.7590312 ], [ 88.727895, 27.7588955 ], [ 88.7279276, 27.7586802 ], [ 88.7279142, 27.758631 ], [ 88.72792, 27.7584275 ], [ 88.7278979, 27.7583752 ], [ 88.7279592, 27.7583131 ], [ 88.7279167, 27.7582484 ], [ 88.7279049, 27.7582046 ], [ 88.7279757, 27.7581962 ], [ 88.7280087, 27.7581524 ], [ 88.7280394, 27.7581002 ], [ 88.7281031, 27.7580605 ], [ 88.7281574, 27.7580396 ], [ 88.728214, 27.7580751 ], [ 88.7282754, 27.7580584 ], [ 88.7283273, 27.7579812 ], [ 88.7283556, 27.7579498 ], [ 88.7284193, 27.7579394 ], [ 88.7285089, 27.7579603 ], [ 88.7285727, 27.7579269 ], [ 88.7286222, 27.7578559 ], [ 88.7287095, 27.7577473 ], [ 88.7286977, 27.7577056 ], [ 88.728752, 27.7576346 ], [ 88.7288298, 27.7575573 ], [ 88.7288015, 27.7574341 ], [ 88.7288957, 27.7574037 ], [ 88.7289502, 27.7573861 ], [ 88.7292569, 27.75729 ], [ 88.7293571, 27.7571549 ] ] } },
{ "type": "Feature", "properties": { "element": "way", "id": 1215122598, "name": null, "waterway": "stream" }, "geometry": { "type": "LineString", "coordinates": [ [ 88.7299225, 27.7582304 ], [ 88.7298742, 27.7581836 ], [ 88.7298649, 27.7581092 ], [ 88.7298478, 27.7580266 ], [ 88.7298151, 27.7580224 ], [ 88.7298228, 27.7579715 ], [ 88.7297341, 27.7578847 ], [ 88.7297388, 27.7579494 ], [ 88.7296298, 27.7579219 ], [ 88.7295893, 27.7578268 ], [ 88.7294804, 27.7577979 ], [ 88.7294742, 27.7576877 ], [ 88.7293979, 27.7577001 ], [ 88.7293683, 27.7577318 ] ] } },
{ "type": "Feature", "properties": { "element": "way", "id": 1215122599, "name": null, "waterway": "stream" }, "geometry": { "type": "LineString", "coordinates": [ [ 88.7293683, 27.7577318 ], [ 88.7293465, 27.7576684 ], [ 88.7292765, 27.7576243 ], [ 88.7291706, 27.7576395 ], [ 88.7291146, 27.7574921 ], [ 88.7290258, 27.7574728 ], [ 88.7289215, 27.7574852 ], [ 88.7288935, 27.7574604 ], [ 88.7288957, 27.7574037 ] ] } },
{ "type": "Feature", "properties": { "element": "way", "id": 1215123062, "name": null, "waterway": "stream" }, "geometry": { "type": "LineString", "coordinates": [ [ 88.7266991, 27.7578052 ], [ 88.7266053, 27.7574603 ], [ 88.726343, 27.7573005 ], [ 88.7260091, 27.7571467 ], [ 88.7257945, 27.7568694 ], [ 88.7256738, 27.7567263 ], [ 88.7256037, 27.7566433 ] ] } },
{ "type": "Feature", "properties": { "element": "way", "id": 1215123996, "name": null, "waterway": "stream" }, "geometry": { "type": "LineString", "coordinates": [ [ 88.5253854, 27.9037032 ], [ 88.5254009, 27.9036997 ], [ 88.5254079, 27.9036594 ], [ 88.5254104, 27.9036134 ], [ 88.5254136, 27.9035882 ], [ 88.525399, 27.9035653 ], [ 88.5253693, 27.9035535 ], [ 88.5253553, 27.9035289 ], [ 88.5253135, 27.9034992 ], [ 88.525292, 27.9034315 ], [ 88.5252647, 27.903418 ], [ 88.5252628, 27.9033928 ], [ 88.5252825, 27.903362 ], [ 88.5253238, 27.9033265 ], [ 88.5253297, 27.9032987 ], [ 88.525327, 27.9032733 ], [ 88.525359, 27.9032641 ], [ 88.5253954, 27.9032641 ], [ 88.5254165, 27.9032689 ], [ 88.5254393, 27.9032445 ], [ 88.5254453, 27.9032191 ], [ 88.5254602, 27.9031896 ], [ 88.5254534, 27.9031597 ], [ 88.525454, 27.9031346 ], [ 88.5254676, 27.9031232 ], [ 88.5254935, 27.9031215 ], [ 88.5255076, 27.9031112 ], [ 88.525528, 27.9031172 ], [ 88.5255495, 27.9030851 ], [ 88.5255877, 27.9030861 ], [ 88.5256155, 27.9031052 ], [ 88.5256358, 27.9031232 ], [ 88.5256561, 27.9031275 ], [ 88.5256783, 27.9031101 ], [ 88.5257116, 27.903139 ], [ 88.5257319, 27.9031471 ], [ 88.5257726, 27.9031477 ], [ 88.5258065, 27.9031428 ], [ 88.5258502, 27.9031575 ], [ 88.5258749, 27.9031482 ], [ 88.5258773, 27.9031221 ], [ 88.5258854, 27.9030987 ], [ 88.5258897, 27.9030605 ], [ 88.5259291, 27.9030306 ], [ 88.5259928, 27.9030032 ], [ 88.5260301, 27.9029943 ], [ 88.5260585, 27.9029625 ], [ 88.5260667, 27.9029474 ], [ 88.5260566, 27.902915 ], [ 88.5260591, 27.9029022 ], [ 88.5260165, 27.9028789 ], [ 88.5259738, 27.9028828 ], [ 88.5259282, 27.9028463 ], [ 88.5259385, 27.9027865 ], [ 88.5259671, 27.9027574 ] ] } },
{ "type": "Feature", "properties": { "element": "way", "id": 1215123997, "name": null, "waterway": "stream" }, "geometry": { "type": "LineString", "coordinates": [ [ 88.5224429, 27.9039536 ], [ 88.5224584, 27.9038868 ], [ 88.5225074, 27.9038441 ], [ 88.5225306, 27.903837 ], [ 88.5225684, 27.9038522 ], [ 88.5226015, 27.9038669 ], [ 88.5226445, 27.9038833 ], [ 88.5226603, 27.9038881 ] ] } },
{ "type": "Feature", "properties": { "element": "way", "id": 1215123998, "name": null, "waterway": "stream" }, "geometry": { "type": "LineString", "coordinates": [ [ 88.5226751, 27.9038908 ], [ 88.5226916, 27.9038669 ], [ 88.5227267, 27.9038657 ], [ 88.5227479, 27.9038716 ], [ 88.5227552, 27.9038733 ], [ 88.5227715, 27.9039101 ] ] } },
{ "type": "Feature", "properties": { "element": "way", "id": 1215123999, "name": null, "waterway": "stream" }, "geometry": { "type": "LineString", "coordinates": [ [ 88.5232881, 27.9038113 ], [ 88.5232949, 27.9038558 ], [ 88.5233113, 27.9038717 ], [ 88.5233288, 27.9038458 ], [ 88.5233295, 27.9038018 ] ] } },
{ "type": "Feature", "properties": { "element": "way", "id": 1215124000, "name": null, "waterway": "stream" }, "geometry": { "type": "LineString", "coordinates": [ [ 88.5278948, 27.8856185 ], [ 88.5280832, 27.8856493 ], [ 88.5283157, 27.8857459 ], [ 88.5285204, 27.8857583 ], [ 88.5287087, 27.8858014 ], [ 88.5288388, 27.8858298 ], [ 88.5289064, 27.8858446 ], [ 88.5291529, 27.8858323 ], [ 88.5294087, 27.8858014 ], [ 88.5295483, 27.8858528 ], [ 88.5297333, 27.8859092 ], [ 88.5299107, 27.8859349 ], [ 88.5301438, 27.8859302 ], [ 88.5303901, 27.8859232 ], [ 88.530594, 27.8859162 ], [ 88.53079, 27.8860356 ], [ 88.5310442, 27.8862088 ], [ 88.5314648, 27.8863921 ], [ 88.5316195, 27.8864953 ], [ 88.5318972, 27.8865484 ], [ 88.5321419, 27.8865218 ], [ 88.5323628, 27.88648 ], [ 88.5325586, 27.8864967 ], [ 88.5326956, 27.8865995 ], [ 88.5327396, 27.8866675 ], [ 88.5328142, 27.886782 ], [ 88.5329315, 27.8868997 ], [ 88.5330439, 27.8869926 ], [ 88.5331783, 27.8870919 ], [ 88.5333078, 27.8871254 ], [ 88.5334483, 27.8871405 ], [ 88.5336511, 27.8871103 ], [ 88.5337843, 27.8870531 ], [ 88.5338625, 27.886985 ], [ 88.5339602, 27.8869105 ], [ 88.5340164, 27.8868468 ], [ 88.5340848, 27.88685 ], [ 88.5341679, 27.8867982 ], [ 88.534218, 27.8867258 ], [ 88.5342803, 27.8867042 ], [ 88.5343168, 27.8866412 ], [ 88.534321, 27.8865859 ], [ 88.5343579, 27.8865169 ], [ 88.5343778, 27.8864654 ], [ 88.534429, 27.8864654 ], [ 88.5344801, 27.8863851 ], [ 88.5345014, 27.8862859 ], [ 88.5344985, 27.8862093 ], [ 88.5344815, 27.8861139 ], [ 88.5344985, 27.8860436 ], [ 88.5345156, 27.8860002 ], [ 88.534527, 27.8859508 ], [ 88.5345041, 27.8858989 ], [ 88.534506, 27.8858677 ], [ 88.5344984, 27.8857862 ], [ 88.5345036, 27.8856064 ], [ 88.5345554, 27.8855355 ], [ 88.5345791, 27.8854968 ], [ 88.5346114, 27.885464 ], [ 88.534722, 27.8854193 ], [ 88.5347193, 27.8853502 ], [ 88.5347759, 27.8853127 ], [ 88.5348554, 27.8852704 ], [ 88.5348635, 27.885215 ], [ 88.5348783, 27.8852198 ], [ 88.5349295, 27.8852108 ], [ 88.5349087, 27.8851465 ] ] } },
{ "type": "Feature", "properties": { "element": "way", "id": 1215124001, "name": null, "waterway": "stream" }, "geometry": { "type": "LineString", "coordinates": [ [ 88.528003, 27.8860453 ], [ 88.5280963, 27.8859909 ], [ 88.5281643, 27.8859521 ], [ 88.5282719, 27.8859298 ], [ 88.5284124, 27.8859075 ], [ 88.5285605, 27.8858716 ], [ 88.5287021, 27.8858415 ], [ 88.5288388, 27.8858298 ] ] } },
{ "type": "Feature", "properties": { "element": "way", "id": 1215124060, "name": null, "waterway": "stream" }, "geometry": { "type": "LineString", "coordinates": [ [ 88.6937894, 27.6421251 ], [ 88.6941771, 27.6420049 ], [ 88.6946441, 27.6417411 ], [ 88.6948839, 27.6415197 ], [ 88.6954386, 27.6411617 ], [ 88.6959413, 27.6409796 ], [ 88.6979265, 27.6400649 ], [ 88.6986857, 27.6398047 ], [ 88.7001569, 27.638268 ], [ 88.700726, 27.6382273 ], [ 88.7009876, 27.6376276 ], [ 88.701282, 27.6373783 ], [ 88.70194, 27.6373437 ], [ 88.7023987, 27.6369889 ], [ 88.7021826, 27.6365749 ], [ 88.702627, 27.6362544 ], [ 88.7028166, 27.6356806 ], [ 88.7034418, 27.6350686 ], [ 88.7036811, 27.6350748 ], [ 88.7041215, 27.634706 ], [ 88.7041435, 27.6345573 ], [ 88.7042879, 27.6343987 ], [ 88.7044964, 27.6343501 ], [ 88.7046406, 27.634137 ], [ 88.7045402, 27.633792 ], [ 88.7042484, 27.6334212 ], [ 88.7042629, 27.6331409 ], [ 88.7041839, 27.632969 ], [ 88.7043192, 27.6327015 ], [ 88.7043407, 27.6325121 ], [ 88.7044784, 27.6322752 ] ] } },
{ "type": "Feature", "properties": { "element": "way", "id": 1215124462, "name": null, "waterway": "river" }, "geometry": { "type": "LineString", "coordinates": [ [ 88.7254467, 27.6120828 ], [ 88.7249244, 27.6106641 ], [ 88.7241773, 27.6099311 ], [ 88.7232281, 27.6091879 ], [ 88.7224809, 27.6079887 ], [ 88.722378, 27.6077624 ], [ 88.7225914, 27.6075091 ], [ 88.7226563, 27.6069551 ], [ 88.7224542, 27.6064112 ], [ 88.7226181, 27.6057558 ], [ 88.7226601, 27.6056815 ] ] } },
{ "type": "Feature", "properties": { "element": "way", "id": 1215124463, "name": null, "waterway": "river" }, "geometry": { "type": "LineString", "coordinates": [ [ 88.7156782, 27.6250105 ], [ 88.7164172, 27.6239232 ], [ 88.7165491, 27.6231164 ], [ 88.7173937, 27.6224851 ], [ 88.7187133, 27.6220758 ], [ 88.7190432, 27.6208131 ], [ 88.7199933, 27.6200765 ], [ 88.7200461, 27.6193282 ], [ 88.7208247, 27.6185915 ], [ 88.7220519, 27.6182875 ], [ 88.7240709, 27.6179952 ], [ 88.7254169, 27.6182174 ] ] } },
{ "type": "Feature", "properties": { "element": "way", "id": 1215124668, "name": null, "waterway": "stream" }, "geometry": { "type": "LineString", "coordinates": [ [ 88.5852115, 27.930043 ], [ 88.5852706, 27.9298972 ], [ 88.5852836, 27.9298345 ], [ 88.5853095, 27.9297752 ], [ 88.5853698, 27.9297135 ], [ 88.5854328, 27.9296377 ], [ 88.5854328, 27.9295252 ], [ 88.5854449, 27.9294185 ], [ 88.5855066, 27.9292337 ], [ 88.5855508, 27.9291412 ], [ 88.5856461, 27.9290512 ], [ 88.5857645, 27.9289841 ] ] } },
{ "type": "Feature", "properties": { "element": "way", "id": 1215124669, "name": null, "waterway": "stream" }, "geometry": { "type": "LineString", "coordinates": [ [ 88.584602, 27.9312112 ], [ 88.5846349, 27.9311188 ], [ 88.5846899, 27.9310477 ], [ 88.5847596, 27.9309861 ], [ 88.5848132, 27.9308854 ], [ 88.5848414, 27.9307989 ], [ 88.584828, 27.9307254 ], [ 88.584879, 27.9306686 ], [ 88.5849433, 27.9306579 ], [ 88.5849581, 27.9306117 ], [ 88.5849474, 27.9305596 ], [ 88.5849782, 27.9304754 ], [ 88.5850131, 27.930415 ], [ 88.5850439, 27.9303273 ], [ 88.5850976, 27.9301792 ], [ 88.5851686, 27.9301164 ], [ 88.5852115, 27.930043 ], [ 88.5852987, 27.9299742 ], [ 88.5853457, 27.929864 ], [ 88.5853778, 27.929819 ], [ 88.5855307, 27.9297846 ], [ 88.585634, 27.9297242 ], [ 88.5857265, 27.9296425 ], [ 88.586157, 27.929236 ], [ 88.5861746, 27.929224 ] ] } },
{ "type": "Feature", "properties": { "element": "way", "id": 1215124674, "name": null, "waterway": "stream" }, "geometry": { "type": "LineString", "coordinates": [ [ 88.5914594, 27.943381 ], [ 88.591491, 27.9431593 ], [ 88.5915412, 27.9429026 ], [ 88.5915439, 27.9425899 ], [ 88.5914092, 27.9422749 ], [ 88.5913167, 27.9419131 ], [ 88.5912586, 27.9416261 ], [ 88.591211, 27.9412364 ], [ 88.5911318, 27.9409284 ], [ 88.5911292, 27.9408864 ], [ 88.5911477, 27.9408164 ], [ 88.5910763, 27.9407557 ], [ 88.5910156, 27.9406623 ], [ 88.5909416, 27.9404126 ], [ 88.5908386, 27.9402936 ], [ 88.5907329, 27.9401023 ], [ 88.5906405, 27.9399576 ], [ 88.5904218, 27.9399375 ], [ 88.5901836, 27.9397872 ], [ 88.5901259, 27.9397379 ], [ 88.5900466, 27.9397379 ], [ 88.5899745, 27.9397379 ], [ 88.5898844, 27.9396981 ], [ 88.5898448, 27.9396487 ], [ 88.5897871, 27.9395914 ], [ 88.5897511, 27.9395564 ], [ 88.5897096, 27.9395564 ], [ 88.5896501, 27.9395357 ], [ 88.5895925, 27.9395468 ], [ 88.5895258, 27.9395197 ], [ 88.5894087, 27.9394768 ], [ 88.5893528, 27.9394815 ], [ 88.5892825, 27.9394274 ], [ 88.589196, 27.9393589 ], [ 88.5891437, 27.9393462 ], [ 88.589059, 27.9393812 ], [ 88.5889761, 27.9394067 ], [ 88.588895, 27.9393765 ], [ 88.5888248, 27.9394035 ], [ 88.5887509, 27.9393398 ], [ 88.5886809, 27.9392032 ], [ 88.5887398, 27.9391902 ], [ 88.5887914, 27.9391446 ], [ 88.5887251, 27.9391153 ], [ 88.5886477, 27.9391251 ], [ 88.5886551, 27.9390177 ], [ 88.5887067, 27.9389819 ], [ 88.5887067, 27.9389494 ], [ 88.5886735, 27.9388778 ], [ 88.5886698, 27.9387314 ], [ 88.5886514, 27.9386598 ], [ 88.5887288, 27.9386858 ], [ 88.588773, 27.9386337 ], [ 88.5887914, 27.9385134 ], [ 88.5888245, 27.938432 ], [ 88.5887914, 27.9383376 ], [ 88.5887914, 27.9382465 ], [ 88.5887251, 27.9381391 ], [ 88.5886477, 27.9380545 ], [ 88.5885962, 27.9379602 ], [ 88.5885115, 27.9379081 ], [ 88.588482, 27.937817 ], [ 88.5885041, 27.9377877 ], [ 88.5884525, 27.9377617 ], [ 88.588401, 27.9377552 ], [ 88.5883715, 27.9377064 ], [ 88.5884599, 27.9376348 ], [ 88.588482, 27.9375307 ], [ 88.5885814, 27.9373842 ], [ 88.5885925, 27.9372931 ], [ 88.5885446, 27.9372215 ], [ 88.5884157, 27.9371857 ], [ 88.5884341, 27.9370914 ], [ 88.5885225, 27.9369905 ], [ 88.5885336, 27.9368994 ], [ 88.5885225, 27.9367204 ], [ 88.5884709, 27.936613 ], [ 88.5884231, 27.9364699 ], [ 88.5883678, 27.9363397 ], [ 88.5882389, 27.9362161 ], [ 88.5881395, 27.9361542 ], [ 88.5880326, 27.9361575 ], [ 88.5879148, 27.9362356 ], [ 88.5877012, 27.9362584 ], [ 88.5875391, 27.9362584 ], [ 88.5873734, 27.9361965 ], [ 88.5872002, 27.9361184 ], [ 88.5870124, 27.9360436 ], [ 88.5869461, 27.9358939 ], [ 88.586784, 27.9357507 ], [ 88.5866551, 27.9355815 ], [ 88.5866183, 27.9354156 ], [ 88.5865225, 27.9352041 ], [ 88.5865078, 27.9350349 ], [ 88.5864268, 27.934908 ], [ 88.5862721, 27.9348136 ], [ 88.5860578, 27.9347581 ], [ 88.5859559, 27.934642 ], [ 88.5857064, 27.9346183 ], [ 88.5853202, 27.9344998 ], [ 88.5851029, 27.9342344 ], [ 88.5848535, 27.9339951 ], [ 88.584832, 27.9339145 ], [ 88.5847113, 27.9338505 ], [ 88.5846738, 27.9337243 ], [ 88.5845772, 27.9335739 ], [ 88.5845879, 27.9335111 ], [ 88.5845303, 27.9334506 ], [ 88.5845437, 27.9333985 ], [ 88.584533, 27.9333298 ], [ 88.5845155, 27.9332706 ], [ 88.584478, 27.9331971 ], [ 88.5844592, 27.9331414 ], [ 88.5844337, 27.9330798 ], [ 88.5844216, 27.9329968 ], [ 88.5844029, 27.9327978 ], [ 88.5844699, 27.9326165 ], [ 88.584541, 27.9324554 ], [ 88.584549, 27.9323416 ], [ 88.5845517, 27.932299 ], [ 88.5845987, 27.9321888 ], [ 88.5846148, 27.9320478 ], [ 88.5846027, 27.9319269 ], [ 88.5845343, 27.9318013 ], [ 88.5845893, 27.9317148 ], [ 88.5846107, 27.9316757 ], [ 88.5846282, 27.9315371 ], [ 88.5846094, 27.9314032 ], [ 88.5846027, 27.9312314 ], [ 88.584602, 27.9312112 ], [ 88.5845987, 27.9311141 ], [ 88.584663, 27.9309909 ], [ 88.5847019, 27.9308854 ], [ 88.5847448, 27.9307515 ], [ 88.5847261, 27.9306129 ], [ 88.5846282, 27.9304719 ], [ 88.5844713, 27.9302764 ], [ 88.5845169, 27.9302017 ], [ 88.5844833, 27.9301531 ], [ 88.5844042, 27.9300915 ], [ 88.5843237, 27.9300643 ], [ 88.5842674, 27.9299825 ], [ 88.584191, 27.9299126 ], [ 88.5841212, 27.9298451 ], [ 88.584089, 27.9297787 ], [ 88.5840209, 27.92971 ], [ 88.5839402, 27.9296579 ], [ 88.5838503, 27.9295797 ], [ 88.5836894, 27.9294849 ], [ 88.583676, 27.929447 ], [ 88.5836478, 27.9293522 ], [ 88.5835955, 27.9292965 ], [ 88.5834815, 27.9292585 ], [ 88.5834145, 27.9291875 ], [ 88.5834319, 27.9290962 ], [ 88.5834788, 27.9290607 ], [ 88.5834869, 27.9290239 ], [ 88.5834923, 27.9289813 ], [ 88.5834882, 27.9289327 ], [ 88.5834882, 27.9288735 ], [ 88.5834212, 27.9288189 ], [ 88.5834037, 27.9287585 ], [ 88.5834306, 27.9287348 ], [ 88.5834386, 27.9287005 ], [ 88.5834413, 27.928646 ], [ 88.5834453, 27.9285215 ], [ 88.583448, 27.9284611 ], [ 88.5833997, 27.9284161 ], [ 88.5833503, 27.9283541 ] ] } },
{ "type": "Feature", "properties": { "element": "way", "id": 1215124679, "name": null, "waterway": "stream" }, "geometry": { "type": "LineString", "coordinates": [ [ 88.5487899, 27.9134914 ], [ 88.549144, 27.9129936 ], [ 88.549675, 27.9123963 ], [ 88.5499969, 27.9120029 ], [ 88.5503885, 27.9112871 ], [ 88.5505655, 27.9108557 ], [ 88.5507157, 27.9104433 ], [ 88.5507426, 27.9100024 ], [ 88.5507426, 27.9096042 ], [ 88.5509196, 27.9090638 ], [ 88.5510591, 27.9086988 ], [ 88.5512522, 27.9080446 ], [ 88.5514668, 27.9074331 ], [ 88.551971, 27.9071676 ], [ 88.5521802, 27.9070823 ], [ 88.5522285, 27.9069258 ], [ 88.5523358, 27.9062764 ], [ 88.5522607, 27.9061768 ], [ 88.5521749, 27.9059161 ], [ 88.5520577, 27.9057653 ], [ 88.5520247, 27.905717 ], [ 88.5518744, 27.9055131 ], [ 88.5518047, 27.9051434 ], [ 88.5517725, 27.9048352 ], [ 88.5518798, 27.9045271 ], [ 88.5518959, 27.9042189 ], [ 88.5519603, 27.9039013 ], [ 88.5520461, 27.9037164 ], [ 88.5522178, 27.9036121 ], [ 88.5521588, 27.9033466 ], [ 88.552148, 27.9029863 ], [ 88.5523903, 27.9027918 ] ] } },
{ "type": "Feature", "properties": { "element": "way", "id": 1215124681, "name": null, "waterway": "stream" }, "geometry": { "type": "LineString", "coordinates": [ [ 88.5547015, 27.9075563 ], [ 88.5547873, 27.9073667 ], [ 88.5548732, 27.9070728 ], [ 88.5550126, 27.906978 ], [ 88.555043, 27.906941 ], [ 88.5551736, 27.9067362 ], [ 88.5552701, 27.9062764 ], [ 88.5551476, 27.905392 ] ] } },
{ "type": "Feature", "properties": { "element": "way", "id": 1215124682, "name": null, "waterway": "stream" }, "geometry": { "type": "LineString", "coordinates": [ [ 88.5234524, 27.8788834 ], [ 88.5238924, 27.8792516 ], [ 88.5240702, 27.8792475 ], [ 88.5243417, 27.8791896 ], [ 88.5245055, 27.8791813 ], [ 88.524777, 27.8792972 ], [ 88.5250532, 27.8794544 ], [ 88.5251655, 27.8796075 ], [ 88.5254276, 27.8796902 ], [ 88.5255914, 27.8797771 ], [ 88.5257272, 27.879835 ], [ 88.5260501, 27.8799467 ], [ 88.5264995, 27.8797978 ], [ 88.5266446, 27.8797192 ], [ 88.5269207, 27.8797936 ], [ 88.5269863, 27.8799012 ], [ 88.527108, 27.8799922 ], [ 88.5272811, 27.8800419 ], [ 88.5273373, 27.880137 ], [ 88.5275713, 27.8802736 ], [ 88.527679, 27.8803315 ], [ 88.5279739, 27.8803729 ], [ 88.5281705, 27.8803025 ], [ 88.5284185, 27.8801164 ], [ 88.5286479, 27.8800874 ], [ 88.5287193, 27.8800942 ], [ 88.5290411, 27.8801246 ], [ 88.5292096, 27.8801246 ], [ 88.5292985, 27.8801122 ], [ 88.5293921, 27.880075 ], [ 88.5296683, 27.8798929 ], [ 88.5297201, 27.8798551 ], [ 88.5297759, 27.8798143 ], [ 88.5298789, 27.8798143 ], [ 88.5300474, 27.8798061 ], [ 88.5302112, 27.8796778 ], [ 88.5303516, 27.8796695 ], [ 88.5307916, 27.8797316 ], [ 88.531124, 27.8797192 ], [ 88.5316716, 27.8798392 ], [ 88.5318729, 27.8799302 ], [ 88.5321677, 27.8800295 ], [ 88.5325562, 27.8800336 ], [ 88.5328698, 27.8801453 ], [ 88.5332771, 27.880137 ], [ 88.5335438, 27.8800419 ], [ 88.5342787, 27.880046 ], [ 88.5350557, 27.8800957 ], [ 88.5355518, 27.8803522 ], [ 88.5359284, 27.8804649 ], [ 88.5362352, 27.8804887 ], [ 88.5364927, 27.8804101 ], [ 88.536692, 27.880393 ] ] } },
{ "type": "Feature", "properties": { "element": "way", "id": 1215124684, "name": null, "waterway": "stream" }, "geometry": { "type": "LineString", "coordinates": [ [ 88.5287193, 27.8800942 ], [ 88.52891, 27.8800667 ], [ 88.5290223, 27.8800377 ], [ 88.5291721, 27.8799716 ], [ 88.5292751, 27.8798805 ], [ 88.5294857, 27.8798474 ], [ 88.5295653, 27.8798061 ], [ 88.5297064, 27.8798116 ], [ 88.5297759, 27.8798143 ] ] } },
{ "type": "Feature", "properties": { "element": "way", "id": 1215124689, "name": null, "waterway": "stream" }, "geometry": { "type": "LineString", "coordinates": [ [ 88.5142921, 27.8934982 ], [ 88.5143893, 27.8934479 ], [ 88.5145616, 27.8934901 ], [ 88.5146806, 27.8934806 ], [ 88.5146806, 27.8933857 ], [ 88.5147986, 27.8931771 ], [ 88.5149917, 27.8930064 ], [ 88.515099, 27.8930064 ], [ 88.5153029, 27.892978 ], [ 88.5155925, 27.8929306 ], [ 88.5158393, 27.8929021 ], [ 88.5160217, 27.8928642 ], [ 88.5161934, 27.8928642 ], [ 88.5164079, 27.8928263 ], [ 88.5166654, 27.8928263 ], [ 88.5170302, 27.8928263 ], [ 88.5174164, 27.8928168 ], [ 88.5176739, 27.8928168 ], [ 88.5178349, 27.8927883 ], [ 88.5180709, 27.8925797 ], [ 88.5182747, 27.8925892 ], [ 88.5183498, 27.8926556 ], [ 88.5186288, 27.892722 ], [ 88.5187146, 27.8926651 ], [ 88.5190794, 27.8924185 ], [ 88.5192725, 27.8923711 ], [ 88.5196373, 27.892153 ], [ 88.5197446, 27.8920582 ], [ 88.5202381, 27.8920866 ], [ 88.5205063, 27.8920866 ], [ 88.5206458, 27.8919823 ], [ 88.5208497, 27.8917832 ], [ 88.5209999, 27.8916505 ], [ 88.5214827, 27.8917358 ], [ 88.5217294, 27.891916 ], [ 88.5221371, 27.8920392 ], [ 88.5225588, 27.8920321 ], [ 88.5228345, 27.8918022 ], [ 88.5237786, 27.8915461 ], [ 88.5242936, 27.891366 ], [ 88.5246155, 27.891366 ], [ 88.5246799, 27.8912712 ], [ 88.524873, 27.8911953 ], [ 88.5251627, 27.8911953 ], [ 88.5254309, 27.8911953 ], [ 88.5257527, 27.891366 ], [ 88.5258278, 27.8911953 ], [ 88.5260746, 27.8910056 ], [ 88.5264823, 27.8909962 ], [ 88.5267505, 27.8911194 ], [ 88.5268364, 27.8913755 ], [ 88.5275337, 27.8918401 ], [ 88.5279736, 27.8918496 ], [ 88.5284242, 27.891916 ], [ 88.5291431, 27.8921056 ], [ 88.5308382, 27.8927125 ], [ 88.5317502, 27.8933383 ], [ 88.5327801, 27.8933763 ], [ 88.5334489, 27.8933439 ] ] } },
{ "type": "Feature", "properties": { "element": "way", "id": 1215589125, "name": null, "waterway": "stream" }, "geometry": { "type": "LineString", "coordinates": [ [ 88.6175993, 27.5461152 ], [ 88.6177229, 27.5458258 ], [ 88.6176379, 27.5456171 ], [ 88.6177671, 27.5454602 ], [ 88.6175441, 27.5451951 ], [ 88.6175388, 27.5450288 ], [ 88.617799, 27.5448185 ], [ 88.6180343, 27.5442537 ], [ 88.6180521, 27.5442212 ] ] } },
{ "type": "Feature", "properties": { "element": "way", "id": 1215790252, "name": null, "waterway": "stream" }, "geometry": { "type": "LineString", "coordinates": [ [ 88.6179674, 27.5475658 ], [ 88.6173666, 27.5469332 ], [ 88.6173505, 27.5467287 ], [ 88.6176241, 27.5462816 ], [ 88.6175993, 27.5461152 ] ] } },
{ "type": "Feature", "properties": { "element": "way", "id": 1219625375, "name": null, "waterway": "stream" }, "geometry": { "type": "LineString", "coordinates": [ [ 88.4634536, 27.9612154 ], [ 88.4634081, 27.9611349 ], [ 88.4633705, 27.9607771 ], [ 88.4633142, 27.960571 ], [ 88.4631398, 27.960526 ], [ 88.4629333, 27.9605449 ], [ 88.4628421, 27.9605236 ], [ 88.462759, 27.9605331 ], [ 88.4626999, 27.9605781 ], [ 88.4626463, 27.96059 ], [ 88.4625417, 27.9605544 ], [ 88.4625953, 27.9604715 ], [ 88.4625792, 27.9604241 ], [ 88.462531, 27.9604004 ], [ 88.46248, 27.960417 ], [ 88.4624746, 27.9605118 ], [ 88.462421, 27.9605141 ], [ 88.4623513, 27.9604407 ], [ 88.4622467, 27.9604004 ], [ 88.4622279, 27.960353 ], [ 88.4622601, 27.960263 ], [ 88.4622413, 27.9602156 ], [ 88.4621635, 27.9601446 ], [ 88.4622011, 27.9600545 ], [ 88.4621581, 27.9600166 ], [ 88.4620026, 27.959974 ], [ 88.4618363, 27.9600474 ], [ 88.46167, 27.9600451 ], [ 88.4614581, 27.9599574 ], [ 88.4613723, 27.9598318 ], [ 88.4612569, 27.9598366 ], [ 88.461096, 27.9597892 ], [ 88.4610262, 27.95973 ], [ 88.4610611, 27.9596423 ], [ 88.461049, 27.9595985 ], [ 88.4609257, 27.9595381 ], [ 88.4608921, 27.959493 ], [ 88.4608063, 27.9594599 ], [ 88.4607393, 27.9593485 ], [ 88.4606481, 27.9592917 ], [ 88.4607553, 27.9592147 ], [ 88.4607553, 27.959191 ], [ 88.4607393, 27.9591708 ], [ 88.4606333, 27.9591791 ], [ 88.4606159, 27.959159 ], [ 88.4606186, 27.9590595 ], [ 88.4605944, 27.9590465 ], [ 88.4605381, 27.9590986 ], [ 88.4605327, 27.9592775 ], [ 88.4603932, 27.9592597 ], [ 88.4603409, 27.9592715 ], [ 88.4602967, 27.9593059 ], [ 88.4602699, 27.9594007 ], [ 88.4602202, 27.9594172 ], [ 88.4601679, 27.9593935 ], [ 88.4601425, 27.9593509 ], [ 88.4601492, 27.9592502 ], [ 88.4602109, 27.9591519 ], [ 88.4602176, 27.9591057 ], [ 88.4601492, 27.9590595 ], [ 88.4599949, 27.9590003 ], [ 88.459948, 27.9589399 ], [ 88.459897, 27.9589185 ], [ 88.4598729, 27.9590133 ], [ 88.4599158, 27.9591081 ], [ 88.4599158, 27.959159 ], [ 88.4598595, 27.9592419 ], [ 88.4598836, 27.9592857 ], [ 88.4598716, 27.9594101 ], [ 88.4598353, 27.9594824 ], [ 88.4597871, 27.9595061 ], [ 88.4596604, 27.9594406 ] ] } },
{ "type": "Feature", "properties": { "element": "way", "id": 1219625376, "name": null, "waterway": "stream" }, "geometry": { "type": "LineString", "coordinates": [ [ 88.4523547, 27.9577482 ], [ 88.4522568, 27.9577813 ] ] } },
{ "type": "Feature", "properties": { "element": "way", "id": 1219625377, "name": null, "waterway": "stream" }, "geometry": { "type": "LineString", "coordinates": [ [ 88.4522568, 27.9577813 ], [ 88.4520985, 27.9577233 ], [ 88.4519537, 27.9577114 ], [ 88.4516291, 27.9577328 ], [ 88.4514923, 27.9576498 ], [ 88.4510565, 27.9572139 ], [ 88.4509049, 27.957067 ], [ 88.4508647, 27.9569651 ], [ 88.4508178, 27.9569261 ], [ 88.4507024, 27.9569367 ], [ 88.450445, 27.9568604 ] ] } },
{ "type": "Feature", "properties": { "element": "way", "id": 1219625378, "name": null, "waterway": "stream" }, "geometry": { "type": "LineString", "coordinates": [ [ 88.4625377, 27.9618527 ], [ 88.4623674, 27.9617591 ], [ 88.4623754, 27.9616643 ], [ 88.4623057, 27.9616276 ], [ 88.4623231, 27.9615838 ], [ 88.4622413, 27.9615696 ], [ 88.4622359, 27.9615234 ], [ 88.4622896, 27.9614393 ], [ 88.4622158, 27.9614037 ], [ 88.4621957, 27.9613327 ], [ 88.4620415, 27.9612663 ], [ 88.4621219, 27.9612071 ], [ 88.4620696, 27.9611502 ], [ 88.4620616, 27.9611266 ], [ 88.4620938, 27.9610875 ], [ 88.4620589, 27.9610484 ], [ 88.4619167, 27.9610211 ], [ 88.4618443, 27.9609453 ], [ 88.4616834, 27.96086 ], [ 88.4615761, 27.9608885 ], [ 88.4614205, 27.9608435 ], [ 88.4612542, 27.9608766 ], [ 88.461155, 27.9608387 ], [ 88.4609887, 27.9608577 ], [ 88.460978, 27.9607629 ], [ 88.4608144, 27.9607629 ], [ 88.4607178, 27.9607132 ], [ 88.4606802, 27.9606776 ], [ 88.4606749, 27.9606326 ], [ 88.4606212, 27.960616 ], [ 88.4605917, 27.9605757 ], [ 88.4605515, 27.9604857 ], [ 88.4604415, 27.9604691 ], [ 88.4603825, 27.9603365 ], [ 88.4603342, 27.9603057 ], [ 88.4601036, 27.9602891 ], [ 88.4600472, 27.9601564 ], [ 88.4599319, 27.9601635 ], [ 88.4598407, 27.9601114 ], [ 88.4597871, 27.960109 ], [ 88.4597495, 27.960019 ], [ 88.4596395, 27.9600427 ], [ 88.45961, 27.9600048 ], [ 88.4595859, 27.9599053 ], [ 88.4595162, 27.9598709 ], [ 88.4595269, 27.9598354 ], [ 88.4595041, 27.9597454 ], [ 88.4594759, 27.9597229 ], [ 88.4595403, 27.9595677 ], [ 88.4596422, 27.9595179 ], [ 88.4596604, 27.9594406 ], [ 88.4596717, 27.9593924 ], [ 88.4597911, 27.9592869 ], [ 88.4597656, 27.9592289 ], [ 88.4596811, 27.9592135 ], [ 88.4596556, 27.9591697 ], [ 88.4596717, 27.9591223 ], [ 88.459724, 27.9591069 ], [ 88.4597173, 27.9590133 ], [ 88.459665, 27.9590038 ], [ 88.4596181, 27.9590583 ], [ 88.4594679, 27.9589505 ], [ 88.459492, 27.9589091 ], [ 88.4596342, 27.958864 ], [ 88.4596503, 27.9588167 ], [ 88.4596288, 27.9586283 ], [ 88.459594, 27.9585963 ], [ 88.4593995, 27.9586425 ], [ 88.4593512, 27.95862 ], [ 88.4593526, 27.9585715 ], [ 88.4592882, 27.9585229 ], [ 88.4592359, 27.9584092 ], [ 88.4592533, 27.9582919 ], [ 88.4592278, 27.9581971 ], [ 88.4592627, 27.9581154 ], [ 88.4592453, 27.9580704 ], [ 88.4592198, 27.9580597 ], [ 88.459024, 27.9581083 ], [ 88.4590334, 27.9582895 ], [ 88.4590133, 27.9583061 ], [ 88.4588443, 27.958312 ], [ 88.4588027, 27.9583452 ], [ 88.4587973, 27.9583938 ], [ 88.4588376, 27.9584826 ], [ 88.4588094, 27.9585501 ], [ 88.4586042, 27.9584992 ], [ 88.4585425, 27.9586342 ], [ 88.4584124, 27.9585892 ], [ 88.4583239, 27.9584921 ], [ 88.4582314, 27.9584459 ], [ 88.4582019, 27.9584483 ], [ 88.4581764, 27.9584945 ], [ 88.4582153, 27.9586094 ], [ 88.4581684, 27.9586674 ], [ 88.4580879, 27.9586591 ], [ 88.4580396, 27.9585726 ], [ 88.4579699, 27.9585335 ], [ 88.4578934, 27.9585774 ], [ 88.4578398, 27.9586425 ], [ 88.457699, 27.958633 ], [ 88.4576775, 27.958588 ], [ 88.4576923, 27.9585146 ], [ 88.4578894, 27.958344 ], [ 88.4578921, 27.9583203 ], [ 88.4578492, 27.958254 ], [ 88.457817, 27.9581379 ], [ 88.4576789, 27.9580514 ], [ 88.4575836, 27.9580408 ], [ 88.4575206, 27.9580905 ], [ 88.4575206, 27.9581142 ], [ 88.4575957, 27.9581865 ], [ 88.4575944, 27.958235 ], [ 88.4575635, 27.9582789 ], [ 88.4573986, 27.9582753 ], [ 88.4572604, 27.9583653 ], [ 88.4572028, 27.9583582 ], [ 88.4571733, 27.9582872 ], [ 88.4571236, 27.9582611 ], [ 88.4571142, 27.9581663 ], [ 88.4570955, 27.9581486 ], [ 88.4569801, 27.9581403 ], [ 88.4566583, 27.9581983 ], [ 88.456382, 27.9581166 ], [ 88.4562238, 27.9581521 ], [ 88.4558456, 27.9581734 ], [ 88.4557825, 27.9582812 ], [ 88.4555197, 27.9583322 ], [ 88.4551951, 27.9583179 ], [ 88.4544575, 27.9585478 ], [ 88.4543422, 27.9584589 ], [ 88.4542537, 27.9583511 ], [ 88.4541196, 27.9583049 ], [ 88.4540552, 27.9582564 ], [ 88.4540485, 27.9582066 ], [ 88.4540807, 27.9581355 ], [ 88.4540619, 27.958113 ], [ 88.453614, 27.9578678 ], [ 88.4536019, 27.9577979 ], [ 88.4536636, 27.9576913 ], [ 88.4536475, 27.9575977 ], [ 88.4535737, 27.9575586 ], [ 88.4534329, 27.9575432 ], [ 88.4533605, 27.9576605 ], [ 88.4532545, 27.9576925 ], [ 88.4532398, 27.957625 ], [ 88.4533176, 27.9575243 ], [ 88.4533162, 27.9574733 ], [ 88.4532706, 27.9573869 ], [ 88.453158, 27.9573122 ], [ 88.4530386, 27.9573075 ], [ 88.4525827, 27.9575681 ], [ 88.4523855, 27.9577221 ], [ 88.4523547, 27.9577482 ] ] } },
{ "type": "Feature", "properties": { "element": "way", "id": 1219625378, "name": null, "waterway": "stream" }, "geometry": { "type": "LineString", "coordinates": [ [ 88.4625377, 27.9618527 ], [ 88.4623674, 27.9617591 ], [ 88.4623754, 27.9616643 ], [ 88.4623057, 27.9616276 ], [ 88.4623231, 27.9615838 ], [ 88.4622413, 27.9615696 ], [ 88.4622359, 27.9615234 ], [ 88.4622896, 27.9614393 ], [ 88.4622158, 27.9614037 ], [ 88.4621957, 27.9613327 ], [ 88.4620415, 27.9612663 ], [ 88.4621219, 27.9612071 ], [ 88.4620696, 27.9611502 ], [ 88.4620616, 27.9611266 ], [ 88.4620938, 27.9610875 ], [ 88.4620589, 27.9610484 ], [ 88.4619167, 27.9610211 ], [ 88.4618443, 27.9609453 ], [ 88.4616834, 27.96086 ], [ 88.4615761, 27.9608885 ], [ 88.4614205, 27.9608435 ], [ 88.4612542, 27.9608766 ], [ 88.461155, 27.9608387 ], [ 88.4609887, 27.9608577 ], [ 88.460978, 27.9607629 ], [ 88.4608144, 27.9607629 ], [ 88.4607178, 27.9607132 ], [ 88.4606802, 27.9606776 ], [ 88.4606749, 27.9606326 ], [ 88.4606212, 27.960616 ], [ 88.4605917, 27.9605757 ], [ 88.4605515, 27.9604857 ], [ 88.4604415, 27.9604691 ], [ 88.4603825, 27.9603365 ], [ 88.4603342, 27.9603057 ], [ 88.4601036, 27.9602891 ], [ 88.4600472, 27.9601564 ], [ 88.4599319, 27.9601635 ], [ 88.4598407, 27.9601114 ], [ 88.4597871, 27.960109 ], [ 88.4597495, 27.960019 ], [ 88.4596395, 27.9600427 ], [ 88.45961, 27.9600048 ], [ 88.4595859, 27.9599053 ], [ 88.4595162, 27.9598709 ], [ 88.4595269, 27.9598354 ], [ 88.4595041, 27.9597454 ], [ 88.4594759, 27.9597229 ], [ 88.4595403, 27.9595677 ], [ 88.4596422, 27.9595179 ], [ 88.4596604, 27.9594406 ], [ 88.4596717, 27.9593924 ], [ 88.4597911, 27.9592869 ], [ 88.4597656, 27.9592289 ], [ 88.4596811, 27.9592135 ], [ 88.4596556, 27.9591697 ], [ 88.4596717, 27.9591223 ], [ 88.459724, 27.9591069 ], [ 88.4597173, 27.9590133 ], [ 88.459665, 27.9590038 ], [ 88.4596181, 27.9590583 ], [ 88.4594679, 27.9589505 ], [ 88.459492, 27.9589091 ], [ 88.4596342, 27.958864 ], [ 88.4596503, 27.9588167 ], [ 88.4596288, 27.9586283 ], [ 88.459594, 27.9585963 ], [ 88.4593995, 27.9586425 ], [ 88.4593512, 27.95862 ], [ 88.4593526, 27.9585715 ], [ 88.4592882, 27.9585229 ], [ 88.4592359, 27.9584092 ], [ 88.4592533, 27.9582919 ], [ 88.4592278, 27.9581971 ], [ 88.4592627, 27.9581154 ], [ 88.4592453, 27.9580704 ], [ 88.4592198, 27.9580597 ], [ 88.459024, 27.9581083 ], [ 88.4590334, 27.9582895 ], [ 88.4590133, 27.9583061 ], [ 88.4588443, 27.958312 ], [ 88.4588027, 27.9583452 ], [ 88.4587973, 27.9583938 ], [ 88.4588376, 27.9584826 ], [ 88.4588094, 27.9585501 ], [ 88.4586042, 27.9584992 ], [ 88.4585425, 27.9586342 ], [ 88.4584124, 27.9585892 ], [ 88.4583239, 27.9584921 ], [ 88.4582314, 27.9584459 ], [ 88.4582019, 27.9584483 ], [ 88.4581764, 27.9584945 ], [ 88.4582153, 27.9586094 ], [ 88.4581684, 27.9586674 ], [ 88.4580879, 27.9586591 ], [ 88.4580396, 27.9585726 ], [ 88.4579699, 27.9585335 ], [ 88.4578934, 27.9585774 ], [ 88.4578398, 27.9586425 ], [ 88.457699, 27.958633 ], [ 88.4576775, 27.958588 ], [ 88.4576923, 27.9585146 ], [ 88.4578894, 27.958344 ], [ 88.4578921, 27.9583203 ], [ 88.4578492, 27.958254 ], [ 88.457817, 27.9581379 ], [ 88.4576789, 27.9580514 ], [ 88.4575836, 27.9580408 ], [ 88.4575206, 27.9580905 ], [ 88.4575206, 27.9581142 ], [ 88.4575957, 27.9581865 ], [ 88.4575944, 27.958235 ], [ 88.4575635, 27.9582789 ], [ 88.4573986, 27.9582753 ], [ 88.4572604, 27.9583653 ], [ 88.4572028, 27.9583582 ], [ 88.4571733, 27.9582872 ], [ 88.4571236, 27.9582611 ], [ 88.4571142, 27.9581663 ], [ 88.4570955, 27.9581486 ], [ 88.4569801, 27.9581403 ], [ 88.4566583, 27.9581983 ], [ 88.456382, 27.9581166 ], [ 88.4562238, 27.9581521 ], [ 88.4558456, 27.9581734 ], [ 88.4557825, 27.9582812 ], [ 88.4555197, 27.9583322 ], [ 88.4551951, 27.9583179 ], [ 88.4544575, 27.9585478 ], [ 88.4543422, 27.9584589 ], [ 88.4542537, 27.9583511 ], [ 88.4541196, 27.9583049 ], [ 88.4540552, 27.9582564 ], [ 88.4540485, 27.9582066 ], [ 88.4540807, 27.9581355 ], [ 88.4540619, 27.958113 ], [ 88.453614, 27.9578678 ], [ 88.4536019, 27.9577979 ], [ 88.4536636, 27.9576913 ], [ 88.4536475, 27.9575977 ], [ 88.4535737, 27.9575586 ], [ 88.4534329, 27.9575432 ], [ 88.4533605, 27.9576605 ], [ 88.4532545, 27.9576925 ], [ 88.4532398, 27.957625 ], [ 88.4533176, 27.9575243 ], [ 88.4533162, 27.9574733 ], [ 88.4532706, 27.9573869 ], [ 88.453158, 27.9573122 ], [ 88.4530386, 27.9573075 ], [ 88.4525827, 27.9575681 ], [ 88.4523855, 27.9577221 ], [ 88.4523547, 27.9577482 ] ] } },
{ "type": "Feature", "properties": { "element": "way", "id": 1219723411, "name": null, "waterway": "stream" }, "geometry": { "type": "LineString", "coordinates": [ [ 88.4238696, 27.9161646 ], [ 88.4240198, 27.9161457 ] ] } },
{ "type": "Feature", "properties": { "element": "way", "id": 1219723412, "name": null, "waterway": "stream" }, "geometry": { "type": "LineString", "coordinates": [ [ 88.4226399, 27.9161503 ], [ 88.4228182, 27.916122 ], [ 88.4229952, 27.9161267 ], [ 88.423081, 27.9161409 ], [ 88.423183, 27.9161836 ], [ 88.4232688, 27.9162168 ], [ 88.4233975, 27.9162642 ], [ 88.4235209, 27.9162831 ], [ 88.4236389, 27.9162926 ], [ 88.423773, 27.9162689 ], [ 88.4238696, 27.9161646 ] ] } },
{ "type": "Feature", "properties": { "element": "way", "id": 1219723413, "name": null, "waterway": "stream" }, "geometry": { "type": "LineString", "coordinates": [ [ 88.432501, 27.9048018 ], [ 88.4324259, 27.9048777 ], [ 88.4321845, 27.9050057 ], [ 88.4318894, 27.9050768 ], [ 88.4316158, 27.9051195 ], [ 88.4313959, 27.9052475 ], [ 88.4311545, 27.9054466 ], [ 88.4310204, 27.9056883 ], [ 88.4309238, 27.9059823 ], [ 88.4308433, 27.9061529 ], [ 88.430779, 27.9063852 ], [ 88.4307682, 27.906736 ], [ 88.4307629, 27.9070299 ], [ 88.4307682, 27.9073855 ], [ 88.4307092, 27.9076984 ], [ 88.4305751, 27.9079401 ], [ 88.4304571, 27.9080397 ], [ 88.4304196, 27.9081629 ], [ 88.4303552, 27.908362 ], [ 88.4302694, 27.9084995 ], [ 88.4301192, 27.9086085 ], [ 88.4299797, 27.9086986 ], [ 88.4299099, 27.9088882 ], [ 88.4298241, 27.9091252 ], [ 88.4298241, 27.9092864 ], [ 88.4296551, 27.9095211 ] ] } },
{ "type": "Feature", "properties": { "element": "way", "id": 1219723414, "name": null, "waterway": "stream" }, "geometry": { "type": "LineString", "coordinates": [ [ 88.4296551, 27.9095211 ], [ 88.4295452, 27.909604 ] ] } },
{ "type": "Feature", "properties": { "element": "way", "id": 1223620356, "name": null, "waterway": "river" }, "geometry": { "type": "LineString", "coordinates": [ [ 88.7695098, 27.9069257 ], [ 88.764832, 27.9066981 ], [ 88.7629223, 27.9069257 ], [ 88.7604761, 27.9079307 ], [ 88.7566566, 27.9081203 ], [ 88.754071, 27.9088124 ], [ 88.7511313, 27.9090684 ], [ 88.750155, 27.9096657 ], [ 88.7492752, 27.9101113 ], [ 88.7488139, 27.9106043 ], [ 88.7486851, 27.9103767 ], [ 88.7486529, 27.9098268 ], [ 88.7478483, 27.9097889 ], [ 88.7467003, 27.9098648 ], [ 88.744297, 27.9097131 ], [ 88.743664, 27.9106422 ], [ 88.7398231, 27.911249 ], [ 88.7377095, 27.911012 ], [ 88.7361109, 27.9111826 ], [ 88.7334824, 27.9106896 ], [ 88.7323987, 27.9113627 ], [ 88.7273991, 27.9113722 ], [ 88.7253622, 27.9116688 ], [ 88.7245948, 27.9114841 ], [ 88.7240814, 27.9115589 ], [ 88.7235186, 27.9115846 ], [ 88.723034, 27.9118921 ], [ 88.7224622, 27.9120102 ], [ 88.7222171, 27.9118887 ], [ 88.7220163, 27.9116729 ], [ 88.7215901, 27.9116443 ], [ 88.7214773, 27.9114999 ], [ 88.7213854, 27.9112487 ], [ 88.7213368, 27.9108941 ], [ 88.7211531, 27.9103483 ], [ 88.7207915, 27.9101892 ], [ 88.7206209, 27.9100519 ], [ 88.7205385, 27.9098209 ], [ 88.7203613, 27.9097727 ], [ 88.7202411, 27.9098178 ], [ 88.7201363, 27.9097556 ], [ 88.7198159, 27.9094896 ], [ 88.7194158, 27.9095026 ], [ 88.7191452, 27.9095974 ], [ 88.7189243, 27.9095255 ], [ 88.7187167, 27.9093708 ], [ 88.7183261, 27.9091595 ], [ 88.7175943, 27.9090308 ], [ 88.716961, 27.9090144 ], [ 88.7164042, 27.9090587 ], [ 88.7161888, 27.9089675 ], [ 88.7159403, 27.9088209 ], [ 88.7158072, 27.9086003 ], [ 88.7156558, 27.9084302 ], [ 88.715459, 27.9082954 ], [ 88.7151299, 27.9079928 ], [ 88.7147294, 27.9078148 ], [ 88.7145567, 27.9075893 ], [ 88.7137842, 27.9070963 ] ] } },
{ "type": "Feature", "properties": { "element": "way", "id": 1223620357, "name": null, "waterway": "stream" }, "geometry": { "type": "LineString", "coordinates": [ [ 88.7125075, 27.9116092 ], [ 88.7119925, 27.9110973 ], [ 88.7119925, 27.9104905 ], [ 88.7119496, 27.9098174 ], [ 88.7120139, 27.9094002 ], [ 88.7121963, 27.9089546 ], [ 88.7125289, 27.9081487 ], [ 88.7119174, 27.9079306 ], [ 88.7116492, 27.9075893 ], [ 88.7109947, 27.9071437 ] ] } },
{ "type": "Feature", "properties": { "element": "way", "id": 1223620358, "name": null, "waterway": "stream" }, "geometry": { "type": "LineString", "coordinates": [ [ 88.7119388, 27.9117135 ], [ 88.7115848, 27.9109645 ], [ 88.7116492, 27.910737 ], [ 88.7114239, 27.9105948 ], [ 88.7113917, 27.9102819 ], [ 88.7113166, 27.9100828 ], [ 88.7114775, 27.9098648 ], [ 88.7116063, 27.9091821 ], [ 88.7110913, 27.9089641 ], [ 88.7108338, 27.9085754 ], [ 88.7109303, 27.9081203 ], [ 88.7110698, 27.9079875 ], [ 88.7109947, 27.9071437 ], [ 88.7105226, 27.906499 ], [ 88.7103671, 27.9062098 ], [ 88.7102232, 27.9061715 ], [ 88.7101525, 27.9061387 ], [ 88.7097824, 27.9056599 ], [ 88.7096429, 27.9051526 ], [ 88.7095088, 27.9045838 ], [ 88.709567, 27.9043132 ], [ 88.7097102, 27.9040052 ], [ 88.7098337, 27.9039019 ], [ 88.7100094, 27.9034384 ], [ 88.7103443, 27.9029435 ], [ 88.710397, 27.9024801 ] ] } },
{ "type": "Feature", "properties": { "element": "way", "id": 1223991356, "name": null, "waterway": "stream" }, "geometry": { "type": "LineString", "coordinates": [ [ 88.4343517, 27.5565063 ], [ 88.4344053, 27.557077 ], [ 88.4342852, 27.5582748 ] ] } },
{ "type": "Feature", "properties": { "element": "way", "id": 1223991357, "name": null, "waterway": "stream" }, "geometry": { "type": "LineString", "coordinates": [ [ 88.4341478, 27.5547942 ], [ 88.4343409, 27.554975 ], [ 88.4342229, 27.5556883 ], [ 88.4342337, 27.5561259 ], [ 88.4343517, 27.5565063 ] ] } },
{ "type": "Feature", "properties": { "element": "way", "id": 1223991360, "name": null, "waterway": "stream" }, "geometry": { "type": "LineString", "coordinates": [ [ 88.426587, 27.5523216 ], [ 88.4272308, 27.5523998 ], [ 88.4278464, 27.5522095 ], [ 88.4284186, 27.5518265 ], [ 88.4289765, 27.5517694 ], [ 88.4294808, 27.5519406 ], [ 88.430146, 27.5523972 ], [ 88.4305859, 27.5529584 ], [ 88.4308648, 27.5532723 ], [ 88.4311974, 27.5535577 ], [ 88.4313261, 27.5538621 ], [ 88.4316695, 27.5540047 ], [ 88.4321308, 27.5542711 ], [ 88.4324098, 27.5546896 ], [ 88.4325814, 27.5551557 ], [ 88.4328926, 27.555384 ], [ 88.4336007, 27.5558405 ], [ 88.4338474, 27.5560498 ], [ 88.4340405, 27.5562115 ], [ 88.4343517, 27.5565063 ] ] } },
{ "type": "Feature", "properties": { "element": "way", "id": 1224920831, "name": null, "waterway": "stream" }, "geometry": { "type": "LineString", "coordinates": [ [ 88.6687607, 27.6239901 ], [ 88.6687759, 27.6237957 ], [ 88.6688271, 27.6237478 ], [ 88.6688242, 27.6236394 ], [ 88.6688185, 27.6235235 ], [ 88.6688584, 27.6234226 ], [ 88.669049, 27.6232209 ], [ 88.6691514, 27.6230772 ], [ 88.6695672, 27.6229136 ] ] } },
{ "type": "Feature", "properties": { "element": "way", "id": 1224920832, "name": null, "waterway": "stream" }, "geometry": { "type": "LineString", "coordinates": [ [ 88.6688145, 27.6241775 ], [ 88.6687607, 27.6239901 ] ] } },
{ "type": "Feature", "properties": { "element": "way", "id": 1224920833, "name": null, "waterway": "stream" }, "geometry": { "type": "LineString", "coordinates": [ [ 88.668015, 27.6235719 ], [ 88.6681974, 27.6234578 ], [ 88.6682725, 27.6232867 ], [ 88.6681759, 27.6230491 ], [ 88.6682188, 27.6227924 ], [ 88.6681974, 27.6225833 ], [ 88.6681652, 27.6224312 ], [ 88.6682523, 27.6222551 ] ] } },
{ "type": "Feature", "properties": { "element": "way", "id": 1224920834, "name": null, "waterway": "stream" }, "geometry": { "type": "LineString", "coordinates": [ [ 88.6677118, 27.6238502 ], [ 88.668015, 27.6235719 ] ] } },
{ "type": "Feature", "properties": { "element": "way", "id": 1260709473, "name": null, "waterway": "stream" }, "geometry": { "type": "LineString", "coordinates": [ [ 88.7420171, 27.7394039 ], [ 88.7420601, 27.7390407 ], [ 88.7423766, 27.7386157 ], [ 88.7427927, 27.7384172 ] ] } },
{ "type": "Feature", "properties": { "element": "way", "id": 1260709474, "name": null, "waterway": "stream" }, "geometry": { "type": "LineString", "coordinates": [ [ 88.7408611, 27.7414645 ], [ 88.7410998, 27.7413766 ], [ 88.74136, 27.7411107 ], [ 88.7413949, 27.7409422 ], [ 88.741352, 27.7407641 ] ] } },
{ "type": "Feature", "properties": { "element": "way", "id": 1260709475, "name": null, "waterway": "river" }, "geometry": { "type": "LineString", "coordinates": [ [ 88.7201115, 27.7661171 ], [ 88.7199801, 27.7657943 ], [ 88.7200418, 27.7656258 ], [ 88.7202906, 27.7653107 ] ] } },
{ "type": "Feature", "properties": { "element": "way", "id": 1260709476, "name": null, "waterway": "stream" }, "geometry": { "type": "LineString", "coordinates": [ [ 88.7199533, 27.7671969 ], [ 88.7203181, 27.7670688 ], [ 88.72053, 27.766746 ], [ 88.7206319, 27.7664897 ], [ 88.7206104, 27.7660364 ], [ 88.7205595, 27.7659177 ], [ 88.7204093, 27.7658607 ], [ 88.7202296, 27.7656947 ] ] } },
{ "type": "Feature", "properties": { "element": "way", "id": 1260709478, "name": null, "waterway": "stream" }, "geometry": { "type": "LineString", "coordinates": [ [ 88.713632, 27.7748241 ], [ 88.7140524, 27.7741364 ], [ 88.7142348, 27.7740177 ], [ 88.7146157, 27.773956 ], [ 88.7150609, 27.7739038 ], [ 88.7161285, 27.7736143 ], [ 88.7170297, 27.7729735 ], [ 88.717314, 27.772703 ], [ 88.7176359, 27.7726887 ], [ 88.7181026, 27.7726365 ] ] } },
{ "type": "Feature", "properties": { "element": "way", "id": 1260709479, "name": null, "waterway": "stream" }, "geometry": { "type": "LineString", "coordinates": [ [ 88.7094712, 27.7755745 ], [ 88.7100828, 27.7751759 ], [ 88.7104797, 27.7751664 ], [ 88.7112576, 27.7754986 ], [ 88.7123895, 27.7753705 ], [ 88.7136233, 27.7748246 ], [ 88.713632, 27.7748241 ], [ 88.7145621, 27.7747724 ], [ 88.7151575, 27.7743595 ], [ 88.7160909, 27.7741032 ], [ 88.7168205, 27.7739323 ], [ 88.7172335, 27.7739893 ], [ 88.7175822, 27.774013 ] ] } },
{ "type": "Feature", "properties": { "element": "way", "id": 1350914005, "name": "Gey Chu", "waterway": "stream" }, "geometry": { "type": "LineString", "coordinates": [ [ 88.6113024, 27.7449742 ], [ 88.6110892, 27.745073 ], [ 88.6106426, 27.7449472 ], [ 88.6102975, 27.7446912 ], [ 88.6102874, 27.7445744 ], [ 88.6097596, 27.7441792 ], [ 88.609088, 27.7419361 ], [ 88.6086234, 27.7417216 ], [ 88.6079635, 27.7409528 ] ] } },
{ "type": "Feature", "properties": { "element": "way", "id": 1350914007, "name": "Gey Chu", "waterway": "stream" }, "geometry": { "type": "LineString", "coordinates": [ [ 88.6076724, 27.740932 ], [ 88.6074361, 27.7411464 ], [ 88.607168, 27.7408402 ], [ 88.6065539, 27.7406871 ], [ 88.605261, 27.741064 ], [ 88.6039965, 27.7407403 ], [ 88.6036396, 27.7397382 ], [ 88.6025646, 27.7389076 ], [ 88.6018905, 27.7387633 ], [ 88.600886, 27.7378274 ], [ 88.6001898, 27.7379678 ], [ 88.5996479, 27.7373204 ], [ 88.5984055, 27.7373984 ], [ 88.5975639, 27.7377377 ], [ 88.5966299, 27.7372541 ], [ 88.5936157, 27.7363764 ], [ 88.5932454, 27.7359354 ], [ 88.5924238, 27.7356731 ], [ 88.5919255, 27.735095 ], [ 88.590067, 27.7342844 ], [ 88.5881816, 27.734499 ], [ 88.586525, 27.734046 ], [ 88.5829763, 27.7336407 ], [ 88.5816094, 27.7331162 ], [ 88.5803973, 27.7332771 ], [ 88.577495, 27.7321328 ], [ 88.5761617, 27.7321745 ], [ 88.5741012, 27.730899 ], [ 88.5716029, 27.7297307 ], [ 88.5691451, 27.7277638 ], [ 88.5678455, 27.7256358 ], [ 88.5659735, 27.7248073 ], [ 88.5648691, 27.7236569 ], [ 88.5635224, 27.7230012 ], [ 88.5615898, 27.7213023 ], [ 88.5606904, 27.720867 ] ] } },
{ "type": "Feature", "properties": { "element": "way", "id": 1350914009, "name": null, "waterway": "stream" }, "geometry": { "type": "LineString", "coordinates": [ [ 88.5596592, 27.7812754 ], [ 88.5592634, 27.7813093 ], [ 88.5574217, 27.7815861 ], [ 88.5553621, 27.7813556 ] ] } },
{ "type": "Feature", "properties": { "element": "way", "id": 1389852120, "name": null, "waterway": "river" }, "geometry": { "type": "LineString", "coordinates": [ [ 88.3822108, 27.5534758 ], [ 88.3829412, 27.5545003 ], [ 88.3841235, 27.5549352 ], [ 88.3847123, 27.5551051 ], [ 88.3858178, 27.5550316 ], [ 88.3865278, 27.5551289 ], [ 88.3872949, 27.5556247 ], [ 88.3883629, 27.5560697 ], [ 88.3906473, 27.557883 ], [ 88.3914763, 27.5581656 ], [ 88.3926152, 27.5582729 ], [ 88.3935851, 27.5585153 ], [ 88.3941994, 27.5585664 ], [ 88.3951104, 27.5591631 ], [ 88.3963149, 27.5602636 ], [ 88.3967912, 27.5604787 ], [ 88.3977426, 27.5606171 ], [ 88.3981671, 27.5607731 ], [ 88.3984106, 27.560785 ], [ 88.399481, 27.560435 ], [ 88.4007165, 27.5601766 ], [ 88.4011808, 27.560355 ], [ 88.4020143, 27.5604314 ], [ 88.4027765, 27.5603347 ], [ 88.4037264, 27.5604096 ], [ 88.4040397, 27.5604919 ], [ 88.4042935, 27.5603699 ], [ 88.4044818, 27.5603553 ], [ 88.4046977, 27.5606024 ], [ 88.4050507, 27.5609237 ], [ 88.4066237, 27.5620481 ], [ 88.4068216, 27.5620762 ], [ 88.4072445, 27.5616973 ], [ 88.4075359, 27.5615061 ], [ 88.4085516, 27.5617967 ], [ 88.4091546, 27.5623693 ], [ 88.4091524, 27.5629091 ], [ 88.4095972, 27.5634284 ], [ 88.4095956, 27.5644982 ], [ 88.4100858, 27.5649613 ], [ 88.4107713, 27.5652053 ], [ 88.4110123, 27.565023 ], [ 88.4113408, 27.5651666 ], [ 88.4117385, 27.565119 ], [ 88.4126338, 27.5654379 ], [ 88.4134608, 27.5662312 ], [ 88.4139086, 27.5662177 ], [ 88.4140274, 27.5666265 ], [ 88.4144572, 27.5670688 ], [ 88.4148013, 27.5672308 ], [ 88.4149298, 27.5675225 ], [ 88.4153542, 27.5675295 ] ] } },
{ "type": "Feature", "properties": { "element": "way", "id": 1389852121, "name": null, "waterway": "river" }, "geometry": { "type": "LineString", "coordinates": [ [ 88.3933886, 27.5400564 ], [ 88.3944343, 27.5410433 ], [ 88.3958674, 27.5414598 ], [ 88.3981341, 27.5431439 ], [ 88.3984062, 27.5451321 ], [ 88.4021106, 27.5475934 ], [ 88.4047045, 27.5523764 ], [ 88.4068526, 27.554253 ], [ 88.40692, 27.5568185 ], [ 88.4072423, 27.5577398 ], [ 88.4086135, 27.5596108 ], [ 88.408848, 27.560724 ], [ 88.4085516, 27.5617967 ] ] } },
{ "type": "Feature", "properties": { "element": "way", "id": 1389852122, "name": null, "waterway": "river" }, "geometry": { "type": "LineString", "coordinates": [ [ 88.417708, 27.5472536 ], [ 88.4176512, 27.5489312 ], [ 88.4173561, 27.550484 ], [ 88.4158709, 27.5530381 ], [ 88.4156866, 27.5552179 ], [ 88.4160541, 27.5571104 ], [ 88.4158171, 27.558111 ], [ 88.415432, 27.5588122 ], [ 88.4161987, 27.5600054 ], [ 88.416117, 27.5604928 ], [ 88.4161616, 27.5612014 ], [ 88.4176598, 27.5633069 ], [ 88.4177131, 27.5652474 ], [ 88.4182822, 27.5658672 ] ] } },
{ "type": "Feature", "properties": { "element": "way", "id": 1415593133, "name": null, "waterway": "stream" }, "geometry": { "type": "LineString", "coordinates": [ [ 88.3243453, 27.7830404 ], [ 88.3243099, 27.7826405 ], [ 88.3239988, 27.7824254 ], [ 88.3234695, 27.7811819 ], [ 88.3223572, 27.7800207 ], [ 88.3219782, 27.7799005 ], [ 88.3215276, 27.7790936 ], [ 88.3201471, 27.7777109 ], [ 88.3196357, 27.7768629 ], [ 88.3194068, 27.7758915 ], [ 88.3195356, 27.7754675 ], [ 88.3193925, 27.7745752 ], [ 88.3198753, 27.7729487 ], [ 88.3201757, 27.7717621 ], [ 88.3201936, 27.7708476 ], [ 88.3220104, 27.7704489 ], [ 88.3221033, 27.7702306 ], [ 88.3224037, 27.770028 ], [ 88.32279, 27.7700027 ], [ 88.3232907, 27.7692971 ], [ 88.3240774, 27.7690914 ], [ 88.3245388, 27.769199 ], [ 88.3247569, 27.7690882 ], [ 88.3263913, 27.7691262 ], [ 88.3278039, 27.7687338 ], [ 88.3291933, 27.7686183 ], [ 88.3296886, 27.7684079 ], [ 88.3302394, 27.7686167 ], [ 88.3309439, 27.7683984 ], [ 88.3315447, 27.7686231 ], [ 88.3320311, 27.7684648 ], [ 88.3321169, 27.7680978 ], [ 88.3326104, 27.7679902 ], [ 88.3327964, 27.7678161 ], [ 88.3340731, 27.7679554 ], [ 88.3350316, 27.7676959 ], [ 88.3359078, 27.7673604 ], [ 88.3366999, 27.7672307 ], [ 88.3375707, 27.7672845 ], [ 88.3383289, 27.7681864 ], [ 88.3386687, 27.7681927 ], [ 88.3393124, 27.7685091 ], [ 88.3406714, 27.7682876 ], [ 88.3409181, 27.7680914 ], [ 88.3428815, 27.7683351 ], [ 88.3439401, 27.7683319 ], [ 88.3447376, 27.7689901 ], [ 88.345063, 27.7689522 ], [ 88.3456782, 27.7692781 ], [ 88.3469477, 27.768949 ], [ 88.3486, 27.7687528 ], [ 88.3486179, 27.768468 ], [ 88.3488467, 27.7683699 ], [ 88.3492795, 27.7683699 ], [ 88.3494333, 27.768525 ], [ 88.3504775, 27.7684775 ], [ 88.350685, 27.7683952 ], [ 88.3514968, 27.768392 ], [ 88.3522084, 27.768873 ], [ 88.3528486, 27.7688256 ], [ 88.353267, 27.7685661 ], [ 88.3535352, 27.7686357 ], [ 88.3541253, 27.7684712 ], [ 88.3544544, 27.7687275 ], [ 88.3550266, 27.768642 ], [ 88.3554414, 27.7686895 ], [ 88.3556274, 27.7685534 ], [ 88.3559099, 27.7686642 ], [ 88.3563391, 27.7685376 ], [ 88.357884, 27.7688446 ], [ 88.3584669, 27.768987 ], [ 88.3591679, 27.7686515 ], [ 88.3600512, 27.7685598 ], [ 88.3603266, 27.7686357 ], [ 88.3608487, 27.7683952 ], [ 88.3613315, 27.7685155 ], [ 88.3625189, 27.7683794 ], [ 88.3633736, 27.7684807 ], [ 88.3638278, 27.768506 ], [ 88.3643821, 27.7680535 ], [ 88.365362, 27.768294 ], [ 88.365877, 27.7680408 ], [ 88.3669702, 27.7680894 ], [ 88.3675113, 27.768256 ], [ 88.368291, 27.7681769 ], [ 88.368924, 27.7683572 ], [ 88.3693746, 27.7687781 ], [ 88.3706764, 27.7689173 ], [ 88.3708552, 27.7684395 ], [ 88.3711627, 27.7683984 ], [ 88.3715955, 27.768642 ], [ 88.3719066, 27.7689711 ], [ 88.3722893, 27.7687528 ], [ 88.3726826, 27.7688382 ], [ 88.3734229, 27.7686104 ], [ 88.3739451, 27.7686515 ], [ 88.3742562, 27.7685028 ], [ 88.3751968, 27.7685439 ], [ 88.3759192, 27.7684522 ], [ 88.376191, 27.7686167 ], [ 88.3763376, 27.768987 ], [ 88.376874, 27.7689522 ], [ 88.3776394, 27.7686357 ], [ 88.3779004, 27.7684553 ], [ 88.378394, 27.7683509 ], [ 88.3789626, 27.7673003 ], [ 88.3797994, 27.7671832 ], [ 88.3815161, 27.7674301 ], [ 88.3831468, 27.7679712 ], [ 88.3841553, 27.7680281 ], [ 88.3851889, 27.7678541 ], [ 88.3862153, 27.7674617 ], [ 88.3873561, 27.7671389 ], [ 88.3876577, 27.7669486 ] ] } },
{ "type": "Feature", "properties": { "element": "way", "id": 1435363863, "name": "玖曲", "waterway": "stream" }, "geometry": { "type": "LineString", "coordinates": [ [ 88.4053857, 27.9977735 ], [ 88.405695, 27.9977218 ], [ 88.4064567, 27.9979776 ], [ 88.4071326, 27.9982476 ], [ 88.4075135, 27.9988444 ], [ 88.4074545, 27.9998675 ], [ 88.4074384, 28.0003932 ], [ 88.4072828, 28.0009663 ], [ 88.4070951, 28.0013642 ], [ 88.4061724, 28.0015773 ], [ 88.4056413, 28.0016294 ], [ 88.4051478, 28.0018426 ], [ 88.4051156, 28.0022783 ], [ 88.4049869, 28.0026099 ], [ 88.4053999, 28.0030219 ], [ 88.4060329, 28.0040071 ], [ 88.4066069, 28.004907 ], [ 88.4069663, 28.0061716 ], [ 88.4065264, 28.0065884 ], [ 88.4060276, 28.006702 ], [ 88.4060061, 28.0073698 ], [ 88.4065264, 28.0082081 ], [ 88.4072882, 28.0097521 ], [ 88.407197, 28.0130437 ], [ 88.4060812, 28.017287 ], [ 88.4053945, 28.022553 ], [ 88.4050512, 28.0249018 ], [ 88.4069824, 28.0289552 ], [ 88.4075832, 28.0300917 ], [ 88.4087848, 28.031266 ], [ 88.4082269, 28.0332358 ], [ 88.4083557, 28.0354328 ], [ 88.4092569, 28.0367965 ], [ 88.4084844, 28.0375919 ], [ 88.4096431, 28.040054 ], [ 88.4099865, 28.0407737 ], [ 88.4128189, 28.0427054 ], [ 88.4148788, 28.0452432 ], [ 88.4165096, 28.0480838 ], [ 88.4164667, 28.0492201 ], [ 88.4165096, 28.0532347 ], [ 88.4168958, 28.0574386 ], [ 88.4168529, 28.0607334 ], [ 88.4156942, 28.0653535 ], [ 88.414793, 28.0680421 ], [ 88.4159946, 28.0698598 ], [ 88.418312, 28.0714123 ], [ 88.4195995, 28.0731921 ], [ 88.4203291, 28.0747446 ] ] } }
]
}
