{
"type": "FeatureCollection",
"name": "india_boundary_jk",
"crs": { "type": "name", "properties": { "name": "urn:ogc:def:crs:OGC:1.3:CRS84" } },
"features": [
{ "type": "Feature", "properties": { }, "geometry": { "type": "Polygon", "coordinates": [ [ [ 77.518736, 35.485659001000045 ], [ 77.520568001000072, 35.486514001000046 ], [ 77.526261945420003, 35.484688975165369 ], [ 77.536043, 35.488528 ], [ 77.540805, 35.487124 ], [ 77.54285, 35.483919001000061 ], [ 77.549828, 35.483508 ], [ 77.558801, 35.488032 ], [ 77.586345, 35.478031 ], [ 77.584013601094199, 35.468033275286864 ], [ 77.593168708651802, 35.466649694884836 ], [ 77.594732, 35.469021001000044 ], [ 77.600858, 35.46973 ], [ 77.605452, 35.472681 ], [ 77.615199, 35.470211001000052 ], [ 77.62974, 35.462078001000066 ], [ 77.638372382885947, 35.466129082517746 ], [ 77.638419, 35.483603 ], [ 77.64819, 35.484207 ], [ 77.651208, 35.487425 ], [ 77.656812039805089, 35.482837676349959 ], [ 77.661427, 35.483146 ], [ 77.665577, 35.47274 ], [ 77.671382, 35.467309001000046 ], [ 77.678136, 35.464147001000072 ], [ 77.687740290662902, 35.453102685108263 ], [ 77.693395, 35.456302 ], [ 77.694631, 35.460411 ], [ 77.698195, 35.463573 ], [ 77.718398, 35.461618 ], [ 77.728284, 35.473688 ], [ 77.728743, 35.47662 ], [ 77.7311, 35.478143 ], [ 77.741704, 35.494524 ], [ 77.754924, 35.497397001000024 ], [ 77.757079, 35.50234 ], [ 77.759005, 35.502513 ], [ 77.78007, 35.4978 ], [ 77.783547, 35.504007001000048 ], [ 77.786766, 35.505933 ], [ 77.790156, 35.505674 ], [ 77.792571, 35.508921001000033 ], [ 77.798433, 35.509611 ], [ 77.802859, 35.519382 ], [ 77.814613, 35.522256 ], [ 77.822342, 35.515049001000079 ], [ 77.82297836500004, 35.511245799000051 ], [ 77.826087962000031, 35.508929893000072 ], [ 77.82772744600004, 35.504256016000056 ], [ 77.839681261000067, 35.503522736000036 ], [ 77.844928284000048, 35.496089403000042 ], [ 77.85346398400003, 35.490876275000062 ], [ 77.860109, 35.500153 ], [ 77.866928, 35.498211 ], [ 77.876583, 35.490813 ], [ 77.875984, 35.486933 ], [ 77.882192, 35.479673001000037 ], [ 77.888938, 35.479677 ], [ 77.893492, 35.474221 ], [ 77.896763, 35.474221 ], [ 77.90127, 35.466146 ], [ 77.91099100100007, 35.46209900100007 ], [ 77.921503, 35.482455 ], [ 77.917337, 35.488346001000025 ], [ 77.918223, 35.490549001000034 ], [ 77.927235, 35.50219300100008 ], [ 77.931226, 35.511074 ], [ 77.930266, 35.512064001000056 ], [ 77.932816, 35.520585001000029 ], [ 77.936656, 35.524846 ], [ 77.933926, 35.527816001000076 ], [ 77.930847, 35.528153001000078 ], [ 77.933064, 35.537963001000037 ], [ 77.928345, 35.541257001000076 ], [ 77.930746001000045, 35.548278001000028 ], [ 77.93785, 35.559317001000068 ], [ 77.942305, 35.558004 ], [ 77.948415, 35.552293001000066 ], [ 77.950642, 35.552064 ], [ 77.957507, 35.555815 ], [ 77.96726, 35.568197 ], [ 77.974286, 35.569016 ], [ 77.977623, 35.572185001000037 ], [ 77.980542, 35.56782000100003 ], [ 77.988354001000062, 35.563344 ], [ 77.989911, 35.560647 ], [ 77.996028, 35.559229 ], [ 78.004674, 35.569377001000078 ], [ 78.007816001000037, 35.568905 ], [ 78.012265, 35.571157 ], [ 78.022426, 35.564233 ], [ 78.03234, 35.572328 ], [ 78.032017, 35.576082 ], [ 78.027949, 35.582705 ], [ 78.04037, 35.586846 ], [ 78.044574, 35.585317 ], [ 78.048269, 35.578246 ], [ 78.053619, 35.576463 ], [ 78.058206, 35.57245 ], [ 78.065021, 35.57257700100007 ], [ 78.068142, 35.570284 ], [ 78.076615, 35.559965 ], [ 78.077506, 35.554487 ], [ 78.072538, 35.544486 ], [ 78.080066, 35.540423 ], [ 78.085188, 35.539556001000051 ], [ 78.090516, 35.533402 ], [ 78.095018, 35.538523001000044 ], [ 78.091837, 35.541951 ], [ 78.103074, 35.55609 ], [ 78.11288, 35.54973 ], [ 78.118711, 35.551761 ], [ 78.129723, 35.545539 ], [ 78.13478, 35.546668 ], [ 78.138827, 35.549663001000056 ], [ 78.142717, 35.548185 ], [ 78.148786, 35.551103001000058 ], [ 78.15719, 35.550947001000054 ], [ 78.159057, 35.552737 ], [ 78.162092, 35.563358 ], [ 78.162706, 35.574378 ], [ 78.158024, 35.581799001000036 ], [ 78.161647, 35.587718 ], [ 78.161735, 35.59293 ], [ 78.168007, 35.597701 ], [ 78.175517, 35.597436 ], [ 78.181259, 35.600793001000056 ], [ 78.180376, 35.606624001000057 ], [ 78.176259, 35.608552 ], [ 78.172933, 35.616715 ], [ 78.179887, 35.627145 ], [ 78.178375, 35.629867 ], [ 78.180038, 35.634402 ], [ 78.187445, 35.638483 ], [ 78.197422, 35.639844 ], [ 78.192434, 35.645739 ], [ 78.196062, 35.64967 ], [ 78.194399, 35.658135 ], [ 78.181701, 35.66735600100003 ], [ 78.185934, 35.675217 ], [ 78.208307, 35.667659 ], [ 78.209365, 35.674008 ], [ 78.219342, 35.679601001000037 ], [ 78.219493, 35.684741 ], [ 78.223726, 35.689125 ], [ 78.228588, 35.698044 ], [ 78.240101, 35.706209 ], [ 78.243128, 35.715612 ], [ 78.243632, 35.725290001000076 ], [ 78.251087, 35.728277001000038 ], [ 78.282471, 35.723907001000043 ], [ 78.286687, 35.727113 ], [ 78.294703, 35.724085001000049 ], [ 78.301889, 35.726995 ], [ 78.317981, 35.720759 ], [ 78.321229, 35.723893 ], [ 78.325008, 35.723893 ], [ 78.340292, 35.719822 ], [ 78.349946, 35.723481001000039 ], [ 78.355007, 35.722858001000077 ], [ 78.365371, 35.724649001000046 ], [ 78.370813, 35.728882001000045 ], [ 78.374592, 35.727975 ], [ 78.381545001000063, 35.729335 ], [ 78.388499, 35.72737 ], [ 78.394697, 35.731452001000036 ], [ 78.408756, 35.730696001000069 ], [ 78.416768, 35.741731001000062 ], [ 78.418279, 35.746569001000069 ], [ 78.419035, 35.755790001000037 ], [ 78.417194001000041, 35.762396 ], [ 78.421135, 35.767396001000066 ], [ 78.431686, 35.772184 ], [ 78.440501, 35.780733001000044 ], [ 78.44549, 35.778767001000062 ], [ 78.451688, 35.778616 ], [ 78.460304, 35.774988 ], [ 78.462723, 35.764406 ], [ 78.468165, 35.763953 ], [ 78.478142, 35.76879 ], [ 78.482526, 35.766825 ], [ 78.505353, 35.771209 ], [ 78.515178, 35.769546 ], [ 78.522586, 35.762744 ], [ 78.535586, 35.763499001000071 ], [ 78.543447, 35.770151 ], [ 78.558788, 35.77333 ], [ 78.561738, 35.775442 ], [ 78.568182, 35.784922 ], [ 78.574113, 35.787157 ], [ 78.576735, 35.797215001000041 ], [ 78.597593, 35.807087 ], [ 78.607587, 35.815177001000052 ], [ 78.618532, 35.815891 ], [ 78.631381001000079, 35.813987001000044 ], [ 78.656603, 35.822078001000079 ], [ 78.660172, 35.829216001000077 ], [ 78.660172, 35.832309 ], [ 78.667311, 35.838734001000034 ], [ 78.668263, 35.84611 ], [ 78.673497, 35.852059 ], [ 78.676115, 35.853011001000027 ], [ 78.694675, 35.849679 ], [ 78.701575, 35.856580001000054 ], [ 78.716927, 35.858174001000066 ], [ 78.721763, 35.863010001000077 ], [ 78.750341001000038, 35.859712 ], [ 78.757375, 35.863010001000077 ], [ 78.768586, 35.86279 ], [ 78.788151, 35.868286 ], [ 78.800242, 35.869825 ], [ 78.803539, 35.877079 ], [ 78.811014, 35.880376 ], [ 78.82772, 35.908514001000071 ], [ 78.828819, 35.91225200100007 ], [ 78.827281, 35.919506001000059 ], [ 78.8286, 35.924122 ], [ 78.832996, 35.928959 ], [ 78.836074, 35.941928 ], [ 78.845087, 35.948084 ], [ 78.851022, 35.966329 ], [ 78.855859, 35.974243 ], [ 78.870587, 35.969187 ], [ 78.875643, 35.969187 ], [ 78.881579, 35.96545 ], [ 78.886854, 35.958635 ], [ 78.896527, 35.954019 ], [ 78.907298, 35.951601 ], [ 78.914113, 35.952700001000039 ], [ 78.926424, 35.945226 ], [ 78.940713, 35.949403001000064 ], [ 78.947967, 35.944786001000068 ], [ 78.954782, 35.948523 ], [ 78.965993, 35.935334 ], [ 78.97238, 35.934076001000051 ], [ 78.976459, 35.939769001000059 ], [ 78.981014, 35.933222001000047 ], [ 78.988415, 35.929178 ], [ 78.991493, 35.929178 ], [ 78.994351, 35.933135 ], [ 78.996989, 35.933575 ], [ 79.003584, 35.928299 ], [ 79.011498, 35.931157 ], [ 79.025786, 35.915109 ], [ 79.028424, 35.91423 ], [ 79.040075, 35.918407 ], [ 79.042494, 35.927859001000058 ], [ 79.057222, 35.941489001000036 ], [ 79.077666, 35.94698500100003 ], [ 79.083821, 35.944566001000055 ], [ 79.091295, 35.947424 ], [ 79.098769, 35.945226 ], [ 79.112619, 35.946765 ], [ 79.118554, 35.944127 ], [ 79.123391, 35.944786001000068 ], [ 79.130645, 35.942368001000034 ], [ 79.13614, 35.944566001000055 ], [ 79.155925, 35.943467 ], [ 79.164498, 35.944786001000068 ], [ 79.170654, 35.939730001000044 ], [ 79.191318, 35.932256 ], [ 79.196813, 35.933355001000052 ], [ 79.215059, 35.931377 ], [ 79.225391, 35.928299 ], [ 79.2399, 35.930497 ], [ 79.269576, 35.92742 ], [ 79.294417001000056, 35.938631 ], [ 79.308047, 35.954459001000032 ], [ 79.313103, 35.956877001000066 ], [ 79.325413, 35.958416001000046 ], [ 79.333107, 35.962812 ], [ 79.338383, 35.963472 ], [ 79.339262, 35.968528 ], [ 79.336185, 35.976661 ], [ 79.343439, 35.987873 ], [ 79.350474, 35.986114 ], [ 79.366741, 35.985674 ], [ 79.392021, 35.976222001000053 ], [ 79.40697, 35.973364 ], [ 79.414664001000062, 35.975123 ], [ 79.436917, 35.97223 ], [ 79.441727, 35.968321001000049 ], [ 79.444584, 35.965315 ], [ 79.439623, 35.954491 ], [ 79.441276, 35.948629001000029 ], [ 79.439623, 35.943067001000031 ], [ 79.439623, 35.934198 ], [ 79.456334, 35.924093001000074 ], [ 79.4606, 35.915606001000072 ], [ 79.463833, 35.914124001000062 ], [ 79.464327, 35.905189 ], [ 79.468368, 35.900339001000077 ], [ 79.464577, 35.894662001000029 ], [ 79.464426, 35.888649 ], [ 79.459315, 35.887898001000053 ], [ 79.45225, 35.882786001000056 ], [ 79.456459, 35.87196300100004 ], [ 79.471713, 35.858637 ], [ 79.478071, 35.855418 ], [ 79.482900001000075, 35.855619001000036 ], [ 79.488896, 35.849221 ], [ 79.501331, 35.846524 ], [ 79.509539001000064, 35.849500001000024 ], [ 79.517341, 35.850316001000067 ], [ 79.520498, 35.852571 ], [ 79.525308, 35.865800001000025 ], [ 79.538086, 35.867904 ], [ 79.540641, 35.874368 ], [ 79.543648, 35.876172 ], [ 79.546211, 35.881070001000069 ], [ 79.557839, 35.880355 ], [ 79.561086, 35.885812001000033 ], [ 79.560892, 35.892697001000045 ], [ 79.563165, 35.896790001000056 ], [ 79.566413, 35.898219 ], [ 79.572129, 35.89653 ], [ 79.573364, 35.892113001000041 ], [ 79.584211001000085, 35.883214001000056 ], [ 79.588434, 35.876978001000055 ], [ 79.587394, 35.872626001000071 ], [ 79.581613, 35.865285 ], [ 79.584017, 35.853918 ], [ 79.574915, 35.848738001000072 ], [ 79.56785, 35.838967001000071 ], [ 79.56427, 35.829791 ], [ 79.569996, 35.823619001000054 ], [ 79.571909, 35.81266000100004 ], [ 79.573412, 35.81010400100007 ], [ 79.575817, 35.809954 ], [ 79.584085, 35.814915 ], [ 79.588413, 35.814962001000026 ], [ 79.58449, 35.799683 ], [ 79.592542, 35.788879 ], [ 79.602383, 35.787915001000044 ], [ 79.605686, 35.785851 ], [ 79.609815, 35.787158 ], [ 79.617867, 35.784612 ], [ 79.629567, 35.778212 ], [ 79.638582, 35.777730001000066 ], [ 79.636724, 35.77133 ], [ 79.629382, 35.767085001000055 ], [ 79.633997, 35.758616 ], [ 79.642642, 35.75104 ], [ 79.634111, 35.74157800100005 ], [ 79.645124, 35.723895 ], [ 79.653501, 35.724360001000036 ], [ 79.654897, 35.720327 ], [ 79.664592, 35.718543001000057 ], [ 79.665057, 35.714045 ], [ 79.670331, 35.703419 ], [ 79.678629, 35.70024 ], [ 79.676768, 35.677825001000031 ], [ 79.679405, 35.670690001000025 ], [ 79.68654, 35.66355400100008 ], [ 79.693116, 35.666639 ], [ 79.696012, 35.666034 ], [ 79.698242, 35.663450001000058 ], [ 79.701897, 35.655256 ], [ 79.704278, 35.639045 ], [ 79.721114, 35.636039 ], [ 79.726075, 35.640548 ], [ 79.734015, 35.642769 ], [ 79.75243, 35.632456 ], [ 79.7611, 35.63213 ], [ 79.763205, 35.628673 ], [ 79.771473, 35.625666 ], [ 79.787557, 35.623712001000058 ], [ 79.794773, 35.629424001000075 ], [ 79.796276, 35.629424001000075 ], [ 79.800936, 35.623862001000077 ], [ 79.816842, 35.626974 ], [ 79.825072, 35.619026001000066 ], [ 79.827931, 35.612241001000029 ], [ 79.839269, 35.60161400100003 ], [ 79.836714, 35.586281 ], [ 79.83866800100003, 35.582373 ], [ 79.843328, 35.579967001000057 ], [ 79.845733, 35.574556 ], [ 79.860766, 35.57666 ], [ 79.866929, 35.584327 ], [ 79.865726, 35.592294001000027 ], [ 79.869034, 35.598307 ], [ 79.87655, 35.597706 ], [ 79.885119, 35.60161400100003 ], [ 79.889478, 35.601464 ], [ 79.894439, 35.603568 ], [ 79.909115, 35.60060100100003 ], [ 79.920957, 35.604706 ], [ 79.924588, 35.620652 ], [ 79.932956, 35.622783 ], [ 79.938008, 35.620968 ], [ 79.949928, 35.632493 ], [ 79.954191, 35.633914 ], [ 79.957585, 35.632809 ], [ 79.958453, 35.629493 ], [ 79.958059, 35.624283 ], [ 79.954585, 35.616231 ], [ 79.959716, 35.614021 ], [ 79.963821, 35.614416 ], [ 79.973926, 35.605495001000065 ], [ 79.981662, 35.607469 ], [ 79.991135, 35.603048 ], [ 79.99895, 35.602417 ], [ 80.001081, 35.592470001000038 ], [ 79.995319, 35.584102001000076 ], [ 79.984819, 35.579366 ], [ 79.971005, 35.580392 ], [ 79.965321, 35.574708 ], [ 79.964374, 35.564051001000053 ], [ 79.96632, 35.553565001000038 ], [ 79.975354, 35.548292 ], [ 79.978301, 35.548796 ], [ 79.981131, 35.542864 ], [ 79.982342, 35.533107001000076 ], [ 79.994715, 35.523113 ], [ 79.995429, 35.516689 ], [ 79.994001, 35.509788 ], [ 80.001853, 35.498843001000068 ], [ 80.006850001000032, 35.496225001000028 ], [ 80.013513, 35.47980700100004 ], [ 80.016844, 35.465768001000072 ], [ 80.025886, 35.457916 ], [ 80.033976, 35.44697 ], [ 80.034928, 35.438642001000062 ], [ 80.043256, 35.434121 ], [ 80.054915, 35.423414 ], [ 80.058722, 35.422462 ], [ 80.064671, 35.425317001000053 ], [ 80.072285, 35.423176001000058 ], [ 80.079662, 35.431742 ], [ 80.08799, 35.432456001000048 ], [ 80.088466, 35.438166 ], [ 80.080996, 35.450408 ], [ 80.085342, 35.455127 ], [ 80.095772, 35.458355001000029 ], [ 80.11, 35.478379 ], [ 80.127132, 35.478379 ], [ 80.138700001000075, 35.48755200100004 ], [ 80.141948, 35.497994 ], [ 80.168008, 35.502598 ], [ 80.168141, 35.506985 ], [ 80.182587, 35.508846001000052 ], [ 80.171535, 35.527116001000024 ], [ 80.171535, 35.53721 ], [ 80.165965, 35.546608 ], [ 80.166197, 35.552757 ], [ 80.171302, 35.557166001000041 ], [ 80.18801, 35.562039 ], [ 80.192651, 35.569464 ], [ 80.205413, 35.575150001000054 ], [ 80.212955, 35.570277001000079 ], [ 80.224883, 35.554691001000037 ], [ 80.232663, 35.560048 ], [ 80.241719, 35.554946001000076 ], [ 80.250009, 35.556859001000078 ], [ 80.255493, 35.563236001000064 ], [ 80.263783, 35.568338 ], [ 80.270798, 35.563364 ], [ 80.276793, 35.552905 ], [ 80.29044, 35.556987 ], [ 80.297454, 35.556094001000076 ], [ 80.303959, 35.545125 ], [ 80.301408, 35.535687 ], [ 80.302173, 35.534029 ], [ 80.310336, 35.530075 ], [ 80.31582, 35.523826 ], [ 80.322453, 35.529693001000055 ], [ 80.323753, 35.533977 ], [ 80.32756, 35.534929 ], [ 80.339615, 35.531342 ], [ 80.343504, 35.525534 ], [ 80.346595, 35.524628 ], [ 80.348886, 35.524681001000033 ], [ 80.353788, 35.528891001000034 ], [ 80.358424, 35.529051001000028 ], [ 80.36647, 35.525107001000038 ], [ 80.365031, 35.515729001000068 ], [ 80.371167, 35.506592 ], [ 80.374835, 35.50340200100004 ], [ 80.384619, 35.500943001000053 ], [ 80.389468, 35.493734001000064 ], [ 80.389468, 35.48768 ], [ 80.411595, 35.477111 ], [ 80.411705, 35.472598 ], [ 80.420182, 35.460158 ], [ 80.421723, 35.451681 ], [ 80.420842, 35.443094 ], [ 80.41776, 35.437149 ], [ 80.414898, 35.435278 ], [ 80.411926, 35.426031 ], [ 80.40543, 35.423278 ], [ 80.394972, 35.414692001000049 ], [ 80.376918, 35.392344001000026 ], [ 80.368991, 35.38794 ], [ 80.360735, 35.386729 ], [ 80.346754, 35.391023 ], [ 80.327709, 35.378913 ], [ 80.319782, 35.377372 ], [ 80.310865, 35.369996001000061 ], [ 80.298755, 35.368455001000029 ], [ 80.285875, 35.354254001000072 ], [ 80.280012, 35.334994 ], [ 80.276443, 35.328331 ], [ 80.277157, 35.316196 ], [ 80.274777, 35.311437 ], [ 80.273588, 35.300492001000066 ], [ 80.266212, 35.296447 ], [ 80.272398, 35.289308 ], [ 80.277157, 35.286453 ], [ 80.286913001000073, 35.274556 ], [ 80.291196, 35.273128001000032 ], [ 80.294289, 35.267893 ], [ 80.285485, 35.232915001000038 ], [ 80.277395, 35.226966001000051 ], [ 80.27454, 35.216735 ], [ 80.285247, 35.211262 ], [ 80.28263, 35.203886 ], [ 80.260025, 35.204124 ], [ 80.255266, 35.205551 ], [ 80.252173, 35.201030001000049 ], [ 80.252649, 35.195558 ], [ 80.244796, 35.185326 ], [ 80.232185, 35.175332 ], [ 80.222667, 35.171287 ], [ 80.222905, 35.163911 ], [ 80.229092, 35.160817001000055 ], [ 80.235517, 35.153917001000025 ], [ 80.233137, 35.147968001000038 ], [ 80.227188, 35.147968001000038 ], [ 80.224333, 35.143209001000059 ], [ 80.216243, 35.139164 ], [ 80.207915, 35.123936 ], [ 80.196731, 35.122032001000036 ], [ 80.194828, 35.117987 ], [ 80.217365, 35.002594 ], [ 80.216083001000072, 34.992703 ], [ 80.233575, 34.989589 ], [ 80.231927, 34.984552 ], [ 80.224879, 34.980409001000055 ], [ 80.226635, 34.972469001000036 ], [ 80.224886, 34.970414 ], [ 80.211595, 34.961320001000047 ], [ 80.204512, 34.95992 ], [ 80.197516, 34.96062 ], [ 80.196817, 34.95909000100005 ], [ 80.19336300100008, 34.958696 ], [ 80.192192, 34.952422001000059 ], [ 80.186257, 34.946487 ], [ 80.188659, 34.942107001000068 ], [ 80.191203, 34.941118 ], [ 80.197279, 34.928259001000072 ], [ 80.199964, 34.926846 ], [ 80.203497, 34.920628 ], [ 80.206040001000076, 34.911443 ], [ 80.202225, 34.898584 ], [ 80.205051, 34.891236 ], [ 80.196997, 34.887139 ], [ 80.167464, 34.880073001000028 ], [ 80.16817, 34.872867 ], [ 80.157075, 34.868462 ], [ 80.147795, 34.867273 ], [ 80.13685, 34.86893800100006 ], [ 80.136136, 34.855137 ], [ 80.120462, 34.837705 ], [ 80.122998, 34.835771 ], [ 80.120118, 34.831086001000074 ], [ 80.114444, 34.829238 ], [ 80.111822, 34.826298 ], [ 80.113488, 34.820111 ], [ 80.110416, 34.804427001000079 ], [ 80.10299, 34.786531 ], [ 80.099468, 34.781866001000026 ], [ 80.100325, 34.777583 ], [ 80.098992, 34.774536 ], [ 80.091091, 34.768539 ], [ 80.078049, 34.770824001000051 ], [ 80.072243, 34.768634 ], [ 80.066912, 34.762256 ], [ 80.072718, 34.74664400100005 ], [ 80.07683, 34.742395001000034 ], [ 80.077195, 34.736363001000029 ], [ 80.079206, 34.733439001000079 ], [ 80.077478, 34.724369001000071 ], [ 80.079382, 34.717229 ], [ 80.074146, 34.705806001000042 ], [ 80.061533001000043, 34.703862 ], [ 80.041528, 34.697552 ], [ 80.015284, 34.693680001000075 ], [ 80.003237, 34.694469 ], [ 79.994776, 34.692031 ], [ 79.989327, 34.692318 ], [ 79.981655, 34.697194 ], [ 79.97219, 34.699703001000046 ], [ 79.968031, 34.696907 ], [ 79.96423, 34.687585 ], [ 79.958781, 34.683642 ], [ 79.951539, 34.673747001000038 ], [ 79.943795, 34.676113 ], [ 79.932394, 34.691888 ], [ 79.925223, 34.692676 ], [ 79.917838, 34.688231 ], [ 79.906006, 34.695616 ], [ 79.898478, 34.696190001000048 ], [ 79.848643, 34.672241001000032 ], [ 79.845273, 34.669014 ], [ 79.842692, 34.660481 ], [ 79.838246, 34.659119001000079 ], [ 79.835234, 34.655964 ], [ 79.829713, 34.646069 ], [ 79.825913, 34.645495 ], [ 79.823116, 34.64277 ], [ 79.815874, 34.641695 ], [ 79.807126, 34.636030001000051 ], [ 79.800458, 34.629075 ], [ 79.786547, 34.627354001000072 ], [ 79.785687, 34.625203001000045 ], [ 79.788196, 34.615953 ], [ 79.78583, 34.608639 ], [ 79.801813, 34.58926400100006 ], [ 79.800620001000084, 34.583656 ], [ 79.788808, 34.57434900100003 ], [ 79.787479, 34.570062 ], [ 79.78825, 34.564019 ], [ 79.808837, 34.544547001000069 ], [ 79.811454, 34.534077001000071 ], [ 79.808837, 34.517183 ], [ 79.805506, 34.513138 ], [ 79.798605, 34.496006001000069 ], [ 79.794322, 34.480063 ], [ 79.778618, 34.479111 ], [ 79.76553, 34.470545 ], [ 79.759582, 34.470307001000037 ], [ 79.755537, 34.472211 ], [ 79.752681, 34.477684 ], [ 79.740308, 34.477684 ], [ 79.737453, 34.475066001000073 ], [ 79.72163, 34.471735 ], [ 79.70997, 34.481729 ], [ 79.70188, 34.486012 ], [ 79.694028, 34.47816 ], [ 79.684986, 34.476732 ], [ 79.685462, 34.471497001000046 ], [ 79.680941, 34.461741001000064 ], [ 79.673565, 34.454603001000066 ], [ 79.670947, 34.455555 ], [ 79.656195, 34.45151 ], [ 79.645487, 34.456269 ], [ 79.630496, 34.452699 ], [ 79.628831, 34.450082001000055 ], [ 79.623358, 34.449844001000031 ], [ 79.61265, 34.455317 ], [ 79.604798, 34.465311001000032 ], [ 79.600515, 34.466262 ], [ 79.592901, 34.466500001000043 ], [ 79.585048, 34.460790001000078 ], [ 79.577324, 34.460115 ], [ 79.575773, 34.458642001000044 ], [ 79.561117, 34.458409001000064 ], [ 79.556076, 34.465156001000025 ], [ 79.551656, 34.467327 ], [ 79.547934, 34.474927001000026 ], [ 79.54429, 34.477951001000065 ], [ 79.538163, 34.478881 ], [ 79.533821, 34.469576 ], [ 79.525523, 34.460736 ], [ 79.517769001000033, 34.458642001000044 ], [ 79.508851, 34.453679 ], [ 79.509161, 34.451197 ], [ 79.515287, 34.449414 ], [ 79.52273, 34.444672 ], [ 79.530592, 34.442644 ], [ 79.530818, 34.429171 ], [ 79.52878, 34.426228001000027 ], [ 79.529233, 34.423171001000071 ], [ 79.536252, 34.415925 ], [ 79.537611, 34.412076001000059 ], [ 79.534101, 34.408793 ], [ 79.534781, 34.400754 ], [ 79.541686, 34.393735 ], [ 79.542592, 34.388301001000059 ], [ 79.546441, 34.382414001000029 ], [ 79.559017, 34.371622 ], [ 79.558779, 34.364484 ], [ 79.562348, 34.358059 ], [ 79.563062, 34.346876001000055 ], [ 79.567583, 34.333075001000054 ], [ 79.573056001000054, 34.330933 ], [ 79.573294, 34.321416 ], [ 79.574721, 34.319036 ], [ 79.579004001000044, 34.316181001000075 ], [ 79.584002, 34.315705 ], [ 79.585905, 34.311422001000039 ], [ 79.598641, 34.309652001000075 ], [ 79.602809, 34.306550001000062 ], [ 79.607655, 34.287554001000046 ], [ 79.610078, 34.284162001000027 ], [ 79.607461, 34.27195 ], [ 79.608915, 34.259544 ], [ 79.611047, 34.254213 ], [ 79.607946, 34.245490001000064 ], [ 79.607364, 34.238222 ], [ 79.603293, 34.237446 ], [ 79.589831, 34.24099 ], [ 79.57603, 34.230282001000035 ], [ 79.55866, 34.209343 ], [ 79.548429, 34.206726 ], [ 79.544859, 34.202918001000057 ], [ 79.536769, 34.203632 ], [ 79.52511, 34.198159001000079 ], [ 79.515354, 34.199825 ], [ 79.507822, 34.198376001000042 ], [ 79.490589, 34.1909 ], [ 79.497508, 34.174127 ], [ 79.497984, 34.168416 ], [ 79.494653, 34.154615001000025 ], [ 79.495842, 34.149618001000078 ], [ 79.49037, 34.145097001000067 ], [ 79.491321, 34.134152001000075 ], [ 79.485611001000052, 34.125586 ], [ 79.470144, 34.116068 ], [ 79.463958, 34.115116 ], [ 79.43826, 34.116544001000079 ], [ 79.427552, 34.113451 ], [ 79.424934, 34.112023001000068 ], [ 79.421603, 34.103457001000038 ], [ 79.41613, 34.100126001000035 ], [ 79.417796, 34.095129001000032 ], [ 79.416844, 34.08918 ], [ 79.419938, 34.084421 ], [ 79.419462, 34.079900001000055 ], [ 79.427314, 34.075855 ], [ 79.426124, 34.068241001000047 ], [ 79.430407, 34.063958 ], [ 79.430407, 34.061341 ], [ 79.41851, 34.05444 ], [ 79.418034, 34.052536 ], [ 79.422079, 34.044684001000064 ], [ 79.416606, 34.039211 ], [ 79.410182, 34.036356001000058 ], [ 79.404471, 34.027314 ], [ 79.408278, 34.022555 ], [ 79.408516, 34.013275 ], [ 79.410182, 34.010182001000032 ], [ 79.403281, 34.00233 ], [ 79.39067, 33.997095001000048 ], [ 79.377107, 34.000664001000075 ], [ 79.371027, 33.998252001000026 ], [ 79.36651, 33.994337 ], [ 79.358786, 33.996143001000064 ], [ 79.353788, 34.000426 ], [ 79.346412, 34.000426 ], [ 79.338798, 34.005185 ], [ 79.33166, 34.00447100100007 ], [ 79.32119, 34.009944 ], [ 79.316193, 34.014941001000068 ], [ 79.300489, 34.008516 ], [ 79.29692, 34.009468 ], [ 79.290971, 34.014941001000068 ], [ 79.278836, 34.012324 ], [ 79.268128001000036, 34.018986 ], [ 79.254565, 34.020414 ], [ 79.248854, 34.023983 ], [ 79.234102, 34.012086 ], [ 79.225298, 34.010658 ], [ 79.216732, 34.013989001000027 ], [ 79.212686, 34.01732000100003 ], [ 79.208403, 34.016369001000044 ], [ 79.193889, 34.024935 ], [ 79.189606, 34.025173 ], [ 79.171046, 34.021841 ], [ 79.167477, 34.016131001000076 ], [ 79.161528, 34.012324 ], [ 79.15082, 34.009230001000049 ], [ 79.147727, 34.006137 ], [ 79.147251, 33.998999 ], [ 79.138923, 33.994478 ], [ 79.128454, 33.995667 ], [ 79.108704, 33.990195001000075 ], [ 79.099424, 33.98995700100005 ], [ 79.052073, 34.002568 ], [ 79.04898, 34.006375 ], [ 79.040889, 34.006613001000062 ], [ 79.029468001000055, 34.010420001000057 ], [ 79.018998, 34.016131001000076 ], [ 79.006863, 34.027314 ], [ 78.999487, 34.030170001000045 ], [ 78.995204, 34.036832 ], [ 78.970695, 34.028028001000052 ], [ 78.935479, 34.020414 ], [ 78.916919, 34.010658 ], [ 78.911685, 34.009706 ], [ 78.902643, 34.001616 ], [ 78.896932, 33.98496 ], [ 78.887176, 33.972587001000079 ], [ 78.891935, 33.962355 ], [ 78.909067, 33.947364 ], [ 78.923106001000065, 33.925473 ], [ 78.937145, 33.912624 ], [ 78.942142, 33.893113001000074 ], [ 78.948328, 33.884309 ], [ 78.949994, 33.863369 ], [ 78.956181, 33.852424 ], [ 78.965223, 33.821253001000059 ], [ 78.971409, 33.813163 ], [ 78.988541, 33.800076001000036 ], [ 78.9933, 33.794603 ], [ 78.996869, 33.780088 ], [ 79.000439, 33.773426 ], [ 79.011146, 33.769143001000032 ], [ 79.01305, 33.764146 ], [ 79.028278001000047, 33.753676001000031 ], [ 79.027223, 33.745957001000079 ], [ 79.010212, 33.71439 ], [ 79.007572, 33.693302001000063 ], [ 79.011855, 33.685212001000025 ], [ 79.021849, 33.67807300100003 ], [ 79.022087, 33.674266001000035 ], [ 79.03446000100007, 33.669851 ], [ 79.05574, 33.665397001000031 ], [ 79.06396600100004, 33.666414 ], [ 79.069597, 33.65747900100007 ], [ 79.082526, 33.649282 ], [ 79.090382, 33.637189 ], [ 79.090877, 33.629271 ], [ 79.085143, 33.619538 ], [ 79.07848, 33.618587 ], [ 79.075387, 33.620728 ], [ 79.062538, 33.62168 ], [ 79.02518, 33.619063 ], [ 79.018756, 33.613114001000042 ], [ 79.011855, 33.613114001000042 ], [ 79.003527, 33.607403 ], [ 78.989013, 33.610259 ], [ 78.977353, 33.610021 ], [ 78.964682, 33.615414001000033 ], [ 78.949989, 33.617635001000053 ], [ 78.938092, 33.61430400100005 ], [ 78.928812, 33.620014001000072 ], [ 78.917629, 33.62168 ], [ 78.907397, 33.62049 ], [ 78.905296, 33.605516 ], [ 78.891217, 33.587178 ], [ 78.885744, 33.576232001000051 ], [ 78.888361, 33.572663001000024 ], [ 78.90975, 33.565431001000036 ], [ 78.913517, 33.554639 ], [ 78.915249, 33.54791700100003 ], [ 78.914298, 33.54101600100006 ], [ 78.93143, 33.486764 ], [ 78.92905, 33.474629001000039 ], [ 78.927385, 33.455118 ], [ 78.92905, 33.444886 ], [ 78.927385, 33.440603001000056 ], [ 78.932143, 33.428468001000056 ], [ 78.931192, 33.425136001000055 ], [ 78.934047, 33.417046 ], [ 78.930478, 33.412287 ], [ 78.931864, 33.406853 ], [ 78.937729, 33.402887001000067 ], [ 78.940135, 33.395882001000075 ], [ 78.939881, 33.390312 ], [ 78.936605, 33.386916 ], [ 78.939766, 33.383287001000042 ], [ 78.940111001000048, 33.380019 ], [ 78.94771, 33.378292001000034 ], [ 78.95406, 33.371464001000049 ], [ 78.950447001000043, 33.364317 ], [ 78.95576, 33.359189 ], [ 78.956345, 33.357728 ], [ 78.953608, 33.355629001000068 ], [ 78.957939, 33.348004001000049 ], [ 78.959692, 33.347552 ], [ 78.963013, 33.339130001000058 ], [ 78.976643, 33.33445400100004 ], [ 78.977919, 33.329964001000064 ], [ 78.981824, 33.326696 ], [ 78.99564, 33.324703001000046 ], [ 79.004487, 33.327254001000028 ], [ 79.011076, 33.323454001000073 ], [ 79.020322, 33.324783 ], [ 79.026725, 33.320346 ], [ 79.025052, 33.313863 ], [ 79.029063, 33.307832001000065 ], [ 79.036449001000051, 33.307672 ], [ 79.037778, 33.305414001000031 ], [ 79.03219800100004, 33.294441 ], [ 79.034005, 33.29213 ], [ 79.038495, 33.291147 ], [ 79.039292, 33.286311 ], [ 79.033607, 33.27842 ], [ 79.035201001000075, 33.272681 ], [ 79.045137, 33.260779 ], [ 79.052417, 33.261815 ], [ 79.059086, 33.25589 ], [ 79.070803, 33.251905001000068 ], [ 79.079942, 33.244917001000033 ], [ 79.074575001000085, 33.240321001000041 ], [ 79.067481, 33.23793 ], [ 79.066844, 33.232005 ], [ 79.072848, 33.22323700100003 ], [ 79.084645, 33.219863001000078 ], [ 79.094369001000075, 33.21098900100003 ], [ 79.10319, 33.206977 ], [ 79.107388, 33.19975 ], [ 79.124365, 33.202620001000071 ], [ 79.130636, 33.199697001000061 ], [ 79.13385, 33.194623001000025 ], [ 79.142831, 33.190398 ], [ 79.144451, 33.186413001000062 ], [ 79.151971, 33.181869001000052 ], [ 79.15478500100005, 33.186185 ], [ 79.16407, 33.191143 ], [ 79.164323, 33.194238001000031 ], [ 79.168744, 33.199702 ], [ 79.171271, 33.200144001000069 ], [ 79.174461, 33.203966001000026 ], [ 79.174208, 33.210282001000053 ], [ 79.182293, 33.212241 ], [ 79.182862, 33.22001 ], [ 79.187978, 33.220515 ], [ 79.192873, 33.218589 ], [ 79.199127, 33.21363 ], [ 79.20058, 33.209714 ], [ 79.204401, 33.209840001000032 ], [ 79.209644, 33.212651 ], [ 79.20977, 33.220199 ], [ 79.213497, 33.223989 ], [ 79.212992, 33.230906 ], [ 79.216971, 33.237886 ], [ 79.229857, 33.233243 ], [ 79.238447001000054, 33.233117 ], [ 79.243343, 33.226074 ], [ 79.25127, 33.221747 ], [ 79.251933, 33.218146001000036 ], [ 79.255818, 33.215399 ], [ 79.260302, 33.21543 ], [ 79.27223, 33.221216 ], [ 79.273674, 33.219841001000077 ], [ 79.273322, 33.212617 ], [ 79.279347, 33.207156 ], [ 79.285189, 33.205892 ], [ 79.288063, 33.203113 ], [ 79.295864, 33.202703 ], [ 79.302497, 33.190670001000058 ], [ 79.323878, 33.190291 ], [ 79.324447, 33.195218 ], [ 79.330921, 33.201187 ], [ 79.337553, 33.20425 ], [ 79.35006, 33.200650001000042 ], [ 79.354734, 33.201092 ], [ 79.362314, 33.19727 ], [ 79.378768, 33.198028 ], [ 79.38518, 33.201913 ], [ 79.400813, 33.195312 ], [ 79.408298, 33.188838 ], [ 79.412751, 33.176773 ], [ 79.410951, 33.171152 ], [ 79.407098, 33.168846001000077 ], [ 79.395886, 33.169414 ], [ 79.396234, 33.165435001000048 ], [ 79.392949, 33.155992001000072 ], [ 79.39497, 33.152549 ], [ 79.399044, 33.151223 ], [ 79.400371, 33.14857 ], [ 79.398981, 33.139980001000026 ], [ 79.396202, 33.138179 ], [ 79.390398, 33.138851001000035 ], [ 79.383871001000045, 33.13086 ], [ 79.382838, 33.12701300100008 ], [ 79.373109, 33.118749 ], [ 79.368153, 33.10746 ], [ 79.364312, 33.106121 ], [ 79.367131, 33.101293001000045 ], [ 79.365168001000029, 33.09302000100007 ], [ 79.368157, 33.085343 ], [ 79.366574, 33.080127 ], [ 79.361886, 33.075966 ], [ 79.361358, 33.071922001000075 ], [ 79.358311, 33.068874 ], [ 79.358511, 33.061133 ], [ 79.347891, 33.060414001000026 ], [ 79.340579, 33.057364 ], [ 79.335611, 33.051139 ], [ 79.334526, 33.046 ], [ 79.328358, 33.034464 ], [ 79.330928, 33.03155200100008 ], [ 79.337667, 33.028468 ], [ 79.341436, 33.01973 ], [ 79.341835, 33.014705001000038 ], [ 79.338468, 33.002309 ], [ 79.336573, 33.000856001000045 ], [ 79.331457, 33.000793 ], [ 79.337804, 32.992897 ], [ 79.338798, 32.987079 ], [ 79.343173, 32.984654001000024 ], [ 79.343932, 32.97998 ], [ 79.351131, 32.978677 ], [ 79.354355, 32.976567 ], [ 79.357101, 32.972716001000038 ], [ 79.357954, 32.967536 ], [ 79.36345, 32.962988001000042 ], [ 79.361334, 32.958946001000072 ], [ 79.352869, 32.954682 ], [ 79.354259, 32.949629001000062 ], [ 79.359818, 32.945207 ], [ 79.364081, 32.938164 ], [ 79.375072, 32.941291 ], [ 79.375483, 32.943944 ], [ 79.379557, 32.945744001000037 ], [ 79.399706001000084, 32.941670001000034 ], [ 79.40078, 32.940565 ], [ 79.398696, 32.931816 ], [ 79.390263, 32.920004001000052 ], [ 79.390484, 32.917004001000066 ], [ 79.406023, 32.908887001000039 ], [ 79.408455, 32.905034 ], [ 79.412434, 32.904339 ], [ 79.421467, 32.894991 ], [ 79.423804, 32.895559 ], [ 79.432142, 32.890948001000027 ], [ 79.438237, 32.890791001000025 ], [ 79.440259, 32.892306 ], [ 79.441735, 32.889640001000032 ], [ 79.44528, 32.89120100100007 ], [ 79.447365, 32.889053001000036 ], [ 79.45207, 32.888832 ], [ 79.45286, 32.883653001000027 ], [ 79.456618, 32.879358 ], [ 79.461324, 32.8822 ], [ 79.471241, 32.878789 ], [ 79.472568, 32.876263001000041 ], [ 79.468998, 32.867577 ], [ 79.471904, 32.865524 ], [ 79.472346, 32.860503001000041 ], [ 79.470514, 32.85443900100006 ], [ 79.47282, 32.849512 ], [ 79.470847, 32.842680001000076 ], [ 79.462556, 32.838458 ], [ 79.460914, 32.83343700100005 ], [ 79.468177, 32.828668 ], [ 79.468872, 32.821877 ], [ 79.480323, 32.811529 ], [ 79.481711, 32.80314 ], [ 79.4808, 32.800677 ], [ 79.488221, 32.794842001000063 ], [ 79.496722, 32.79103 ], [ 79.505323, 32.783541 ], [ 79.515477, 32.781889 ], [ 79.518984, 32.778752001000043 ], [ 79.529441, 32.777908 ], [ 79.531398, 32.776154 ], [ 79.544722, 32.773017001000028 ], [ 79.541146, 32.763977 ], [ 79.549985001000039, 32.764609 ], [ 79.552581, 32.761009001000048 ], [ 79.557271, 32.759179 ], [ 79.55447, 32.752576 ], [ 79.546914, 32.74873 ], [ 79.546847, 32.74222 ], [ 79.543035, 32.730346 ], [ 79.545093, 32.729031 ], [ 79.547724, 32.722588001000076 ], [ 79.555516, 32.7208 ], [ 79.561282, 32.714367 ], [ 79.557135, 32.709129001000065 ], [ 79.552649, 32.707814 ], [ 79.550722, 32.704904001000045 ], [ 79.545228, 32.706970001000059 ], [ 79.540843, 32.703226001000075 ], [ 79.539527, 32.694085 ], [ 79.540573, 32.691083 ], [ 79.538583, 32.682818 ], [ 79.545194, 32.680322 ], [ 79.548375, 32.676552 ], [ 79.538552, 32.671231 ], [ 79.537369, 32.665581 ], [ 79.527664, 32.657601 ], [ 79.524636, 32.651546001000042 ], [ 79.50846, 32.644452 ], [ 79.502924, 32.643717 ], [ 79.499075, 32.64056 ], [ 79.494317, 32.631564 ], [ 79.488806, 32.630191001000071 ], [ 79.478655, 32.619139 ], [ 79.469798, 32.617097 ], [ 79.462950001000081, 32.606116 ], [ 79.452456, 32.603784001000065 ], [ 79.453251, 32.596681 ], [ 79.451668, 32.59256 ], [ 79.446019, 32.588741 ], [ 79.445079, 32.582181 ], [ 79.439919, 32.579528001000028 ], [ 79.436304, 32.568421 ], [ 79.427628, 32.560989 ], [ 79.428374, 32.554864 ], [ 79.435295, 32.551138 ], [ 79.433113, 32.543962 ], [ 79.427904, 32.539716 ], [ 79.416108, 32.542285 ], [ 79.413656, 32.540534 ], [ 79.413597, 32.538081001000023 ], [ 79.417806, 32.533497 ], [ 79.418317, 32.529967 ], [ 79.417967, 32.527023001000032 ], [ 79.413215, 32.523437001000048 ], [ 79.413331, 32.520026001000076 ], [ 79.405751001000056, 32.519472 ], [ 79.399576, 32.525843 ], [ 79.393846, 32.524315001000048 ], [ 79.38626, 32.525734 ], [ 79.367269, 32.532445001000042 ], [ 79.361438, 32.531979001000025 ], [ 79.356025, 32.526552 ], [ 79.350972, 32.528539 ], [ 79.333917, 32.542562 ], [ 79.334529, 32.549675 ], [ 79.339515, 32.552357001000075 ], [ 79.34001, 32.554136001000074 ], [ 79.333859, 32.558304001000067 ], [ 79.331177001000071, 32.565447001000052 ], [ 79.326366, 32.56364 ], [ 79.324821, 32.560666001000072 ], [ 79.321614, 32.559004 ], [ 79.316833, 32.558392 ], [ 79.311149001000047, 32.560112 ], [ 79.307854, 32.556672001000038 ], [ 79.308175, 32.551162 ], [ 79.304233, 32.550020001000064 ], [ 79.29913, 32.545435001000044 ], [ 79.297913, 32.542387 ], [ 79.293452, 32.539559 ], [ 79.282928, 32.54623500100007 ], [ 79.283482, 32.550054 ], [ 79.276039, 32.556002 ], [ 79.272764, 32.548754001000077 ], [ 79.269209, 32.545133 ], [ 79.267449, 32.538588001000051 ], [ 79.262206, 32.536067 ], [ 79.257855, 32.537529 ], [ 79.256193001000042, 32.5362 ], [ 79.253636, 32.52846 ], [ 79.251111, 32.526766 ], [ 79.252573, 32.521418 ], [ 79.248154, 32.5167 ], [ 79.23181, 32.519391 ], [ 79.223373, 32.524706001000027 ], [ 79.220715, 32.522447001000046 ], [ 79.220914, 32.509591001000047 ], [ 79.211115, 32.511418 ], [ 79.204504, 32.510322 ], [ 79.20048, 32.514365 ], [ 79.196683, 32.5138 ], [ 79.188294, 32.515877 ], [ 79.182709, 32.510799001000066 ], [ 79.183269, 32.505566 ], [ 79.181242, 32.503341 ], [ 79.183966, 32.497826 ], [ 79.1643, 32.494239 ], [ 79.15955, 32.496796001000064 ], [ 79.155563, 32.494538001000024 ], [ 79.150813, 32.488159001000042 ], [ 79.15058, 32.479456 ], [ 79.149152, 32.476865001000078 ], [ 79.131546, 32.480951 ], [ 79.129253, 32.476599 ], [ 79.132044, 32.469457001000023 ], [ 79.12819, 32.466268 ], [ 79.127725, 32.461351 ], [ 79.119553, 32.45886 ], [ 79.119553, 32.455704 ], [ 79.117527, 32.454475 ], [ 79.121115, 32.447665 ], [ 79.117261, 32.437931 ], [ 79.122211, 32.434809 ], [ 79.122842, 32.429294 ], [ 79.126430001000074, 32.421654 ], [ 79.125134, 32.419096 ], [ 79.114338, 32.418298 ], [ 79.112112, 32.414412 ], [ 79.113009, 32.411688 ], [ 79.105435, 32.407469 ], [ 79.10394, 32.399529 ], [ 79.100319, 32.397071001000029 ], [ 79.10012, 32.394945001000053 ], [ 79.104505, 32.39082600100005 ], [ 79.101581, 32.386607 ], [ 79.104671, 32.37501300100007 ], [ 79.100153, 32.370628 ], [ 79.086832, 32.372389 ], [ 79.08135, 32.379498001000059 ], [ 79.060389, 32.387138001000039 ], [ 79.042882, 32.382388 ], [ 79.036521, 32.383144001000062 ], [ 79.028182, 32.379690001000029 ], [ 79.022801, 32.383311 ], [ 79.013599, 32.381218 ], [ 78.990179, 32.370820001000027 ], [ 78.975828, 32.342816001000074 ], [ 78.972307, 32.337733 ], [ 78.968287, 32.33574 ], [ 78.957524, 32.34245 ], [ 78.952807001000053, 32.348297001000049 ], [ 78.939619, 32.354808001000038 ], [ 78.93932, 32.35759900100004 ], [ 78.93736, 32.359127 ], [ 78.932310001000076, 32.359592 ], [ 78.92962, 32.363346001000025 ], [ 78.913907, 32.367897 ], [ 78.907529, 32.37251400100007 ], [ 78.905835, 32.378560001000039 ], [ 78.901981, 32.380985 ], [ 78.902147, 32.386367 ], [ 78.905502, 32.389323001000037 ], [ 78.902180001000033, 32.394605 ], [ 78.895503, 32.394904001000043 ], [ 78.892347, 32.40051800100008 ], [ 78.881983, 32.398193 ], [ 78.876668, 32.40188 ], [ 78.868629, 32.413507001000028 ], [ 78.854543, 32.414437 ], [ 78.843581, 32.410551 ], [ 78.838598, 32.41271000100005 ], [ 78.833382, 32.41756 ], [ 78.833715, 32.423739 ], [ 78.832187, 32.427891 ], [ 78.824081, 32.42872200100004 ], [ 78.816872, 32.431745001000024 ], [ 78.8087, 32.43825600100007 ], [ 78.802222, 32.458719 ], [ 78.797838, 32.4644 ], [ 78.798369, 32.468785 ], [ 78.795711, 32.47493 ], [ 78.779367, 32.479016001000048 ], [ 78.781792, 32.485727 ], [ 78.777607, 32.497354 ], [ 78.780065, 32.503267 ], [ 78.777939, 32.511273 ], [ 78.780829, 32.515658001000077 ], [ 78.770132, 32.524826001000065 ], [ 78.770465, 32.527982001000055 ], [ 78.768405, 32.53057300100005 ], [ 78.767342, 32.536752 ], [ 78.771029, 32.538878 ], [ 78.763987, 32.547681001000058 ], [ 78.759967, 32.55685 ], [ 78.761263, 32.559773001000053 ], [ 78.757475, 32.567181001000051 ], [ 78.761927, 32.579439 ], [ 78.770298, 32.581266 ], [ 78.774384, 32.585419 ], [ 78.774285, 32.589073 ], [ 78.777141, 32.592594001000066 ], [ 78.778371, 32.599371 ], [ 78.777806, 32.608374 ], [ 78.7796, 32.609237 ], [ 78.78136, 32.616313 ], [ 78.773919, 32.619104 ], [ 78.770465, 32.630432 ], [ 78.751711, 32.640886 ], [ 78.751776, 32.64615 ], [ 78.742145, 32.655287001000033 ], [ 78.740502, 32.662847 ], [ 78.743821, 32.666955 ], [ 78.745958, 32.680694 ], [ 78.749869, 32.686577 ], [ 78.748127, 32.690751 ], [ 78.739588616000049, 32.695718145000058 ], [ 78.736821, 32.693972 ], [ 78.73452, 32.687662001000035 ], [ 78.723049, 32.674252 ], [ 78.715983, 32.67205 ], [ 78.710461, 32.667744 ], [ 78.703624, 32.667876 ], [ 78.695255, 32.664278001000071 ], [ 78.685515, 32.66245 ], [ 78.672528, 32.656587 ], [ 78.664064143000076, 32.657524986000055 ], [ 78.650715, 32.650535 ], [ 78.643338, 32.644104 ], [ 78.634103, 32.645428 ], [ 78.631405146000077, 32.634732303000078 ], [ 78.634859, 32.630455 ], [ 78.641037, 32.610975 ], [ 78.63259000100004, 32.604986 ], [ 78.622132823000072, 32.602958846000035 ], [ 78.615124122000054, 32.604232792000062 ], [ 78.608308850000071, 32.600534202000063 ], [ 78.598325, 32.600573 ], [ 78.595363, 32.603738 ], [ 78.583014, 32.603738 ], [ 78.578822, 32.608141 ], [ 78.578037, 32.613061 ], [ 78.563007, 32.616265001000045 ], [ 78.561175001000038, 32.620859 ], [ 78.558426, 32.622458 ], [ 78.556158, 32.617101001000037 ], [ 78.546528, 32.618875 ], [ 78.545969, 32.613551 ], [ 78.543246, 32.614123001000053 ], [ 78.541632, 32.612283 ], [ 78.531991, 32.614203 ], [ 78.527723, 32.612110001000076 ], [ 78.523765, 32.614154 ], [ 78.520622, 32.61282 ], [ 78.516279, 32.614515 ], [ 78.515053, 32.612071001000061 ], [ 78.51808, 32.605942 ], [ 78.517453, 32.603837 ], [ 78.515348, 32.600698 ], [ 78.512505, 32.601031 ], [ 78.508185, 32.591136 ], [ 78.500948, 32.583603001000029 ], [ 78.497847, 32.583123 ], [ 78.492345, 32.585228 ], [ 78.482856001000073, 32.577474001000041 ], [ 78.479127, 32.576293 ], [ 78.474693, 32.576495 ], [ 78.466593, 32.581289 ], [ 78.463866, 32.579659001000039 ], [ 78.453766, 32.581337001000065 ], [ 78.451762, 32.576308001000029 ], [ 78.448672, 32.573974 ], [ 78.420012, 32.56934 ], [ 78.414654, 32.566086001000031 ], [ 78.412353, 32.559053 ], [ 78.407523, 32.554955001000053 ], [ 78.405312, 32.554792 ], [ 78.405024, 32.547483001000046 ], [ 78.401606, 32.544591 ], [ 78.398202, 32.544819 ], [ 78.393465, 32.539206 ], [ 78.393736, 32.536748 ], [ 78.395757, 32.529102 ], [ 78.407734, 32.525495 ], [ 78.410867, 32.522717001000046 ], [ 78.412316, 32.517752 ], [ 78.418788, 32.514087 ], [ 78.427596, 32.504924 ], [ 78.426089, 32.5012 ], [ 78.427389, 32.49718 ], [ 78.431084, 32.491565 ], [ 78.439035, 32.485565001000055 ], [ 78.440424, 32.479831001000036 ], [ 78.445744, 32.475782 ], [ 78.4513, 32.474688 ], [ 78.454965, 32.471319 ], [ 78.455143, 32.468511 ], [ 78.45068, 32.460649 ], [ 78.462266, 32.454944 ], [ 78.463477, 32.447082 ], [ 78.472197, 32.44188100100007 ], [ 78.471606, 32.42728 ], [ 78.469803, 32.42222600100007 ], [ 78.472817, 32.41194 ], [ 78.471073, 32.40993 ], [ 78.470098, 32.402718 ], [ 78.470926, 32.397103001000062 ], [ 78.468384, 32.393881 ], [ 78.457478, 32.391694 ], [ 78.454345001000036, 32.386462001000041 ], [ 78.45736, 32.380315001000042 ], [ 78.465162, 32.374256 ], [ 78.469419, 32.364916 ], [ 78.480975, 32.366482 ], [ 78.485231, 32.358946 ], [ 78.485674, 32.356108 ], [ 78.479616, 32.349808 ], [ 78.482011, 32.347464 ], [ 78.480916, 32.343102 ], [ 78.478042, 32.340399001000037 ], [ 78.475938, 32.33233 ], [ 78.478811, 32.325087001000043 ], [ 78.493506, 32.323402 ], [ 78.497358, 32.324564001000056 ], [ 78.502356, 32.319238001000031 ], [ 78.503797, 32.309775001000048 ], [ 78.510376, 32.303065 ], [ 78.504108, 32.296964001000049 ], [ 78.499164, 32.295018001000074 ], [ 78.496834, 32.286058 ], [ 78.49303, 32.283197001000076 ], [ 78.488363, 32.275637 ], [ 78.491309, 32.273919 ], [ 78.493153001000053, 32.275485 ], [ 78.497731, 32.275732001000051 ], [ 78.520188, 32.261967 ], [ 78.525045, 32.246593001000065 ], [ 78.531788, 32.243809 ], [ 78.537604, 32.237159 ], [ 78.540028, 32.230109 ], [ 78.542737, 32.228427 ], [ 78.543256, 32.221883001000037 ], [ 78.553618, 32.214304 ], [ 78.559918, 32.202245001000051 ], [ 78.563828, 32.203745001000073 ], [ 78.572877, 32.202048001000037 ], [ 78.580108, 32.203893 ], [ 78.592354, 32.200696 ], [ 78.595748, 32.197991 ], [ 78.599019, 32.193908 ], [ 78.599978, 32.174481 ], [ 78.591592, 32.167153 ], [ 78.59675, 32.158104 ], [ 78.603277, 32.155413 ], [ 78.609462551000036, 32.148962942000026 ], [ 78.612975154000083, 32.148710897000058 ], [ 78.626817001000063, 32.137936 ], [ 78.629508, 32.133698001000027 ], [ 78.631200795000041, 32.125781949000043 ], [ 78.643083915000034, 32.123635550000074 ], [ 78.647891561000051, 32.119351170000073 ], [ 78.656950800000061, 32.116037876000064 ], [ 78.673932605000061, 32.117222118000029 ], [ 78.677175685000066, 32.114538794000055 ], [ 78.682504443000084, 32.114643357000034 ], [ 78.686561046000065, 32.109391601000027 ], [ 78.687255235000066, 32.104342017000079 ], [ 78.694451473000072, 32.095091731000025 ], [ 78.690955642000063, 32.092090105000068 ], [ 78.690374413000029, 32.087987645000055 ], [ 78.682642, 32.0801 ], [ 78.691533, 32.070490001000053 ], [ 78.695143, 32.068193001000054 ], [ 78.701801001000035, 32.067208 ], [ 78.705739, 32.064442 ], [ 78.707427, 32.056753 ], [ 78.710944, 32.054174001000035 ], [ 78.712705, 32.04662600100005 ], [ 78.721938, 32.039761001000045 ], [ 78.720894, 32.029805 ], [ 78.724588, 32.026272 ], [ 78.727559, 32.016918 ], [ 78.734263, 32.013224 ], [ 78.7333, 32.007885 ], [ 78.734384, 32.004954 ], [ 78.739803, 32.001422001000037 ], [ 78.75, 32.003389001000073 ], [ 78.754577, 32.002024001000052 ], [ 78.766863, 32.003567001000079 ], [ 78.769672, 31.996925 ], [ 78.779628, 31.993593 ], [ 78.774112, 31.986235 ], [ 78.776052, 31.975924 ], [ 78.773546, 31.974316 ], [ 78.779118, 31.966646001000072 ], [ 78.775821, 31.963233001000049 ], [ 78.767806, 31.962246 ], [ 78.764768, 31.958738 ], [ 78.763404, 31.947689001000072 ], [ 78.767908, 31.945556 ], [ 78.768635, 31.941482 ], [ 78.767245, 31.935924 ], [ 78.768919, 31.930776 ], [ 78.766266, 31.926386 ], [ 78.760013, 31.925564 ], [ 78.758844, 31.921427 ], [ 78.753759, 31.914732001000061 ], [ 78.74959, 31.913026 ], [ 78.750159, 31.908004001000052 ], [ 78.748076584000046, 31.905115447000071 ], [ 78.742444500000033, 31.901596290000043 ], [ 78.747671564000029, 31.891358479000075 ], [ 78.740786526000079, 31.885211333000029 ], [ 78.742498893000061, 31.882754365000039 ], [ 78.745555696000054, 31.881888346000039 ], [ 78.749401151000029, 31.874532707000071 ], [ 78.740716330000055, 31.85997487800006 ], [ 78.744424931000083, 31.854855934000057 ], [ 78.739662518000046, 31.847047595000049 ], [ 78.739672858000063, 31.841750460000071 ], [ 78.733716012000059, 31.831479964000039 ], [ 78.723650295000084, 31.827591663000078 ], [ 78.71693431500006, 31.822715467000023 ], [ 78.714998583000067, 31.818876510000052 ], [ 78.70384768200006, 31.810126518000061 ], [ 78.702297619000035, 31.806613187000039 ], [ 78.704814702000078, 31.800151420000077 ], [ 78.703220963000035, 31.795021787000053 ], [ 78.706859491000046, 31.784965625000041 ], [ 78.70460896000003, 31.781361147000041 ], [ 78.705121236000082, 31.773786780000023 ], [ 78.71626, 31.76788 ], [ 78.71953, 31.761341 ], [ 78.722073, 31.761176001000024 ], [ 78.725474, 31.758071 ], [ 78.726168, 31.754307 ], [ 78.724351, 31.751929 ], [ 78.729438, 31.745456 ], [ 78.727225, 31.74321 ], [ 78.731188, 31.734657001000073 ], [ 78.729999, 31.733204 ], [ 78.73274, 31.730199 ], [ 78.734325, 31.723825 ], [ 78.742845, 31.718904 ], [ 78.745025, 31.705628 ], [ 78.753644, 31.695325 ], [ 78.753677, 31.688951 ], [ 78.748856, 31.684757 ], [ 78.751134, 31.680167001000029 ], [ 78.760348, 31.675114001000054 ], [ 78.767779, 31.674651001000029 ], [ 78.773591, 31.676699001000031 ], [ 78.788089, 31.677921 ], [ 78.795817, 31.68195 ], [ 78.798756, 31.681553001000054 ], [ 78.800836, 31.677458001000048 ], [ 78.798227, 31.671151 ], [ 78.799648, 31.662102 ], [ 78.798261, 31.658932001000039 ], [ 78.801893, 31.647571 ], [ 78.808432, 31.639117001000045 ], [ 78.819033, 31.637235 ], [ 78.827454, 31.629375 ], [ 78.828379, 31.625049 ], [ 78.841622, 31.621911 ], [ 78.846641, 31.609164001000067 ], [ 78.846609, 31.606852 ], [ 78.840697, 31.597440001000052 ], [ 78.832936, 31.597968001000027 ], [ 78.826232, 31.586971001000052 ], [ 78.82326, 31.585089 ], [ 78.822401, 31.578649 ], [ 78.813188, 31.576436001000047 ], [ 78.806451, 31.577229 ], [ 78.806583001000035, 31.573233 ], [ 78.803412, 31.565571 ], [ 78.78013, 31.555862001000037 ], [ 78.775209, 31.543577001000074 ], [ 78.769397, 31.543907001000036 ], [ 78.761636, 31.548597 ], [ 78.758136, 31.542454 ], [ 78.753083, 31.540803 ], [ 78.744298, 31.54219 ], [ 78.740203, 31.537236 ], [ 78.735283, 31.536477001000037 ], [ 78.730924, 31.532580001000042 ], [ 78.727258, 31.518346001000054 ], [ 78.722172, 31.51336 ], [ 78.720455, 31.508868001000053 ], [ 78.721842, 31.501207 ], [ 78.723988, 31.498928 ], [ 78.723889, 31.493743 ], [ 78.727291, 31.490176 ], [ 78.725078, 31.485256 ], [ 78.725838, 31.483803001000069 ], [ 78.734259, 31.48357100100003 ], [ 78.739906, 31.481128 ], [ 78.74912, 31.485124 ], [ 78.752786, 31.482746 ], [ 78.757541, 31.482878 ], [ 78.762528, 31.477726 ], [ 78.763155, 31.474919 ], [ 78.767779, 31.47307 ], [ 78.775276, 31.454213 ], [ 78.779569, 31.45058 ], [ 78.786702, 31.449325001000034 ], [ 78.796741, 31.444074 ], [ 78.796114, 31.437568001000045 ], [ 78.788816, 31.434992001000069 ], [ 78.786207, 31.429907001000061 ], [ 78.782541, 31.428652 ], [ 78.778347, 31.420263 ], [ 78.772303, 31.415211 ], [ 78.768836, 31.406195 ], [ 78.761537, 31.40068 ], [ 78.760778, 31.395363001000078 ], [ 78.753017, 31.384927 ], [ 78.754338, 31.379412001000048 ], [ 78.757343, 31.376506001000052 ], [ 78.757145, 31.372840001000043 ], [ 78.749516, 31.367787 ], [ 78.750738, 31.363395 ], [ 78.755527, 31.358342 ], [ 78.761306, 31.356394 ], [ 78.769529, 31.349029001000076 ], [ 78.768902, 31.345991001000073 ], [ 78.765665, 31.344538 ], [ 78.763288, 31.341071001000046 ], [ 78.773822, 31.333343 ], [ 78.772666, 31.329974 ], [ 78.769001, 31.329248 ], [ 78.768439, 31.326309001000027 ], [ 78.770553, 31.32336900100006 ], [ 78.778049, 31.319902 ], [ 78.779172, 31.315774 ], [ 78.778182, 31.312339 ], [ 78.792184, 31.304116001000068 ], [ 78.81223, 31.306758 ], [ 78.814806, 31.305008 ], [ 78.81474, 31.301045 ], [ 78.827025, 31.295563 ], [ 78.838914, 31.29397700100003 ], [ 78.84291, 31.296091 ], [ 78.853411, 31.294407001000025 ], [ 78.856020001000047, 31.295596001000035 ], [ 78.856681, 31.299724 ], [ 78.851992, 31.303522 ], [ 78.851397, 31.308905 ], [ 78.853904, 31.312441 ], [ 78.861582, 31.3153 ], [ 78.868239, 31.307499 ], [ 78.876979, 31.302394 ], [ 78.88339, 31.286193001000072 ], [ 78.899509001000069, 31.289732 ], [ 78.901853, 31.295710001000032 ], [ 78.897494, 31.302645 ], [ 78.906015, 31.30928300100004 ], [ 78.912752, 31.309910001000048 ], [ 78.917144, 31.31493 ], [ 78.917573, 31.321766001000071 ], [ 78.925301, 31.327248001000044 ], [ 78.93217, 31.341944 ], [ 78.937916, 31.344619 ], [ 78.941582, 31.350662 ], [ 78.943861, 31.365656 ], [ 78.952282, 31.364929 ], [ 78.969686, 31.356904 ], [ 78.975729, 31.36000800100004 ], [ 78.979362, 31.363938 ], [ 78.989203, 31.356211 ], [ 78.989203, 31.352215 ], [ 78.986528, 31.349969001000034 ], [ 78.987651, 31.347954 ], [ 79.000465, 31.341845 ], [ 79.018694, 31.349011001000065 ], [ 79.018959, 31.357895 ], [ 79.011561, 31.371105001000046 ], [ 79.010108, 31.382168 ], [ 79.015689, 31.386626 ], [ 79.018034, 31.390985 ], [ 79.015788, 31.411295 ], [ 79.018892, 31.426718 ], [ 79.023747, 31.425991 ], [ 79.025894, 31.430086 ], [ 79.037122, 31.433224 ], [ 79.044783, 31.43329 ], [ 79.049737, 31.425628 ], [ 79.05446, 31.429492001000028 ], [ 79.060767, 31.429558 ], [ 79.062188, 31.433785001000047 ], [ 79.06516, 31.435304001000077 ], [ 79.068925, 31.440819 ], [ 79.068627001000038, 31.450165001000073 ], [ 79.075166, 31.459016 ], [ 79.078964, 31.457563 ], [ 79.081011, 31.453071001000069 ], [ 79.086036, 31.450417001000062 ], [ 79.099114, 31.454677 ], [ 79.106148001000065, 31.449789 ], [ 79.109121, 31.444902001000059 ], [ 79.118929, 31.440377001000058 ], [ 79.128737, 31.438858001000028 ], [ 79.142343001000029, 31.432088001000068 ], [ 79.14373, 31.424261 ], [ 79.15126, 31.417557001000034 ], [ 79.154661, 31.40907 ], [ 79.165361, 31.397445 ], [ 79.170909, 31.399064 ], [ 79.171504, 31.393615001000057 ], [ 79.17725, 31.385491 ], [ 79.168664, 31.374394 ], [ 79.170612, 31.363133001000051 ], [ 79.176259, 31.360392 ], [ 79.181246, 31.36059 ], [ 79.192276, 31.354877 ], [ 79.19756, 31.355174001000023 ], [ 79.205916, 31.352796001000058 ], [ 79.213412, 31.353985001000069 ], [ 79.215856, 31.34883300100006 ], [ 79.224442, 31.345564 ], [ 79.232104, 31.33635 ], [ 79.236496, 31.334996 ], [ 79.223914, 31.326377 ], [ 79.220248, 31.31650200100006 ], [ 79.225895, 31.311119001000066 ], [ 79.228967, 31.303689001000066 ], [ 79.236595, 31.301245 ], [ 79.240228, 31.297943 ], [ 79.246536, 31.296688001000064 ], [ 79.250069, 31.293649001000063 ], [ 79.249211, 31.284667 ], [ 79.246569, 31.280506 ], [ 79.246569, 31.276939 ], [ 79.237817, 31.270103 ], [ 79.232203, 31.268947 ], [ 79.228273, 31.265314 ], [ 79.226325, 31.260592001000077 ], [ 79.239072, 31.255440001000068 ], [ 79.260604, 31.239786001000027 ], [ 79.266284, 31.238267 ], [ 79.282697, 31.238895 ], [ 79.286264, 31.236154001000045 ], [ 79.289633, 31.228459 ], [ 79.28884, 31.226444001000061 ], [ 79.300861, 31.219047 ], [ 79.300266, 31.215084 ], [ 79.30281, 31.213499 ], [ 79.304692, 31.207059001000061 ], [ 79.30347, 31.204153001000066 ], [ 79.306211, 31.196425 ], [ 79.304824, 31.189985 ], [ 79.306574, 31.187046 ], [ 79.305782, 31.181102001000056 ], [ 79.308853, 31.172879 ], [ 79.304725, 31.169576001000053 ], [ 79.308622, 31.164523001000077 ], [ 79.309447, 31.15488 ], [ 79.312353, 31.148275 ], [ 79.325695, 31.135429001000034 ], [ 79.330352, 31.13249 ], [ 79.338608, 31.132787 ], [ 79.342075, 31.126974 ], [ 79.349539, 31.124927 ], [ 79.352082, 31.12245 ], [ 79.364994, 31.123837 ], [ 79.367703, 31.118190001000073 ], [ 79.374883, 31.115945001000057 ], [ 79.376666, 31.113468001000058 ], [ 79.3909, 31.117464 ], [ 79.402954, 31.115251 ], [ 79.407775, 31.113501 ], [ 79.412762, 31.108019 ], [ 79.417254, 31.087775 ], [ 79.416626, 31.08133500100007 ], [ 79.413061495000079, 31.072992732000046 ], [ 79.419113251000056, 31.068445775000043 ], [ 79.420892, 31.055565 ], [ 79.418578, 31.048996001000035 ], [ 79.419464, 31.042636 ], [ 79.427466, 31.022924001000035 ], [ 79.438818, 31.023705001000053 ], [ 79.45287, 31.030276001000061 ], [ 79.464189, 31.031804 ], [ 79.471443, 31.034764001000042 ], [ 79.498213, 31.030796 ], [ 79.502246, 31.032715001000042 ], [ 79.506865, 31.03239 ], [ 79.509890001000031, 31.025527 ], [ 79.507613, 31.021005 ], [ 79.509077, 31.015118 ], [ 79.516363, 31.012516 ], [ 79.519518, 31.005522 ], [ 79.516038, 30.997456001000046 ], [ 79.522706, 30.990332 ], [ 79.527455, 30.989747 ], [ 79.527715001000047, 30.985095001000047 ], [ 79.538254, 30.980346 ], [ 79.541409, 30.972735 ], [ 79.54593, 30.970425001000024 ], [ 79.550451, 30.965124001000049 ], [ 79.553208709000046, 30.956880345000059 ], [ 79.562573574000055, 30.95610397300004 ], [ 79.565680498000063, 30.954468236000025 ], [ 79.56595939500005, 30.951233258000059 ], [ 79.568658035000055, 30.948722565000025 ], [ 79.577251029000081, 30.949177354000028 ], [ 79.587904, 30.946767670000042 ], [ 79.595518179000067, 30.942038592000074 ], [ 79.603135654000084, 30.939882462000071 ], [ 79.614712, 30.943851 ], [ 79.620155, 30.950915 ], [ 79.635117, 30.953085 ], [ 79.649051, 30.960452 ], [ 79.663156, 30.96445 ], [ 79.665783, 30.96724800100003 ], [ 79.662985, 30.971874 ], [ 79.665555, 30.982895 ], [ 79.674578, 30.982438001000048 ], [ 79.687027, 30.975357001000077 ], [ 79.70073300100006, 30.970731 ], [ 79.707585, 30.976042001000053 ], [ 79.710726, 30.976785001000053 ], [ 79.716577, 30.974674001000039 ], [ 79.734932, 30.979515001000038 ], [ 79.738764, 30.982574001000046 ], [ 79.748177, 31.002106 ], [ 79.752312, 31.005804001000058 ], [ 79.757993, 31.000425 ], [ 79.762531, 30.999887 ], [ 79.767406, 30.992088 ], [ 79.775642, 30.986541 ], [ 79.792081, 30.986171 ], [ 79.794468, 30.980793 ], [ 79.797392, 30.978540001000056 ], [ 79.803712, 30.977901 ], [ 79.808217, 30.980288 ], [ 79.816588, 30.971682 ], [ 79.831884, 30.973397 ], [ 79.837733, 30.971144 ], [ 79.844524, 30.973901001000058 ], [ 79.850507, 30.972960001000047 ], [ 79.855718, 30.975884001000054 ], [ 79.866039, 30.971783 ], [ 79.876393, 30.965766001000077 ], [ 79.878399, 30.957876 ], [ 79.882148, 30.955117001000076 ], [ 79.882905, 30.95129200100007 ], [ 79.8817, 30.948662001000059 ], [ 79.88422, 30.943876 ], [ 79.883782, 30.939803 ], [ 79.888589, 30.937365 ], [ 79.886605, 30.930014 ], [ 79.888784, 30.917653001000076 ], [ 79.908398, 30.914693001000046 ], [ 79.926484001000063, 30.889647001000071 ], [ 79.930972, 30.880540001000043 ], [ 79.93403, 30.879206 ], [ 79.939787, 30.883988 ], [ 79.950196, 30.883142 ], [ 79.961515, 30.888541001000078 ], [ 79.964508, 30.883532 ], [ 79.968964, 30.880605001000049 ], [ 79.988707, 30.876923 ], [ 79.993358, 30.873475 ], [ 79.996644, 30.865864 ], [ 80.008171, 30.866245001000038 ], [ 80.015898, 30.85559 ], [ 80.025833, 30.849157 ], [ 80.031916, 30.84083 ], [ 80.035168, 30.841383001000054 ], [ 80.042194, 30.836927 ], [ 80.049285001000044, 30.84122 ], [ 80.054002, 30.838813001000062 ], [ 80.057287, 30.833707 ], [ 80.074006, 30.820566 ], [ 80.083504, 30.806481 ], [ 80.087505, 30.795617001000039 ], [ 80.100516001000074, 30.79051 ], [ 80.106566, 30.783224 ], [ 80.112388, 30.779679001000034 ], [ 80.116584, 30.780947001000072 ], [ 80.119642, 30.779093001000035 ], [ 80.126960001000043, 30.780004 ], [ 80.129205, 30.78582700100003 ], [ 80.139841, 30.788168 ], [ 80.142769, 30.792104001000041 ], [ 80.154251, 30.789567001000023 ], [ 80.155227, 30.792755 ], [ 80.152754, 30.794284001000051 ], [ 80.156365, 30.798967001000051 ], [ 80.156462, 30.804725 ], [ 80.158219, 30.806937 ], [ 80.159878, 30.807913 ], [ 80.166676, 30.806286 ], [ 80.172791, 30.809018 ], [ 80.179362, 30.806026001000077 ], [ 80.180142, 30.801082 ], [ 80.183558, 30.797764 ], [ 80.185509, 30.791226001000041 ], [ 80.191592, 30.787908001000062 ], [ 80.195658, 30.779711 ], [ 80.200472, 30.775873 ], [ 80.197187, 30.773076 ], [ 80.197187, 30.765660001000072 ], [ 80.205188, 30.759902 ], [ 80.207986, 30.759642 ], [ 80.21254, 30.752681 ], [ 80.21885, 30.751543001000073 ], [ 80.2337, 30.761586001000069 ], [ 80.238638, 30.762319 ], [ 80.240649, 30.749297001000059 ], [ 80.244357, 30.744678001000068 ], [ 80.248098, 30.743572 ], [ 80.249302, 30.732708 ], [ 80.247187, 30.724088 ], [ 80.248781, 30.720413001000054 ], [ 80.240487, 30.712313 ], [ 80.233103, 30.7088 ], [ 80.232973, 30.690488 ], [ 80.225947, 30.688861001000078 ], [ 80.223605, 30.69026 ], [ 80.217522, 30.68690900100006 ], [ 80.212026, 30.686682 ], [ 80.209423, 30.688406 ], [ 80.197811, 30.686161 ], [ 80.198071, 30.68164 ], [ 80.195664, 30.677509001000033 ], [ 80.196803, 30.672663 ], [ 80.192574, 30.666027001000032 ], [ 80.207211, 30.649698 ], [ 80.219409, 30.64277 ], [ 80.219214, 30.633662 ], [ 80.211668, 30.62637600100004 ], [ 80.214432, 30.621562001000029 ], [ 80.213619, 30.61535 ], [ 80.215734, 30.613463 ], [ 80.216319, 30.60991800100004 ], [ 80.214237, 30.608226001000048 ], [ 80.214367001000085, 30.603152001000069 ], [ 80.207926, 30.588318 ], [ 80.211384, 30.584509001000072 ], [ 80.221272, 30.578654 ], [ 80.236560001000043, 30.578621001000045 ], [ 80.254515, 30.564569 ], [ 80.26224, 30.56818 ], [ 80.270925, 30.566781001000038 ], [ 80.283286001000079, 30.569839 ], [ 80.31539, 30.564537001000076 ], [ 80.320692, 30.548761001000059 ], [ 80.319131, 30.545443 ], [ 80.326417, 30.539263001000052 ], [ 80.330385, 30.538905 ], [ 80.335069, 30.53536 ], [ 80.335134, 30.530904 ], [ 80.338549, 30.525374 ], [ 80.345478, 30.520332001000043 ], [ 80.355941, 30.524111001000051 ], [ 80.359714, 30.523656 ], [ 80.36456, 30.527527001000067 ], [ 80.375067, 30.52469700100005 ], [ 80.379653, 30.519134 ], [ 80.385411, 30.517508 ], [ 80.397933, 30.518256 ], [ 80.405838, 30.521184001000051 ], [ 80.410424, 30.524664 ], [ 80.418295001000047, 30.523591 ], [ 80.415401, 30.520078001000059 ], [ 80.416051, 30.517345001000024 ], [ 80.419434, 30.515036 ], [ 80.428639, 30.512857001000043 ], [ 80.430656, 30.508368 ], [ 80.442724, 30.502383 ], [ 80.445976, 30.496886001000064 ], [ 80.452417, 30.496496001000025 ], [ 80.465102, 30.490706001000035 ], [ 80.470176, 30.491454 ], [ 80.474568, 30.489274 ], [ 80.483415, 30.490218001000073 ], [ 80.488522, 30.484623001000045 ], [ 80.499158, 30.487941 ], [ 80.507225, 30.475678 ], [ 80.513633, 30.47262 ], [ 80.518284, 30.472425 ], [ 80.524432, 30.467221 ], [ 80.527782, 30.458536 ], [ 80.540747, 30.449059 ], [ 80.548699, 30.448685 ], [ 80.552862, 30.45096200100005 ], [ 80.553253, 30.452654 ], [ 80.558912, 30.453825001000041 ], [ 80.565548, 30.460037 ], [ 80.565157, 30.46381000100007 ], [ 80.576151, 30.463941 ], [ 80.581909, 30.468039 ], [ 80.596871, 30.467974 ], [ 80.598758, 30.471552001000077 ], [ 80.60663, 30.471487 ], [ 80.608158, 30.465307 ], [ 80.613623001000065, 30.459289001000059 ], [ 80.623869, 30.462867 ], [ 80.627122, 30.45776 ], [ 80.632066, 30.455386001000079 ], [ 80.636913, 30.450377001000049 ], [ 80.641239, 30.45093 ], [ 80.646768, 30.446603 ], [ 80.658315, 30.44218 ], [ 80.670773, 30.432096 ], [ 80.677571, 30.429201001000024 ], [ 80.677734, 30.423216 ], [ 80.686321, 30.420256 ], [ 80.688435, 30.415020001000073 ], [ 80.693119, 30.413003 ], [ 80.699723001000052, 30.413556001000075 ], [ 80.703626, 30.417427 ], [ 80.707301, 30.417394 ], [ 80.716116, 30.413328 ], [ 80.728542, 30.401781001000074 ], [ 80.734136, 30.400610001000075 ], [ 80.741292, 30.39147 ], [ 80.749684, 30.386656 ], [ 80.7504, 30.379858001000059 ], [ 80.759182, 30.375922001000049 ], [ 80.760744001000035, 30.372506001000033 ], [ 80.765298, 30.372409001000051 ], [ 80.767607, 30.367758 ], [ 80.775218, 30.361935001000063 ], [ 80.777918, 30.3553 ], [ 80.785464, 30.353478 ], [ 80.784684, 30.348599001000025 ], [ 80.78738300100008, 30.3405 ], [ 80.801956, 30.332921001000045 ], [ 80.801598, 30.323033001000056 ], [ 80.818382, 30.322707 ], [ 80.825505, 30.314933 ], [ 80.834756922000054, 30.313003398000035 ], [ 80.845285059000048, 30.317102047000049 ], [ 80.860895, 30.31425 ], [ 80.872605001000068, 30.305826 ], [ 80.873613, 30.301174 ], [ 80.885421, 30.299873 ], [ 80.889389, 30.301792001000024 ], [ 80.907084001000044, 30.303679 ], [ 80.909035, 30.301695001000041 ], [ 80.907051, 30.296946 ], [ 80.914594, 30.286827 ], [ 80.927156, 30.283195 ], [ 80.930361, 30.278452001000062 ], [ 80.930447001000061, 30.276059 ], [ 80.925533001000076, 30.272726 ], [ 80.9269, 30.267171 ], [ 80.935916, 30.263411001000065 ], [ 80.938522, 30.266188 ], [ 80.950956, 30.270077 ], [ 80.982445984000037, 30.271106850000024 ], [ 80.986982066000053, 30.267572222000069 ], [ 80.990831481000043, 30.267943609000042 ], [ 81.004624, 30.263625 ], [ 81.012358, 30.253711 ], [ 81.03086, 30.247088001000066 ], [ 81.028296, 30.241192 ], [ 81.028459803000032, 30.232206722000058 ], [ 81.025808754000082, 30.226493205000054 ], [ 81.029912694000075, 30.225349624000046 ], [ 81.028809520000038, 30.21931225000003 ], [ 81.033588715000064, 30.218299974000047 ], [ 81.044776346000049, 30.211048012000049 ], [ 81.044688948000044, 30.205898054000045 ], [ 81.034386812000037, 30.201620067000079 ], [ 81.034783987000083, 30.19730693300005 ], [ 81.031051619000038, 30.19677123200006 ], [ 81.029388166000047, 30.19495316800004 ], [ 81.024406663000036, 30.196072231000073 ], [ 81.009338283000034, 30.193722434000051 ], [ 81.008423005000054, 30.191614971000035 ], [ 81.000084488000084, 30.190135443000031 ], [ 80.997109480000063, 30.185989259000053 ], [ 80.991511308000042, 30.187081553000041 ], [ 80.987250007000057, 30.186001747000034 ], [ 80.982681857000046, 30.188267479000046 ], [ 80.982551890000082, 30.189650424000035 ], [ 80.974967297000035, 30.191614442000059 ], [ 80.96987862800006, 30.189120221000053 ], [ 80.970363324000061, 30.186143131000051 ], [ 80.952450734000081, 30.184488472000055 ], [ 80.950779889000046, 30.182496781000054 ], [ 80.94219989100003, 30.179634425000074 ], [ 80.940697087000046, 30.17728962800004 ], [ 80.932949239000038, 30.177139844000067 ], [ 80.931765678000033, 30.185893135000072 ], [ 80.924884719000033, 30.188649389000034 ], [ 80.923620572000061, 30.193719900000076 ], [ 80.923487803000057, 30.203593688000069 ], [ 80.92895452700003, 30.208207797000057 ], [ 80.930333914000073, 30.213330840000026 ], [ 80.923762410000052, 30.218858801000067 ], [ 80.919871688000057, 30.22612268000006 ], [ 80.909950896000055, 30.223323103000041 ], [ 80.902374080000072, 30.214365791000034 ], [ 80.896812406000038, 30.212315679000028 ], [ 80.89458, 30.20673196100006 ], [ 80.883842918000084, 30.194601086000034 ], [ 80.885439544000064, 30.188336656000047 ], [ 80.880208121000067, 30.181196466000074 ], [ 80.866540413000052, 30.175041465000049 ], [ 80.862563746000035, 30.169459365000023 ], [ 80.871480326000039, 30.160910286000046 ], [ 80.870910901000059, 30.152797898000074 ], [ 80.878732470000045, 30.132295248000048 ], [ 80.877669704000084, 30.128691113000059 ], [ 80.873939534000044, 30.126081804000023 ], [ 80.867601100000059, 30.125273341000025 ], [ 80.862472764000074, 30.12089411900007 ], [ 80.859339502000068, 30.121701889000065 ], [ 80.844862813000077, 30.11613593800007 ], [ 80.841760184000066, 30.110525219000067 ], [ 80.846037394000064, 30.106725378000078 ], [ 80.845165345000055, 30.102429994000033 ], [ 80.837018221000051, 30.097559665000063 ], [ 80.829426107000074, 30.097335760000078 ], [ 80.826169821000065, 30.100144028000045 ], [ 80.822443926000062, 30.100001464000059 ], [ 80.819075044000044, 30.097001643000056 ], [ 80.815350016000082, 30.09646192200006 ], [ 80.813880171000051, 30.093067663000056 ], [ 80.805328686000053, 30.08941724500005 ], [ 80.799405967000041, 30.080988766000075 ], [ 80.789757767000083, 30.073208187000034 ], [ 80.789010214000029, 30.069417835000024 ], [ 80.779374751000034, 30.056764731000044 ], [ 80.761138803000051, 30.04961015400005 ], [ 80.758321427000055, 30.04515725300007 ], [ 80.759291458000064, 30.043632088000038 ], [ 80.755629874000078, 30.039712121000036 ], [ 80.755420901000036, 30.031781544000069 ], [ 80.758170704000065, 30.027690712000037 ], [ 80.757215174000066, 30.023455452000064 ], [ 80.754113764000067, 30.020515337000063 ], [ 80.748200551000082, 30.007340956000064 ], [ 80.738812975650589, 30.0 ], [ 73.544861663727417, 30.0 ], [ 73.597099339000067, 30.018942077000077 ], [ 73.806629025000063, 30.06796941500005 ], [ 73.819647001000078, 30.084831 ], [ 73.826187910000044, 30.090889080000068 ], [ 73.919576204000066, 30.157664341000043 ], [ 73.972689135000053, 30.198253024000053 ], [ 73.964234741000041, 30.248353010000073 ], [ 73.964120419000039, 30.256566904000067 ], [ 73.956467110000062, 30.276035260000072 ], [ 73.940101105000053, 30.300313408000079 ], [ 73.930950440000061, 30.320141833000037 ], [ 73.914897668000037, 30.334591230000058 ], [ 73.902647137000031, 30.349098560000073 ], [ 73.879833571000063, 30.359761623000054 ], [ 73.884123202000069, 30.367015811000044 ], [ 73.885349946000076, 30.366361744000073 ], [ 73.890604290000056, 30.369675865000033 ], [ 73.892364316000055, 30.368995941000037 ], [ 73.900867904000052, 30.372814916000038 ], [ 73.913841864000062, 30.382384333000061 ], [ 73.916393629000083, 30.385602085000073 ], [ 73.919209669000054, 30.394661463000034 ], [ 73.922371601000066, 30.398042292000071 ], [ 73.936167411000042, 30.401693320000049 ], [ 73.949322149000068, 30.417270414000029 ], [ 73.964376627000036, 30.424185712000053 ], [ 73.966290760000049, 30.432209943000032 ], [ 73.97381689100007, 30.443952134000028 ], [ 73.972123707000037, 30.444131653000056 ], [ 73.968110784000032, 30.440113307000047 ], [ 73.960102440000071, 30.440873546000034 ], [ 73.949747724000076, 30.43700608000006 ], [ 73.937002066000048, 30.436467088000029 ], [ 73.926505768000084, 30.438913292000052 ], [ 73.937242239000057, 30.444963423000047 ], [ 73.937658466000073, 30.45213263200003 ], [ 73.928038123000078, 30.465832338000041 ], [ 73.931888219000029, 30.467211172000077 ], [ 73.931017179000037, 30.475739353000051 ], [ 73.934656559000075, 30.490159893000055 ], [ 73.947784981000041, 30.483865612000045 ], [ 73.945895733000043, 30.46819369800005 ], [ 73.947553571000071, 30.468217350000032 ], [ 73.94690872700005, 30.463860792000048 ], [ 73.950189162000072, 30.460043004000056 ], [ 73.964183917000071, 30.456433479000054 ], [ 73.969810739000081, 30.475215008000077 ], [ 73.969681783000055, 30.478250545000037 ], [ 73.963727430000063, 30.484787483000048 ], [ 73.976014384000052, 30.494048428000042 ], [ 73.982029509000029, 30.503972774000033 ], [ 73.992768152000053, 30.514199784000027 ], [ 74.019976448000079, 30.514146488000051 ], [ 74.01099393700008, 30.52105666500006 ], [ 74.011928570000066, 30.533624910000071 ], [ 74.023882545000049, 30.526023602000066 ], [ 74.031071795000059, 30.526872514000047 ], [ 74.038048927000034, 30.531663811000044 ], [ 74.039257383000063, 30.542547013000046 ], [ 74.047660662000055, 30.539716463000047 ], [ 74.049856570000031, 30.537539965000065 ], [ 74.051621849000071, 30.527350524000042 ], [ 74.057400999000038, 30.518649460000063 ], [ 74.063561747000051, 30.519168437000076 ], [ 74.072342149000065, 30.52288808000003 ], [ 74.080006596000032, 30.531589347000079 ], [ 74.090917245000071, 30.549393551000037 ], [ 74.079935895000062, 30.548329822000028 ], [ 74.073494478000043, 30.554640421000045 ], [ 74.101966404000052, 30.579164109000033 ], [ 74.096315895000032, 30.587294642000074 ], [ 74.098652241000082, 30.590559647000077 ], [ 74.095282346000033, 30.601142431000028 ], [ 74.101359421000041, 30.60320583400005 ], [ 74.101927110000076, 30.610962355000026 ], [ 74.095974076000061, 30.611426924000057 ], [ 74.105052543000056, 30.619218666000052 ], [ 74.117964671000038, 30.607886633000078 ], [ 74.121102002000043, 30.622512009000047 ], [ 74.126704676000031, 30.624078444000077 ], [ 74.128546843000038, 30.632363246000068 ], [ 74.127416011000037, 30.634755901000062 ], [ 74.137756922000051, 30.627409238000041 ], [ 74.148819318000051, 30.631452308000064 ], [ 74.153362452000067, 30.635245538000049 ], [ 74.156100127000059, 30.640676843000051 ], [ 74.159534651000058, 30.641528566000034 ], [ 74.163199399000064, 30.648397807000038 ], [ 74.169316712000068, 30.648682904000054 ], [ 74.177327408000053, 30.65511691200004 ], [ 74.181380879000073, 30.661227985000039 ], [ 74.193385712000065, 30.66512509100005 ], [ 74.198071283000047, 30.670804608000026 ], [ 74.205479551000053, 30.676116300000047 ], [ 74.211953315000073, 30.687771249000036 ], [ 74.219186634000039, 30.693499268000039 ], [ 74.223277513000085, 30.709651658000041 ], [ 74.225153983000041, 30.713073836000035 ], [ 74.227487214000064, 30.712836881000044 ], [ 74.227139195000063, 30.718596999000056 ], [ 74.232433942000057, 30.724427902000059 ], [ 74.245212040000069, 30.722884543000077 ], [ 74.245319418000065, 30.724373028000059 ], [ 74.241777241000079, 30.725931313000046 ], [ 74.248430918000054, 30.72590563600005 ], [ 74.260922062000077, 30.72308845200007 ], [ 74.267028243000084, 30.726312528000051 ], [ 74.26907071100004, 30.730299151000054 ], [ 74.26840102400007, 30.734356877000039 ], [ 74.271292114000062, 30.732175754000025 ], [ 74.274850443000048, 30.737231931000053 ], [ 74.281487136000067, 30.730848664000064 ], [ 74.286547644000052, 30.735581325000055 ], [ 74.274371023000072, 30.744157275000077 ], [ 74.273665975000029, 30.753269938000074 ], [ 74.26080750300008, 30.769751663000079 ], [ 74.25990001100007, 30.772482601000036 ], [ 74.261151445000053, 30.774652194000055 ], [ 74.26483216500003, 30.776995753000051 ], [ 74.274345726000035, 30.773430260000055 ], [ 74.286671985000055, 30.775861236000026 ], [ 74.289511867000044, 30.775030096000023 ], [ 74.301855002000082, 30.779368805000047 ], [ 74.306810179000081, 30.789197469000044 ], [ 74.301159562000066, 30.789670201000035 ], [ 74.298254815000064, 30.793766085000073 ], [ 74.294744300000048, 30.794406610000067 ], [ 74.299303097000063, 30.804632999000034 ], [ 74.301394474000062, 30.80384379700007 ], [ 74.302256815000078, 30.807994906000033 ], [ 74.309264448000079, 30.817632466000077 ], [ 74.31979074700007, 30.827345845000025 ], [ 74.319243309000058, 30.832844468000076 ], [ 74.322234662000085, 30.838575565000042 ], [ 74.320147036000037, 30.841945508000038 ], [ 74.320427333000055, 30.846555305000038 ], [ 74.325056195000059, 30.849629957000047 ], [ 74.332643798000049, 30.850986731000035 ], [ 74.34061867500003, 30.849041384000031 ], [ 74.33877930400007, 30.852547533000063 ], [ 74.348243973000081, 30.854962002000036 ], [ 74.354199592000043, 30.852670990000036 ], [ 74.355121051000083, 30.848449483000024 ], [ 74.363386189000039, 30.847187794000035 ], [ 74.367139618000067, 30.849059686000032 ], [ 74.368491091000067, 30.851844122000045 ], [ 74.364591114000063, 30.857321539000054 ], [ 74.369479575000071, 30.857342285000072 ], [ 74.374026103000062, 30.859773082000061 ], [ 74.377919457000075, 30.85833454200008 ], [ 74.382176635000064, 30.860388495000052 ], [ 74.360887707000074, 30.873689126000045 ], [ 74.366929006000078, 30.886366250000037 ], [ 74.36588081900004, 30.892975604000071 ], [ 74.372317137000039, 30.895492499000056 ], [ 74.383016269000052, 30.895334912000067 ], [ 74.39732336000003, 30.909373575000075 ], [ 74.422774231000062, 30.907770919000029 ], [ 74.42433696900008, 30.916038597000068 ], [ 74.418747316000065, 30.919164274000025 ], [ 74.411108146000061, 30.919528081000067 ], [ 74.410330925000039, 30.923446484000067 ], [ 74.423541661000058, 30.920742443000051 ], [ 74.428776719000041, 30.931128952000051 ], [ 74.423625933000039, 30.929415768000069 ], [ 74.413775850000036, 30.929605078000066 ], [ 74.417816994000077, 30.937885694000045 ], [ 74.416471085000069, 30.940328785000077 ], [ 74.428688403000081, 30.942426433000037 ], [ 74.439492805000043, 30.942073806000053 ], [ 74.441890034000039, 30.945493400000032 ], [ 74.442008803000078, 30.951716177000037 ], [ 74.455144666000081, 30.951313138000046 ], [ 74.451548206000041, 30.955823727000052 ], [ 74.466380754000056, 30.956767200000058 ], [ 74.456968278000033, 30.964221576000057 ], [ 74.479866830000049, 30.974235514000043 ], [ 74.481446923000078, 30.970652449000056 ], [ 74.489861868000048, 30.972511073000078 ], [ 74.491981530000032, 30.974406675000068 ], [ 74.498764956000059, 30.96407011000008 ], [ 74.506164348000084, 30.965946229000053 ], [ 74.508752270000059, 30.967291021000051 ], [ 74.516270647000056, 30.979513635000046 ], [ 74.546469986000034, 30.992461791000039 ], [ 74.543117727000038, 30.99658990100005 ], [ 74.544065317000047, 30.997938525000052 ], [ 74.539719941000044, 31.008768203000045 ], [ 74.542255327000078, 31.016584660000035 ], [ 74.548000117000072, 31.032471799000064 ], [ 74.557827843000041, 31.038386329000048 ], [ 74.558841291000078, 31.037406271000066 ], [ 74.561463453000044, 31.048758486000054 ], [ 74.568273744000066, 31.054784042000051 ], [ 74.570440671000028, 31.052899463000074 ], [ 74.574458159000073, 31.056799918000024 ], [ 74.590370125000049, 31.049983850000046 ], [ 74.596280707000062, 31.042139612000028 ], [ 74.596924694000052, 31.037639966000029 ], [ 74.613205605000076, 31.04477563100005 ], [ 74.618372228000055, 31.043895407000036 ], [ 74.645968749000076, 31.049753374000034 ], [ 74.657694284000058, 31.050020858000039 ], [ 74.671134790000053, 31.053558586000065 ], [ 74.69609569000005, 31.073957236000069 ], [ 74.690729111000053, 31.081384352000043 ], [ 74.697297924000054, 31.084681133000061 ], [ 74.702387668000028, 31.092297562000056 ], [ 74.701396083000077, 31.097088366000037 ], [ 74.697281322000038, 31.102538953000078 ], [ 74.698236098000052, 31.112410809000039 ], [ 74.68986764400006, 31.118253745000061 ], [ 74.689154687000041, 31.127951078000024 ], [ 74.682948155000076, 31.127301847000069 ], [ 74.673241507000057, 31.123562604000028 ], [ 74.666502923000053, 31.12440717100003 ], [ 74.659121402000039, 31.134006771000031 ], [ 74.646784557000046, 31.126897776000078 ], [ 74.640799232000063, 31.120042806000072 ], [ 74.636418045000084, 31.118139213000063 ], [ 74.632355392000079, 31.121527577000052 ], [ 74.630955763000031, 31.128006604000063 ], [ 74.632476225000062, 31.131300245000034 ], [ 74.630897799000081, 31.132711314000062 ], [ 74.626674695000077, 31.131112485000074 ], [ 74.621996355000078, 31.133023471000058 ], [ 74.61861181300003, 31.131354466000062 ], [ 74.60970341500007, 31.133773602000076 ], [ 74.60244980300007, 31.133334128000058 ], [ 74.598915279000039, 31.128861844000028 ], [ 74.597106741000061, 31.129358453000066 ], [ 74.596539352000036, 31.127296587000046 ], [ 74.605461603000037, 31.114438981000035 ], [ 74.609959396000079, 31.111705466000046 ], [ 74.610583322000082, 31.09911461300004 ], [ 74.60724298000008, 31.094845607000025 ], [ 74.604031064000083, 31.095010426000044 ], [ 74.60415996200004, 31.093089690000056 ], [ 74.599323696000056, 31.093048364000026 ], [ 74.600752516000057, 31.087967035000077 ], [ 74.591315447000056, 31.088599803000079 ], [ 74.590800867000041, 31.092447752000055 ], [ 74.589089459000036, 31.092445380000072 ], [ 74.586487326000054, 31.091135466000026 ], [ 74.588736674000074, 31.087660153000058 ], [ 74.573784307000039, 31.08580100100005 ], [ 74.571291632000055, 31.081357119000074 ], [ 74.557992111000033, 31.083226026000034 ], [ 74.551438369000039, 31.086458826000069 ], [ 74.551040148000084, 31.096876698000074 ], [ 74.549156356000083, 31.101769349000051 ], [ 74.549687053000071, 31.113074253000036 ], [ 74.547679629000072, 31.114614651000068 ], [ 74.548498922000078, 31.122038986000064 ], [ 74.545428697000034, 31.122456644000067 ], [ 74.543813225000065, 31.121019753000041 ], [ 74.524901417000081, 31.129230651000057 ], [ 74.510407445000055, 31.13196294200003 ], [ 74.513760909000041, 31.139492714000028 ], [ 74.51367855400008, 31.148452663000057 ], [ 74.51532626900007, 31.151071265000041 ], [ 74.512927782000077, 31.153580841000064 ], [ 74.513860666000085, 31.155790530000047 ], [ 74.510767309000073, 31.157789818000026 ], [ 74.512991593000038, 31.164184285000033 ], [ 74.509946530000036, 31.173316973000055 ], [ 74.51048893400008, 31.180285414000025 ], [ 74.511702778000029, 31.182387898000059 ], [ 74.519569347000072, 31.184094606000031 ], [ 74.521526165000068, 31.190712482000038 ], [ 74.519946032000064, 31.194296816000076 ], [ 74.521603455000047, 31.197040340000058 ], [ 74.521471635000069, 31.202704994000044 ], [ 74.525165894000054, 31.203586127000051 ], [ 74.525445760000082, 31.206129510000039 ], [ 74.523761146000083, 31.208093836000046 ], [ 74.526089063000029, 31.211910203000059 ], [ 74.523610149000035, 31.217928103000077 ], [ 74.524635130000036, 31.220239818000039 ], [ 74.52082933500003, 31.22510597400003 ], [ 74.517210412000054, 31.226803730000029 ], [ 74.517169076000073, 31.228399465000052 ], [ 74.51984372000004, 31.231859257000053 ], [ 74.518952281000054, 31.23334193900007 ], [ 74.528179743000067, 31.239998619000062 ], [ 74.53269937400006, 31.249402848000045 ], [ 74.532121111000038, 31.25227607100004 ], [ 74.523804953000081, 31.261709523000036 ], [ 74.520601493000072, 31.268903658000056 ], [ 74.521130153000058, 31.272081879000041 ], [ 74.526449411000044, 31.276775435000047 ], [ 74.531214159000058, 31.284442715000068 ], [ 74.537583401000063, 31.300992277000034 ], [ 74.542095558000028, 31.303728096000043 ], [ 74.540822898000044, 31.306016781000039 ], [ 74.534342849000041, 31.304867738000041 ], [ 74.531495156000062, 31.308231492000061 ], [ 74.528575079000063, 31.308837894000078 ], [ 74.526373158000069, 31.312426627000036 ], [ 74.529070348000062, 31.314131461000045 ], [ 74.53482166100008, 31.313459812000076 ], [ 74.53541034400007, 31.315005906000067 ], [ 74.533922239000049, 31.316004311000029 ], [ 74.537903140000083, 31.31917960100003 ], [ 74.534334274000059, 31.322053402000051 ], [ 74.533783535000055, 31.324969022000062 ], [ 74.537450559000035, 31.32678855000006 ], [ 74.536817007000082, 31.33018101600004 ], [ 74.543872789000034, 31.335228810000046 ], [ 74.548782585000083, 31.334845573000052 ], [ 74.545942467000032, 31.340731553000069 ], [ 74.548674, 31.344243169000038 ], [ 74.553149790000077, 31.356374946000074 ], [ 74.550161372000048, 31.358534844000076 ], [ 74.55173742900007, 31.364399503000072 ], [ 74.567493691000038, 31.371920295000052 ], [ 74.571670102000041, 31.371455465000054 ], [ 74.573346534000052, 31.374110565000024 ], [ 74.578481344000068, 31.374903109000059 ], [ 74.577861799000061, 31.375932036000052 ], [ 74.583488454000076, 31.379011737000042 ], [ 74.586073096000064, 31.384884738000039 ], [ 74.587080196000045, 31.39764576400006 ], [ 74.59054866300005, 31.400863438000044 ], [ 74.594103990000065, 31.407755628000075 ], [ 74.596506601000044, 31.416283215000078 ], [ 74.602673202000062, 31.415624815000058 ], [ 74.601254880000056, 31.419934094000041 ], [ 74.607154238000078, 31.420480093000037 ], [ 74.60897858900006, 31.423602147000054 ], [ 74.619318638000038, 31.419839620000062 ], [ 74.622377652000068, 31.430135716000052 ], [ 74.627495697000029, 31.42941380700006 ], [ 74.62887997100006, 31.426158345000033 ], [ 74.631355768000049, 31.425569739000025 ], [ 74.633663941000066, 31.418690452000078 ], [ 74.642535487000032, 31.415946860000076 ], [ 74.648301859000071, 31.423767500000054 ], [ 74.651951241000063, 31.426436473000024 ], [ 74.654671233000045, 31.425909463000039 ], [ 74.642936454000051, 31.436613458000068 ], [ 74.638628966000056, 31.444169153000075 ], [ 74.642867586000079, 31.449931896000066 ], [ 74.651309323000078, 31.451897511000027 ], [ 74.65321629400006, 31.454402576000064 ], [ 74.652236182000081, 31.457207925000034 ], [ 74.647773941000082, 31.465488214000061 ], [ 74.638646852000079, 31.47253420100003 ], [ 74.636326128000064, 31.477671523000026 ], [ 74.627773346000083, 31.476864118000037 ], [ 74.629621514000064, 31.484134398000037 ], [ 74.631556444000068, 31.481292892000056 ], [ 74.636685400000033, 31.484739018000027 ], [ 74.632318471000076, 31.486472225000057 ], [ 74.625087543000063, 31.485854565000068 ], [ 74.625945623000064, 31.482656364000036 ], [ 74.623647943000037, 31.483320512000034 ], [ 74.622281432000079, 31.481977076000078 ], [ 74.62236441400006, 31.485179537000079 ], [ 74.618745061000084, 31.485050763000061 ], [ 74.614536630000032, 31.489111743000024 ], [ 74.613239670000041, 31.49564822800005 ], [ 74.609832784000048, 31.499788924000029 ], [ 74.605525338000064, 31.498404840000035 ], [ 74.603128603000073, 31.500456764000035 ], [ 74.599626053000065, 31.499679323000066 ], [ 74.594814149000058, 31.50152115700007 ], [ 74.593616406000081, 31.496130029000028 ], [ 74.588380588000064, 31.497164517000044 ], [ 74.58741698800003, 31.496080376000066 ], [ 74.57815905700005, 31.498321651000026 ], [ 74.575359678000041, 31.500907168000026 ], [ 74.579954955000062, 31.500453329000038 ], [ 74.581233780000048, 31.498770280000031 ], [ 74.581557644000043, 31.500640299000054 ], [ 74.58464022000004, 31.500195584000039 ], [ 74.587287339000056, 31.504172076000032 ], [ 74.580145175000041, 31.507002783000075 ], [ 74.581999766000081, 31.507998589000067 ], [ 74.58411708400007, 31.506749316000025 ], [ 74.583679343000028, 31.510359523000034 ], [ 74.58027211700005, 31.511092657000063 ], [ 74.582781036000029, 31.513778718000026 ], [ 74.584220537000078, 31.52075205400007 ], [ 74.58896752000004, 31.521418888000028 ], [ 74.59600398300006, 31.525978810000026 ], [ 74.603830519000041, 31.523957644000063 ], [ 74.612856850000071, 31.527254667000079 ], [ 74.612226230000033, 31.530426580000039 ], [ 74.614275086000077, 31.535013707000076 ], [ 74.612963543000035, 31.543384166000067 ], [ 74.614984844000048, 31.544084711000039 ], [ 74.614399705000039, 31.551102344000071 ], [ 74.618753513000058, 31.551550173000066 ], [ 74.616110911000078, 31.55749858300004 ], [ 74.610938019000059, 31.558947014000069 ], [ 74.611282413000083, 31.560113110000032 ], [ 74.606713138000032, 31.562512010000034 ], [ 74.608991281000044, 31.566709700000047 ], [ 74.613533876000076, 31.566931508000039 ], [ 74.615890128000046, 31.569039579000048 ], [ 74.610883089000083, 31.567074457000047 ], [ 74.601707110000063, 31.572677209000062 ], [ 74.592130331000078, 31.574084056000061 ], [ 74.591868185000067, 31.576532029000077 ], [ 74.585339078000061, 31.581370483000057 ], [ 74.587007444000051, 31.583394430000055 ], [ 74.585834118000037, 31.585104084000079 ], [ 74.580998558000033, 31.587129162000053 ], [ 74.582350342000041, 31.587959593000051 ], [ 74.580922255000075, 31.594261671000027 ], [ 74.577167037000038, 31.59514990200006 ], [ 74.574855393000064, 31.597806116000072 ], [ 74.578940379000073, 31.599698704000048 ], [ 74.575722152000083, 31.600804980000078 ], [ 74.57543809200007, 31.603974317000052 ], [ 74.567494360000069, 31.607003937000059 ], [ 74.555471202000035, 31.607907887000067 ], [ 74.556455399000072, 31.611411199000031 ], [ 74.55121351400004, 31.61773941000007 ], [ 74.551641880000034, 31.623985735000076 ], [ 74.546275507000075, 31.63324175300005 ], [ 74.548041070000068, 31.640907368000057 ], [ 74.546625421000044, 31.645700248000026 ], [ 74.544861040000058, 31.648324907000074 ], [ 74.541223307000053, 31.646658160000072 ], [ 74.539126770000053, 31.648244077000072 ], [ 74.537490805000061, 31.653196268000045 ], [ 74.540321944000084, 31.659942466000075 ], [ 74.528835201000049, 31.666398895000043 ], [ 74.529691261000039, 31.669430113000033 ], [ 74.534512680000034, 31.673626308000053 ], [ 74.535112014000049, 31.67762513200006 ], [ 74.524285906000046, 31.686934339000061 ], [ 74.51683431400005, 31.688701516000037 ], [ 74.501987519000068, 31.695623864000027 ], [ 74.503409665000049, 31.70255721500007 ], [ 74.499475784000083, 31.70689662500007 ], [ 74.499299568000083, 31.709422731000075 ], [ 74.486624955000082, 31.715053800000078 ], [ 74.490625746000035, 31.723573108000039 ], [ 74.503033032000076, 31.728449294000029 ], [ 74.502797356000031, 31.73280916300007 ], [ 74.505143313000076, 31.739829193000048 ], [ 74.503899686000068, 31.740301956000053 ], [ 74.508906650000029, 31.742122017000042 ], [ 74.513835402000041, 31.739970290000031 ], [ 74.530977484000061, 31.747809765000056 ], [ 74.547379712000065, 31.749378006000029 ], [ 74.54720792300003, 31.752104188000033 ], [ 74.559418812000047, 31.757856789000073 ], [ 74.561728455000036, 31.763108725000052 ], [ 74.55492117600005, 31.766908737000051 ], [ 74.556719623000049, 31.770864686000039 ], [ 74.551304048000077, 31.77867370000007 ], [ 74.555171262000044, 31.786180813000044 ], [ 74.555571289000056, 31.791349332000038 ], [ 74.567174924000085, 31.796321509000052 ], [ 74.557912854000051, 31.804785588000072 ], [ 74.565364929000054, 31.808545719000051 ], [ 74.573097152000059, 31.816102590000071 ], [ 74.57121318600008, 31.819055662000039 ], [ 74.570456840000077, 31.828400190000025 ], [ 74.570660829000076, 31.837069194000037 ], [ 74.572084907000033, 31.839049488000057 ], [ 74.573115449000056, 31.838539369000046 ], [ 74.583391404000054, 31.851898533000053 ], [ 74.590697576000082, 31.848541791000059 ], [ 74.592239398000061, 31.858024279000063 ], [ 74.597777538000059, 31.86800174800004 ], [ 74.60660706300007, 31.868491794000079 ], [ 74.609984347000079, 31.878290950000064 ], [ 74.608097481000073, 31.878551795000078 ], [ 74.607392865000065, 31.89007904500005 ], [ 74.615310831000045, 31.889756180000063 ], [ 74.629324604000033, 31.882156206000047 ], [ 74.632970756000077, 31.884421461000045 ], [ 74.636247193000031, 31.884222790000024 ], [ 74.650938285000052, 31.902341328000034 ], [ 74.654325636000067, 31.899573621000059 ], [ 74.657540891000053, 31.901887988000055 ], [ 74.658289713000045, 31.910355775000028 ], [ 74.668324882000036, 31.91792072100003 ], [ 74.666713859000083, 31.922594478000065 ], [ 74.673441321000041, 31.920879088000049 ], [ 74.67423404300007, 31.918586162000054 ], [ 74.677094975000045, 31.926225405000025 ], [ 74.699437409000041, 31.92621015800006 ], [ 74.700776986000051, 31.925941021000028 ], [ 74.700861535000058, 31.92350878600007 ], [ 74.706482038000047, 31.921158111000068 ], [ 74.707691478000072, 31.923118468000041 ], [ 74.719055319000063, 31.923766668000042 ], [ 74.713925945000085, 31.932164384000032 ], [ 74.715160395000055, 31.936232285000074 ], [ 74.719937449000042, 31.941446916000075 ], [ 74.722260002000041, 31.942911287000072 ], [ 74.725899230000039, 31.941793527000073 ], [ 74.727256733000047, 31.942813537000063 ], [ 74.730959539000082, 31.94104918000005 ], [ 74.734351424000067, 31.945324621000054 ], [ 74.743103184000063, 31.939720910000062 ], [ 74.756369896000081, 31.943741435000049 ], [ 74.755393797000067, 31.95582180200006 ], [ 74.759767687000078, 31.954338043000064 ], [ 74.768489038000041, 31.947733903000028 ], [ 74.781645448000063, 31.955769977000045 ], [ 74.794678956000041, 31.958296701000052 ], [ 74.80222699400008, 31.957873465000034 ], [ 74.805877378000048, 31.962987640000051 ], [ 74.810688792000064, 31.962383927000076 ], [ 74.811006450000036, 31.959437191000063 ], [ 74.815103858000043, 31.960540348000052 ], [ 74.819006376000061, 31.958707774000061 ], [ 74.831243484000083, 31.980782589000057 ], [ 74.828860378000059, 31.999180813000066 ], [ 74.838953334000053, 32.008509579000076 ], [ 74.84678398300008, 32.008390653000049 ], [ 74.853125700000078, 32.013394995000056 ], [ 74.848311284000033, 32.020492475000026 ], [ 74.865596760000074, 32.023193346000028 ], [ 74.863821945000041, 32.024388557000066 ], [ 74.86262658000004, 32.029511382000067 ], [ 74.865477594000083, 32.030427648000057 ], [ 74.869310112000051, 32.027733498000032 ], [ 74.868788231000053, 32.021976963000043 ], [ 74.879986833000032, 32.031874704000074 ], [ 74.876390126000047, 32.034104524000043 ], [ 74.872315277000041, 32.041514033000055 ], [ 74.86878420100004, 32.041859832000057 ], [ 74.872603397000034, 32.044011630000057 ], [ 74.875409876000049, 32.050755154000058 ], [ 74.879426736000084, 32.053751256000055 ], [ 74.888570422000043, 32.052627575000031 ], [ 74.889793287000032, 32.055113705000053 ], [ 74.89145265500008, 32.054990279000037 ], [ 74.904762273000074, 32.050288709000029 ], [ 74.91273818600007, 32.053858501000036 ], [ 74.912263849000055, 32.05600404300003 ], [ 74.917695150000043, 32.057986611000047 ], [ 74.91888330300003, 32.062482479000039 ], [ 74.924600582000039, 32.066173792000029 ], [ 74.933636412000055, 32.065646609000055 ], [ 74.948068331000059, 32.063089845000036 ], [ 74.949527007000029, 32.062253131000034 ], [ 74.948303836000036, 32.059301468000058 ], [ 74.952026391000061, 32.058234602000027 ], [ 74.952941226000064, 32.060167934000049 ], [ 74.973963591000029, 32.053456231000041 ], [ 74.978044521000072, 32.047076619000052 ], [ 74.971874355000068, 32.042522447000067 ], [ 74.982959540000081, 32.04018110800007 ], [ 74.985306330000071, 32.042354395000075 ], [ 75.001050341000052, 32.041093017000037 ], [ 75.002971956000067, 32.043580164000048 ], [ 75.004907569000068, 32.037517427000068 ], [ 75.012411271000076, 32.03567924400005 ], [ 75.016718112000035, 32.042940305000059 ], [ 75.017842744000063, 32.041903951000052 ], [ 75.018801815000074, 32.046979375000035 ], [ 75.021624091000035, 32.048622542000032 ], [ 75.023801140000046, 32.047616146000053 ], [ 75.033973334000052, 32.050681626000028 ], [ 75.036866407000048, 32.044373249000046 ], [ 75.040730979000045, 32.042598600000076 ], [ 75.051794127000051, 32.051163107000036 ], [ 75.050624706000065, 32.052674499000034 ], [ 75.053680660000055, 32.054349946000059 ], [ 75.058754339000075, 32.052794899000048 ], [ 75.062760131000061, 32.055898325000044 ], [ 75.068077588000051, 32.062408130000051 ], [ 75.064126883000029, 32.065577403000077 ], [ 75.068710065000062, 32.067175690000056 ], [ 75.07148515800003, 32.065490754000052 ], [ 75.068992913000045, 32.063577673000054 ], [ 75.073031619000062, 32.059736789000056 ], [ 75.083989704000032, 32.060044709000067 ], [ 75.091507243000081, 32.065879050000035 ], [ 75.090042957000037, 32.06881648500007 ], [ 75.091095646000042, 32.071815938000043 ], [ 75.097722387000033, 32.066351177000058 ], [ 75.101782716000059, 32.059353696000073 ], [ 75.104883391000044, 32.058679895000068 ], [ 75.109018583000079, 32.064833660000033 ], [ 75.106685178000077, 32.069683522000048 ], [ 75.108509974000071, 32.071674881000035 ], [ 75.113115554000046, 32.071853368000063 ], [ 75.117365566000046, 32.075448492000078 ], [ 75.120733648000055, 32.075425135000046 ], [ 75.120283923000045, 32.078715875000057 ], [ 75.122914600000058, 32.081466834000025 ], [ 75.14259321600008, 32.080220376000057 ], [ 75.157678111000052, 32.081826353000054 ], [ 75.166172283000037, 32.071531116000074 ], [ 75.174272219000045, 32.067670960000044 ], [ 75.179319717000055, 32.07641185500006 ], [ 75.189254025000082, 32.082401441000059 ], [ 75.198341190000065, 32.082789382000044 ], [ 75.196635639000078, 32.085532740000076 ], [ 75.197923417000084, 32.098626008000053 ], [ 75.204124094000065, 32.096670990000064 ], [ 75.203736407000065, 32.099251026000047 ], [ 75.205753857000047, 32.102587751000044 ], [ 75.203406031000043, 32.120222708000028 ], [ 75.215673323000033, 32.121145605000038 ], [ 75.220333337000056, 32.107663825000031 ], [ 75.217808539000032, 32.103362481000033 ], [ 75.223752614000034, 32.098135364000029 ], [ 75.223216735000051, 32.102375534000032 ], [ 75.226229113000045, 32.10341064000005 ], [ 75.227040487000068, 32.106762198000069 ], [ 75.235096476000081, 32.10372293000006 ], [ 75.229440735000082, 32.093267055000069 ], [ 75.231363978000047, 32.091392332000055 ], [ 75.240269305000083, 32.091029586000047 ], [ 75.245107918000031, 32.099911949000045 ], [ 75.262145238000073, 32.102024095000047 ], [ 75.266519061000054, 32.107377482000061 ], [ 75.266239981000069, 32.108857509000075 ], [ 75.261579011000038, 32.110470296000074 ], [ 75.262771875000055, 32.11191670200003 ], [ 75.272015965000037, 32.112720512000067 ], [ 75.278610317000073, 32.116890641000055 ], [ 75.283438356000033, 32.131815998000036 ], [ 75.277397099000041, 32.136884505000069 ], [ 75.285396306000052, 32.151630503000035 ], [ 75.299465729000076, 32.153353398000036 ], [ 75.299775836000038, 32.156617076000032 ], [ 75.306788508000068, 32.169028627000046 ], [ 75.313765368000077, 32.172014822000051 ], [ 75.322312627000031, 32.179327655000066 ], [ 75.316194369000073, 32.180941088000054 ], [ 75.318346743000063, 32.187530078000066 ], [ 75.313598342000034, 32.189462933000073 ], [ 75.310267797000051, 32.194636302000049 ], [ 75.311893698000063, 32.199429103000057 ], [ 75.320102417000044, 32.204147024000065 ], [ 75.316220111000064, 32.208041047000052 ], [ 75.324127464000071, 32.211055778000059 ], [ 75.33132719200006, 32.219563398000048 ], [ 75.336768203000076, 32.219515606000073 ], [ 75.342152609000038, 32.217017988000066 ], [ 75.357376665000061, 32.218010737000043 ], [ 75.365556142000059, 32.219748157000026 ], [ 75.365857307000056, 32.223800961000052 ], [ 75.368603130000054, 32.226190128000042 ], [ 75.371585550000077, 32.224627825000027 ], [ 75.374218865000046, 32.241387941000028 ], [ 75.370316507000041, 32.242295097000067 ], [ 75.370553941000082, 32.257854788000031 ], [ 75.373006370000041, 32.266575640000042 ], [ 75.377379012000063, 32.268131504000053 ], [ 75.380703909000033, 32.266688858000066 ], [ 75.381477845000063, 32.268787220000036 ], [ 75.378288108000049, 32.270239796000055 ], [ 75.377836793000029, 32.273217214000056 ], [ 75.371647, 32.279497 ], [ 75.343853114000069, 32.278584179000063 ], [ 75.350451736000082, 32.289959993000025 ], [ 75.320802221000065, 32.29724518200004 ], [ 75.323634255000059, 32.302067450000038 ], [ 75.333368914000062, 32.311069047000046 ], [ 75.334982586000081, 32.310902161000058 ], [ 75.330017845000043, 32.312563645000068 ], [ 75.332536484000059, 32.316077653000036 ], [ 75.336379606000037, 32.316619456000069 ], [ 75.337512710000055, 32.320582482000077 ], [ 75.333477582000057, 32.325871106000079 ], [ 75.32654688000008, 32.328062672000044 ], [ 75.324909285000047, 32.339794160000054 ], [ 75.322001364000073, 32.343696612000031 ], [ 75.307373906000066, 32.343813602000068 ], [ 75.298991184000045, 32.346607619000054 ], [ 75.299557715000049, 32.353302457000041 ], [ 75.289203076000035, 32.355830025000046 ], [ 75.286998421000078, 32.360962452000024 ], [ 75.289689619000058, 32.370112334000055 ], [ 75.272822053000084, 32.37632730100006 ], [ 75.268074093000052, 32.372802253000032 ], [ 75.258249922000061, 32.372343001000047 ], [ 75.257745181000075, 32.375872701000048 ], [ 75.254816664000032, 32.378361679000079 ], [ 75.256512558000054, 32.380763779000063 ], [ 75.255063199000062, 32.383960671000068 ], [ 75.256942329000083, 32.389401483000029 ], [ 75.251303297000049, 32.390983446000064 ], [ 75.24542763200003, 32.38475310900003 ], [ 75.228399716000069, 32.392272155000057 ], [ 75.223369885000068, 32.395353814000032 ], [ 75.22435009700007, 32.398144354000067 ], [ 75.213216289000059, 32.402716208000072 ], [ 75.209142862000078, 32.394731970000066 ], [ 75.192819653000072, 32.401005127000076 ], [ 75.193070995000085, 32.411197489000074 ], [ 75.198543357000062, 32.411042889000043 ], [ 75.201607719000037, 32.415278577000038 ], [ 75.199711524000065, 32.416811319000033 ], [ 75.200690172000066, 32.421004899000025 ], [ 75.197973191000074, 32.421796200000074 ], [ 75.197048531000064, 32.420556810000051 ], [ 75.194262543000036, 32.423062822000077 ], [ 75.19270006000005, 32.422324373000038 ], [ 75.193351110000037, 32.424215583000034 ], [ 75.191772729000036, 32.426149470000041 ], [ 75.187049909000052, 32.42700779200004 ], [ 75.18362316200006, 32.425124225000047 ], [ 75.180410816000062, 32.425424265000061 ], [ 75.178183779000051, 32.421051285000033 ], [ 75.168268289000082, 32.422832984000024 ], [ 75.160111435000033, 32.418865364000055 ], [ 75.153476658000045, 32.421100693000028 ], [ 75.152038251000079, 32.418760418000033 ], [ 75.132911746000048, 32.408830782000052 ], [ 75.131484896000075, 32.411177581000061 ], [ 75.132678718000079, 32.415420189000031 ], [ 75.127626561000056, 32.41746448300006 ], [ 75.12750520700007, 32.423947412000075 ], [ 75.128548785000078, 32.426062159000026 ], [ 75.133321364000039, 32.426226066000027 ], [ 75.134381531000031, 32.428210608000029 ], [ 75.129437177000057, 32.432151555000075 ], [ 75.130053365000038, 32.434004363000042 ], [ 75.124553347000074, 32.436533875000066 ], [ 75.122533904000079, 32.441925265000066 ], [ 75.118989576000047, 32.443665259000056 ], [ 75.120856725000067, 32.455209346000061 ], [ 75.108773446000043, 32.460241292000035 ], [ 75.111204912000062, 32.466833283000028 ], [ 75.108952160000058, 32.469472263000057 ], [ 75.108846450000044, 32.473934369000062 ], [ 75.101694675000033, 32.477465186000074 ], [ 75.099631088000081, 32.478034652000076 ], [ 75.09200861000005, 32.469160547000058 ], [ 75.087028767000049, 32.471359225000072 ], [ 75.085220683000045, 32.469085876000065 ], [ 75.084890546000054, 32.472051085000032 ], [ 75.077703049000036, 32.47639459100003 ], [ 75.070043878000035, 32.480019393000077 ], [ 75.068762723000077, 32.477598354000065 ], [ 75.055933552000056, 32.481302130000074 ], [ 75.045162832000074, 32.487597602000051 ], [ 75.042998598000054, 32.486233779000031 ], [ 75.032377031000067, 32.492298075000065 ], [ 75.026530096000045, 32.497587386000077 ], [ 75.015874337000071, 32.477492252000047 ], [ 75.015336751000063, 32.470666075000054 ], [ 75.019894470000054, 32.468344582000043 ], [ 75.015500907000046, 32.464385944000071 ], [ 75.013772620000054, 32.465501160000031 ], [ 75.008343295000032, 32.462939360000064 ], [ 75.001189135000061, 32.456206547000079 ], [ 74.998408599000072, 32.458125445000064 ], [ 74.995728167000038, 32.453966593000075 ], [ 74.992025887000068, 32.45238409600006 ], [ 74.988301011000033, 32.453471895000064 ], [ 74.983519545000036, 32.451582795000036 ], [ 74.970376796000039, 32.459277064000048 ], [ 74.965721517000077, 32.458153421000077 ], [ 74.954486604000067, 32.451364323000064 ], [ 74.95164423500006, 32.446473799000046 ], [ 74.945407791000036, 32.449014834000025 ], [ 74.943128375000072, 32.452248223000026 ], [ 74.94315741500003, 32.459217964000061 ], [ 74.941399929000056, 32.463708008000026 ], [ 74.936299572000053, 32.468106147000071 ], [ 74.939249393000068, 32.471283352000057 ], [ 74.930425497000044, 32.47162945000008 ], [ 74.918473480000046, 32.464049438000075 ], [ 74.91852181400003, 32.465302439000027 ], [ 74.912962679000032, 32.466630068000029 ], [ 74.91148098900004, 32.469579342000031 ], [ 74.905443818000037, 32.473002912000027 ], [ 74.900475052000047, 32.467119414000024 ], [ 74.881266265000079, 32.475057424000056 ], [ 74.879638843000066, 32.477518986000064 ], [ 74.876379308000082, 32.477293326000051 ], [ 74.884503324000036, 32.490432714000065 ], [ 74.877099018000081, 32.493910487000051 ], [ 74.867609, 32.485132 ], [ 74.863947, 32.486643 ], [ 74.862217, 32.490726 ], [ 74.857683, 32.494076 ], [ 74.854301, 32.494357 ], [ 74.854363, 32.49258 ], [ 74.849595, 32.49256500100006 ], [ 74.848629, 32.490274 ], [ 74.846244, 32.490118 ], [ 74.845481, 32.492503 ], [ 74.841470767000033, 32.49260825600004 ], [ 74.836229195000044, 32.496872503000077 ], [ 74.834793165000065, 32.494459064000068 ], [ 74.833529574000067, 32.495864748000031 ], [ 74.829348540000069, 32.495044462000067 ], [ 74.82059534900003, 32.497249042000078 ], [ 74.820029186000056, 32.499531010000055 ], [ 74.812594047000061, 32.480054915000039 ], [ 74.80137577000005, 32.482740596000042 ], [ 74.800565513000038, 32.479513196000028 ], [ 74.796267649000072, 32.476921344000061 ], [ 74.768183319000059, 32.482866771000033 ], [ 74.766453499000079, 32.48140206000005 ], [ 74.755311363000033, 32.48290908000007 ], [ 74.752702930000055, 32.478463671000043 ], [ 74.72950738000003, 32.481125465000048 ], [ 74.72716919100003, 32.475844219000066 ], [ 74.716791664000084, 32.476574975000062 ], [ 74.711715325000057, 32.478670531000034 ], [ 74.714189494000038, 32.487524968000059 ], [ 74.70986603800003, 32.491224729000066 ], [ 74.710377368000081, 32.492861674000039 ], [ 74.708193713000071, 32.493392394000068 ], [ 74.702301914000032, 32.493032671000037 ], [ 74.701144710000051, 32.490783644000032 ], [ 74.698485366000057, 32.490547767000066 ], [ 74.694191557000067, 32.486705426000071 ], [ 74.687995300000068, 32.487018779000039 ], [ 74.685519760000034, 32.491323978000025 ], [ 74.681416057000035, 32.492754270000034 ], [ 74.685466579000035, 32.499472426000068 ], [ 74.685906714000055, 32.503312359000063 ], [ 74.685950059000049, 32.507830770000055 ], [ 74.682472868000048, 32.509951776000037 ], [ 74.682983442000079, 32.513191941000059 ], [ 74.690116570000043, 32.522969212000078 ], [ 74.690229783000063, 32.534256491000065 ], [ 74.675219642000059, 32.538225191000038 ], [ 74.66188435600003, 32.545844956000053 ], [ 74.661139254000034, 32.554070218000049 ], [ 74.672430848000033, 32.552402333000032 ], [ 74.673281733000067, 32.55360128600006 ], [ 74.673098961000051, 32.567981352000061 ], [ 74.667757735000066, 32.56818393900005 ], [ 74.667955240000083, 32.567025497000031 ], [ 74.662951584000041, 32.563976676000038 ], [ 74.657335517000035, 32.565002987000071 ], [ 74.651617345000034, 32.562999070000046 ], [ 74.651843866000036, 32.57069655600003 ], [ 74.655029930000069, 32.58094039100007 ], [ 74.64950970700005, 32.582676474000039 ], [ 74.648443351000083, 32.58553198900006 ], [ 74.649578894000058, 32.589403588000039 ], [ 74.655082705000041, 32.590728966000029 ], [ 74.659057309000048, 32.596744545000035 ], [ 74.652315887000043, 32.599628375000066 ], [ 74.650166334000062, 32.597328412000024 ], [ 74.641531562000068, 32.599573478000025 ], [ 74.64186913900005, 32.602596895000033 ], [ 74.639006061000032, 32.603455105000023 ], [ 74.640005141000074, 32.608499295000058 ], [ 74.638484422000033, 32.614611307000075 ], [ 74.641361596000081, 32.615770382000051 ], [ 74.650697489000038, 32.614308736000055 ], [ 74.65416447900003, 32.615217622000046 ], [ 74.656806696000046, 32.630693733000044 ], [ 74.652686285000073, 32.631464362000031 ], [ 74.656039836000048, 32.632912891000046 ], [ 74.654544318000035, 32.637138496000034 ], [ 74.662426895000067, 32.635399396000025 ], [ 74.667324645000065, 32.638540859000045 ], [ 74.669575132000034, 32.638269111000056 ], [ 74.671920965000083, 32.64616532000008 ], [ 74.677312817000029, 32.650725683000076 ], [ 74.680158940000069, 32.649852544000055 ], [ 74.680914449000056, 32.652470716000039 ], [ 74.688469202000078, 32.651538517000063 ], [ 74.695099798000058, 32.660571196000035 ], [ 74.696165156000063, 32.665888685000027 ], [ 74.681415207000043, 32.67012224900003 ], [ 74.681112961000053, 32.673053089000064 ], [ 74.666235357000062, 32.675603799000044 ], [ 74.653688610000074, 32.696986783000057 ], [ 74.657665480000048, 32.709131055000057 ], [ 74.657423140000049, 32.715863200000058 ], [ 74.663869970000064, 32.725748004000025 ], [ 74.654472143000078, 32.729099442000063 ], [ 74.660250751000035, 32.73435642100003 ], [ 74.665454621000038, 32.746085271000027 ], [ 74.674672779000048, 32.757042338000076 ], [ 74.676963173000047, 32.762542928000073 ], [ 74.677566581000065, 32.770970887000033 ], [ 74.681300425000074, 32.776336533000062 ], [ 74.685071325000081, 32.787812978000034 ], [ 74.696301308000045, 32.80414944000006 ], [ 74.697231574000057, 32.807344370000067 ], [ 74.69592513200007, 32.811339737000026 ], [ 74.70456353700007, 32.817278224000063 ], [ 74.705251285000031, 32.841954689000033 ], [ 74.694070130000057, 32.840708884000037 ], [ 74.682435899000041, 32.836512879000054 ], [ 74.665524981000033, 32.823911366000061 ], [ 74.658639351000033, 32.829853420000063 ], [ 74.652550026000029, 32.827845632000049 ], [ 74.641460705000043, 32.819319524000036 ], [ 74.632885979000037, 32.808914493000032 ], [ 74.639593944000069, 32.798304461000043 ], [ 74.658637132000081, 32.787458452000067 ], [ 74.653938106000055, 32.780594054000062 ], [ 74.639579477000041, 32.782267147000027 ], [ 74.632033594000063, 32.776004397000065 ], [ 74.630543273000058, 32.767352420000066 ], [ 74.639110671000083, 32.757560453000053 ], [ 74.63763067800005, 32.75147021600003 ], [ 74.632751361000032, 32.751783068000066 ], [ 74.624046694000072, 32.756361232000074 ], [ 74.621221482000067, 32.760457686000052 ], [ 74.617496136000057, 32.761358189000077 ], [ 74.61318639600006, 32.759538097000075 ], [ 74.613036844000078, 32.757991578000031 ], [ 74.594060384000045, 32.756039017000035 ], [ 74.588691495000035, 32.750623653000048 ], [ 74.582300868000061, 32.753408811000043 ], [ 74.579570383000032, 32.749421984000037 ], [ 74.574796179000032, 32.751419889000033 ], [ 74.574755714000048, 32.756674609000072 ], [ 74.569275341000036, 32.760093565000034 ], [ 74.566133681000053, 32.760067867000032 ], [ 74.555593227000031, 32.758669486000031 ], [ 74.548312820000035, 32.750498880000066 ], [ 74.547076420000053, 32.745581220000076 ], [ 74.543854641000053, 32.74512078500004 ], [ 74.545321545000036, 32.748686280000072 ], [ 74.542998100000034, 32.75144111700007 ], [ 74.541193758000077, 32.749632867000059 ], [ 74.53668168300004, 32.750074831000063 ], [ 74.537512403000051, 32.747838948000037 ], [ 74.533249256000033, 32.745326771000066 ], [ 74.525168189000055, 32.748382177000053 ], [ 74.518625546000067, 32.74835670300007 ], [ 74.514296823000052, 32.744220071000029 ], [ 74.509878937000053, 32.747279756000069 ], [ 74.509684980000031, 32.751640087000055 ], [ 74.513154795000048, 32.751815986000054 ], [ 74.515291865000052, 32.75653273100005 ], [ 74.514049917000079, 32.759509850000029 ], [ 74.51147086800006, 32.759660929000063 ], [ 74.509487351000075, 32.763172055000041 ], [ 74.511169032000055, 32.764409129000057 ], [ 74.507351801000084, 32.766496854000025 ], [ 74.502670686000044, 32.764879570000062 ], [ 74.497300204000055, 32.766179722000061 ], [ 74.484671614000035, 32.765227184000025 ], [ 74.485018005000029, 32.768621961000065 ], [ 74.475257673000044, 32.776553682000042 ], [ 74.463835490000065, 32.776624040000058 ], [ 74.460000214000047, 32.788611114000048 ], [ 74.448271212000066, 32.793571817000043 ], [ 74.446814349000078, 32.802910279000059 ], [ 74.445194320068836, 32.804084009657387 ], [ 74.437538, 32.788076 ], [ 74.439519155000085, 32.788142394000033 ], [ 74.410651340000072, 32.771981328000038 ], [ 74.391551340000035, 32.767381328000056 ], [ 74.37175134000006, 32.769581328000072 ], [ 74.349351340000055, 32.782581328000049 ], [ 74.341251340000042, 32.809681328000067 ], [ 74.325451340000029, 32.814181328000075 ], [ 74.293951340000035, 32.828181328000028 ], [ 74.250951340000029, 32.849881328000038 ], [ 74.201642593000031, 32.871747708000044 ], [ 74.201551340000037, 32.873481328000025 ], [ 74.172851340000079, 32.882581328000072 ], [ 74.164951340000073, 32.88938132800007 ], [ 74.123151340000049, 32.905581328000039 ], [ 74.098251340000047, 32.91818132800006 ], [ 74.083151340000029, 32.927981328000044 ], [ 74.074751340000034, 32.931081328000062 ], [ 74.05295134000005, 32.930681328000048 ], [ 74.00099, 32.954384 ], [ 73.984032, 32.96682 ], [ 73.958596, 32.999605 ], [ 73.94503, 33.019954 ], [ 73.925811, 33.034085 ], [ 73.904332, 33.039172 ], [ 73.877765, 33.03465 ], [ 73.829718, 33.01204 ], [ 73.816152, 33.010344 ], [ 73.795238, 33.014866 ], [ 73.776019, 33.021084 ], [ 73.764714, 33.03352 ], [ 73.755105, 33.047651 ], [ 73.746061, 33.05613 ], [ 73.729669, 33.064044 ], [ 73.680491, 33.076479 ], [ 73.653359, 33.080436 ], [ 73.634141, 33.093437 ], [ 73.623966, 33.114351 ], [ 73.625096, 33.131874 ], [ 73.639793, 33.139788 ], [ 73.656751, 33.14544 ], [ 73.670317, 33.152224 ], [ 73.671447, 33.162963 ], [ 73.670317, 33.21101 ], [ 73.661838, 33.221185 ], [ 73.647141, 33.222881 ], [ 73.64488, 33.234186 ], [ 73.627357, 33.241534 ], [ 73.622835, 33.26471 ], [ 73.614357, 33.278841 ], [ 73.618313, 33.289016 ], [ 73.611083984000061, 33.300903320000032 ], [ 73.603698730000076, 33.319091797000056 ], [ 73.60827636700003, 33.334899902000075 ], [ 73.599095, 33.341019 ], [ 73.588833782000052, 33.341773342000067 ], [ 73.579311, 33.357977 ], [ 73.575977865000084, 33.377401190000057 ], [ 73.582702, 33.402632 ], [ 73.592311, 33.413372 ], [ 73.601920500000062, 33.434852 ], [ 73.616052, 33.448418 ], [ 73.630183500000044, 33.456331 ], [ 73.625661, 33.471593 ], [ 73.61153, 33.491943 ], [ 73.612095, 33.508335 ], [ 73.620574, 33.520205 ], [ 73.627922, 33.525293 ], [ 73.633575, 33.526423 ], [ 73.63301, 33.539989 ], [ 73.625729938000063, 33.545077028000037 ], [ 73.626227, 33.559773 ], [ 73.628487500000062, 33.567687 ], [ 73.621705, 33.578427 ], [ 73.608138, 33.594819 ], [ 73.601921, 33.606124 ], [ 73.571962, 33.63043 ], [ 73.577049, 33.651345 ], [ 73.577049, 33.666607 ], [ 73.595702500000073, 33.680738 ], [ 73.600790500000073, 33.698826 ], [ 73.601350878000062, 33.723696047000033 ], [ 73.598529, 33.739525 ], [ 73.571398, 33.784745 ], [ 73.566874, 33.797746 ], [ 73.584398, 33.847489 ], [ 73.592285156000059, 33.862670898000033 ], [ 73.594573, 33.891579 ], [ 73.588355, 33.907406 ], [ 73.569137, 33.920407 ], [ 73.543699, 33.954322 ], [ 73.53635, 33.973541 ], [ 73.534655, 33.988237 ], [ 73.519394, 34.000108 ], [ 73.52448, 34.012543 ], [ 73.511034, 34.018706 ], [ 73.501413387000071, 34.018002034000062 ], [ 73.511033, 34.018706 ], [ 73.514869, 34.03685 ], [ 73.510913, 34.05946 ], [ 73.502999, 34.069069 ], [ 73.501303, 34.10468 ], [ 73.495085, 34.135204 ], [ 73.495085, 34.187208 ], [ 73.499042, 34.207557 ], [ 73.490563, 34.229037 ], [ 73.473606, 34.256169 ], [ 73.48378, 34.268605 ], [ 73.488302, 34.279344 ], [ 73.480389, 34.291215 ], [ 73.479258, 34.283866 ], [ 73.469649, 34.27991 ], [ 73.462301, 34.287823 ], [ 73.451561, 34.300259 ], [ 73.4493, 34.321173 ], [ 73.440256, 34.326261 ], [ 73.402949, 34.366394 ], [ 73.398426305000044, 34.378263918000073 ], [ 73.412558, 34.385613 ], [ 73.421036808000053, 34.398612706000051 ], [ 73.42782, 34.416702 ], [ 73.432907, 34.435355 ], [ 73.428951, 34.46927 ], [ 73.442517, 34.494707 ], [ 73.444212, 34.505447 ], [ 73.435734, 34.526927 ], [ 73.448169, 34.535971 ], [ 73.448734, 34.559146 ], [ 73.453256, 34.569321 ], [ 73.465692, 34.574973 ], [ 73.474171, 34.574973 ], [ 73.479824500000063, 34.571016500000042 ], [ 73.495651061000046, 34.57723363100007 ], [ 73.508651, 34.572712 ], [ 73.523348, 34.569886 ], [ 73.537480500000072, 34.571582 ], [ 73.548785500000065, 34.578365 ], [ 73.556699, 34.587974 ], [ 73.564046440000084, 34.589669755000045 ], [ 73.574221, 34.584018 ], [ 73.605875, 34.585148 ], [ 73.617745, 34.582322 ], [ 73.62792, 34.577234 ], [ 73.636399, 34.564799 ], [ 73.644312, 34.561407 ], [ 73.656748, 34.562538 ], [ 73.663531, 34.571582 ], [ 73.665792, 34.580061 ], [ 73.6624, 34.593627 ], [ 73.659009, 34.599279 ], [ 73.699707, 34.647892 ], [ 73.686141, 34.655805 ], [ 73.663531, 34.662588 ], [ 73.664661, 34.669936 ], [ 73.67314, 34.682372 ], [ 73.686706, 34.691981 ], [ 73.685576, 34.705548 ], [ 73.703664, 34.719114 ], [ 73.715534, 34.736071 ], [ 73.715534, 34.74455 ], [ 73.723447, 34.746811 ], [ 73.727969, 34.75416 ], [ 73.727969, 34.764334 ], [ 73.75058, 34.77677 ], [ 73.777712, 34.794858 ], [ 73.795235, 34.790336 ], [ 73.801452, 34.794293 ], [ 73.830847500000061, 34.79146650000007 ], [ 73.837630500000046, 34.802206500000068 ], [ 73.838196, 34.814076500000056 ], [ 73.852890243000047, 34.81464191300006 ], [ 73.865326, 34.80899 ], [ 73.870978, 34.814077 ], [ 73.887371, 34.814642 ], [ 73.898111, 34.819729 ], [ 73.927504, 34.811251 ], [ 73.934287, 34.817468 ], [ 73.934287, 34.8316 ], [ 73.945592, 34.834991 ], [ 73.968202, 34.835557 ], [ 73.971593, 34.850253 ], [ 73.977811, 34.866081 ], [ 73.994771, 34.86495 ], [ 74.003815, 34.869472 ], [ 74.007771910000031, 34.874558884000066 ], [ 74.021903, 34.873994 ], [ 74.028686, 34.877385500000059 ], [ 74.045079, 34.890386500000034 ], [ 74.039991, 34.899430500000051 ], [ 74.038861, 34.914127 ], [ 74.04847, 34.922040500000037 ], [ 74.064297, 34.930519500000059 ], [ 74.071645500000045, 34.937868 ], [ 74.060340500000052, 34.981958 ], [ 74.060906, 34.988741 ], [ 74.069384500000069, 34.996654500000034 ], [ 74.097082, 35.000611500000048 ], [ 74.106691500000068, 35.010220500000059 ], [ 74.111213500000076, 35.017569 ], [ 74.107821500000057, 35.026048 ], [ 74.082950500000038, 35.037353 ], [ 74.076733, 35.047527500000058 ], [ 74.087472500000047, 35.082573500000024 ], [ 74.094821, 35.091052500000046 ], [ 74.128577299000028, 35.105233168000041 ], [ 74.131948500000078, 35.119287500000041 ], [ 74.115906500000051, 35.123447 ], [ 74.112935500000049, 35.133547500000077 ], [ 74.116500500000029, 35.145430500000032 ], [ 74.11234150000007, 35.153154500000028 ], [ 74.096891952000078, 35.146025440000074 ], [ 74.080255, 35.156126 ], [ 74.065995, 35.152561 ], [ 74.054707, 35.152561 ], [ 74.035694, 35.14959 ], [ 74.018463, 35.167414 ], [ 74.007768, 35.170979 ], [ 74.003015, 35.184645 ], [ 73.991726, 35.181674 ], [ 73.97509, 35.174544 ], [ 73.95786, 35.165038 ], [ 73.945385, 35.18821 ], [ 73.925778, 35.210193500000059 ], [ 73.900824, 35.211976 ], [ 73.882405, 35.206034500000044 ], [ 73.871116, 35.204846 ], [ 73.862798, 35.210193500000059 ], [ 73.84735, 35.226236 ], [ 73.832496, 35.227424 ], [ 73.820019, 35.238119 ], [ 73.809335193000038, 35.242867025000066 ], [ 73.799970908000034, 35.235694382000077 ], [ 73.78507090800008, 35.233894382000074 ], [ 73.765470908000054, 35.22089438200004 ], [ 73.74990850000006, 35.220888 ], [ 73.74990850000006, 35.230989 ], [ 73.735648500000082, 35.257726 ], [ 73.73027090800008, 35.273694382000031 ], [ 73.711870908000037, 35.279694382000059 ], [ 73.708911500000056, 35.289810500000044 ], [ 73.7101, 35.302882 ], [ 73.699405500000069, 35.314171 ], [ 73.692869500000029, 35.33259 ], [ 73.692869500000029, 35.349226 ], [ 73.700593500000082, 35.352791 ], [ 73.698217, 35.37121 ], [ 73.707129500000065, 35.384281500000043 ], [ 73.71723, 35.405671 ], [ 73.727330500000051, 35.419337 ], [ 73.752879, 35.432408 ], [ 73.754661500000054, 35.443103 ], [ 73.767139, 35.446074 ], [ 73.79447, 35.44904450000007 ], [ 73.785558, 35.463304 ], [ 73.786152, 35.478752500000041 ], [ 73.783181, 35.496577 ], [ 73.785556824000082, 35.524488677000079 ], [ 73.751070908000031, 35.523894382000037 ], [ 73.735055, 35.531632500000057 ], [ 73.711883, 35.532821 ], [ 73.682175, 35.52985 ], [ 73.664944500000047, 35.531038 ], [ 73.616870908000067, 35.54109438200004 ], [ 73.542070908000085, 35.540194382000038 ], [ 73.499870908000048, 35.542894382000043 ], [ 73.481870908000076, 35.54109438200004 ], [ 73.44451250000003, 35.530444 ], [ 73.417870908000054, 35.525094382000077 ], [ 73.405298500000072, 35.529256 ], [ 73.401139500000056, 35.536385500000051 ], [ 73.402327500000069, 35.548863 ], [ 73.400545500000078, 35.567876 ], [ 73.395198, 35.586889 ], [ 73.385097500000029, 35.593425 ], [ 73.364270908000037, 35.600494382000079 ], [ 73.355983500000036, 35.609467 ], [ 73.353013, 35.621944 ], [ 73.348854, 35.629668 ], [ 73.338070908000077, 35.643294382000079 ], [ 73.332811500000048, 35.654029 ], [ 73.331029500000056, 35.662941 ], [ 73.324493500000074, 35.664129 ], [ 73.312016500000084, 35.660564 ], [ 73.296568500000035, 35.662347 ], [ 73.29062650000003, 35.670665 ], [ 73.275178500000038, 35.669477 ], [ 73.240123500000038, 35.657593500000075 ], [ 73.23596450000008, 35.667694 ], [ 73.218670908000036, 35.668894382000076 ], [ 73.191997, 35.677201 ], [ 73.183084500000064, 35.689678 ], [ 73.161695, 35.702749500000039 ], [ 73.148623500000042, 35.71285 ], [ 73.134958, 35.715227 ], [ 73.126046, 35.721168 ], [ 73.110003500000062, 35.749094 ], [ 73.111786, 35.759194 ], [ 73.120104, 35.765136 ], [ 73.141494, 35.764542 ], [ 73.15813, 35.761571 ], [ 73.167636500000071, 35.766918 ], [ 73.181870908000064, 35.781294382000056 ], [ 73.187838, 35.785337 ], [ 73.200315, 35.78712 ], [ 73.197344, 35.807915 ], [ 73.201503500000058, 35.817422 ], [ 73.200315, 35.826928 ], [ 73.189620500000046, 35.845941 ], [ 73.17833150000007, 35.860201 ], [ 73.16941950000006, 35.857824 ], [ 73.161101, 35.8501 ], [ 73.149812, 35.843565 ], [ 73.129070908000074, 35.84589438200004 ], [ 73.103468, 35.863766 ], [ 73.092179, 35.875649 ], [ 73.086861561000035, 35.873285860000067 ], [ 73.073166, 35.860795 ], [ 73.055935500000032, 35.861983500000065 ], [ 73.047770908000075, 35.850094382000066 ], [ 73.034530410000059, 35.848899751000033 ], [ 73.026270908000072, 35.842294382000034 ], [ 73.016070908000074, 35.84589438200004 ], [ 73.010779500000069, 35.855448 ], [ 72.998896500000058, 35.862578 ], [ 72.981666, 35.861389 ], [ 72.975724500000069, 35.854854 ], [ 72.960370908000073, 35.848894382000026 ], [ 72.947370908000039, 35.848894382000026 ], [ 72.924627, 35.841782 ], [ 72.903831500000081, 35.841782 ], [ 72.891948500000069, 35.849506 ], [ 72.89076, 35.855448 ], [ 72.896107500000085, 35.865548 ], [ 72.89076, 35.877431500000057 ], [ 72.836692, 35.873272500000041 ], [ 72.827185500000041, 35.879214 ], [ 72.819470908000028, 35.888094382000077 ], [ 72.812332, 35.874461 ], [ 72.809470908000037, 35.862494382000079 ], [ 72.797470908000037, 35.866094382000028 ], [ 72.79213, 35.859607 ], [ 72.788979931000029, 35.850154825000061 ], [ 72.787454934000039, 35.853424764000067 ], [ 72.785718216000078, 35.848077587000034 ], [ 72.683368444000052, 35.820428002000028 ], [ 72.67040069400008, 35.822191960000055 ], [ 72.627419418000045, 35.839409696000075 ], [ 72.611426178000045, 35.843554156000039 ], [ 72.579607645000067, 35.846488843000031 ], [ 72.568500363000055, 35.851801117000036 ], [ 72.56361224300008, 35.862644655000054 ], [ 72.551996974000076, 35.880254765000075 ], [ 72.528246559000081, 35.897710974000063 ], [ 72.509905801000059, 35.902388047000045 ], [ 72.518223945000045, 35.924371956000073 ], [ 72.535454544000061, 35.948137897000038 ], [ 72.549714169000083, 35.972498820000055 ], [ 72.558032834000073, 35.99685871500003 ], [ 72.568133406000072, 36.012306672000079 ], [ 72.565757075000079, 36.028942561000065 ], [ 72.554468277000069, 36.042608426000072 ], [ 72.542584908000038, 36.047955838000064 ], [ 72.530108108000036, 36.060433204000049 ], [ 72.521196337000049, 36.078852052000059 ], [ 72.523572620000039, 36.111529869000037 ], [ 72.54020973400003, 36.136484800000062 ], [ 72.542585832000043, 36.148961738000025 ], [ 72.542586082000071, 36.176292575000048 ], [ 72.540210239000032, 36.191740472000049 ], [ 72.541992379000078, 36.208377381000048 ], [ 72.549121, 36.232737 ], [ 72.572294606000071, 36.255909243000076 ], [ 72.593684584000073, 36.269575264000025 ], [ 72.622203383000056, 36.268981404000044 ], [ 72.65250625200008, 36.263634160000038 ], [ 72.669736035000028, 36.26660464400004 ], [ 72.686372003000031, 36.275517671000046 ], [ 72.694096053000067, 36.286806640000066 ], [ 72.707168094000053, 36.301065618000052 ], [ 72.721755936000079, 36.313464468000063 ], [ 72.744006029000047, 36.320079361000069 ], [ 72.759453474000054, 36.327208712000072 ], [ 72.818274913000039, 36.364640770000051 ], [ 72.848344438000083, 36.376432715000078 ], [ 72.857226985000068, 36.388276262000034 ], [ 72.860792230000072, 36.40431910500007 ], [ 72.863169729000049, 36.433431782000071 ], [ 72.87148796300005, 36.452444635000063 ], [ 72.888385834000076, 36.463270518000058 ], [ 72.924035187000072, 36.473965624000073 ], [ 72.959089936000055, 36.472777798000038 ], [ 72.96740791600007, 36.476936813000066 ], [ 72.966220093000061, 36.495355698000026 ], [ 72.970379190000074, 36.509020636000059 ], [ 72.979291634000049, 36.50961467500008 ], [ 73.010187558000041, 36.524468734000038 ], [ 73.030983040000081, 36.538134752000076 ], [ 73.041083558000082, 36.547641244000033 ], [ 73.048807640000064, 36.56249469200003 ], [ 73.054749323000067, 36.586855576000062 ], [ 73.074950890000082, 36.609433538000076 ], [ 73.071386051000047, 36.624287433000063 ], [ 73.057720846000052, 36.646271237000065 ], [ 73.049402647000079, 36.673008038000035 ], [ 73.049402756000063, 36.684890968000047 ], [ 73.06188028400004, 36.697367953000025 ], [ 73.081487161000041, 36.698556039000039 ], [ 73.10822403700007, 36.705092128000047 ], [ 73.124860477000084, 36.711034172000041 ], [ 73.152191464000055, 36.730047189000061 ], [ 73.179522743000064, 36.726482341000064 ], [ 73.213983425000038, 36.717569558000037 ], [ 73.239531745000079, 36.716975683000044 ], [ 73.26805108700006, 36.721134795000069 ], [ 73.32687235700007, 36.740147962000037 ], [ 73.354797785000073, 36.753220017000046 ], [ 73.374404694000077, 36.757973083000024 ], [ 73.408865963000039, 36.758567243000073 ], [ 73.429660755000043, 36.751437385000031 ], [ 73.449267528000064, 36.741337538000039 ], [ 73.476004274000047, 36.733613712000079 ], [ 73.506900530000053, 36.730048880000027 ], [ 73.536013841000056, 36.731237012000065 ], [ 73.568692660000067, 36.73599013900008 ], [ 73.578792433000046, 36.718760290000034 ], [ 73.603747180000084, 36.709847462000027 ], [ 73.656626790000075, 36.706877732000066 ], [ 73.673262703000034, 36.709847793000051 ], [ 73.687522725000065, 36.722919784000055 ], [ 73.715447550000079, 36.724701906000064 ], [ 73.734460365000075, 36.718761032000032 ], [ 73.775457170000038, 36.728267171000027 ], [ 73.789717040000085, 36.724702260000072 ], [ 73.809917820000067, 36.715790409000078 ], [ 73.834277598000028, 36.709848561000058 ], [ 73.851508551000052, 36.71757309700007 ], [ 73.861014551000039, 36.724702600000057 ], [ 73.866956640000069, 36.73896254400006 ], [ 73.868144779000033, 36.755004454000073 ], [ 73.861608905000082, 36.763917370000058 ], [ 73.856856085000061, 36.779959252000026 ], [ 73.839032403000033, 36.801349040000048 ], [ 73.82655455400004, 36.808478438000066 ], [ 73.804571204000069, 36.808478333000039 ], [ 73.793282814000065, 36.812042758000075 ], [ 73.790905929000076, 36.822737683000071 ], [ 73.78496407800003, 36.834620584000049 ], [ 73.76595125700004, 36.839968462000058 ], [ 73.748127401000033, 36.842344363000052 ], [ 73.720796089000032, 36.842344232000073 ], [ 73.697029866000037, 36.854822045000049 ], [ 73.68395905400007, 36.865516919000072 ], [ 73.676235248000069, 36.880964790000064 ], [ 73.662569483000084, 36.896412633000068 ], [ 73.650573, 36.915757 ], [ 73.66987, 36.922372 ], [ 73.700109, 36.919703 ], [ 73.728569, 36.909919 ], [ 73.75525, 36.912587 ], [ 73.775706, 36.90903 ], [ 73.800608, 36.900135 ], [ 73.842408, 36.90725 ], [ 73.878872, 36.893909 ], [ 73.890434, 36.885904 ], [ 73.910889, 36.888572 ], [ 73.945574, 36.869004 ], [ 73.974922, 36.840542 ], [ 74.022058, 36.841431 ], [ 74.040734, 36.834316 ], [ 74.064001, 36.839948 ], [ 74.085201, 36.852104 ], [ 74.115439, 36.852104 ], [ 74.129668, 36.857441 ], [ 74.135894, 36.885903 ], [ 74.151013, 36.917923 ], [ 74.217713, 36.914365 ], [ 74.242614, 36.90547 ], [ 74.277298, 36.915254 ], [ 74.324432, 36.945495 ], [ 74.358227, 36.974847 ], [ 74.383128, 36.983741 ], [ 74.40625, 36.989078 ], [ 74.424037, 37.006866 ], [ 74.500518, 37.008645 ], [ 74.521861, 37.005977 ], [ 74.531644, 36.998861 ], [ 74.53698, 36.976625 ], [ 74.547651, 36.967731 ], [ 74.562769, 36.971289 ], [ 74.576109, 37.004198 ], [ 74.573441, 37.038886 ], [ 74.623241, 37.059343 ], [ 74.631245, 37.075353 ], [ 74.672152, 37.086027 ], [ 74.689049, 37.095811 ], [ 74.704166, 37.09759 ], [ 74.716578, 37.074847 ], [ 74.720453, 37.051813 ], [ 74.734752, 37.037511 ], [ 74.780827, 37.034333 ], [ 74.79142, 37.037511 ], [ 74.793538, 37.05711 ], [ 74.812074, 37.065055 ], [ 74.840672, 37.065585 ], [ 74.846498, 37.053402 ], [ 74.846498, 37.038571 ], [ 74.842791, 37.023739 ], [ 74.87033, 36.998314 ], [ 74.888336, 36.964414 ], [ 74.893632, 36.950113 ], [ 74.902106, 36.940578 ], [ 74.9217, 36.944286 ], [ 74.924348, 36.950113 ], [ 74.939176, 36.947994 ], [ 74.939176, 36.959118 ], [ 74.923289, 36.983483 ], [ 74.937058, 36.992488 ], [ 74.960359, 36.996196 ], [ 74.978895, 37.003612 ], [ 74.996934, 37.00064 ], [ 75.016495, 37.011028 ], [ 75.033441, 37.025859 ], [ 75.051446, 37.022681 ], [ 75.063627, 37.013147 ], [ 75.130882, 37.020563 ], [ 75.137767, 37.029568 ], [ 75.145711, 37.034335 ], [ 75.15895, 37.029568 ], [ 75.1706, 37.022682 ], [ 75.168733, 36.999313 ], [ 75.18331, 36.99143 ], [ 75.200786, 36.984544 ], [ 75.219321, 36.981366 ], [ 75.241032, 36.971832 ], [ 75.259567, 36.974481 ], [ 75.281808, 36.982956 ], [ 75.312522, 36.980308 ], [ 75.339529, 36.971833 ], [ 75.378186, 36.964948 ], [ 75.406252, 36.965478 ], [ 75.417902, 36.959121 ], [ 75.418961, 36.94482 ], [ 75.400957, 36.937934 ], [ 75.394073, 36.928399 ], [ 75.39778, 36.90933 ], [ 75.4232, 36.895558 ], [ 75.433261, 36.87649 ], [ 75.432203, 36.850005 ], [ 75.425848, 36.828288 ], [ 75.423732, 36.800743 ], [ 75.42638, 36.784323 ], [ 75.447033, 36.748304 ], [ 75.460103, 36.729847 ], [ 75.478276, 36.729773 ], [ 75.490985, 36.746186 ], [ 75.503693, 36.748835 ], [ 75.51501, 36.734387 ], [ 75.534407, 36.734004 ], [ 75.535973, 36.749049 ], [ 75.535465, 36.77426 ], [ 75.539701, 36.780087 ], [ 75.557178, 36.777968 ], [ 75.570945, 36.779558 ], [ 75.585772, 36.772142 ], [ 75.633429, 36.780088 ], [ 75.67685, 36.771084 ], [ 75.70373, 36.755507 ], [ 75.735626, 36.753075 ], [ 75.846823, 36.686336 ], [ 75.867473, 36.670446 ], [ 75.897655, 36.639195 ], [ 75.909833, 36.632839 ], [ 75.941074, 36.606355 ], [ 75.933661, 36.589934 ], [ 75.93578, 36.575633 ], [ 75.942663, 36.565569 ], [ 75.951135, 36.557094 ], [ 75.969014, 36.521542 ], [ 75.998261, 36.501477 ], [ 75.997737, 36.488764 ], [ 76.007797, 36.480289 ], [ 76.014151, 36.465988 ], [ 76.013981, 36.454866 ], [ 76.027851592625069, 36.439633459329038 ], [ 76.14928430200024, 36.424547832000087 ], [ 76.238994588000196, 36.319903056000072 ], [ 76.318576294000138, 36.330083313000046 ], [ 76.388856242000145, 36.309774475000012 ], [ 76.428647095000144, 36.239546204000135 ], [ 76.469264771000098, 36.220012513000114 ], [ 76.568276815000104, 36.190401917000088 ], [ 76.668942505000132, 36.190401917000088 ], [ 76.718758586000092, 36.159912822000081 ], [ 76.758652792000191, 36.110045065000037 ], [ 76.778909953000209, 36.039816793000057 ], [ 76.778909953000209, 35.910263977000056 ], [ 76.839061320000155, 35.85951772100006 ], [ 76.939003540000215, 35.840035706000066 ], [ 77.008560018000196, 35.81972686800006 ], [ 77.068608032000043, 35.779936015000146 ], [ 77.089588664000132, 35.740196839000049 ], [ 77.208961222000255, 35.709656067000054 ], [ 77.308903443000133, 35.719784648000115 ], [ 77.348590943000204, 35.719784648000115 ], [ 77.421351359000084, 35.640151266000061 ], [ 77.468893677000096, 35.651881816000071 ], [ 77.508684530000096, 35.58015492800007 ], [ 77.518736, 35.485659001000045 ] ] ] } }
]
}
